<?xml version="1.0" encoding="UTF-8"?>
<kml xmlns="http://www.opengis.net/kml/2.2" xmlns:gx="http://www.google.com/kml/ext/2.2" xmlns:kml="http://www.opengis.net/kml/2.2" xmlns:atom="http://www.w3.org/2005/Atom">
<Document>
	<name>Large Landslide point in Eastern Himalaya.kml</name>
	<atom:link rel="app" href="https://www.google.com/earth/about/versions/#earth-pro" title="Google Earth Pro 7.3.6.10441"></atom:link>
	<StyleMap id="1001227385">
		<Pair>
			<key>normal</key>
			<styleUrl>#10012273850</styleUrl>
		</Pair>
		<Pair>
			<key>highlight</key>
			<styleUrl>#10012273851</styleUrl>
		</Pair>
	</StyleMap>
	<Style id="10012273850">
		<IconStyle>
			<Icon>
				<href>http://maps.google.com/mapfiles/kml/shapes/placemark_circle.png</href>
			</Icon>
		</IconStyle>
	</Style>
	<Style id="10012273851">
		<IconStyle>
			<Icon>
				<href>http://maps.google.com/mapfiles/kml/shapes/placemark_circle.png</href>
			</Icon>
		</IconStyle>
	</Style>
	<Style id="100503794">
		<IconStyle>
			<Icon>
				<href>http://maps.google.com/mapfiles/kml/shapes/placemark_circle.png</href>
			</Icon>
		</IconStyle>
	</Style>
	<StyleMap id="1005037940">
		<Pair>
			<key>normal</key>
			<styleUrl>#100503794</styleUrl>
		</Pair>
		<Pair>
			<key>highlight</key>
			<styleUrl>#1005037941</styleUrl>
		</Pair>
	</StyleMap>
	<Style id="1005037941">
		<IconStyle>
			<Icon>
				<href>http://maps.google.com/mapfiles/kml/shapes/placemark_circle.png</href>
			</Icon>
		</IconStyle>
	</Style>
	<Style id="1006680621">
		<IconStyle>
			<Icon>
				<href>http://maps.google.com/mapfiles/kml/shapes/placemark_circle.png</href>
			</Icon>
		</IconStyle>
	</Style>
	<StyleMap id="10066806210">
		<Pair>
			<key>normal</key>
			<styleUrl>#1006680621</styleUrl>
		</Pair>
		<Pair>
			<key>highlight</key>
			<styleUrl>#10066806211</styleUrl>
		</Pair>
	</StyleMap>
	<Style id="10066806211">
		<IconStyle>
			<Icon>
				<href>http://maps.google.com/mapfiles/kml/shapes/placemark_circle.png</href>
			</Icon>
		</IconStyle>
	</Style>
	<Style id="1019593908">
		<IconStyle>
			<Icon>
				<href>http://maps.google.com/mapfiles/kml/shapes/placemark_circle.png</href>
			</Icon>
		</IconStyle>
	</Style>
	<Style id="10195939080">
		<IconStyle>
			<Icon>
				<href>http://maps.google.com/mapfiles/kml/shapes/placemark_circle.png</href>
			</Icon>
		</IconStyle>
	</Style>
	<StyleMap id="10195939081">
		<Pair>
			<key>normal</key>
			<styleUrl>#1019593908</styleUrl>
		</Pair>
		<Pair>
			<key>highlight</key>
			<styleUrl>#10195939080</styleUrl>
		</Pair>
	</StyleMap>
	<Style id="1022645073">
		<IconStyle>
			<Icon>
				<href>http://maps.google.com/mapfiles/kml/shapes/placemark_circle.png</href>
			</Icon>
		</IconStyle>
	</Style>
	<Style id="10226450730">
		<IconStyle>
			<Icon>
				<href>http://maps.google.com/mapfiles/kml/shapes/placemark_circle.png</href>
			</Icon>
		</IconStyle>
	</Style>
	<StyleMap id="10226450731">
		<Pair>
			<key>normal</key>
			<styleUrl>#10226450730</styleUrl>
		</Pair>
		<Pair>
			<key>highlight</key>
			<styleUrl>#1022645073</styleUrl>
		</Pair>
	</StyleMap>
	<StyleMap id="1052927489">
		<Pair>
			<key>normal</key>
			<styleUrl>#10529274890</styleUrl>
		</Pair>
		<Pair>
			<key>highlight</key>
			<styleUrl>#10529274891</styleUrl>
		</Pair>
	</StyleMap>
	<Style id="10529274890">
		<IconStyle>
			<Icon>
				<href>http://maps.google.com/mapfiles/kml/shapes/placemark_circle.png</href>
			</Icon>
		</IconStyle>
	</Style>
	<Style id="10529274891">
		<IconStyle>
			<Icon>
				<href>http://maps.google.com/mapfiles/kml/shapes/placemark_circle.png</href>
			</Icon>
		</IconStyle>
	</Style>
	<Style id="1053429323">
		<IconStyle>
			<Icon>
				<href>http://maps.google.com/mapfiles/kml/shapes/placemark_circle.png</href>
			</Icon>
		</IconStyle>
	</Style>
	<Style id="10534293230">
		<IconStyle>
			<Icon>
				<href>http://maps.google.com/mapfiles/kml/shapes/placemark_circle.png</href>
			</Icon>
		</IconStyle>
	</Style>
	<StyleMap id="10534293231">
		<Pair>
			<key>normal</key>
			<styleUrl>#10534293230</styleUrl>
		</Pair>
		<Pair>
			<key>highlight</key>
			<styleUrl>#1053429323</styleUrl>
		</Pair>
	</StyleMap>
	<StyleMap id="1056304057">
		<Pair>
			<key>normal</key>
			<styleUrl>#10563040570</styleUrl>
		</Pair>
		<Pair>
			<key>highlight</key>
			<styleUrl>#10563040571</styleUrl>
		</Pair>
	</StyleMap>
	<Style id="10563040570">
		<IconStyle>
			<Icon>
				<href>http://maps.google.com/mapfiles/kml/shapes/placemark_circle.png</href>
			</Icon>
		</IconStyle>
	</Style>
	<Style id="10563040571">
		<IconStyle>
			<Icon>
				<href>http://maps.google.com/mapfiles/kml/shapes/placemark_circle.png</href>
			</Icon>
		</IconStyle>
	</Style>
	<Style id="1067029784">
		<IconStyle>
			<Icon>
				<href>http://maps.google.com/mapfiles/kml/shapes/placemark_circle.png</href>
			</Icon>
		</IconStyle>
	</Style>
	<StyleMap id="10670297840">
		<Pair>
			<key>normal</key>
			<styleUrl>#10670297841</styleUrl>
		</Pair>
		<Pair>
			<key>highlight</key>
			<styleUrl>#1067029784</styleUrl>
		</Pair>
	</StyleMap>
	<Style id="10670297841">
		<IconStyle>
			<Icon>
				<href>http://maps.google.com/mapfiles/kml/shapes/placemark_circle.png</href>
			</Icon>
		</IconStyle>
	</Style>
	<Style id="1073062424">
		<IconStyle>
			<Icon>
				<href>http://maps.google.com/mapfiles/kml/shapes/placemark_circle.png</href>
			</Icon>
		</IconStyle>
	</Style>
	<StyleMap id="10730624240">
		<Pair>
			<key>normal</key>
			<styleUrl>#10730624241</styleUrl>
		</Pair>
		<Pair>
			<key>highlight</key>
			<styleUrl>#1073062424</styleUrl>
		</Pair>
	</StyleMap>
	<Style id="10730624241">
		<IconStyle>
			<Icon>
				<href>http://maps.google.com/mapfiles/kml/shapes/placemark_circle.png</href>
			</Icon>
		</IconStyle>
	</Style>
	<Style id="1082268728">
		<IconStyle>
			<Icon>
				<href>http://maps.google.com/mapfiles/kml/shapes/placemark_circle.png</href>
			</Icon>
		</IconStyle>
	</Style>
	<Style id="10822687280">
		<IconStyle>
			<Icon>
				<href>http://maps.google.com/mapfiles/kml/shapes/placemark_circle.png</href>
			</Icon>
		</IconStyle>
	</Style>
	<StyleMap id="10822687281">
		<Pair>
			<key>normal</key>
			<styleUrl>#10822687280</styleUrl>
		</Pair>
		<Pair>
			<key>highlight</key>
			<styleUrl>#1082268728</styleUrl>
		</Pair>
	</StyleMap>
	<Style id="10899626">
		<IconStyle>
			<Icon>
				<href>http://maps.google.com/mapfiles/kml/shapes/placemark_circle.png</href>
			</Icon>
		</IconStyle>
	</Style>
	<Style id="108996260">
		<IconStyle>
			<Icon>
				<href>http://maps.google.com/mapfiles/kml/shapes/placemark_circle.png</href>
			</Icon>
		</IconStyle>
	</Style>
	<StyleMap id="108996261">
		<Pair>
			<key>normal</key>
			<styleUrl>#10899626</styleUrl>
		</Pair>
		<Pair>
			<key>highlight</key>
			<styleUrl>#108996260</styleUrl>
		</Pair>
	</StyleMap>
	<Style id="109148968">
		<IconStyle>
			<Icon>
				<href>http://maps.google.com/mapfiles/kml/shapes/placemark_circle.png</href>
			</Icon>
		</IconStyle>
	</Style>
	<StyleMap id="1091489680">
		<Pair>
			<key>normal</key>
			<styleUrl>#109148968</styleUrl>
		</Pair>
		<Pair>
			<key>highlight</key>
			<styleUrl>#1091489681</styleUrl>
		</Pair>
	</StyleMap>
	<Style id="1091489681">
		<IconStyle>
			<Icon>
				<href>http://maps.google.com/mapfiles/kml/shapes/placemark_circle.png</href>
			</Icon>
		</IconStyle>
	</Style>
	<Style id="1095818662">
		<IconStyle>
			<Icon>
				<href>http://maps.google.com/mapfiles/kml/shapes/placemark_circle.png</href>
			</Icon>
		</IconStyle>
	</Style>
	<StyleMap id="10958186620">
		<Pair>
			<key>normal</key>
			<styleUrl>#10958186621</styleUrl>
		</Pair>
		<Pair>
			<key>highlight</key>
			<styleUrl>#1095818662</styleUrl>
		</Pair>
	</StyleMap>
	<Style id="10958186621">
		<IconStyle>
			<Icon>
				<href>http://maps.google.com/mapfiles/kml/shapes/placemark_circle.png</href>
			</Icon>
		</IconStyle>
	</Style>
	<Style id="1110086241">
		<IconStyle>
			<Icon>
				<href>http://maps.google.com/mapfiles/kml/shapes/placemark_circle.png</href>
			</Icon>
		</IconStyle>
	</Style>
	<Style id="11100862410">
		<IconStyle>
			<Icon>
				<href>http://maps.google.com/mapfiles/kml/shapes/placemark_circle.png</href>
			</Icon>
		</IconStyle>
	</Style>
	<StyleMap id="11100862411">
		<Pair>
			<key>normal</key>
			<styleUrl>#11100862410</styleUrl>
		</Pair>
		<Pair>
			<key>highlight</key>
			<styleUrl>#1110086241</styleUrl>
		</Pair>
	</StyleMap>
	<Style id="111321798">
		<IconStyle>
			<Icon>
				<href>http://maps.google.com/mapfiles/kml/shapes/placemark_circle.png</href>
			</Icon>
		</IconStyle>
	</Style>
	<StyleMap id="1113217980">
		<Pair>
			<key>normal</key>
			<styleUrl>#111321798</styleUrl>
		</Pair>
		<Pair>
			<key>highlight</key>
			<styleUrl>#1113217981</styleUrl>
		</Pair>
	</StyleMap>
	<Style id="1113217981">
		<IconStyle>
			<Icon>
				<href>http://maps.google.com/mapfiles/kml/shapes/placemark_circle.png</href>
			</Icon>
		</IconStyle>
	</Style>
	<Style id="1117501982">
		<IconStyle>
			<Icon>
				<href>http://maps.google.com/mapfiles/kml/shapes/placemark_circle.png</href>
			</Icon>
		</IconStyle>
	</Style>
	<StyleMap id="11175019820">
		<Pair>
			<key>normal</key>
			<styleUrl>#1117501982</styleUrl>
		</Pair>
		<Pair>
			<key>highlight</key>
			<styleUrl>#11175019821</styleUrl>
		</Pair>
	</StyleMap>
	<Style id="11175019821">
		<IconStyle>
			<Icon>
				<href>http://maps.google.com/mapfiles/kml/shapes/placemark_circle.png</href>
			</Icon>
		</IconStyle>
	</Style>
	<StyleMap id="1121416227">
		<Pair>
			<key>normal</key>
			<styleUrl>#11214162271</styleUrl>
		</Pair>
		<Pair>
			<key>highlight</key>
			<styleUrl>#11214162270</styleUrl>
		</Pair>
	</StyleMap>
	<Style id="11214162270">
		<IconStyle>
			<Icon>
				<href>http://maps.google.com/mapfiles/kml/shapes/placemark_circle.png</href>
			</Icon>
		</IconStyle>
	</Style>
	<Style id="11214162271">
		<IconStyle>
			<Icon>
				<href>http://maps.google.com/mapfiles/kml/shapes/placemark_circle.png</href>
			</Icon>
		</IconStyle>
	</Style>
	<Style id="1122268689">
		<IconStyle>
			<Icon>
				<href>http://maps.google.com/mapfiles/kml/shapes/placemark_circle.png</href>
			</Icon>
		</IconStyle>
	</Style>
	<Style id="11222686890">
		<IconStyle>
			<Icon>
				<href>http://maps.google.com/mapfiles/kml/shapes/placemark_circle.png</href>
			</Icon>
		</IconStyle>
	</Style>
	<StyleMap id="11222686891">
		<Pair>
			<key>normal</key>
			<styleUrl>#1122268689</styleUrl>
		</Pair>
		<Pair>
			<key>highlight</key>
			<styleUrl>#11222686890</styleUrl>
		</Pair>
	</StyleMap>
	<StyleMap id="1125890662">
		<Pair>
			<key>normal</key>
			<styleUrl>#11258906620</styleUrl>
		</Pair>
		<Pair>
			<key>highlight</key>
			<styleUrl>#11258906621</styleUrl>
		</Pair>
	</StyleMap>
	<Style id="11258906620">
		<IconStyle>
			<Icon>
				<href>http://maps.google.com/mapfiles/kml/shapes/placemark_circle.png</href>
			</Icon>
		</IconStyle>
	</Style>
	<Style id="11258906621">
		<IconStyle>
			<Icon>
				<href>http://maps.google.com/mapfiles/kml/shapes/placemark_circle.png</href>
			</Icon>
		</IconStyle>
	</Style>
	<Style id="1144592671">
		<IconStyle>
			<Icon>
				<href>http://maps.google.com/mapfiles/kml/shapes/placemark_circle.png</href>
			</Icon>
		</IconStyle>
	</Style>
	<StyleMap id="11445926710">
		<Pair>
			<key>normal</key>
			<styleUrl>#1144592671</styleUrl>
		</Pair>
		<Pair>
			<key>highlight</key>
			<styleUrl>#11445926711</styleUrl>
		</Pair>
	</StyleMap>
	<Style id="11445926711">
		<IconStyle>
			<Icon>
				<href>http://maps.google.com/mapfiles/kml/shapes/placemark_circle.png</href>
			</Icon>
		</IconStyle>
	</Style>
	<Style id="117078141">
		<IconStyle>
			<Icon>
				<href>http://maps.google.com/mapfiles/kml/shapes/placemark_circle.png</href>
			</Icon>
		</IconStyle>
	</Style>
	<Style id="1170781410">
		<IconStyle>
			<Icon>
				<href>http://maps.google.com/mapfiles/kml/shapes/placemark_circle.png</href>
			</Icon>
		</IconStyle>
	</Style>
	<StyleMap id="1170781411">
		<Pair>
			<key>normal</key>
			<styleUrl>#117078141</styleUrl>
		</Pair>
		<Pair>
			<key>highlight</key>
			<styleUrl>#1170781410</styleUrl>
		</Pair>
	</StyleMap>
	<Style id="1178989930">
		<IconStyle>
			<Icon>
				<href>http://maps.google.com/mapfiles/kml/shapes/placemark_circle.png</href>
			</Icon>
		</IconStyle>
	</Style>
	<StyleMap id="11789899300">
		<Pair>
			<key>normal</key>
			<styleUrl>#11789899301</styleUrl>
		</Pair>
		<Pair>
			<key>highlight</key>
			<styleUrl>#1178989930</styleUrl>
		</Pair>
	</StyleMap>
	<Style id="11789899301">
		<IconStyle>
			<Icon>
				<href>http://maps.google.com/mapfiles/kml/shapes/placemark_circle.png</href>
			</Icon>
		</IconStyle>
	</Style>
	<StyleMap id="1184447532">
		<Pair>
			<key>normal</key>
			<styleUrl>#11844475321</styleUrl>
		</Pair>
		<Pair>
			<key>highlight</key>
			<styleUrl>#11844475320</styleUrl>
		</Pair>
	</StyleMap>
	<Style id="11844475320">
		<IconStyle>
			<Icon>
				<href>http://maps.google.com/mapfiles/kml/shapes/placemark_circle.png</href>
			</Icon>
		</IconStyle>
	</Style>
	<Style id="11844475321">
		<IconStyle>
			<Icon>
				<href>http://maps.google.com/mapfiles/kml/shapes/placemark_circle.png</href>
			</Icon>
		</IconStyle>
	</Style>
	<StyleMap id="1186239357">
		<Pair>
			<key>normal</key>
			<styleUrl>#11862393571</styleUrl>
		</Pair>
		<Pair>
			<key>highlight</key>
			<styleUrl>#11862393570</styleUrl>
		</Pair>
	</StyleMap>
	<Style id="11862393570">
		<IconStyle>
			<Icon>
				<href>http://maps.google.com/mapfiles/kml/shapes/placemark_circle.png</href>
			</Icon>
		</IconStyle>
	</Style>
	<Style id="11862393571">
		<IconStyle>
			<Icon>
				<href>http://maps.google.com/mapfiles/kml/shapes/placemark_circle.png</href>
			</Icon>
		</IconStyle>
	</Style>
	<StyleMap id="1211108858">
		<Pair>
			<key>normal</key>
			<styleUrl>#12111088580</styleUrl>
		</Pair>
		<Pair>
			<key>highlight</key>
			<styleUrl>#12111088581</styleUrl>
		</Pair>
	</StyleMap>
	<Style id="12111088580">
		<IconStyle>
			<Icon>
				<href>http://maps.google.com/mapfiles/kml/shapes/placemark_circle.png</href>
			</Icon>
		</IconStyle>
	</Style>
	<Style id="12111088581">
		<IconStyle>
			<Icon>
				<href>http://maps.google.com/mapfiles/kml/shapes/placemark_circle.png</href>
			</Icon>
		</IconStyle>
	</Style>
	<Style id="1220943086">
		<IconStyle>
			<Icon>
				<href>http://maps.google.com/mapfiles/kml/shapes/placemark_circle.png</href>
			</Icon>
		</IconStyle>
	</Style>
	<StyleMap id="12209430860">
		<Pair>
			<key>normal</key>
			<styleUrl>#1220943086</styleUrl>
		</Pair>
		<Pair>
			<key>highlight</key>
			<styleUrl>#12209430861</styleUrl>
		</Pair>
	</StyleMap>
	<Style id="12209430861">
		<IconStyle>
			<Icon>
				<href>http://maps.google.com/mapfiles/kml/shapes/placemark_circle.png</href>
			</Icon>
		</IconStyle>
	</Style>
	<StyleMap id="1234229711">
		<Pair>
			<key>normal</key>
			<styleUrl>#12342297110</styleUrl>
		</Pair>
		<Pair>
			<key>highlight</key>
			<styleUrl>#12342297111</styleUrl>
		</Pair>
	</StyleMap>
	<Style id="12342297110">
		<IconStyle>
			<Icon>
				<href>http://maps.google.com/mapfiles/kml/shapes/placemark_circle.png</href>
			</Icon>
		</IconStyle>
	</Style>
	<Style id="12342297111">
		<IconStyle>
			<Icon>
				<href>http://maps.google.com/mapfiles/kml/shapes/placemark_circle.png</href>
			</Icon>
		</IconStyle>
	</Style>
	<Style id="1242131187">
		<IconStyle>
			<Icon>
				<href>http://maps.google.com/mapfiles/kml/shapes/placemark_circle.png</href>
			</Icon>
		</IconStyle>
	</Style>
	<StyleMap id="12421311870">
		<Pair>
			<key>normal</key>
			<styleUrl>#12421311871</styleUrl>
		</Pair>
		<Pair>
			<key>highlight</key>
			<styleUrl>#1242131187</styleUrl>
		</Pair>
	</StyleMap>
	<Style id="12421311871">
		<IconStyle>
			<Icon>
				<href>http://maps.google.com/mapfiles/kml/shapes/placemark_circle.png</href>
			</Icon>
		</IconStyle>
	</Style>
	<Style id="1262277807">
		<IconStyle>
			<Icon>
				<href>http://maps.google.com/mapfiles/kml/shapes/placemark_circle.png</href>
			</Icon>
		</IconStyle>
	</Style>
	<Style id="12622778070">
		<IconStyle>
			<Icon>
				<href>http://maps.google.com/mapfiles/kml/shapes/placemark_circle.png</href>
			</Icon>
		</IconStyle>
	</Style>
	<StyleMap id="12622778071">
		<Pair>
			<key>normal</key>
			<styleUrl>#1262277807</styleUrl>
		</Pair>
		<Pair>
			<key>highlight</key>
			<styleUrl>#12622778070</styleUrl>
		</Pair>
	</StyleMap>
	<Style id="128192379">
		<IconStyle>
			<Icon>
				<href>http://maps.google.com/mapfiles/kml/shapes/placemark_circle.png</href>
			</Icon>
		</IconStyle>
	</Style>
	<StyleMap id="1281923790">
		<Pair>
			<key>normal</key>
			<styleUrl>#128192379</styleUrl>
		</Pair>
		<Pair>
			<key>highlight</key>
			<styleUrl>#1281923791</styleUrl>
		</Pair>
	</StyleMap>
	<Style id="1281923791">
		<IconStyle>
			<Icon>
				<href>http://maps.google.com/mapfiles/kml/shapes/placemark_circle.png</href>
			</Icon>
		</IconStyle>
	</Style>
	<Style id="1299120655">
		<IconStyle>
			<Icon>
				<href>http://maps.google.com/mapfiles/kml/shapes/placemark_circle.png</href>
			</Icon>
		</IconStyle>
	</Style>
	<StyleMap id="12991206550">
		<Pair>
			<key>normal</key>
			<styleUrl>#12991206551</styleUrl>
		</Pair>
		<Pair>
			<key>highlight</key>
			<styleUrl>#1299120655</styleUrl>
		</Pair>
	</StyleMap>
	<Style id="12991206551">
		<IconStyle>
			<Icon>
				<href>http://maps.google.com/mapfiles/kml/shapes/placemark_circle.png</href>
			</Icon>
		</IconStyle>
	</Style>
	<Style id="131098771">
		<IconStyle>
			<Icon>
				<href>http://maps.google.com/mapfiles/kml/shapes/placemark_circle.png</href>
			</Icon>
		</IconStyle>
	</Style>
	<StyleMap id="1310987710">
		<Pair>
			<key>normal</key>
			<styleUrl>#131098771</styleUrl>
		</Pair>
		<Pair>
			<key>highlight</key>
			<styleUrl>#1310987711</styleUrl>
		</Pair>
	</StyleMap>
	<Style id="1310987711">
		<IconStyle>
			<Icon>
				<href>http://maps.google.com/mapfiles/kml/shapes/placemark_circle.png</href>
			</Icon>
		</IconStyle>
	</Style>
	<Style id="1348300803">
		<IconStyle>
			<Icon>
				<href>http://maps.google.com/mapfiles/kml/shapes/placemark_circle.png</href>
			</Icon>
		</IconStyle>
	</Style>
	<Style id="13483008030">
		<IconStyle>
			<Icon>
				<href>http://maps.google.com/mapfiles/kml/shapes/placemark_circle.png</href>
			</Icon>
		</IconStyle>
	</Style>
	<StyleMap id="13483008031">
		<Pair>
			<key>normal</key>
			<styleUrl>#1348300803</styleUrl>
		</Pair>
		<Pair>
			<key>highlight</key>
			<styleUrl>#13483008030</styleUrl>
		</Pair>
	</StyleMap>
	<Style id="1348977460">
		<IconStyle>
			<Icon>
				<href>http://maps.google.com/mapfiles/kml/shapes/placemark_circle.png</href>
			</Icon>
		</IconStyle>
	</Style>
	<StyleMap id="13489774600">
		<Pair>
			<key>normal</key>
			<styleUrl>#1348977460</styleUrl>
		</Pair>
		<Pair>
			<key>highlight</key>
			<styleUrl>#13489774601</styleUrl>
		</Pair>
	</StyleMap>
	<Style id="13489774601">
		<IconStyle>
			<Icon>
				<href>http://maps.google.com/mapfiles/kml/shapes/placemark_circle.png</href>
			</Icon>
		</IconStyle>
	</Style>
	<Style id="136461017">
		<IconStyle>
			<Icon>
				<href>http://maps.google.com/mapfiles/kml/shapes/placemark_circle.png</href>
			</Icon>
		</IconStyle>
	</Style>
	<Style id="1364610170">
		<IconStyle>
			<Icon>
				<href>http://maps.google.com/mapfiles/kml/shapes/placemark_circle.png</href>
			</Icon>
		</IconStyle>
	</Style>
	<StyleMap id="1364610171">
		<Pair>
			<key>normal</key>
			<styleUrl>#136461017</styleUrl>
		</Pair>
		<Pair>
			<key>highlight</key>
			<styleUrl>#1364610170</styleUrl>
		</Pair>
	</StyleMap>
	<StyleMap id="1380789523">
		<Pair>
			<key>normal</key>
			<styleUrl>#13807895230</styleUrl>
		</Pair>
		<Pair>
			<key>highlight</key>
			<styleUrl>#13807895231</styleUrl>
		</Pair>
	</StyleMap>
	<Style id="13807895230">
		<IconStyle>
			<Icon>
				<href>http://maps.google.com/mapfiles/kml/shapes/placemark_circle.png</href>
			</Icon>
		</IconStyle>
	</Style>
	<Style id="13807895231">
		<IconStyle>
			<Icon>
				<href>http://maps.google.com/mapfiles/kml/shapes/placemark_circle.png</href>
			</Icon>
		</IconStyle>
	</Style>
	<Style id="1385660071">
		<IconStyle>
			<Icon>
				<href>http://maps.google.com/mapfiles/kml/shapes/placemark_circle.png</href>
			</Icon>
		</IconStyle>
	</Style>
	<Style id="13856600710">
		<IconStyle>
			<Icon>
				<href>http://maps.google.com/mapfiles/kml/shapes/placemark_circle.png</href>
			</Icon>
		</IconStyle>
	</Style>
	<StyleMap id="13856600711">
		<Pair>
			<key>normal</key>
			<styleUrl>#1385660071</styleUrl>
		</Pair>
		<Pair>
			<key>highlight</key>
			<styleUrl>#13856600710</styleUrl>
		</Pair>
	</StyleMap>
	<StyleMap id="1386471378">
		<Pair>
			<key>normal</key>
			<styleUrl>#13864713780</styleUrl>
		</Pair>
		<Pair>
			<key>highlight</key>
			<styleUrl>#13864713781</styleUrl>
		</Pair>
	</StyleMap>
	<Style id="13864713780">
		<IconStyle>
			<Icon>
				<href>http://maps.google.com/mapfiles/kml/shapes/placemark_circle.png</href>
			</Icon>
		</IconStyle>
	</Style>
	<Style id="13864713781">
		<IconStyle>
			<Icon>
				<href>http://maps.google.com/mapfiles/kml/shapes/placemark_circle.png</href>
			</Icon>
		</IconStyle>
	</Style>
	<StyleMap id="1435070084">
		<Pair>
			<key>normal</key>
			<styleUrl>#14350700840</styleUrl>
		</Pair>
		<Pair>
			<key>highlight</key>
			<styleUrl>#14350700841</styleUrl>
		</Pair>
	</StyleMap>
	<Style id="14350700840">
		<IconStyle>
			<Icon>
				<href>http://maps.google.com/mapfiles/kml/shapes/placemark_circle.png</href>
			</Icon>
		</IconStyle>
	</Style>
	<Style id="14350700841">
		<IconStyle>
			<Icon>
				<href>http://maps.google.com/mapfiles/kml/shapes/placemark_circle.png</href>
			</Icon>
		</IconStyle>
	</Style>
	<Style id="1436975920">
		<IconStyle>
			<Icon>
				<href>http://maps.google.com/mapfiles/kml/shapes/placemark_circle.png</href>
			</Icon>
		</IconStyle>
	</Style>
	<StyleMap id="14369759200">
		<Pair>
			<key>normal</key>
			<styleUrl>#14369759201</styleUrl>
		</Pair>
		<Pair>
			<key>highlight</key>
			<styleUrl>#1436975920</styleUrl>
		</Pair>
	</StyleMap>
	<Style id="14369759201">
		<IconStyle>
			<Icon>
				<href>http://maps.google.com/mapfiles/kml/shapes/placemark_circle.png</href>
			</Icon>
		</IconStyle>
	</Style>
	<Style id="146941044">
		<IconStyle>
			<Icon>
				<href>http://maps.google.com/mapfiles/kml/shapes/placemark_circle.png</href>
			</Icon>
		</IconStyle>
	</Style>
	<StyleMap id="1469410440">
		<Pair>
			<key>normal</key>
			<styleUrl>#146941044</styleUrl>
		</Pair>
		<Pair>
			<key>highlight</key>
			<styleUrl>#1469410441</styleUrl>
		</Pair>
	</StyleMap>
	<Style id="1469410441">
		<IconStyle>
			<Icon>
				<href>http://maps.google.com/mapfiles/kml/shapes/placemark_circle.png</href>
			</Icon>
		</IconStyle>
	</Style>
	<StyleMap id="14828614">
		<Pair>
			<key>normal</key>
			<styleUrl>#148286140</styleUrl>
		</Pair>
		<Pair>
			<key>highlight</key>
			<styleUrl>#148286141</styleUrl>
		</Pair>
	</StyleMap>
	<Style id="148286140">
		<IconStyle>
			<Icon>
				<href>http://maps.google.com/mapfiles/kml/shapes/placemark_circle.png</href>
			</Icon>
		</IconStyle>
	</Style>
	<Style id="148286141">
		<IconStyle>
			<Icon>
				<href>http://maps.google.com/mapfiles/kml/shapes/placemark_circle.png</href>
			</Icon>
		</IconStyle>
	</Style>
	<StyleMap id="1485311835">
		<Pair>
			<key>normal</key>
			<styleUrl>#14853118351</styleUrl>
		</Pair>
		<Pair>
			<key>highlight</key>
			<styleUrl>#14853118350</styleUrl>
		</Pair>
	</StyleMap>
	<Style id="14853118350">
		<IconStyle>
			<Icon>
				<href>http://maps.google.com/mapfiles/kml/shapes/placemark_circle.png</href>
			</Icon>
		</IconStyle>
	</Style>
	<Style id="14853118351">
		<IconStyle>
			<Icon>
				<href>http://maps.google.com/mapfiles/kml/shapes/placemark_circle.png</href>
			</Icon>
		</IconStyle>
	</Style>
	<Style id="149421740">
		<IconStyle>
			<Icon>
				<href>http://maps.google.com/mapfiles/kml/shapes/placemark_circle.png</href>
			</Icon>
		</IconStyle>
	</Style>
	<Style id="1494217400">
		<IconStyle>
			<Icon>
				<href>http://maps.google.com/mapfiles/kml/shapes/placemark_circle.png</href>
			</Icon>
		</IconStyle>
	</Style>
	<StyleMap id="1494217401">
		<Pair>
			<key>normal</key>
			<styleUrl>#1494217400</styleUrl>
		</Pair>
		<Pair>
			<key>highlight</key>
			<styleUrl>#149421740</styleUrl>
		</Pair>
	</StyleMap>
	<Style id="1521717118">
		<IconStyle>
			<Icon>
				<href>http://maps.google.com/mapfiles/kml/shapes/placemark_circle.png</href>
			</Icon>
		</IconStyle>
	</Style>
	<Style id="15217171180">
		<IconStyle>
			<Icon>
				<href>http://maps.google.com/mapfiles/kml/shapes/placemark_circle.png</href>
			</Icon>
		</IconStyle>
	</Style>
	<StyleMap id="15217171181">
		<Pair>
			<key>normal</key>
			<styleUrl>#1521717118</styleUrl>
		</Pair>
		<Pair>
			<key>highlight</key>
			<styleUrl>#15217171180</styleUrl>
		</Pair>
	</StyleMap>
	<Style id="1527599960">
		<IconStyle>
			<Icon>
				<href>http://maps.google.com/mapfiles/kml/shapes/placemark_circle.png</href>
			</Icon>
		</IconStyle>
	</Style>
	<Style id="15275999600">
		<IconStyle>
			<Icon>
				<href>http://maps.google.com/mapfiles/kml/shapes/placemark_circle.png</href>
			</Icon>
		</IconStyle>
	</Style>
	<StyleMap id="15275999601">
		<Pair>
			<key>normal</key>
			<styleUrl>#1527599960</styleUrl>
		</Pair>
		<Pair>
			<key>highlight</key>
			<styleUrl>#15275999600</styleUrl>
		</Pair>
	</StyleMap>
	<StyleMap id="1535819311">
		<Pair>
			<key>normal</key>
			<styleUrl>#15358193111</styleUrl>
		</Pair>
		<Pair>
			<key>highlight</key>
			<styleUrl>#15358193110</styleUrl>
		</Pair>
	</StyleMap>
	<Style id="15358193110">
		<IconStyle>
			<Icon>
				<href>http://maps.google.com/mapfiles/kml/shapes/placemark_circle.png</href>
			</Icon>
		</IconStyle>
	</Style>
	<Style id="15358193111">
		<IconStyle>
			<Icon>
				<href>http://maps.google.com/mapfiles/kml/shapes/placemark_circle.png</href>
			</Icon>
		</IconStyle>
	</Style>
	<StyleMap id="154785581">
		<Pair>
			<key>normal</key>
			<styleUrl>#1547855810</styleUrl>
		</Pair>
		<Pair>
			<key>highlight</key>
			<styleUrl>#1547855811</styleUrl>
		</Pair>
	</StyleMap>
	<Style id="1547855810">
		<IconStyle>
			<Icon>
				<href>http://maps.google.com/mapfiles/kml/shapes/placemark_circle.png</href>
			</Icon>
		</IconStyle>
	</Style>
	<Style id="1547855811">
		<IconStyle>
			<Icon>
				<href>http://maps.google.com/mapfiles/kml/shapes/placemark_circle.png</href>
			</Icon>
		</IconStyle>
	</Style>
	<Style id="1553314458">
		<IconStyle>
			<Icon>
				<href>http://maps.google.com/mapfiles/kml/shapes/placemark_circle.png</href>
			</Icon>
		</IconStyle>
	</Style>
	<StyleMap id="15533144580">
		<Pair>
			<key>normal</key>
			<styleUrl>#15533144581</styleUrl>
		</Pair>
		<Pair>
			<key>highlight</key>
			<styleUrl>#1553314458</styleUrl>
		</Pair>
	</StyleMap>
	<Style id="15533144581">
		<IconStyle>
			<Icon>
				<href>http://maps.google.com/mapfiles/kml/shapes/placemark_circle.png</href>
			</Icon>
		</IconStyle>
	</Style>
	<StyleMap id="1569148769">
		<Pair>
			<key>normal</key>
			<styleUrl>#15691487690</styleUrl>
		</Pair>
		<Pair>
			<key>highlight</key>
			<styleUrl>#15691487691</styleUrl>
		</Pair>
	</StyleMap>
	<Style id="15691487690">
		<IconStyle>
			<Icon>
				<href>http://maps.google.com/mapfiles/kml/shapes/placemark_circle.png</href>
			</Icon>
		</IconStyle>
	</Style>
	<Style id="15691487691">
		<IconStyle>
			<Icon>
				<href>http://maps.google.com/mapfiles/kml/shapes/placemark_circle.png</href>
			</Icon>
		</IconStyle>
	</Style>
	<Style id="1582419530">
		<IconStyle>
			<Icon>
				<href>http://maps.google.com/mapfiles/kml/shapes/placemark_circle.png</href>
			</Icon>
		</IconStyle>
	</Style>
	<StyleMap id="15824195300">
		<Pair>
			<key>normal</key>
			<styleUrl>#1582419530</styleUrl>
		</Pair>
		<Pair>
			<key>highlight</key>
			<styleUrl>#15824195301</styleUrl>
		</Pair>
	</StyleMap>
	<Style id="15824195301">
		<IconStyle>
			<Icon>
				<href>http://maps.google.com/mapfiles/kml/shapes/placemark_circle.png</href>
			</Icon>
		</IconStyle>
	</Style>
	<StyleMap id="1589501967">
		<Pair>
			<key>normal</key>
			<styleUrl>#15895019671</styleUrl>
		</Pair>
		<Pair>
			<key>highlight</key>
			<styleUrl>#15895019670</styleUrl>
		</Pair>
	</StyleMap>
	<Style id="15895019670">
		<IconStyle>
			<Icon>
				<href>http://maps.google.com/mapfiles/kml/shapes/placemark_circle.png</href>
			</Icon>
		</IconStyle>
	</Style>
	<Style id="15895019671">
		<IconStyle>
			<Icon>
				<href>http://maps.google.com/mapfiles/kml/shapes/placemark_circle.png</href>
			</Icon>
		</IconStyle>
	</Style>
	<StyleMap id="1607549868">
		<Pair>
			<key>normal</key>
			<styleUrl>#16075498681</styleUrl>
		</Pair>
		<Pair>
			<key>highlight</key>
			<styleUrl>#16075498680</styleUrl>
		</Pair>
	</StyleMap>
	<Style id="16075498680">
		<IconStyle>
			<Icon>
				<href>http://maps.google.com/mapfiles/kml/shapes/placemark_circle.png</href>
			</Icon>
		</IconStyle>
	</Style>
	<Style id="16075498681">
		<IconStyle>
			<Icon>
				<href>http://maps.google.com/mapfiles/kml/shapes/placemark_circle.png</href>
			</Icon>
		</IconStyle>
	</Style>
	<Style id="1615391916">
		<IconStyle>
			<Icon>
				<href>http://maps.google.com/mapfiles/kml/shapes/placemark_circle.png</href>
			</Icon>
		</IconStyle>
	</Style>
	<StyleMap id="16153919160">
		<Pair>
			<key>normal</key>
			<styleUrl>#1615391916</styleUrl>
		</Pair>
		<Pair>
			<key>highlight</key>
			<styleUrl>#16153919161</styleUrl>
		</Pair>
	</StyleMap>
	<Style id="16153919161">
		<IconStyle>
			<Icon>
				<href>http://maps.google.com/mapfiles/kml/shapes/placemark_circle.png</href>
			</Icon>
		</IconStyle>
	</Style>
	<Style id="164042760">
		<IconStyle>
			<Icon>
				<href>http://maps.google.com/mapfiles/kml/shapes/placemark_circle.png</href>
			</Icon>
		</IconStyle>
	</Style>
	<Style id="1640427600">
		<IconStyle>
			<Icon>
				<href>http://maps.google.com/mapfiles/kml/shapes/placemark_circle.png</href>
			</Icon>
		</IconStyle>
	</Style>
	<StyleMap id="1640427601">
		<Pair>
			<key>normal</key>
			<styleUrl>#164042760</styleUrl>
		</Pair>
		<Pair>
			<key>highlight</key>
			<styleUrl>#1640427600</styleUrl>
		</Pair>
	</StyleMap>
	<StyleMap id="165143753">
		<Pair>
			<key>normal</key>
			<styleUrl>#1651437531</styleUrl>
		</Pair>
		<Pair>
			<key>highlight</key>
			<styleUrl>#1651437530</styleUrl>
		</Pair>
	</StyleMap>
	<Style id="1651437530">
		<IconStyle>
			<Icon>
				<href>http://maps.google.com/mapfiles/kml/shapes/placemark_circle.png</href>
			</Icon>
		</IconStyle>
	</Style>
	<Style id="1651437531">
		<IconStyle>
			<Icon>
				<href>http://maps.google.com/mapfiles/kml/shapes/placemark_circle.png</href>
			</Icon>
		</IconStyle>
	</Style>
	<StyleMap id="1698924601">
		<Pair>
			<key>normal</key>
			<styleUrl>#16989246010</styleUrl>
		</Pair>
		<Pair>
			<key>highlight</key>
			<styleUrl>#16989246011</styleUrl>
		</Pair>
	</StyleMap>
	<Style id="16989246010">
		<IconStyle>
			<Icon>
				<href>http://maps.google.com/mapfiles/kml/shapes/placemark_circle.png</href>
			</Icon>
		</IconStyle>
	</Style>
	<Style id="16989246011">
		<IconStyle>
			<Icon>
				<href>http://maps.google.com/mapfiles/kml/shapes/placemark_circle.png</href>
			</Icon>
		</IconStyle>
	</Style>
	<Style id="1717369720">
		<IconStyle>
			<Icon>
				<href>http://maps.google.com/mapfiles/kml/shapes/placemark_circle.png</href>
			</Icon>
		</IconStyle>
	</Style>
	<Style id="17173697200">
		<IconStyle>
			<Icon>
				<href>http://maps.google.com/mapfiles/kml/shapes/placemark_circle.png</href>
			</Icon>
		</IconStyle>
	</Style>
	<StyleMap id="17173697201">
		<Pair>
			<key>normal</key>
			<styleUrl>#1717369720</styleUrl>
		</Pair>
		<Pair>
			<key>highlight</key>
			<styleUrl>#17173697200</styleUrl>
		</Pair>
	</StyleMap>
	<Style id="1752090739">
		<IconStyle>
			<Icon>
				<href>http://maps.google.com/mapfiles/kml/shapes/placemark_circle.png</href>
			</Icon>
		</IconStyle>
	</Style>
	<Style id="17520907390">
		<IconStyle>
			<Icon>
				<href>http://maps.google.com/mapfiles/kml/shapes/placemark_circle.png</href>
			</Icon>
		</IconStyle>
	</Style>
	<StyleMap id="17520907391">
		<Pair>
			<key>normal</key>
			<styleUrl>#1752090739</styleUrl>
		</Pair>
		<Pair>
			<key>highlight</key>
			<styleUrl>#17520907390</styleUrl>
		</Pair>
	</StyleMap>
	<StyleMap id="1772667497">
		<Pair>
			<key>normal</key>
			<styleUrl>#17726674970</styleUrl>
		</Pair>
		<Pair>
			<key>highlight</key>
			<styleUrl>#17726674971</styleUrl>
		</Pair>
	</StyleMap>
	<Style id="17726674970">
		<IconStyle>
			<Icon>
				<href>http://maps.google.com/mapfiles/kml/shapes/placemark_circle.png</href>
			</Icon>
		</IconStyle>
	</Style>
	<Style id="17726674971">
		<IconStyle>
			<Icon>
				<href>http://maps.google.com/mapfiles/kml/shapes/placemark_circle.png</href>
			</Icon>
		</IconStyle>
	</Style>
	<Style id="1775725586">
		<IconStyle>
			<Icon>
				<href>http://maps.google.com/mapfiles/kml/shapes/placemark_circle.png</href>
			</Icon>
		</IconStyle>
	</Style>
	<Style id="17757255860">
		<IconStyle>
			<Icon>
				<href>http://maps.google.com/mapfiles/kml/shapes/placemark_circle.png</href>
			</Icon>
		</IconStyle>
	</Style>
	<StyleMap id="17757255861">
		<Pair>
			<key>normal</key>
			<styleUrl>#17757255860</styleUrl>
		</Pair>
		<Pair>
			<key>highlight</key>
			<styleUrl>#1775725586</styleUrl>
		</Pair>
	</StyleMap>
	<Style id="1779536521">
		<IconStyle>
			<Icon>
				<href>http://maps.google.com/mapfiles/kml/shapes/placemark_circle.png</href>
			</Icon>
		</IconStyle>
	</Style>
	<Style id="17795365210">
		<IconStyle>
			<Icon>
				<href>http://maps.google.com/mapfiles/kml/shapes/placemark_circle.png</href>
			</Icon>
		</IconStyle>
	</Style>
	<StyleMap id="17795365211">
		<Pair>
			<key>normal</key>
			<styleUrl>#17795365210</styleUrl>
		</Pair>
		<Pair>
			<key>highlight</key>
			<styleUrl>#1779536521</styleUrl>
		</Pair>
	</StyleMap>
	<Style id="1781960318">
		<IconStyle>
			<Icon>
				<href>http://maps.google.com/mapfiles/kml/shapes/placemark_circle.png</href>
			</Icon>
		</IconStyle>
	</Style>
	<StyleMap id="17819603180">
		<Pair>
			<key>normal</key>
			<styleUrl>#1781960318</styleUrl>
		</Pair>
		<Pair>
			<key>highlight</key>
			<styleUrl>#17819603181</styleUrl>
		</Pair>
	</StyleMap>
	<Style id="17819603181">
		<IconStyle>
			<Icon>
				<href>http://maps.google.com/mapfiles/kml/shapes/placemark_circle.png</href>
			</Icon>
		</IconStyle>
	</Style>
	<StyleMap id="178237014">
		<Pair>
			<key>normal</key>
			<styleUrl>#1782370141</styleUrl>
		</Pair>
		<Pair>
			<key>highlight</key>
			<styleUrl>#1782370140</styleUrl>
		</Pair>
	</StyleMap>
	<Style id="1782370140">
		<IconStyle>
			<Icon>
				<href>http://maps.google.com/mapfiles/kml/shapes/placemark_circle.png</href>
			</Icon>
		</IconStyle>
	</Style>
	<Style id="1782370141">
		<IconStyle>
			<Icon>
				<href>http://maps.google.com/mapfiles/kml/shapes/placemark_circle.png</href>
			</Icon>
		</IconStyle>
	</Style>
	<Style id="1791177705">
		<IconStyle>
			<Icon>
				<href>http://maps.google.com/mapfiles/kml/shapes/placemark_circle.png</href>
			</Icon>
		</IconStyle>
	</Style>
	<StyleMap id="17911777050">
		<Pair>
			<key>normal</key>
			<styleUrl>#17911777051</styleUrl>
		</Pair>
		<Pair>
			<key>highlight</key>
			<styleUrl>#1791177705</styleUrl>
		</Pair>
	</StyleMap>
	<Style id="17911777051">
		<IconStyle>
			<Icon>
				<href>http://maps.google.com/mapfiles/kml/shapes/placemark_circle.png</href>
			</Icon>
		</IconStyle>
	</Style>
	<Style id="1824708245">
		<IconStyle>
			<Icon>
				<href>http://maps.google.com/mapfiles/kml/shapes/placemark_circle.png</href>
			</Icon>
		</IconStyle>
	</Style>
	<Style id="18247082450">
		<IconStyle>
			<Icon>
				<href>http://maps.google.com/mapfiles/kml/shapes/placemark_circle.png</href>
			</Icon>
		</IconStyle>
	</Style>
	<StyleMap id="18247082451">
		<Pair>
			<key>normal</key>
			<styleUrl>#1824708245</styleUrl>
		</Pair>
		<Pair>
			<key>highlight</key>
			<styleUrl>#18247082450</styleUrl>
		</Pair>
	</StyleMap>
	<Style id="1841648211">
		<IconStyle>
			<Icon>
				<href>http://maps.google.com/mapfiles/kml/shapes/placemark_circle.png</href>
			</Icon>
		</IconStyle>
	</Style>
	<StyleMap id="18416482110">
		<Pair>
			<key>normal</key>
			<styleUrl>#1841648211</styleUrl>
		</Pair>
		<Pair>
			<key>highlight</key>
			<styleUrl>#18416482111</styleUrl>
		</Pair>
	</StyleMap>
	<Style id="18416482111">
		<IconStyle>
			<Icon>
				<href>http://maps.google.com/mapfiles/kml/shapes/placemark_circle.png</href>
			</Icon>
		</IconStyle>
	</Style>
	<Style id="1856963089">
		<IconStyle>
			<Icon>
				<href>http://maps.google.com/mapfiles/kml/shapes/placemark_circle.png</href>
			</Icon>
		</IconStyle>
	</Style>
	<Style id="18569630890">
		<IconStyle>
			<Icon>
				<href>http://maps.google.com/mapfiles/kml/shapes/placemark_circle.png</href>
			</Icon>
		</IconStyle>
	</Style>
	<StyleMap id="18569630891">
		<Pair>
			<key>normal</key>
			<styleUrl>#1856963089</styleUrl>
		</Pair>
		<Pair>
			<key>highlight</key>
			<styleUrl>#18569630890</styleUrl>
		</Pair>
	</StyleMap>
	<StyleMap id="1865149798">
		<Pair>
			<key>normal</key>
			<styleUrl>#18651497980</styleUrl>
		</Pair>
		<Pair>
			<key>highlight</key>
			<styleUrl>#18651497981</styleUrl>
		</Pair>
	</StyleMap>
	<Style id="18651497980">
		<IconStyle>
			<Icon>
				<href>http://maps.google.com/mapfiles/kml/shapes/placemark_circle.png</href>
			</Icon>
		</IconStyle>
	</Style>
	<Style id="18651497981">
		<IconStyle>
			<Icon>
				<href>http://maps.google.com/mapfiles/kml/shapes/placemark_circle.png</href>
			</Icon>
		</IconStyle>
	</Style>
	<Style id="1903589365">
		<IconStyle>
			<Icon>
				<href>http://maps.google.com/mapfiles/kml/shapes/placemark_circle.png</href>
			</Icon>
		</IconStyle>
	</Style>
	<Style id="19035893650">
		<IconStyle>
			<Icon>
				<href>http://maps.google.com/mapfiles/kml/shapes/placemark_circle.png</href>
			</Icon>
		</IconStyle>
	</Style>
	<StyleMap id="19035893651">
		<Pair>
			<key>normal</key>
			<styleUrl>#19035893650</styleUrl>
		</Pair>
		<Pair>
			<key>highlight</key>
			<styleUrl>#1903589365</styleUrl>
		</Pair>
	</StyleMap>
	<StyleMap id="1917962790">
		<Pair>
			<key>normal</key>
			<styleUrl>#19179627900</styleUrl>
		</Pair>
		<Pair>
			<key>highlight</key>
			<styleUrl>#19179627901</styleUrl>
		</Pair>
	</StyleMap>
	<Style id="19179627900">
		<IconStyle>
			<Icon>
				<href>http://maps.google.com/mapfiles/kml/shapes/placemark_circle.png</href>
			</Icon>
		</IconStyle>
	</Style>
	<Style id="19179627901">
		<IconStyle>
			<Icon>
				<href>http://maps.google.com/mapfiles/kml/shapes/placemark_circle.png</href>
			</Icon>
		</IconStyle>
	</Style>
	<Style id="1923936394">
		<IconStyle>
			<Icon>
				<href>http://maps.google.com/mapfiles/kml/shapes/placemark_circle.png</href>
			</Icon>
		</IconStyle>
	</Style>
	<StyleMap id="19239363940">
		<Pair>
			<key>normal</key>
			<styleUrl>#1923936394</styleUrl>
		</Pair>
		<Pair>
			<key>highlight</key>
			<styleUrl>#19239363941</styleUrl>
		</Pair>
	</StyleMap>
	<Style id="19239363941">
		<IconStyle>
			<Icon>
				<href>http://maps.google.com/mapfiles/kml/shapes/placemark_circle.png</href>
			</Icon>
		</IconStyle>
	</Style>
	<StyleMap id="1927622665">
		<Pair>
			<key>normal</key>
			<styleUrl>#19276226651</styleUrl>
		</Pair>
		<Pair>
			<key>highlight</key>
			<styleUrl>#19276226650</styleUrl>
		</Pair>
	</StyleMap>
	<Style id="19276226650">
		<IconStyle>
			<Icon>
				<href>http://maps.google.com/mapfiles/kml/shapes/placemark_circle.png</href>
			</Icon>
		</IconStyle>
	</Style>
	<Style id="19276226651">
		<IconStyle>
			<Icon>
				<href>http://maps.google.com/mapfiles/kml/shapes/placemark_circle.png</href>
			</Icon>
		</IconStyle>
	</Style>
	<Style id="1927720325">
		<IconStyle>
			<Icon>
				<href>http://maps.google.com/mapfiles/kml/shapes/placemark_circle.png</href>
			</Icon>
		</IconStyle>
	</Style>
	<StyleMap id="19277203250">
		<Pair>
			<key>normal</key>
			<styleUrl>#1927720325</styleUrl>
		</Pair>
		<Pair>
			<key>highlight</key>
			<styleUrl>#19277203251</styleUrl>
		</Pair>
	</StyleMap>
	<Style id="19277203251">
		<IconStyle>
			<Icon>
				<href>http://maps.google.com/mapfiles/kml/shapes/placemark_circle.png</href>
			</Icon>
		</IconStyle>
	</Style>
	<Style id="1933983096">
		<IconStyle>
			<Icon>
				<href>http://maps.google.com/mapfiles/kml/shapes/placemark_circle.png</href>
			</Icon>
		</IconStyle>
	</Style>
	<StyleMap id="19339830960">
		<Pair>
			<key>normal</key>
			<styleUrl>#19339830961</styleUrl>
		</Pair>
		<Pair>
			<key>highlight</key>
			<styleUrl>#1933983096</styleUrl>
		</Pair>
	</StyleMap>
	<Style id="19339830961">
		<IconStyle>
			<Icon>
				<href>http://maps.google.com/mapfiles/kml/shapes/placemark_circle.png</href>
			</Icon>
		</IconStyle>
	</Style>
	<Style id="1946237677">
		<IconStyle>
			<Icon>
				<href>http://maps.google.com/mapfiles/kml/shapes/placemark_circle.png</href>
			</Icon>
		</IconStyle>
	</Style>
	<Style id="19462376770">
		<IconStyle>
			<Icon>
				<href>http://maps.google.com/mapfiles/kml/shapes/placemark_circle.png</href>
			</Icon>
		</IconStyle>
	</Style>
	<StyleMap id="19462376771">
		<Pair>
			<key>normal</key>
			<styleUrl>#19462376770</styleUrl>
		</Pair>
		<Pair>
			<key>highlight</key>
			<styleUrl>#1946237677</styleUrl>
		</Pair>
	</StyleMap>
	<StyleMap id="1960486323">
		<Pair>
			<key>normal</key>
			<styleUrl>#19604863231</styleUrl>
		</Pair>
		<Pair>
			<key>highlight</key>
			<styleUrl>#19604863230</styleUrl>
		</Pair>
	</StyleMap>
	<Style id="19604863230">
		<IconStyle>
			<Icon>
				<href>http://maps.google.com/mapfiles/kml/shapes/placemark_circle.png</href>
			</Icon>
		</IconStyle>
	</Style>
	<Style id="19604863231">
		<IconStyle>
			<Icon>
				<href>http://maps.google.com/mapfiles/kml/shapes/placemark_circle.png</href>
			</Icon>
		</IconStyle>
	</Style>
	<Style id="1977235080">
		<IconStyle>
			<Icon>
				<href>http://maps.google.com/mapfiles/kml/shapes/placemark_circle.png</href>
			</Icon>
		</IconStyle>
	</Style>
	<StyleMap id="19772350800">
		<Pair>
			<key>normal</key>
			<styleUrl>#19772350801</styleUrl>
		</Pair>
		<Pair>
			<key>highlight</key>
			<styleUrl>#1977235080</styleUrl>
		</Pair>
	</StyleMap>
	<Style id="19772350801">
		<IconStyle>
			<Icon>
				<href>http://maps.google.com/mapfiles/kml/shapes/placemark_circle.png</href>
			</Icon>
		</IconStyle>
	</Style>
	<Style id="2038467725">
		<IconStyle>
			<Icon>
				<href>http://maps.google.com/mapfiles/kml/shapes/placemark_circle.png</href>
			</Icon>
		</IconStyle>
	</Style>
	<Style id="20384677250">
		<IconStyle>
			<Icon>
				<href>http://maps.google.com/mapfiles/kml/shapes/placemark_circle.png</href>
			</Icon>
		</IconStyle>
	</Style>
	<StyleMap id="20384677251">
		<Pair>
			<key>normal</key>
			<styleUrl>#2038467725</styleUrl>
		</Pair>
		<Pair>
			<key>highlight</key>
			<styleUrl>#20384677250</styleUrl>
		</Pair>
	</StyleMap>
	<Style id="2088311763">
		<IconStyle>
			<Icon>
				<href>http://maps.google.com/mapfiles/kml/shapes/placemark_circle.png</href>
			</Icon>
		</IconStyle>
	</Style>
	<StyleMap id="20883117630">
		<Pair>
			<key>normal</key>
			<styleUrl>#2088311763</styleUrl>
		</Pair>
		<Pair>
			<key>highlight</key>
			<styleUrl>#20883117631</styleUrl>
		</Pair>
	</StyleMap>
	<Style id="20883117631">
		<IconStyle>
			<Icon>
				<href>http://maps.google.com/mapfiles/kml/shapes/placemark_circle.png</href>
			</Icon>
		</IconStyle>
	</Style>
	<Style id="2092314131">
		<IconStyle>
			<Icon>
				<href>http://maps.google.com/mapfiles/kml/shapes/placemark_circle.png</href>
			</Icon>
		</IconStyle>
	</Style>
	<StyleMap id="20923141310">
		<Pair>
			<key>normal</key>
			<styleUrl>#2092314131</styleUrl>
		</Pair>
		<Pair>
			<key>highlight</key>
			<styleUrl>#20923141311</styleUrl>
		</Pair>
	</StyleMap>
	<Style id="20923141311">
		<IconStyle>
			<Icon>
				<href>http://maps.google.com/mapfiles/kml/shapes/placemark_circle.png</href>
			</Icon>
		</IconStyle>
	</Style>
	<Style id="2117008298">
		<IconStyle>
			<Icon>
				<href>http://maps.google.com/mapfiles/kml/shapes/placemark_circle.png</href>
			</Icon>
		</IconStyle>
	</Style>
	<Style id="21170082980">
		<IconStyle>
			<Icon>
				<href>http://maps.google.com/mapfiles/kml/shapes/placemark_circle.png</href>
			</Icon>
		</IconStyle>
	</Style>
	<StyleMap id="21170082981">
		<Pair>
			<key>normal</key>
			<styleUrl>#2117008298</styleUrl>
		</Pair>
		<Pair>
			<key>highlight</key>
			<styleUrl>#21170082980</styleUrl>
		</Pair>
	</StyleMap>
	<Style id="214456225">
		<IconStyle>
			<Icon>
				<href>http://maps.google.com/mapfiles/kml/shapes/placemark_circle.png</href>
			</Icon>
		</IconStyle>
	</Style>
	<Style id="2144562250">
		<IconStyle>
			<Icon>
				<href>http://maps.google.com/mapfiles/kml/shapes/placemark_circle.png</href>
			</Icon>
		</IconStyle>
	</Style>
	<StyleMap id="2144562251">
		<Pair>
			<key>normal</key>
			<styleUrl>#2144562250</styleUrl>
		</Pair>
		<Pair>
			<key>highlight</key>
			<styleUrl>#214456225</styleUrl>
		</Pair>
	</StyleMap>
	<StyleMap id="2157696007">
		<Pair>
			<key>normal</key>
			<styleUrl>#21576960070</styleUrl>
		</Pair>
		<Pair>
			<key>highlight</key>
			<styleUrl>#21576960071</styleUrl>
		</Pair>
	</StyleMap>
	<Style id="21576960070">
		<IconStyle>
			<Icon>
				<href>http://maps.google.com/mapfiles/kml/shapes/placemark_circle.png</href>
			</Icon>
		</IconStyle>
	</Style>
	<Style id="21576960071">
		<IconStyle>
			<Icon>
				<href>http://maps.google.com/mapfiles/kml/shapes/placemark_circle.png</href>
			</Icon>
		</IconStyle>
	</Style>
	<Style id="2175090895">
		<IconStyle>
			<Icon>
				<href>http://maps.google.com/mapfiles/kml/shapes/placemark_circle.png</href>
			</Icon>
		</IconStyle>
	</Style>
	<Style id="21750908950">
		<IconStyle>
			<Icon>
				<href>http://maps.google.com/mapfiles/kml/shapes/placemark_circle.png</href>
			</Icon>
		</IconStyle>
	</Style>
	<StyleMap id="21750908951">
		<Pair>
			<key>normal</key>
			<styleUrl>#21750908950</styleUrl>
		</Pair>
		<Pair>
			<key>highlight</key>
			<styleUrl>#2175090895</styleUrl>
		</Pair>
	</StyleMap>
	<Style id="2201545083">
		<IconStyle>
			<Icon>
				<href>http://maps.google.com/mapfiles/kml/shapes/placemark_circle.png</href>
			</Icon>
		</IconStyle>
	</Style>
	<Style id="22015450830">
		<IconStyle>
			<Icon>
				<href>http://maps.google.com/mapfiles/kml/shapes/placemark_circle.png</href>
			</Icon>
		</IconStyle>
	</Style>
	<StyleMap id="22015450831">
		<Pair>
			<key>normal</key>
			<styleUrl>#22015450830</styleUrl>
		</Pair>
		<Pair>
			<key>highlight</key>
			<styleUrl>#2201545083</styleUrl>
		</Pair>
	</StyleMap>
	<Style id="2220491701">
		<IconStyle>
			<Icon>
				<href>http://maps.google.com/mapfiles/kml/shapes/placemark_circle.png</href>
			</Icon>
		</IconStyle>
	</Style>
	<Style id="22204917010">
		<IconStyle>
			<Icon>
				<href>http://maps.google.com/mapfiles/kml/shapes/placemark_circle.png</href>
			</Icon>
		</IconStyle>
	</Style>
	<StyleMap id="22204917011">
		<Pair>
			<key>normal</key>
			<styleUrl>#2220491701</styleUrl>
		</Pair>
		<Pair>
			<key>highlight</key>
			<styleUrl>#22204917010</styleUrl>
		</Pair>
	</StyleMap>
	<StyleMap id="2224738247">
		<Pair>
			<key>normal</key>
			<styleUrl>#22247382471</styleUrl>
		</Pair>
		<Pair>
			<key>highlight</key>
			<styleUrl>#22247382470</styleUrl>
		</Pair>
	</StyleMap>
	<Style id="22247382470">
		<IconStyle>
			<Icon>
				<href>http://maps.google.com/mapfiles/kml/shapes/placemark_circle.png</href>
			</Icon>
		</IconStyle>
	</Style>
	<Style id="22247382471">
		<IconStyle>
			<Icon>
				<href>http://maps.google.com/mapfiles/kml/shapes/placemark_circle.png</href>
			</Icon>
		</IconStyle>
	</Style>
	<Style id="2230717511">
		<IconStyle>
			<Icon>
				<href>http://maps.google.com/mapfiles/kml/shapes/placemark_circle.png</href>
			</Icon>
		</IconStyle>
	</Style>
	<StyleMap id="22307175110">
		<Pair>
			<key>normal</key>
			<styleUrl>#22307175111</styleUrl>
		</Pair>
		<Pair>
			<key>highlight</key>
			<styleUrl>#2230717511</styleUrl>
		</Pair>
	</StyleMap>
	<Style id="22307175111">
		<IconStyle>
			<Icon>
				<href>http://maps.google.com/mapfiles/kml/shapes/placemark_circle.png</href>
			</Icon>
		</IconStyle>
	</Style>
	<StyleMap id="2242163967">
		<Pair>
			<key>normal</key>
			<styleUrl>#22421639671</styleUrl>
		</Pair>
		<Pair>
			<key>highlight</key>
			<styleUrl>#22421639670</styleUrl>
		</Pair>
	</StyleMap>
	<Style id="22421639670">
		<IconStyle>
			<Icon>
				<href>http://maps.google.com/mapfiles/kml/shapes/placemark_circle.png</href>
			</Icon>
		</IconStyle>
	</Style>
	<Style id="22421639671">
		<IconStyle>
			<Icon>
				<href>http://maps.google.com/mapfiles/kml/shapes/placemark_circle.png</href>
			</Icon>
		</IconStyle>
	</Style>
	<StyleMap id="2291404755">
		<Pair>
			<key>normal</key>
			<styleUrl>#22914047551</styleUrl>
		</Pair>
		<Pair>
			<key>highlight</key>
			<styleUrl>#22914047550</styleUrl>
		</Pair>
	</StyleMap>
	<Style id="22914047550">
		<IconStyle>
			<Icon>
				<href>http://maps.google.com/mapfiles/kml/shapes/placemark_circle.png</href>
			</Icon>
		</IconStyle>
	</Style>
	<Style id="22914047551">
		<IconStyle>
			<Icon>
				<href>http://maps.google.com/mapfiles/kml/shapes/placemark_circle.png</href>
			</Icon>
		</IconStyle>
	</Style>
	<Style id="2303473233">
		<IconStyle>
			<Icon>
				<href>http://maps.google.com/mapfiles/kml/shapes/placemark_circle.png</href>
			</Icon>
		</IconStyle>
	</Style>
	<StyleMap id="23034732330">
		<Pair>
			<key>normal</key>
			<styleUrl>#23034732331</styleUrl>
		</Pair>
		<Pair>
			<key>highlight</key>
			<styleUrl>#2303473233</styleUrl>
		</Pair>
	</StyleMap>
	<Style id="23034732331">
		<IconStyle>
			<Icon>
				<href>http://maps.google.com/mapfiles/kml/shapes/placemark_circle.png</href>
			</Icon>
		</IconStyle>
	</Style>
	<Style id="2373853830">
		<IconStyle>
			<Icon>
				<href>http://maps.google.com/mapfiles/kml/shapes/placemark_circle.png</href>
			</Icon>
		</IconStyle>
	</Style>
	<Style id="23738538300">
		<IconStyle>
			<Icon>
				<href>http://maps.google.com/mapfiles/kml/shapes/placemark_circle.png</href>
			</Icon>
		</IconStyle>
	</Style>
	<StyleMap id="23738538301">
		<Pair>
			<key>normal</key>
			<styleUrl>#23738538300</styleUrl>
		</Pair>
		<Pair>
			<key>highlight</key>
			<styleUrl>#2373853830</styleUrl>
		</Pair>
	</StyleMap>
	<Style id="2410455507">
		<IconStyle>
			<Icon>
				<href>http://maps.google.com/mapfiles/kml/shapes/placemark_circle.png</href>
			</Icon>
		</IconStyle>
	</Style>
	<Style id="24104555070">
		<IconStyle>
			<Icon>
				<href>http://maps.google.com/mapfiles/kml/shapes/placemark_circle.png</href>
			</Icon>
		</IconStyle>
	</Style>
	<StyleMap id="24104555071">
		<Pair>
			<key>normal</key>
			<styleUrl>#24104555070</styleUrl>
		</Pair>
		<Pair>
			<key>highlight</key>
			<styleUrl>#2410455507</styleUrl>
		</Pair>
	</StyleMap>
	<Style id="2417074981">
		<IconStyle>
			<Icon>
				<href>http://maps.google.com/mapfiles/kml/shapes/placemark_circle.png</href>
			</Icon>
		</IconStyle>
	</Style>
	<StyleMap id="24170749810">
		<Pair>
			<key>normal</key>
			<styleUrl>#24170749811</styleUrl>
		</Pair>
		<Pair>
			<key>highlight</key>
			<styleUrl>#2417074981</styleUrl>
		</Pair>
	</StyleMap>
	<Style id="24170749811">
		<IconStyle>
			<Icon>
				<href>http://maps.google.com/mapfiles/kml/shapes/placemark_circle.png</href>
			</Icon>
		</IconStyle>
	</Style>
	<Style id="2419600530">
		<IconStyle>
			<Icon>
				<href>http://maps.google.com/mapfiles/kml/shapes/placemark_circle.png</href>
			</Icon>
		</IconStyle>
	</Style>
	<Style id="24196005300">
		<IconStyle>
			<Icon>
				<href>http://maps.google.com/mapfiles/kml/shapes/placemark_circle.png</href>
			</Icon>
		</IconStyle>
	</Style>
	<StyleMap id="24196005301">
		<Pair>
			<key>normal</key>
			<styleUrl>#24196005300</styleUrl>
		</Pair>
		<Pair>
			<key>highlight</key>
			<styleUrl>#2419600530</styleUrl>
		</Pair>
	</StyleMap>
	<Style id="2426810383">
		<IconStyle>
			<Icon>
				<href>http://maps.google.com/mapfiles/kml/shapes/placemark_circle.png</href>
			</Icon>
		</IconStyle>
	</Style>
	<StyleMap id="24268103830">
		<Pair>
			<key>normal</key>
			<styleUrl>#2426810383</styleUrl>
		</Pair>
		<Pair>
			<key>highlight</key>
			<styleUrl>#24268103831</styleUrl>
		</Pair>
	</StyleMap>
	<Style id="24268103831">
		<IconStyle>
			<Icon>
				<href>http://maps.google.com/mapfiles/kml/shapes/placemark_circle.png</href>
			</Icon>
		</IconStyle>
	</Style>
	<StyleMap id="2430258358">
		<Pair>
			<key>normal</key>
			<styleUrl>#24302583580</styleUrl>
		</Pair>
		<Pair>
			<key>highlight</key>
			<styleUrl>#24302583581</styleUrl>
		</Pair>
	</StyleMap>
	<Style id="24302583580">
		<IconStyle>
			<Icon>
				<href>http://maps.google.com/mapfiles/kml/shapes/placemark_circle.png</href>
			</Icon>
		</IconStyle>
	</Style>
	<Style id="24302583581">
		<IconStyle>
			<Icon>
				<href>http://maps.google.com/mapfiles/kml/shapes/placemark_circle.png</href>
			</Icon>
		</IconStyle>
	</Style>
	<StyleMap id="2432771025">
		<Pair>
			<key>normal</key>
			<styleUrl>#24327710250</styleUrl>
		</Pair>
		<Pair>
			<key>highlight</key>
			<styleUrl>#24327710251</styleUrl>
		</Pair>
	</StyleMap>
	<Style id="24327710250">
		<IconStyle>
			<Icon>
				<href>http://maps.google.com/mapfiles/kml/shapes/placemark_circle.png</href>
			</Icon>
		</IconStyle>
	</Style>
	<Style id="24327710251">
		<IconStyle>
			<Icon>
				<href>http://maps.google.com/mapfiles/kml/shapes/placemark_circle.png</href>
			</Icon>
		</IconStyle>
	</Style>
	<Style id="2457543204">
		<IconStyle>
			<Icon>
				<href>http://maps.google.com/mapfiles/kml/shapes/placemark_circle.png</href>
			</Icon>
		</IconStyle>
	</Style>
	<Style id="24575432040">
		<IconStyle>
			<Icon>
				<href>http://maps.google.com/mapfiles/kml/shapes/placemark_circle.png</href>
			</Icon>
		</IconStyle>
	</Style>
	<StyleMap id="24575432041">
		<Pair>
			<key>normal</key>
			<styleUrl>#24575432040</styleUrl>
		</Pair>
		<Pair>
			<key>highlight</key>
			<styleUrl>#2457543204</styleUrl>
		</Pair>
	</StyleMap>
	<Style id="2466043773">
		<IconStyle>
			<Icon>
				<href>http://maps.google.com/mapfiles/kml/shapes/placemark_circle.png</href>
			</Icon>
		</IconStyle>
	</Style>
	<StyleMap id="24660437730">
		<Pair>
			<key>normal</key>
			<styleUrl>#2466043773</styleUrl>
		</Pair>
		<Pair>
			<key>highlight</key>
			<styleUrl>#24660437731</styleUrl>
		</Pair>
	</StyleMap>
	<Style id="24660437731">
		<IconStyle>
			<Icon>
				<href>http://maps.google.com/mapfiles/kml/shapes/placemark_circle.png</href>
			</Icon>
		</IconStyle>
	</Style>
	<Style id="2476721913">
		<IconStyle>
			<Icon>
				<href>http://maps.google.com/mapfiles/kml/shapes/placemark_circle.png</href>
			</Icon>
		</IconStyle>
	</Style>
	<Style id="24767219130">
		<IconStyle>
			<Icon>
				<href>http://maps.google.com/mapfiles/kml/shapes/placemark_circle.png</href>
			</Icon>
		</IconStyle>
	</Style>
	<StyleMap id="24767219131">
		<Pair>
			<key>normal</key>
			<styleUrl>#24767219130</styleUrl>
		</Pair>
		<Pair>
			<key>highlight</key>
			<styleUrl>#2476721913</styleUrl>
		</Pair>
	</StyleMap>
	<Style id="2484602251">
		<IconStyle>
			<Icon>
				<href>http://maps.google.com/mapfiles/kml/shapes/placemark_circle.png</href>
			</Icon>
		</IconStyle>
	</Style>
	<StyleMap id="24846022510">
		<Pair>
			<key>normal</key>
			<styleUrl>#2484602251</styleUrl>
		</Pair>
		<Pair>
			<key>highlight</key>
			<styleUrl>#24846022511</styleUrl>
		</Pair>
	</StyleMap>
	<Style id="24846022511">
		<IconStyle>
			<Icon>
				<href>http://maps.google.com/mapfiles/kml/shapes/placemark_circle.png</href>
			</Icon>
		</IconStyle>
	</Style>
	<Style id="248778699">
		<IconStyle>
			<Icon>
				<href>http://maps.google.com/mapfiles/kml/shapes/placemark_circle.png</href>
			</Icon>
		</IconStyle>
	</Style>
	<Style id="2487786990">
		<IconStyle>
			<Icon>
				<href>http://maps.google.com/mapfiles/kml/shapes/placemark_circle.png</href>
			</Icon>
		</IconStyle>
	</Style>
	<StyleMap id="2487786991">
		<Pair>
			<key>normal</key>
			<styleUrl>#248778699</styleUrl>
		</Pair>
		<Pair>
			<key>highlight</key>
			<styleUrl>#2487786990</styleUrl>
		</Pair>
	</StyleMap>
	<StyleMap id="2492391451">
		<Pair>
			<key>normal</key>
			<styleUrl>#24923914510</styleUrl>
		</Pair>
		<Pair>
			<key>highlight</key>
			<styleUrl>#24923914511</styleUrl>
		</Pair>
	</StyleMap>
	<Style id="24923914510">
		<IconStyle>
			<Icon>
				<href>http://maps.google.com/mapfiles/kml/shapes/placemark_circle.png</href>
			</Icon>
		</IconStyle>
	</Style>
	<Style id="24923914511">
		<IconStyle>
			<Icon>
				<href>http://maps.google.com/mapfiles/kml/shapes/placemark_circle.png</href>
			</Icon>
		</IconStyle>
	</Style>
	<Style id="2505640521">
		<IconStyle>
			<Icon>
				<href>http://maps.google.com/mapfiles/kml/shapes/placemark_circle.png</href>
			</Icon>
		</IconStyle>
	</Style>
	<Style id="25056405210">
		<IconStyle>
			<Icon>
				<href>http://maps.google.com/mapfiles/kml/shapes/placemark_circle.png</href>
			</Icon>
		</IconStyle>
	</Style>
	<StyleMap id="25056405211">
		<Pair>
			<key>normal</key>
			<styleUrl>#2505640521</styleUrl>
		</Pair>
		<Pair>
			<key>highlight</key>
			<styleUrl>#25056405210</styleUrl>
		</Pair>
	</StyleMap>
	<Style id="2513920033">
		<IconStyle>
			<Icon>
				<href>http://maps.google.com/mapfiles/kml/shapes/placemark_circle.png</href>
			</Icon>
		</IconStyle>
	</Style>
	<StyleMap id="25139200330">
		<Pair>
			<key>normal</key>
			<styleUrl>#2513920033</styleUrl>
		</Pair>
		<Pair>
			<key>highlight</key>
			<styleUrl>#25139200331</styleUrl>
		</Pair>
	</StyleMap>
	<Style id="25139200331">
		<IconStyle>
			<Icon>
				<href>http://maps.google.com/mapfiles/kml/shapes/placemark_circle.png</href>
			</Icon>
		</IconStyle>
	</Style>
	<StyleMap id="2536238376">
		<Pair>
			<key>normal</key>
			<styleUrl>#25362383761</styleUrl>
		</Pair>
		<Pair>
			<key>highlight</key>
			<styleUrl>#25362383760</styleUrl>
		</Pair>
	</StyleMap>
	<Style id="25362383760">
		<IconStyle>
			<Icon>
				<href>http://maps.google.com/mapfiles/kml/shapes/placemark_circle.png</href>
			</Icon>
		</IconStyle>
	</Style>
	<Style id="25362383761">
		<IconStyle>
			<Icon>
				<href>http://maps.google.com/mapfiles/kml/shapes/placemark_circle.png</href>
			</Icon>
		</IconStyle>
	</Style>
	<StyleMap id="2558913800">
		<Pair>
			<key>normal</key>
			<styleUrl>#25589138001</styleUrl>
		</Pair>
		<Pair>
			<key>highlight</key>
			<styleUrl>#25589138000</styleUrl>
		</Pair>
	</StyleMap>
	<Style id="25589138000">
		<IconStyle>
			<Icon>
				<href>http://maps.google.com/mapfiles/kml/shapes/placemark_circle.png</href>
			</Icon>
		</IconStyle>
	</Style>
	<Style id="25589138001">
		<IconStyle>
			<Icon>
				<href>http://maps.google.com/mapfiles/kml/shapes/placemark_circle.png</href>
			</Icon>
		</IconStyle>
	</Style>
	<StyleMap id="258253543">
		<Pair>
			<key>normal</key>
			<styleUrl>#2582535431</styleUrl>
		</Pair>
		<Pair>
			<key>highlight</key>
			<styleUrl>#2582535430</styleUrl>
		</Pair>
	</StyleMap>
	<Style id="2582535430">
		<IconStyle>
			<Icon>
				<href>http://maps.google.com/mapfiles/kml/shapes/placemark_circle.png</href>
			</Icon>
		</IconStyle>
	</Style>
	<Style id="2582535431">
		<IconStyle>
			<Icon>
				<href>http://maps.google.com/mapfiles/kml/shapes/placemark_circle.png</href>
			</Icon>
		</IconStyle>
	</Style>
	<Style id="2586701774">
		<IconStyle>
			<Icon>
				<href>http://maps.google.com/mapfiles/kml/shapes/placemark_circle.png</href>
			</Icon>
		</IconStyle>
	</Style>
	<StyleMap id="25867017740">
		<Pair>
			<key>normal</key>
			<styleUrl>#2586701774</styleUrl>
		</Pair>
		<Pair>
			<key>highlight</key>
			<styleUrl>#25867017741</styleUrl>
		</Pair>
	</StyleMap>
	<Style id="25867017741">
		<IconStyle>
			<Icon>
				<href>http://maps.google.com/mapfiles/kml/shapes/placemark_circle.png</href>
			</Icon>
		</IconStyle>
	</Style>
	<StyleMap id="2594299941">
		<Pair>
			<key>normal</key>
			<styleUrl>#25942999410</styleUrl>
		</Pair>
		<Pair>
			<key>highlight</key>
			<styleUrl>#25942999411</styleUrl>
		</Pair>
	</StyleMap>
	<Style id="25942999410">
		<IconStyle>
			<Icon>
				<href>http://maps.google.com/mapfiles/kml/shapes/placemark_circle.png</href>
			</Icon>
		</IconStyle>
	</Style>
	<Style id="25942999411">
		<IconStyle>
			<Icon>
				<href>http://maps.google.com/mapfiles/kml/shapes/placemark_circle.png</href>
			</Icon>
		</IconStyle>
	</Style>
	<Style id="2611248648">
		<IconStyle>
			<Icon>
				<href>http://maps.google.com/mapfiles/kml/shapes/placemark_circle.png</href>
			</Icon>
		</IconStyle>
	</Style>
	<Style id="26112486480">
		<IconStyle>
			<Icon>
				<href>http://maps.google.com/mapfiles/kml/shapes/placemark_circle.png</href>
			</Icon>
		</IconStyle>
	</Style>
	<StyleMap id="26112486481">
		<Pair>
			<key>normal</key>
			<styleUrl>#26112486480</styleUrl>
		</Pair>
		<Pair>
			<key>highlight</key>
			<styleUrl>#2611248648</styleUrl>
		</Pair>
	</StyleMap>
	<Style id="2613666385">
		<IconStyle>
			<Icon>
				<href>http://maps.google.com/mapfiles/kml/shapes/placemark_circle.png</href>
			</Icon>
		</IconStyle>
	</Style>
	<Style id="26136663850">
		<IconStyle>
			<Icon>
				<href>http://maps.google.com/mapfiles/kml/shapes/placemark_circle.png</href>
			</Icon>
		</IconStyle>
	</Style>
	<StyleMap id="26136663851">
		<Pair>
			<key>normal</key>
			<styleUrl>#26136663850</styleUrl>
		</Pair>
		<Pair>
			<key>highlight</key>
			<styleUrl>#2613666385</styleUrl>
		</Pair>
	</StyleMap>
	<Style id="2631258505">
		<IconStyle>
			<Icon>
				<href>http://maps.google.com/mapfiles/kml/shapes/placemark_circle.png</href>
			</Icon>
		</IconStyle>
	</Style>
	<Style id="26312585050">
		<IconStyle>
			<Icon>
				<href>http://maps.google.com/mapfiles/kml/shapes/placemark_circle.png</href>
			</Icon>
		</IconStyle>
	</Style>
	<StyleMap id="26312585051">
		<Pair>
			<key>normal</key>
			<styleUrl>#2631258505</styleUrl>
		</Pair>
		<Pair>
			<key>highlight</key>
			<styleUrl>#26312585050</styleUrl>
		</Pair>
	</StyleMap>
	<StyleMap id="2635293432">
		<Pair>
			<key>normal</key>
			<styleUrl>#26352934320</styleUrl>
		</Pair>
		<Pair>
			<key>highlight</key>
			<styleUrl>#26352934321</styleUrl>
		</Pair>
	</StyleMap>
	<Style id="26352934320">
		<IconStyle>
			<Icon>
				<href>http://maps.google.com/mapfiles/kml/shapes/placemark_circle.png</href>
			</Icon>
		</IconStyle>
	</Style>
	<Style id="26352934321">
		<IconStyle>
			<Icon>
				<href>http://maps.google.com/mapfiles/kml/shapes/placemark_circle.png</href>
			</Icon>
		</IconStyle>
	</Style>
	<StyleMap id="267449036">
		<Pair>
			<key>normal</key>
			<styleUrl>#2674490361</styleUrl>
		</Pair>
		<Pair>
			<key>highlight</key>
			<styleUrl>#2674490360</styleUrl>
		</Pair>
	</StyleMap>
	<Style id="2674490360">
		<IconStyle>
			<Icon>
				<href>http://maps.google.com/mapfiles/kml/shapes/placemark_circle.png</href>
			</Icon>
		</IconStyle>
	</Style>
	<Style id="2674490361">
		<IconStyle>
			<Icon>
				<href>http://maps.google.com/mapfiles/kml/shapes/placemark_circle.png</href>
			</Icon>
		</IconStyle>
	</Style>
	<Style id="2684513652">
		<IconStyle>
			<Icon>
				<href>http://maps.google.com/mapfiles/kml/shapes/placemark_circle.png</href>
			</Icon>
		</IconStyle>
	</Style>
	<StyleMap id="26845136520">
		<Pair>
			<key>normal</key>
			<styleUrl>#26845136521</styleUrl>
		</Pair>
		<Pair>
			<key>highlight</key>
			<styleUrl>#2684513652</styleUrl>
		</Pair>
	</StyleMap>
	<Style id="26845136521">
		<IconStyle>
			<Icon>
				<href>http://maps.google.com/mapfiles/kml/shapes/placemark_circle.png</href>
			</Icon>
		</IconStyle>
	</Style>
	<Style id="2690287702">
		<IconStyle>
			<Icon>
				<href>http://maps.google.com/mapfiles/kml/shapes/placemark_circle.png</href>
			</Icon>
		</IconStyle>
	</Style>
	<Style id="26902877020">
		<IconStyle>
			<Icon>
				<href>http://maps.google.com/mapfiles/kml/shapes/placemark_circle.png</href>
			</Icon>
		</IconStyle>
	</Style>
	<StyleMap id="26902877021">
		<Pair>
			<key>normal</key>
			<styleUrl>#26902877020</styleUrl>
		</Pair>
		<Pair>
			<key>highlight</key>
			<styleUrl>#2690287702</styleUrl>
		</Pair>
	</StyleMap>
	<Style id="269630285">
		<IconStyle>
			<Icon>
				<href>http://maps.google.com/mapfiles/kml/shapes/placemark_circle.png</href>
			</Icon>
		</IconStyle>
	</Style>
	<Style id="2696302850">
		<IconStyle>
			<Icon>
				<href>http://maps.google.com/mapfiles/kml/shapes/placemark_circle.png</href>
			</Icon>
		</IconStyle>
	</Style>
	<StyleMap id="2696302851">
		<Pair>
			<key>normal</key>
			<styleUrl>#2696302850</styleUrl>
		</Pair>
		<Pair>
			<key>highlight</key>
			<styleUrl>#269630285</styleUrl>
		</Pair>
	</StyleMap>
	<Style id="2696978732">
		<IconStyle>
			<Icon>
				<href>http://maps.google.com/mapfiles/kml/shapes/placemark_circle.png</href>
			</Icon>
		</IconStyle>
	</Style>
	<StyleMap id="26969787320">
		<Pair>
			<key>normal</key>
			<styleUrl>#26969787321</styleUrl>
		</Pair>
		<Pair>
			<key>highlight</key>
			<styleUrl>#2696978732</styleUrl>
		</Pair>
	</StyleMap>
	<Style id="26969787321">
		<IconStyle>
			<Icon>
				<href>http://maps.google.com/mapfiles/kml/shapes/placemark_circle.png</href>
			</Icon>
		</IconStyle>
	</Style>
	<Style id="2701048436">
		<IconStyle>
			<Icon>
				<href>http://maps.google.com/mapfiles/kml/shapes/placemark_circle.png</href>
			</Icon>
		</IconStyle>
	</Style>
	<StyleMap id="27010484360">
		<Pair>
			<key>normal</key>
			<styleUrl>#27010484361</styleUrl>
		</Pair>
		<Pair>
			<key>highlight</key>
			<styleUrl>#2701048436</styleUrl>
		</Pair>
	</StyleMap>
	<Style id="27010484361">
		<IconStyle>
			<Icon>
				<href>http://maps.google.com/mapfiles/kml/shapes/placemark_circle.png</href>
			</Icon>
		</IconStyle>
	</Style>
	<Style id="270584665">
		<IconStyle>
			<Icon>
				<href>http://maps.google.com/mapfiles/kml/shapes/placemark_circle.png</href>
			</Icon>
		</IconStyle>
	</Style>
	<StyleMap id="2705846650">
		<Pair>
			<key>normal</key>
			<styleUrl>#270584665</styleUrl>
		</Pair>
		<Pair>
			<key>highlight</key>
			<styleUrl>#2705846651</styleUrl>
		</Pair>
	</StyleMap>
	<Style id="2705846651">
		<IconStyle>
			<Icon>
				<href>http://maps.google.com/mapfiles/kml/shapes/placemark_circle.png</href>
			</Icon>
		</IconStyle>
	</Style>
	<Style id="273792350">
		<IconStyle>
			<Icon>
				<href>http://maps.google.com/mapfiles/kml/shapes/placemark_circle.png</href>
			</Icon>
		</IconStyle>
	</Style>
	<StyleMap id="2737923500">
		<Pair>
			<key>normal</key>
			<styleUrl>#273792350</styleUrl>
		</Pair>
		<Pair>
			<key>highlight</key>
			<styleUrl>#2737923501</styleUrl>
		</Pair>
	</StyleMap>
	<Style id="2737923501">
		<IconStyle>
			<Icon>
				<href>http://maps.google.com/mapfiles/kml/shapes/placemark_circle.png</href>
			</Icon>
		</IconStyle>
	</Style>
	<Style id="2765862219">
		<IconStyle>
			<Icon>
				<href>http://maps.google.com/mapfiles/kml/shapes/placemark_circle.png</href>
			</Icon>
		</IconStyle>
	</Style>
	<StyleMap id="27658622190">
		<Pair>
			<key>normal</key>
			<styleUrl>#2765862219</styleUrl>
		</Pair>
		<Pair>
			<key>highlight</key>
			<styleUrl>#27658622191</styleUrl>
		</Pair>
	</StyleMap>
	<Style id="27658622191">
		<IconStyle>
			<Icon>
				<href>http://maps.google.com/mapfiles/kml/shapes/placemark_circle.png</href>
			</Icon>
		</IconStyle>
	</Style>
	<Style id="2781644057">
		<IconStyle>
			<Icon>
				<href>http://maps.google.com/mapfiles/kml/shapes/placemark_circle.png</href>
			</Icon>
		</IconStyle>
	</Style>
	<StyleMap id="27816440570">
		<Pair>
			<key>normal</key>
			<styleUrl>#27816440571</styleUrl>
		</Pair>
		<Pair>
			<key>highlight</key>
			<styleUrl>#2781644057</styleUrl>
		</Pair>
	</StyleMap>
	<Style id="27816440571">
		<IconStyle>
			<Icon>
				<href>http://maps.google.com/mapfiles/kml/shapes/placemark_circle.png</href>
			</Icon>
		</IconStyle>
	</Style>
	<Style id="2792784671">
		<IconStyle>
			<Icon>
				<href>http://maps.google.com/mapfiles/kml/shapes/placemark_circle.png</href>
			</Icon>
		</IconStyle>
	</Style>
	<Style id="27927846710">
		<IconStyle>
			<Icon>
				<href>http://maps.google.com/mapfiles/kml/shapes/placemark_circle.png</href>
			</Icon>
		</IconStyle>
	</Style>
	<StyleMap id="27927846711">
		<Pair>
			<key>normal</key>
			<styleUrl>#2792784671</styleUrl>
		</Pair>
		<Pair>
			<key>highlight</key>
			<styleUrl>#27927846710</styleUrl>
		</Pair>
	</StyleMap>
	<StyleMap id="2801255218">
		<Pair>
			<key>normal</key>
			<styleUrl>#28012552180</styleUrl>
		</Pair>
		<Pair>
			<key>highlight</key>
			<styleUrl>#28012552181</styleUrl>
		</Pair>
	</StyleMap>
	<Style id="28012552180">
		<IconStyle>
			<Icon>
				<href>http://maps.google.com/mapfiles/kml/shapes/placemark_circle.png</href>
			</Icon>
		</IconStyle>
	</Style>
	<Style id="28012552181">
		<IconStyle>
			<Icon>
				<href>http://maps.google.com/mapfiles/kml/shapes/placemark_circle.png</href>
			</Icon>
		</IconStyle>
	</Style>
	<StyleMap id="282689098">
		<Pair>
			<key>normal</key>
			<styleUrl>#2826890980</styleUrl>
		</Pair>
		<Pair>
			<key>highlight</key>
			<styleUrl>#2826890981</styleUrl>
		</Pair>
	</StyleMap>
	<Style id="2826890980">
		<IconStyle>
			<Icon>
				<href>http://maps.google.com/mapfiles/kml/shapes/placemark_circle.png</href>
			</Icon>
		</IconStyle>
	</Style>
	<Style id="2826890981">
		<IconStyle>
			<Icon>
				<href>http://maps.google.com/mapfiles/kml/shapes/placemark_circle.png</href>
			</Icon>
		</IconStyle>
	</Style>
	<StyleMap id="2854124651">
		<Pair>
			<key>normal</key>
			<styleUrl>#28541246510</styleUrl>
		</Pair>
		<Pair>
			<key>highlight</key>
			<styleUrl>#28541246511</styleUrl>
		</Pair>
	</StyleMap>
	<Style id="28541246510">
		<IconStyle>
			<Icon>
				<href>http://maps.google.com/mapfiles/kml/shapes/placemark_circle.png</href>
			</Icon>
		</IconStyle>
	</Style>
	<Style id="28541246511">
		<IconStyle>
			<Icon>
				<href>http://maps.google.com/mapfiles/kml/shapes/placemark_circle.png</href>
			</Icon>
		</IconStyle>
	</Style>
	<StyleMap id="2866321040">
		<Pair>
			<key>normal</key>
			<styleUrl>#28663210400</styleUrl>
		</Pair>
		<Pair>
			<key>highlight</key>
			<styleUrl>#28663210401</styleUrl>
		</Pair>
	</StyleMap>
	<Style id="28663210400">
		<IconStyle>
			<Icon>
				<href>http://maps.google.com/mapfiles/kml/shapes/placemark_circle.png</href>
			</Icon>
		</IconStyle>
	</Style>
	<Style id="28663210401">
		<IconStyle>
			<Icon>
				<href>http://maps.google.com/mapfiles/kml/shapes/placemark_circle.png</href>
			</Icon>
		</IconStyle>
	</Style>
	<Style id="290292213">
		<IconStyle>
			<Icon>
				<href>http://maps.google.com/mapfiles/kml/shapes/placemark_circle.png</href>
			</Icon>
		</IconStyle>
	</Style>
	<Style id="2902922130">
		<IconStyle>
			<Icon>
				<href>http://maps.google.com/mapfiles/kml/shapes/placemark_circle.png</href>
			</Icon>
		</IconStyle>
	</Style>
	<StyleMap id="2902922131">
		<Pair>
			<key>normal</key>
			<styleUrl>#290292213</styleUrl>
		</Pair>
		<Pair>
			<key>highlight</key>
			<styleUrl>#2902922130</styleUrl>
		</Pair>
	</StyleMap>
	<Style id="2906075135">
		<IconStyle>
			<Icon>
				<href>http://maps.google.com/mapfiles/kml/shapes/placemark_circle.png</href>
			</Icon>
		</IconStyle>
	</Style>
	<Style id="29060751350">
		<IconStyle>
			<Icon>
				<href>http://maps.google.com/mapfiles/kml/shapes/placemark_circle.png</href>
			</Icon>
		</IconStyle>
	</Style>
	<StyleMap id="29060751351">
		<Pair>
			<key>normal</key>
			<styleUrl>#2906075135</styleUrl>
		</Pair>
		<Pair>
			<key>highlight</key>
			<styleUrl>#29060751350</styleUrl>
		</Pair>
	</StyleMap>
	<Style id="2956839989">
		<IconStyle>
			<Icon>
				<href>http://maps.google.com/mapfiles/kml/shapes/placemark_circle.png</href>
			</Icon>
		</IconStyle>
	</Style>
	<StyleMap id="29568399890">
		<Pair>
			<key>normal</key>
			<styleUrl>#29568399891</styleUrl>
		</Pair>
		<Pair>
			<key>highlight</key>
			<styleUrl>#2956839989</styleUrl>
		</Pair>
	</StyleMap>
	<Style id="29568399891">
		<IconStyle>
			<Icon>
				<href>http://maps.google.com/mapfiles/kml/shapes/placemark_circle.png</href>
			</Icon>
		</IconStyle>
	</Style>
	<StyleMap id="2965788403">
		<Pair>
			<key>normal</key>
			<styleUrl>#29657884030</styleUrl>
		</Pair>
		<Pair>
			<key>highlight</key>
			<styleUrl>#29657884031</styleUrl>
		</Pair>
	</StyleMap>
	<Style id="29657884030">
		<IconStyle>
			<Icon>
				<href>http://maps.google.com/mapfiles/kml/shapes/placemark_circle.png</href>
			</Icon>
		</IconStyle>
	</Style>
	<Style id="29657884031">
		<IconStyle>
			<Icon>
				<href>http://maps.google.com/mapfiles/kml/shapes/placemark_circle.png</href>
			</Icon>
		</IconStyle>
	</Style>
	<Style id="2966824674">
		<IconStyle>
			<Icon>
				<href>http://maps.google.com/mapfiles/kml/shapes/placemark_circle.png</href>
			</Icon>
		</IconStyle>
	</Style>
	<StyleMap id="29668246740">
		<Pair>
			<key>normal</key>
			<styleUrl>#2966824674</styleUrl>
		</Pair>
		<Pair>
			<key>highlight</key>
			<styleUrl>#29668246741</styleUrl>
		</Pair>
	</StyleMap>
	<Style id="29668246741">
		<IconStyle>
			<Icon>
				<href>http://maps.google.com/mapfiles/kml/shapes/placemark_circle.png</href>
			</Icon>
		</IconStyle>
	</Style>
	<Style id="2985728265">
		<IconStyle>
			<Icon>
				<href>http://maps.google.com/mapfiles/kml/shapes/placemark_circle.png</href>
			</Icon>
		</IconStyle>
	</Style>
	<Style id="29857282650">
		<IconStyle>
			<Icon>
				<href>http://maps.google.com/mapfiles/kml/shapes/placemark_circle.png</href>
			</Icon>
		</IconStyle>
	</Style>
	<StyleMap id="29857282651">
		<Pair>
			<key>normal</key>
			<styleUrl>#29857282650</styleUrl>
		</Pair>
		<Pair>
			<key>highlight</key>
			<styleUrl>#2985728265</styleUrl>
		</Pair>
	</StyleMap>
	<Style id="2990210882">
		<IconStyle>
			<Icon>
				<href>http://maps.google.com/mapfiles/kml/shapes/placemark_circle.png</href>
			</Icon>
		</IconStyle>
	</Style>
	<Style id="29902108820">
		<IconStyle>
			<Icon>
				<href>http://maps.google.com/mapfiles/kml/shapes/placemark_circle.png</href>
			</Icon>
		</IconStyle>
	</Style>
	<StyleMap id="29902108821">
		<Pair>
			<key>normal</key>
			<styleUrl>#2990210882</styleUrl>
		</Pair>
		<Pair>
			<key>highlight</key>
			<styleUrl>#29902108820</styleUrl>
		</Pair>
	</StyleMap>
	<Style id="2996713560">
		<IconStyle>
			<Icon>
				<href>http://maps.google.com/mapfiles/kml/shapes/placemark_circle.png</href>
			</Icon>
		</IconStyle>
	</Style>
	<StyleMap id="29967135600">
		<Pair>
			<key>normal</key>
			<styleUrl>#2996713560</styleUrl>
		</Pair>
		<Pair>
			<key>highlight</key>
			<styleUrl>#29967135601</styleUrl>
		</Pair>
	</StyleMap>
	<Style id="29967135601">
		<IconStyle>
			<Icon>
				<href>http://maps.google.com/mapfiles/kml/shapes/placemark_circle.png</href>
			</Icon>
		</IconStyle>
	</Style>
	<Style id="3002118744">
		<IconStyle>
			<Icon>
				<href>http://maps.google.com/mapfiles/kml/shapes/placemark_circle.png</href>
			</Icon>
		</IconStyle>
	</Style>
	<Style id="30021187440">
		<IconStyle>
			<Icon>
				<href>http://maps.google.com/mapfiles/kml/shapes/placemark_circle.png</href>
			</Icon>
		</IconStyle>
	</Style>
	<StyleMap id="30021187441">
		<Pair>
			<key>normal</key>
			<styleUrl>#3002118744</styleUrl>
		</Pair>
		<Pair>
			<key>highlight</key>
			<styleUrl>#30021187440</styleUrl>
		</Pair>
	</StyleMap>
	<Style id="3022069997">
		<IconStyle>
			<Icon>
				<href>http://maps.google.com/mapfiles/kml/shapes/placemark_circle.png</href>
			</Icon>
		</IconStyle>
	</Style>
	<StyleMap id="30220699970">
		<Pair>
			<key>normal</key>
			<styleUrl>#3022069997</styleUrl>
		</Pair>
		<Pair>
			<key>highlight</key>
			<styleUrl>#30220699971</styleUrl>
		</Pair>
	</StyleMap>
	<Style id="30220699971">
		<IconStyle>
			<Icon>
				<href>http://maps.google.com/mapfiles/kml/shapes/placemark_circle.png</href>
			</Icon>
		</IconStyle>
	</Style>
	<Style id="3031709403">
		<IconStyle>
			<Icon>
				<href>http://maps.google.com/mapfiles/kml/shapes/placemark_circle.png</href>
			</Icon>
		</IconStyle>
	</Style>
	<StyleMap id="30317094030">
		<Pair>
			<key>normal</key>
			<styleUrl>#3031709403</styleUrl>
		</Pair>
		<Pair>
			<key>highlight</key>
			<styleUrl>#30317094031</styleUrl>
		</Pair>
	</StyleMap>
	<Style id="30317094031">
		<IconStyle>
			<Icon>
				<href>http://maps.google.com/mapfiles/kml/shapes/placemark_circle.png</href>
			</Icon>
		</IconStyle>
	</Style>
	<StyleMap id="3038721561">
		<Pair>
			<key>normal</key>
			<styleUrl>#30387215610</styleUrl>
		</Pair>
		<Pair>
			<key>highlight</key>
			<styleUrl>#30387215611</styleUrl>
		</Pair>
	</StyleMap>
	<Style id="30387215610">
		<IconStyle>
			<Icon>
				<href>http://maps.google.com/mapfiles/kml/shapes/placemark_circle.png</href>
			</Icon>
		</IconStyle>
	</Style>
	<Style id="30387215611">
		<IconStyle>
			<Icon>
				<href>http://maps.google.com/mapfiles/kml/shapes/placemark_circle.png</href>
			</Icon>
		</IconStyle>
	</Style>
	<Style id="3044111932">
		<IconStyle>
			<Icon>
				<href>http://maps.google.com/mapfiles/kml/shapes/placemark_circle.png</href>
			</Icon>
		</IconStyle>
	</Style>
	<StyleMap id="30441119320">
		<Pair>
			<key>normal</key>
			<styleUrl>#30441119321</styleUrl>
		</Pair>
		<Pair>
			<key>highlight</key>
			<styleUrl>#3044111932</styleUrl>
		</Pair>
	</StyleMap>
	<Style id="30441119321">
		<IconStyle>
			<Icon>
				<href>http://maps.google.com/mapfiles/kml/shapes/placemark_circle.png</href>
			</Icon>
		</IconStyle>
	</Style>
	<Style id="3047558756">
		<IconStyle>
			<Icon>
				<href>http://maps.google.com/mapfiles/kml/shapes/placemark_circle.png</href>
			</Icon>
		</IconStyle>
	</Style>
	<Style id="30475587560">
		<IconStyle>
			<Icon>
				<href>http://maps.google.com/mapfiles/kml/shapes/placemark_circle.png</href>
			</Icon>
		</IconStyle>
	</Style>
	<StyleMap id="30475587561">
		<Pair>
			<key>normal</key>
			<styleUrl>#30475587560</styleUrl>
		</Pair>
		<Pair>
			<key>highlight</key>
			<styleUrl>#3047558756</styleUrl>
		</Pair>
	</StyleMap>
	<Style id="3048400083">
		<IconStyle>
			<Icon>
				<href>http://maps.google.com/mapfiles/kml/shapes/placemark_circle.png</href>
			</Icon>
		</IconStyle>
	</Style>
	<Style id="30484000830">
		<IconStyle>
			<Icon>
				<href>http://maps.google.com/mapfiles/kml/shapes/placemark_circle.png</href>
			</Icon>
		</IconStyle>
	</Style>
	<StyleMap id="30484000831">
		<Pair>
			<key>normal</key>
			<styleUrl>#30484000830</styleUrl>
		</Pair>
		<Pair>
			<key>highlight</key>
			<styleUrl>#3048400083</styleUrl>
		</Pair>
	</StyleMap>
	<Style id="3052292207">
		<IconStyle>
			<Icon>
				<href>http://maps.google.com/mapfiles/kml/shapes/placemark_circle.png</href>
			</Icon>
		</IconStyle>
	</Style>
	<StyleMap id="30522922070">
		<Pair>
			<key>normal</key>
			<styleUrl>#30522922071</styleUrl>
		</Pair>
		<Pair>
			<key>highlight</key>
			<styleUrl>#3052292207</styleUrl>
		</Pair>
	</StyleMap>
	<Style id="30522922071">
		<IconStyle>
			<Icon>
				<href>http://maps.google.com/mapfiles/kml/shapes/placemark_circle.png</href>
			</Icon>
		</IconStyle>
	</Style>
	<Style id="3055726541">
		<IconStyle>
			<Icon>
				<href>http://maps.google.com/mapfiles/kml/shapes/placemark_circle.png</href>
			</Icon>
		</IconStyle>
	</Style>
	<Style id="30557265410">
		<IconStyle>
			<Icon>
				<href>http://maps.google.com/mapfiles/kml/shapes/placemark_circle.png</href>
			</Icon>
		</IconStyle>
	</Style>
	<StyleMap id="30557265411">
		<Pair>
			<key>normal</key>
			<styleUrl>#3055726541</styleUrl>
		</Pair>
		<Pair>
			<key>highlight</key>
			<styleUrl>#30557265410</styleUrl>
		</Pair>
	</StyleMap>
	<Style id="3058919214">
		<IconStyle>
			<Icon>
				<href>http://maps.google.com/mapfiles/kml/shapes/placemark_circle.png</href>
			</Icon>
		</IconStyle>
	</Style>
	<Style id="30589192140">
		<IconStyle>
			<Icon>
				<href>http://maps.google.com/mapfiles/kml/shapes/placemark_circle.png</href>
			</Icon>
		</IconStyle>
	</Style>
	<StyleMap id="30589192141">
		<Pair>
			<key>normal</key>
			<styleUrl>#30589192140</styleUrl>
		</Pair>
		<Pair>
			<key>highlight</key>
			<styleUrl>#3058919214</styleUrl>
		</Pair>
	</StyleMap>
	<Style id="3082283487">
		<IconStyle>
			<Icon>
				<href>http://maps.google.com/mapfiles/kml/shapes/placemark_circle.png</href>
			</Icon>
		</IconStyle>
	</Style>
	<Style id="30822834870">
		<IconStyle>
			<Icon>
				<href>http://maps.google.com/mapfiles/kml/shapes/placemark_circle.png</href>
			</Icon>
		</IconStyle>
	</Style>
	<StyleMap id="30822834871">
		<Pair>
			<key>normal</key>
			<styleUrl>#30822834870</styleUrl>
		</Pair>
		<Pair>
			<key>highlight</key>
			<styleUrl>#3082283487</styleUrl>
		</Pair>
	</StyleMap>
	<Style id="3083524082">
		<IconStyle>
			<Icon>
				<href>http://maps.google.com/mapfiles/kml/shapes/placemark_circle.png</href>
			</Icon>
		</IconStyle>
	</Style>
	<StyleMap id="30835240820">
		<Pair>
			<key>normal</key>
			<styleUrl>#30835240821</styleUrl>
		</Pair>
		<Pair>
			<key>highlight</key>
			<styleUrl>#3083524082</styleUrl>
		</Pair>
	</StyleMap>
	<Style id="30835240821">
		<IconStyle>
			<Icon>
				<href>http://maps.google.com/mapfiles/kml/shapes/placemark_circle.png</href>
			</Icon>
		</IconStyle>
	</Style>
	<StyleMap id="3094252714">
		<Pair>
			<key>normal</key>
			<styleUrl>#30942527140</styleUrl>
		</Pair>
		<Pair>
			<key>highlight</key>
			<styleUrl>#30942527141</styleUrl>
		</Pair>
	</StyleMap>
	<Style id="30942527140">
		<IconStyle>
			<Icon>
				<href>http://maps.google.com/mapfiles/kml/shapes/placemark_circle.png</href>
			</Icon>
		</IconStyle>
	</Style>
	<Style id="30942527141">
		<IconStyle>
			<Icon>
				<href>http://maps.google.com/mapfiles/kml/shapes/placemark_circle.png</href>
			</Icon>
		</IconStyle>
	</Style>
	<StyleMap id="3107021541">
		<Pair>
			<key>normal</key>
			<styleUrl>#31070215411</styleUrl>
		</Pair>
		<Pair>
			<key>highlight</key>
			<styleUrl>#31070215410</styleUrl>
		</Pair>
	</StyleMap>
	<Style id="31070215410">
		<IconStyle>
			<Icon>
				<href>http://maps.google.com/mapfiles/kml/shapes/placemark_circle.png</href>
			</Icon>
		</IconStyle>
	</Style>
	<Style id="31070215411">
		<IconStyle>
			<Icon>
				<href>http://maps.google.com/mapfiles/kml/shapes/placemark_circle.png</href>
			</Icon>
		</IconStyle>
	</Style>
	<Style id="3110962132">
		<IconStyle>
			<Icon>
				<href>http://maps.google.com/mapfiles/kml/shapes/placemark_circle.png</href>
			</Icon>
		</IconStyle>
	</Style>
	<Style id="31109621320">
		<IconStyle>
			<Icon>
				<href>http://maps.google.com/mapfiles/kml/shapes/placemark_circle.png</href>
			</Icon>
		</IconStyle>
	</Style>
	<StyleMap id="31109621321">
		<Pair>
			<key>normal</key>
			<styleUrl>#31109621320</styleUrl>
		</Pair>
		<Pair>
			<key>highlight</key>
			<styleUrl>#3110962132</styleUrl>
		</Pair>
	</StyleMap>
	<Style id="3113581515">
		<IconStyle>
			<Icon>
				<href>http://maps.google.com/mapfiles/kml/shapes/placemark_circle.png</href>
			</Icon>
		</IconStyle>
	</Style>
	<StyleMap id="31135815150">
		<Pair>
			<key>normal</key>
			<styleUrl>#31135815151</styleUrl>
		</Pair>
		<Pair>
			<key>highlight</key>
			<styleUrl>#3113581515</styleUrl>
		</Pair>
	</StyleMap>
	<Style id="31135815151">
		<IconStyle>
			<Icon>
				<href>http://maps.google.com/mapfiles/kml/shapes/placemark_circle.png</href>
			</Icon>
		</IconStyle>
	</Style>
	<StyleMap id="3125798709">
		<Pair>
			<key>normal</key>
			<styleUrl>#31257987091</styleUrl>
		</Pair>
		<Pair>
			<key>highlight</key>
			<styleUrl>#31257987090</styleUrl>
		</Pair>
	</StyleMap>
	<Style id="31257987090">
		<IconStyle>
			<Icon>
				<href>http://maps.google.com/mapfiles/kml/shapes/placemark_circle.png</href>
			</Icon>
		</IconStyle>
	</Style>
	<Style id="31257987091">
		<IconStyle>
			<Icon>
				<href>http://maps.google.com/mapfiles/kml/shapes/placemark_circle.png</href>
			</Icon>
		</IconStyle>
	</Style>
	<Style id="3131206408">
		<IconStyle>
			<Icon>
				<href>http://maps.google.com/mapfiles/kml/shapes/placemark_circle.png</href>
			</Icon>
		</IconStyle>
	</Style>
	<Style id="31312064080">
		<IconStyle>
			<Icon>
				<href>http://maps.google.com/mapfiles/kml/shapes/placemark_circle.png</href>
			</Icon>
		</IconStyle>
	</Style>
	<StyleMap id="31312064081">
		<Pair>
			<key>normal</key>
			<styleUrl>#31312064080</styleUrl>
		</Pair>
		<Pair>
			<key>highlight</key>
			<styleUrl>#3131206408</styleUrl>
		</Pair>
	</StyleMap>
	<StyleMap id="3148404762">
		<Pair>
			<key>normal</key>
			<styleUrl>#31484047620</styleUrl>
		</Pair>
		<Pair>
			<key>highlight</key>
			<styleUrl>#31484047621</styleUrl>
		</Pair>
	</StyleMap>
	<Style id="31484047620">
		<IconStyle>
			<Icon>
				<href>http://maps.google.com/mapfiles/kml/shapes/placemark_circle.png</href>
			</Icon>
		</IconStyle>
	</Style>
	<Style id="31484047621">
		<IconStyle>
			<Icon>
				<href>http://maps.google.com/mapfiles/kml/shapes/placemark_circle.png</href>
			</Icon>
		</IconStyle>
	</Style>
	<Style id="3169225156">
		<IconStyle>
			<Icon>
				<href>http://maps.google.com/mapfiles/kml/shapes/placemark_circle.png</href>
			</Icon>
		</IconStyle>
	</Style>
	<StyleMap id="31692251560">
		<Pair>
			<key>normal</key>
			<styleUrl>#3169225156</styleUrl>
		</Pair>
		<Pair>
			<key>highlight</key>
			<styleUrl>#31692251561</styleUrl>
		</Pair>
	</StyleMap>
	<Style id="31692251561">
		<IconStyle>
			<Icon>
				<href>http://maps.google.com/mapfiles/kml/shapes/placemark_circle.png</href>
			</Icon>
		</IconStyle>
	</Style>
	<Style id="3175775118">
		<IconStyle>
			<Icon>
				<href>http://maps.google.com/mapfiles/kml/shapes/placemark_circle.png</href>
			</Icon>
		</IconStyle>
	</Style>
	<StyleMap id="31757751180">
		<Pair>
			<key>normal</key>
			<styleUrl>#31757751181</styleUrl>
		</Pair>
		<Pair>
			<key>highlight</key>
			<styleUrl>#3175775118</styleUrl>
		</Pair>
	</StyleMap>
	<Style id="31757751181">
		<IconStyle>
			<Icon>
				<href>http://maps.google.com/mapfiles/kml/shapes/placemark_circle.png</href>
			</Icon>
		</IconStyle>
	</Style>
	<Style id="3181852299">
		<IconStyle>
			<Icon>
				<href>http://maps.google.com/mapfiles/kml/shapes/placemark_circle.png</href>
			</Icon>
		</IconStyle>
	</Style>
	<StyleMap id="31818522990">
		<Pair>
			<key>normal</key>
			<styleUrl>#3181852299</styleUrl>
		</Pair>
		<Pair>
			<key>highlight</key>
			<styleUrl>#31818522991</styleUrl>
		</Pair>
	</StyleMap>
	<Style id="31818522991">
		<IconStyle>
			<Icon>
				<href>http://maps.google.com/mapfiles/kml/shapes/placemark_circle.png</href>
			</Icon>
		</IconStyle>
	</Style>
	<StyleMap id="3182104032">
		<Pair>
			<key>normal</key>
			<styleUrl>#31821040320</styleUrl>
		</Pair>
		<Pair>
			<key>highlight</key>
			<styleUrl>#31821040321</styleUrl>
		</Pair>
	</StyleMap>
	<Style id="31821040320">
		<IconStyle>
			<Icon>
				<href>http://maps.google.com/mapfiles/kml/shapes/placemark_circle.png</href>
			</Icon>
		</IconStyle>
	</Style>
	<Style id="31821040321">
		<IconStyle>
			<Icon>
				<href>http://maps.google.com/mapfiles/kml/shapes/placemark_circle.png</href>
			</Icon>
		</IconStyle>
	</Style>
	<Style id="3183028979">
		<IconStyle>
			<Icon>
				<href>http://maps.google.com/mapfiles/kml/shapes/placemark_circle.png</href>
			</Icon>
		</IconStyle>
	</Style>
	<StyleMap id="31830289790">
		<Pair>
			<key>normal</key>
			<styleUrl>#31830289791</styleUrl>
		</Pair>
		<Pair>
			<key>highlight</key>
			<styleUrl>#3183028979</styleUrl>
		</Pair>
	</StyleMap>
	<Style id="31830289791">
		<IconStyle>
			<Icon>
				<href>http://maps.google.com/mapfiles/kml/shapes/placemark_circle.png</href>
			</Icon>
		</IconStyle>
	</Style>
	<Style id="3184779321">
		<IconStyle>
			<Icon>
				<href>http://maps.google.com/mapfiles/kml/shapes/placemark_circle.png</href>
			</Icon>
		</IconStyle>
	</Style>
	<Style id="31847793210">
		<IconStyle>
			<Icon>
				<href>http://maps.google.com/mapfiles/kml/shapes/placemark_circle.png</href>
			</Icon>
		</IconStyle>
	</Style>
	<StyleMap id="31847793211">
		<Pair>
			<key>normal</key>
			<styleUrl>#3184779321</styleUrl>
		</Pair>
		<Pair>
			<key>highlight</key>
			<styleUrl>#31847793210</styleUrl>
		</Pair>
	</StyleMap>
	<Style id="3186938398">
		<IconStyle>
			<Icon>
				<href>http://maps.google.com/mapfiles/kml/shapes/placemark_circle.png</href>
			</Icon>
		</IconStyle>
	</Style>
	<Style id="31869383980">
		<IconStyle>
			<Icon>
				<href>http://maps.google.com/mapfiles/kml/shapes/placemark_circle.png</href>
			</Icon>
		</IconStyle>
	</Style>
	<StyleMap id="31869383981">
		<Pair>
			<key>normal</key>
			<styleUrl>#31869383980</styleUrl>
		</Pair>
		<Pair>
			<key>highlight</key>
			<styleUrl>#3186938398</styleUrl>
		</Pair>
	</StyleMap>
	<Style id="3191953404">
		<IconStyle>
			<Icon>
				<href>http://maps.google.com/mapfiles/kml/shapes/placemark_circle.png</href>
			</Icon>
		</IconStyle>
	</Style>
	<StyleMap id="31919534040">
		<Pair>
			<key>normal</key>
			<styleUrl>#3191953404</styleUrl>
		</Pair>
		<Pair>
			<key>highlight</key>
			<styleUrl>#31919534041</styleUrl>
		</Pair>
	</StyleMap>
	<Style id="31919534041">
		<IconStyle>
			<Icon>
				<href>http://maps.google.com/mapfiles/kml/shapes/placemark_circle.png</href>
			</Icon>
		</IconStyle>
	</Style>
	<StyleMap id="3194092618">
		<Pair>
			<key>normal</key>
			<styleUrl>#31940926180</styleUrl>
		</Pair>
		<Pair>
			<key>highlight</key>
			<styleUrl>#31940926181</styleUrl>
		</Pair>
	</StyleMap>
	<Style id="31940926180">
		<IconStyle>
			<Icon>
				<href>http://maps.google.com/mapfiles/kml/shapes/placemark_circle.png</href>
			</Icon>
		</IconStyle>
	</Style>
	<Style id="31940926181">
		<IconStyle>
			<Icon>
				<href>http://maps.google.com/mapfiles/kml/shapes/placemark_circle.png</href>
			</Icon>
		</IconStyle>
	</Style>
	<Style id="3210563317">
		<IconStyle>
			<Icon>
				<href>http://maps.google.com/mapfiles/kml/shapes/placemark_circle.png</href>
			</Icon>
		</IconStyle>
	</Style>
	<Style id="32105633170">
		<IconStyle>
			<Icon>
				<href>http://maps.google.com/mapfiles/kml/shapes/placemark_circle.png</href>
			</Icon>
		</IconStyle>
	</Style>
	<StyleMap id="32105633171">
		<Pair>
			<key>normal</key>
			<styleUrl>#3210563317</styleUrl>
		</Pair>
		<Pair>
			<key>highlight</key>
			<styleUrl>#32105633170</styleUrl>
		</Pair>
	</StyleMap>
	<StyleMap id="3213143789">
		<Pair>
			<key>normal</key>
			<styleUrl>#32131437890</styleUrl>
		</Pair>
		<Pair>
			<key>highlight</key>
			<styleUrl>#32131437891</styleUrl>
		</Pair>
	</StyleMap>
	<Style id="32131437890">
		<IconStyle>
			<Icon>
				<href>http://maps.google.com/mapfiles/kml/shapes/placemark_circle.png</href>
			</Icon>
		</IconStyle>
	</Style>
	<Style id="32131437891">
		<IconStyle>
			<Icon>
				<href>http://maps.google.com/mapfiles/kml/shapes/placemark_circle.png</href>
			</Icon>
		</IconStyle>
	</Style>
	<Style id="3224247951">
		<IconStyle>
			<Icon>
				<href>http://maps.google.com/mapfiles/kml/shapes/placemark_circle.png</href>
			</Icon>
		</IconStyle>
	</Style>
	<Style id="32242479510">
		<IconStyle>
			<Icon>
				<href>http://maps.google.com/mapfiles/kml/shapes/placemark_circle.png</href>
			</Icon>
		</IconStyle>
	</Style>
	<StyleMap id="32242479511">
		<Pair>
			<key>normal</key>
			<styleUrl>#3224247951</styleUrl>
		</Pair>
		<Pair>
			<key>highlight</key>
			<styleUrl>#32242479510</styleUrl>
		</Pair>
	</StyleMap>
	<Style id="3242902880">
		<IconStyle>
			<Icon>
				<href>http://maps.google.com/mapfiles/kml/shapes/placemark_circle.png</href>
			</Icon>
		</IconStyle>
	</Style>
	<Style id="32429028800">
		<IconStyle>
			<Icon>
				<href>http://maps.google.com/mapfiles/kml/shapes/placemark_circle.png</href>
			</Icon>
		</IconStyle>
	</Style>
	<StyleMap id="32429028801">
		<Pair>
			<key>normal</key>
			<styleUrl>#32429028800</styleUrl>
		</Pair>
		<Pair>
			<key>highlight</key>
			<styleUrl>#3242902880</styleUrl>
		</Pair>
	</StyleMap>
	<Style id="3267791970">
		<IconStyle>
			<Icon>
				<href>http://maps.google.com/mapfiles/kml/shapes/placemark_circle.png</href>
			</Icon>
		</IconStyle>
	</Style>
	<StyleMap id="32677919700">
		<Pair>
			<key>normal</key>
			<styleUrl>#3267791970</styleUrl>
		</Pair>
		<Pair>
			<key>highlight</key>
			<styleUrl>#32677919701</styleUrl>
		</Pair>
	</StyleMap>
	<Style id="32677919701">
		<IconStyle>
			<Icon>
				<href>http://maps.google.com/mapfiles/kml/shapes/placemark_circle.png</href>
			</Icon>
		</IconStyle>
	</Style>
	<Style id="3294957891">
		<IconStyle>
			<Icon>
				<href>http://maps.google.com/mapfiles/kml/shapes/placemark_circle.png</href>
			</Icon>
		</IconStyle>
	</Style>
	<StyleMap id="32949578910">
		<Pair>
			<key>normal</key>
			<styleUrl>#32949578911</styleUrl>
		</Pair>
		<Pair>
			<key>highlight</key>
			<styleUrl>#3294957891</styleUrl>
		</Pair>
	</StyleMap>
	<Style id="32949578911">
		<IconStyle>
			<Icon>
				<href>http://maps.google.com/mapfiles/kml/shapes/placemark_circle.png</href>
			</Icon>
		</IconStyle>
	</Style>
	<StyleMap id="3297334207">
		<Pair>
			<key>normal</key>
			<styleUrl>#32973342071</styleUrl>
		</Pair>
		<Pair>
			<key>highlight</key>
			<styleUrl>#32973342070</styleUrl>
		</Pair>
	</StyleMap>
	<Style id="32973342070">
		<IconStyle>
			<Icon>
				<href>http://maps.google.com/mapfiles/kml/shapes/placemark_circle.png</href>
			</Icon>
		</IconStyle>
	</Style>
	<Style id="32973342071">
		<IconStyle>
			<Icon>
				<href>http://maps.google.com/mapfiles/kml/shapes/placemark_circle.png</href>
			</Icon>
		</IconStyle>
	</Style>
	<StyleMap id="3303529171">
		<Pair>
			<key>normal</key>
			<styleUrl>#33035291711</styleUrl>
		</Pair>
		<Pair>
			<key>highlight</key>
			<styleUrl>#33035291710</styleUrl>
		</Pair>
	</StyleMap>
	<Style id="33035291710">
		<IconStyle>
			<Icon>
				<href>http://maps.google.com/mapfiles/kml/shapes/placemark_circle.png</href>
			</Icon>
		</IconStyle>
	</Style>
	<Style id="33035291711">
		<IconStyle>
			<Icon>
				<href>http://maps.google.com/mapfiles/kml/shapes/placemark_circle.png</href>
			</Icon>
		</IconStyle>
	</Style>
	<StyleMap id="330690553">
		<Pair>
			<key>normal</key>
			<styleUrl>#3306905530</styleUrl>
		</Pair>
		<Pair>
			<key>highlight</key>
			<styleUrl>#3306905531</styleUrl>
		</Pair>
	</StyleMap>
	<Style id="3306905530">
		<IconStyle>
			<Icon>
				<href>http://maps.google.com/mapfiles/kml/shapes/placemark_circle.png</href>
			</Icon>
		</IconStyle>
	</Style>
	<Style id="3306905531">
		<IconStyle>
			<Icon>
				<href>http://maps.google.com/mapfiles/kml/shapes/placemark_circle.png</href>
			</Icon>
		</IconStyle>
	</Style>
	<Style id="3310917613">
		<IconStyle>
			<Icon>
				<href>http://maps.google.com/mapfiles/kml/shapes/placemark_circle.png</href>
			</Icon>
		</IconStyle>
	</Style>
	<Style id="33109176130">
		<IconStyle>
			<Icon>
				<href>http://maps.google.com/mapfiles/kml/shapes/placemark_circle.png</href>
			</Icon>
		</IconStyle>
	</Style>
	<StyleMap id="33109176131">
		<Pair>
			<key>normal</key>
			<styleUrl>#33109176130</styleUrl>
		</Pair>
		<Pair>
			<key>highlight</key>
			<styleUrl>#3310917613</styleUrl>
		</Pair>
	</StyleMap>
	<Style id="3318701605">
		<IconStyle>
			<Icon>
				<href>http://maps.google.com/mapfiles/kml/shapes/placemark_circle.png</href>
			</Icon>
		</IconStyle>
	</Style>
	<StyleMap id="33187016050">
		<Pair>
			<key>normal</key>
			<styleUrl>#33187016051</styleUrl>
		</Pair>
		<Pair>
			<key>highlight</key>
			<styleUrl>#3318701605</styleUrl>
		</Pair>
	</StyleMap>
	<Style id="33187016051">
		<IconStyle>
			<Icon>
				<href>http://maps.google.com/mapfiles/kml/shapes/placemark_circle.png</href>
			</Icon>
		</IconStyle>
	</Style>
	<StyleMap id="3321817661">
		<Pair>
			<key>normal</key>
			<styleUrl>#33218176611</styleUrl>
		</Pair>
		<Pair>
			<key>highlight</key>
			<styleUrl>#33218176610</styleUrl>
		</Pair>
	</StyleMap>
	<Style id="33218176610">
		<IconStyle>
			<Icon>
				<href>http://maps.google.com/mapfiles/kml/shapes/placemark_circle.png</href>
			</Icon>
		</IconStyle>
	</Style>
	<Style id="33218176611">
		<IconStyle>
			<Icon>
				<href>http://maps.google.com/mapfiles/kml/shapes/placemark_circle.png</href>
			</Icon>
		</IconStyle>
	</Style>
	<Style id="3341251857">
		<IconStyle>
			<Icon>
				<href>http://maps.google.com/mapfiles/kml/shapes/placemark_circle.png</href>
			</Icon>
		</IconStyle>
	</Style>
	<Style id="33412518570">
		<IconStyle>
			<Icon>
				<href>http://maps.google.com/mapfiles/kml/shapes/placemark_circle.png</href>
			</Icon>
		</IconStyle>
	</Style>
	<StyleMap id="33412518571">
		<Pair>
			<key>normal</key>
			<styleUrl>#3341251857</styleUrl>
		</Pair>
		<Pair>
			<key>highlight</key>
			<styleUrl>#33412518570</styleUrl>
		</Pair>
	</StyleMap>
	<Style id="3381189835">
		<IconStyle>
			<Icon>
				<href>http://maps.google.com/mapfiles/kml/shapes/placemark_circle.png</href>
			</Icon>
		</IconStyle>
	</Style>
	<Style id="33811898350">
		<IconStyle>
			<Icon>
				<href>http://maps.google.com/mapfiles/kml/shapes/placemark_circle.png</href>
			</Icon>
		</IconStyle>
	</Style>
	<StyleMap id="33811898351">
		<Pair>
			<key>normal</key>
			<styleUrl>#3381189835</styleUrl>
		</Pair>
		<Pair>
			<key>highlight</key>
			<styleUrl>#33811898350</styleUrl>
		</Pair>
	</StyleMap>
	<Style id="3386282969">
		<IconStyle>
			<Icon>
				<href>http://maps.google.com/mapfiles/kml/shapes/placemark_circle.png</href>
			</Icon>
		</IconStyle>
	</Style>
	<Style id="33862829690">
		<IconStyle>
			<Icon>
				<href>http://maps.google.com/mapfiles/kml/shapes/placemark_circle.png</href>
			</Icon>
		</IconStyle>
	</Style>
	<StyleMap id="33862829691">
		<Pair>
			<key>normal</key>
			<styleUrl>#3386282969</styleUrl>
		</Pair>
		<Pair>
			<key>highlight</key>
			<styleUrl>#33862829690</styleUrl>
		</Pair>
	</StyleMap>
	<Style id="3401459076">
		<IconStyle>
			<Icon>
				<href>http://maps.google.com/mapfiles/kml/shapes/placemark_circle.png</href>
			</Icon>
		</IconStyle>
	</Style>
	<Style id="34014590760">
		<IconStyle>
			<Icon>
				<href>http://maps.google.com/mapfiles/kml/shapes/placemark_circle.png</href>
			</Icon>
		</IconStyle>
	</Style>
	<StyleMap id="34014590761">
		<Pair>
			<key>normal</key>
			<styleUrl>#3401459076</styleUrl>
		</Pair>
		<Pair>
			<key>highlight</key>
			<styleUrl>#34014590760</styleUrl>
		</Pair>
	</StyleMap>
	<Style id="3402751063">
		<IconStyle>
			<Icon>
				<href>http://maps.google.com/mapfiles/kml/shapes/placemark_circle.png</href>
			</Icon>
		</IconStyle>
	</Style>
	<StyleMap id="34027510630">
		<Pair>
			<key>normal</key>
			<styleUrl>#3402751063</styleUrl>
		</Pair>
		<Pair>
			<key>highlight</key>
			<styleUrl>#34027510631</styleUrl>
		</Pair>
	</StyleMap>
	<Style id="34027510631">
		<IconStyle>
			<Icon>
				<href>http://maps.google.com/mapfiles/kml/shapes/placemark_circle.png</href>
			</Icon>
		</IconStyle>
	</Style>
	<Style id="341441780">
		<IconStyle>
			<Icon>
				<href>http://maps.google.com/mapfiles/kml/shapes/placemark_circle.png</href>
			</Icon>
		</IconStyle>
	</Style>
	<Style id="3414417800">
		<IconStyle>
			<Icon>
				<href>http://maps.google.com/mapfiles/kml/shapes/placemark_circle.png</href>
			</Icon>
		</IconStyle>
	</Style>
	<StyleMap id="3414417801">
		<Pair>
			<key>normal</key>
			<styleUrl>#3414417800</styleUrl>
		</Pair>
		<Pair>
			<key>highlight</key>
			<styleUrl>#341441780</styleUrl>
		</Pair>
	</StyleMap>
	<Style id="3423804437">
		<IconStyle>
			<Icon>
				<href>http://maps.google.com/mapfiles/kml/shapes/placemark_circle.png</href>
			</Icon>
		</IconStyle>
	</Style>
	<StyleMap id="34238044370">
		<Pair>
			<key>normal</key>
			<styleUrl>#34238044371</styleUrl>
		</Pair>
		<Pair>
			<key>highlight</key>
			<styleUrl>#3423804437</styleUrl>
		</Pair>
	</StyleMap>
	<Style id="34238044371">
		<IconStyle>
			<Icon>
				<href>http://maps.google.com/mapfiles/kml/shapes/placemark_circle.png</href>
			</Icon>
		</IconStyle>
	</Style>
	<Style id="3436900783">
		<IconStyle>
			<Icon>
				<href>http://maps.google.com/mapfiles/kml/shapes/placemark_circle.png</href>
			</Icon>
		</IconStyle>
	</Style>
	<Style id="34369007830">
		<IconStyle>
			<Icon>
				<href>http://maps.google.com/mapfiles/kml/shapes/placemark_circle.png</href>
			</Icon>
		</IconStyle>
	</Style>
	<StyleMap id="34369007831">
		<Pair>
			<key>normal</key>
			<styleUrl>#34369007830</styleUrl>
		</Pair>
		<Pair>
			<key>highlight</key>
			<styleUrl>#3436900783</styleUrl>
		</Pair>
	</StyleMap>
	<StyleMap id="3469156520">
		<Pair>
			<key>normal</key>
			<styleUrl>#34691565201</styleUrl>
		</Pair>
		<Pair>
			<key>highlight</key>
			<styleUrl>#34691565200</styleUrl>
		</Pair>
	</StyleMap>
	<Style id="34691565200">
		<IconStyle>
			<Icon>
				<href>http://maps.google.com/mapfiles/kml/shapes/placemark_circle.png</href>
			</Icon>
		</IconStyle>
	</Style>
	<Style id="34691565201">
		<IconStyle>
			<Icon>
				<href>http://maps.google.com/mapfiles/kml/shapes/placemark_circle.png</href>
			</Icon>
		</IconStyle>
	</Style>
	<Style id="3495809426">
		<IconStyle>
			<Icon>
				<href>http://maps.google.com/mapfiles/kml/shapes/placemark_circle.png</href>
			</Icon>
		</IconStyle>
	</Style>
	<Style id="34958094260">
		<IconStyle>
			<Icon>
				<href>http://maps.google.com/mapfiles/kml/shapes/placemark_circle.png</href>
			</Icon>
		</IconStyle>
	</Style>
	<StyleMap id="34958094261">
		<Pair>
			<key>normal</key>
			<styleUrl>#3495809426</styleUrl>
		</Pair>
		<Pair>
			<key>highlight</key>
			<styleUrl>#34958094260</styleUrl>
		</Pair>
	</StyleMap>
	<Style id="352087244">
		<IconStyle>
			<Icon>
				<href>http://maps.google.com/mapfiles/kml/shapes/placemark_circle.png</href>
			</Icon>
		</IconStyle>
	</Style>
	<StyleMap id="3520872440">
		<Pair>
			<key>normal</key>
			<styleUrl>#3520872441</styleUrl>
		</Pair>
		<Pair>
			<key>highlight</key>
			<styleUrl>#352087244</styleUrl>
		</Pair>
	</StyleMap>
	<Style id="3520872441">
		<IconStyle>
			<Icon>
				<href>http://maps.google.com/mapfiles/kml/shapes/placemark_circle.png</href>
			</Icon>
		</IconStyle>
	</Style>
	<StyleMap id="3554188260">
		<Pair>
			<key>normal</key>
			<styleUrl>#35541882601</styleUrl>
		</Pair>
		<Pair>
			<key>highlight</key>
			<styleUrl>#35541882600</styleUrl>
		</Pair>
	</StyleMap>
	<Style id="35541882600">
		<IconStyle>
			<Icon>
				<href>http://maps.google.com/mapfiles/kml/shapes/placemark_circle.png</href>
			</Icon>
		</IconStyle>
	</Style>
	<Style id="35541882601">
		<IconStyle>
			<Icon>
				<href>http://maps.google.com/mapfiles/kml/shapes/placemark_circle.png</href>
			</Icon>
		</IconStyle>
	</Style>
	<Style id="3652229458">
		<IconStyle>
			<Icon>
				<href>http://maps.google.com/mapfiles/kml/shapes/placemark_circle.png</href>
			</Icon>
		</IconStyle>
	</Style>
	<StyleMap id="36522294580">
		<Pair>
			<key>normal</key>
			<styleUrl>#36522294581</styleUrl>
		</Pair>
		<Pair>
			<key>highlight</key>
			<styleUrl>#3652229458</styleUrl>
		</Pair>
	</StyleMap>
	<Style id="36522294581">
		<IconStyle>
			<Icon>
				<href>http://maps.google.com/mapfiles/kml/shapes/placemark_circle.png</href>
			</Icon>
		</IconStyle>
	</Style>
	<StyleMap id="3663979453">
		<Pair>
			<key>normal</key>
			<styleUrl>#36639794530</styleUrl>
		</Pair>
		<Pair>
			<key>highlight</key>
			<styleUrl>#36639794531</styleUrl>
		</Pair>
	</StyleMap>
	<Style id="36639794530">
		<IconStyle>
			<Icon>
				<href>http://maps.google.com/mapfiles/kml/shapes/placemark_circle.png</href>
			</Icon>
		</IconStyle>
	</Style>
	<Style id="36639794531">
		<IconStyle>
			<Icon>
				<href>http://maps.google.com/mapfiles/kml/shapes/placemark_circle.png</href>
			</Icon>
		</IconStyle>
	</Style>
	<Style id="3668242377">
		<IconStyle>
			<Icon>
				<href>http://maps.google.com/mapfiles/kml/shapes/placemark_circle.png</href>
			</Icon>
		</IconStyle>
	</Style>
	<Style id="36682423770">
		<IconStyle>
			<Icon>
				<href>http://maps.google.com/mapfiles/kml/shapes/placemark_circle.png</href>
			</Icon>
		</IconStyle>
	</Style>
	<StyleMap id="36682423771">
		<Pair>
			<key>normal</key>
			<styleUrl>#36682423770</styleUrl>
		</Pair>
		<Pair>
			<key>highlight</key>
			<styleUrl>#3668242377</styleUrl>
		</Pair>
	</StyleMap>
	<Style id="3712491226">
		<IconStyle>
			<Icon>
				<href>http://maps.google.com/mapfiles/kml/shapes/placemark_circle.png</href>
			</Icon>
		</IconStyle>
	</Style>
	<StyleMap id="37124912260">
		<Pair>
			<key>normal</key>
			<styleUrl>#3712491226</styleUrl>
		</Pair>
		<Pair>
			<key>highlight</key>
			<styleUrl>#37124912261</styleUrl>
		</Pair>
	</StyleMap>
	<Style id="37124912261">
		<IconStyle>
			<Icon>
				<href>http://maps.google.com/mapfiles/kml/shapes/placemark_circle.png</href>
			</Icon>
		</IconStyle>
	</Style>
	<Style id="3723775401">
		<IconStyle>
			<Icon>
				<href>http://maps.google.com/mapfiles/kml/shapes/placemark_circle.png</href>
			</Icon>
		</IconStyle>
	</Style>
	<Style id="37237754010">
		<IconStyle>
			<Icon>
				<href>http://maps.google.com/mapfiles/kml/shapes/placemark_circle.png</href>
			</Icon>
		</IconStyle>
	</Style>
	<StyleMap id="37237754011">
		<Pair>
			<key>normal</key>
			<styleUrl>#37237754010</styleUrl>
		</Pair>
		<Pair>
			<key>highlight</key>
			<styleUrl>#3723775401</styleUrl>
		</Pair>
	</StyleMap>
	<Style id="3726031409">
		<IconStyle>
			<Icon>
				<href>http://maps.google.com/mapfiles/kml/shapes/placemark_circle.png</href>
			</Icon>
		</IconStyle>
	</Style>
	<StyleMap id="37260314090">
		<Pair>
			<key>normal</key>
			<styleUrl>#37260314091</styleUrl>
		</Pair>
		<Pair>
			<key>highlight</key>
			<styleUrl>#3726031409</styleUrl>
		</Pair>
	</StyleMap>
	<Style id="37260314091">
		<IconStyle>
			<Icon>
				<href>http://maps.google.com/mapfiles/kml/shapes/placemark_circle.png</href>
			</Icon>
		</IconStyle>
	</Style>
	<Style id="3733242625">
		<IconStyle>
			<Icon>
				<href>http://maps.google.com/mapfiles/kml/shapes/placemark_circle.png</href>
			</Icon>
		</IconStyle>
	</Style>
	<StyleMap id="37332426250">
		<Pair>
			<key>normal</key>
			<styleUrl>#3733242625</styleUrl>
		</Pair>
		<Pair>
			<key>highlight</key>
			<styleUrl>#37332426251</styleUrl>
		</Pair>
	</StyleMap>
	<Style id="37332426251">
		<IconStyle>
			<Icon>
				<href>http://maps.google.com/mapfiles/kml/shapes/placemark_circle.png</href>
			</Icon>
		</IconStyle>
	</Style>
	<Style id="373616805">
		<IconStyle>
			<Icon>
				<href>http://maps.google.com/mapfiles/kml/shapes/placemark_circle.png</href>
			</Icon>
		</IconStyle>
	</Style>
	<StyleMap id="3736168050">
		<Pair>
			<key>normal</key>
			<styleUrl>#373616805</styleUrl>
		</Pair>
		<Pair>
			<key>highlight</key>
			<styleUrl>#3736168051</styleUrl>
		</Pair>
	</StyleMap>
	<Style id="3736168051">
		<IconStyle>
			<Icon>
				<href>http://maps.google.com/mapfiles/kml/shapes/placemark_circle.png</href>
			</Icon>
		</IconStyle>
	</Style>
	<StyleMap id="3738507592">
		<Pair>
			<key>normal</key>
			<styleUrl>#37385075921</styleUrl>
		</Pair>
		<Pair>
			<key>highlight</key>
			<styleUrl>#37385075920</styleUrl>
		</Pair>
	</StyleMap>
	<Style id="37385075920">
		<IconStyle>
			<Icon>
				<href>http://maps.google.com/mapfiles/kml/shapes/placemark_circle.png</href>
			</Icon>
		</IconStyle>
	</Style>
	<Style id="37385075921">
		<IconStyle>
			<Icon>
				<href>http://maps.google.com/mapfiles/kml/shapes/placemark_circle.png</href>
			</Icon>
		</IconStyle>
	</Style>
	<StyleMap id="3762941226">
		<Pair>
			<key>normal</key>
			<styleUrl>#37629412261</styleUrl>
		</Pair>
		<Pair>
			<key>highlight</key>
			<styleUrl>#37629412260</styleUrl>
		</Pair>
	</StyleMap>
	<Style id="37629412260">
		<IconStyle>
			<Icon>
				<href>http://maps.google.com/mapfiles/kml/shapes/placemark_circle.png</href>
			</Icon>
		</IconStyle>
	</Style>
	<Style id="37629412261">
		<IconStyle>
			<Icon>
				<href>http://maps.google.com/mapfiles/kml/shapes/placemark_circle.png</href>
			</Icon>
		</IconStyle>
	</Style>
	<StyleMap id="3778169711">
		<Pair>
			<key>normal</key>
			<styleUrl>#37781697111</styleUrl>
		</Pair>
		<Pair>
			<key>highlight</key>
			<styleUrl>#37781697110</styleUrl>
		</Pair>
	</StyleMap>
	<Style id="37781697110">
		<IconStyle>
			<Icon>
				<href>http://maps.google.com/mapfiles/kml/shapes/placemark_circle.png</href>
			</Icon>
		</IconStyle>
	</Style>
	<Style id="37781697111">
		<IconStyle>
			<Icon>
				<href>http://maps.google.com/mapfiles/kml/shapes/placemark_circle.png</href>
			</Icon>
		</IconStyle>
	</Style>
	<StyleMap id="3795466655">
		<Pair>
			<key>normal</key>
			<styleUrl>#37954666551</styleUrl>
		</Pair>
		<Pair>
			<key>highlight</key>
			<styleUrl>#37954666550</styleUrl>
		</Pair>
	</StyleMap>
	<Style id="37954666550">
		<IconStyle>
			<Icon>
				<href>http://maps.google.com/mapfiles/kml/shapes/placemark_circle.png</href>
			</Icon>
		</IconStyle>
	</Style>
	<Style id="37954666551">
		<IconStyle>
			<Icon>
				<href>http://maps.google.com/mapfiles/kml/shapes/placemark_circle.png</href>
			</Icon>
		</IconStyle>
	</Style>
	<Style id="3809546936">
		<IconStyle>
			<Icon>
				<href>http://maps.google.com/mapfiles/kml/shapes/placemark_circle.png</href>
			</Icon>
		</IconStyle>
	</Style>
	<Style id="38095469360">
		<IconStyle>
			<Icon>
				<href>http://maps.google.com/mapfiles/kml/shapes/placemark_circle.png</href>
			</Icon>
		</IconStyle>
	</Style>
	<StyleMap id="38095469361">
		<Pair>
			<key>normal</key>
			<styleUrl>#38095469360</styleUrl>
		</Pair>
		<Pair>
			<key>highlight</key>
			<styleUrl>#3809546936</styleUrl>
		</Pair>
	</StyleMap>
	<Style id="3817520237">
		<IconStyle>
			<Icon>
				<href>http://maps.google.com/mapfiles/kml/shapes/placemark_circle.png</href>
			</Icon>
		</IconStyle>
	</Style>
	<Style id="38175202370">
		<IconStyle>
			<Icon>
				<href>http://maps.google.com/mapfiles/kml/shapes/placemark_circle.png</href>
			</Icon>
		</IconStyle>
	</Style>
	<StyleMap id="38175202371">
		<Pair>
			<key>normal</key>
			<styleUrl>#3817520237</styleUrl>
		</Pair>
		<Pair>
			<key>highlight</key>
			<styleUrl>#38175202370</styleUrl>
		</Pair>
	</StyleMap>
	<StyleMap id="3817729616">
		<Pair>
			<key>normal</key>
			<styleUrl>#38177296160</styleUrl>
		</Pair>
		<Pair>
			<key>highlight</key>
			<styleUrl>#38177296161</styleUrl>
		</Pair>
	</StyleMap>
	<Style id="38177296160">
		<IconStyle>
			<Icon>
				<href>http://maps.google.com/mapfiles/kml/shapes/placemark_circle.png</href>
			</Icon>
		</IconStyle>
	</Style>
	<Style id="38177296161">
		<IconStyle>
			<Icon>
				<href>http://maps.google.com/mapfiles/kml/shapes/placemark_circle.png</href>
			</Icon>
		</IconStyle>
	</Style>
	<Style id="3819603054">
		<IconStyle>
			<Icon>
				<href>http://maps.google.com/mapfiles/kml/shapes/placemark_circle.png</href>
			</Icon>
		</IconStyle>
	</Style>
	<Style id="38196030540">
		<IconStyle>
			<Icon>
				<href>http://maps.google.com/mapfiles/kml/shapes/placemark_circle.png</href>
			</Icon>
		</IconStyle>
	</Style>
	<StyleMap id="38196030541">
		<Pair>
			<key>normal</key>
			<styleUrl>#38196030540</styleUrl>
		</Pair>
		<Pair>
			<key>highlight</key>
			<styleUrl>#3819603054</styleUrl>
		</Pair>
	</StyleMap>
	<Style id="3822160429">
		<IconStyle>
			<Icon>
				<href>http://maps.google.com/mapfiles/kml/shapes/placemark_circle.png</href>
			</Icon>
		</IconStyle>
	</Style>
	<Style id="38221604290">
		<IconStyle>
			<Icon>
				<href>http://maps.google.com/mapfiles/kml/shapes/placemark_circle.png</href>
			</Icon>
		</IconStyle>
	</Style>
	<StyleMap id="38221604291">
		<Pair>
			<key>normal</key>
			<styleUrl>#3822160429</styleUrl>
		</Pair>
		<Pair>
			<key>highlight</key>
			<styleUrl>#38221604290</styleUrl>
		</Pair>
	</StyleMap>
	<Style id="3830962897">
		<IconStyle>
			<Icon>
				<href>http://maps.google.com/mapfiles/kml/shapes/placemark_circle.png</href>
			</Icon>
		</IconStyle>
	</Style>
	<Style id="38309628970">
		<IconStyle>
			<Icon>
				<href>http://maps.google.com/mapfiles/kml/shapes/placemark_circle.png</href>
			</Icon>
		</IconStyle>
	</Style>
	<StyleMap id="38309628971">
		<Pair>
			<key>normal</key>
			<styleUrl>#3830962897</styleUrl>
		</Pair>
		<Pair>
			<key>highlight</key>
			<styleUrl>#38309628970</styleUrl>
		</Pair>
	</StyleMap>
	<StyleMap id="383163940">
		<Pair>
			<key>normal</key>
			<styleUrl>#3831639401</styleUrl>
		</Pair>
		<Pair>
			<key>highlight</key>
			<styleUrl>#3831639400</styleUrl>
		</Pair>
	</StyleMap>
	<Style id="3831639400">
		<IconStyle>
			<Icon>
				<href>http://maps.google.com/mapfiles/kml/shapes/placemark_circle.png</href>
			</Icon>
		</IconStyle>
	</Style>
	<Style id="3831639401">
		<IconStyle>
			<Icon>
				<href>http://maps.google.com/mapfiles/kml/shapes/placemark_circle.png</href>
			</Icon>
		</IconStyle>
	</Style>
	<Style id="3837434267">
		<IconStyle>
			<Icon>
				<href>http://maps.google.com/mapfiles/kml/shapes/placemark_circle.png</href>
			</Icon>
		</IconStyle>
	</Style>
	<Style id="38374342670">
		<IconStyle>
			<Icon>
				<href>http://maps.google.com/mapfiles/kml/shapes/placemark_circle.png</href>
			</Icon>
		</IconStyle>
	</Style>
	<StyleMap id="38374342671">
		<Pair>
			<key>normal</key>
			<styleUrl>#38374342670</styleUrl>
		</Pair>
		<Pair>
			<key>highlight</key>
			<styleUrl>#3837434267</styleUrl>
		</Pair>
	</StyleMap>
	<StyleMap id="3847602049">
		<Pair>
			<key>normal</key>
			<styleUrl>#38476020490</styleUrl>
		</Pair>
		<Pair>
			<key>highlight</key>
			<styleUrl>#38476020491</styleUrl>
		</Pair>
	</StyleMap>
	<Style id="38476020490">
		<IconStyle>
			<Icon>
				<href>http://maps.google.com/mapfiles/kml/shapes/placemark_circle.png</href>
			</Icon>
		</IconStyle>
	</Style>
	<Style id="38476020491">
		<IconStyle>
			<Icon>
				<href>http://maps.google.com/mapfiles/kml/shapes/placemark_circle.png</href>
			</Icon>
		</IconStyle>
	</Style>
	<Style id="3900099109">
		<IconStyle>
			<Icon>
				<href>http://maps.google.com/mapfiles/kml/shapes/placemark_circle.png</href>
			</Icon>
		</IconStyle>
	</Style>
	<Style id="39000991090">
		<IconStyle>
			<Icon>
				<href>http://maps.google.com/mapfiles/kml/shapes/placemark_circle.png</href>
			</Icon>
		</IconStyle>
	</Style>
	<StyleMap id="39000991091">
		<Pair>
			<key>normal</key>
			<styleUrl>#39000991090</styleUrl>
		</Pair>
		<Pair>
			<key>highlight</key>
			<styleUrl>#3900099109</styleUrl>
		</Pair>
	</StyleMap>
	<Style id="390611183">
		<IconStyle>
			<Icon>
				<href>http://maps.google.com/mapfiles/kml/shapes/placemark_circle.png</href>
			</Icon>
		</IconStyle>
	</Style>
	<Style id="3906111830">
		<IconStyle>
			<Icon>
				<href>http://maps.google.com/mapfiles/kml/shapes/placemark_circle.png</href>
			</Icon>
		</IconStyle>
	</Style>
	<StyleMap id="3906111831">
		<Pair>
			<key>normal</key>
			<styleUrl>#3906111830</styleUrl>
		</Pair>
		<Pair>
			<key>highlight</key>
			<styleUrl>#390611183</styleUrl>
		</Pair>
	</StyleMap>
	<StyleMap id="3931259232">
		<Pair>
			<key>normal</key>
			<styleUrl>#39312592321</styleUrl>
		</Pair>
		<Pair>
			<key>highlight</key>
			<styleUrl>#39312592320</styleUrl>
		</Pair>
	</StyleMap>
	<Style id="39312592320">
		<IconStyle>
			<Icon>
				<href>http://maps.google.com/mapfiles/kml/shapes/placemark_circle.png</href>
			</Icon>
		</IconStyle>
	</Style>
	<Style id="39312592321">
		<IconStyle>
			<Icon>
				<href>http://maps.google.com/mapfiles/kml/shapes/placemark_circle.png</href>
			</Icon>
		</IconStyle>
	</Style>
	<StyleMap id="3964128675">
		<Pair>
			<key>normal</key>
			<styleUrl>#39641286751</styleUrl>
		</Pair>
		<Pair>
			<key>highlight</key>
			<styleUrl>#39641286750</styleUrl>
		</Pair>
	</StyleMap>
	<Style id="39641286750">
		<IconStyle>
			<Icon>
				<href>http://maps.google.com/mapfiles/kml/shapes/placemark_circle.png</href>
			</Icon>
		</IconStyle>
	</Style>
	<Style id="39641286751">
		<IconStyle>
			<Icon>
				<href>http://maps.google.com/mapfiles/kml/shapes/placemark_circle.png</href>
			</Icon>
		</IconStyle>
	</Style>
	<StyleMap id="3968293208">
		<Pair>
			<key>normal</key>
			<styleUrl>#39682932081</styleUrl>
		</Pair>
		<Pair>
			<key>highlight</key>
			<styleUrl>#39682932080</styleUrl>
		</Pair>
	</StyleMap>
	<Style id="39682932080">
		<IconStyle>
			<Icon>
				<href>http://maps.google.com/mapfiles/kml/shapes/placemark_circle.png</href>
			</Icon>
		</IconStyle>
	</Style>
	<Style id="39682932081">
		<IconStyle>
			<Icon>
				<href>http://maps.google.com/mapfiles/kml/shapes/placemark_circle.png</href>
			</Icon>
		</IconStyle>
	</Style>
	<StyleMap id="3977113581">
		<Pair>
			<key>normal</key>
			<styleUrl>#39771135811</styleUrl>
		</Pair>
		<Pair>
			<key>highlight</key>
			<styleUrl>#39771135810</styleUrl>
		</Pair>
	</StyleMap>
	<Style id="39771135810">
		<IconStyle>
			<Icon>
				<href>http://maps.google.com/mapfiles/kml/shapes/placemark_circle.png</href>
			</Icon>
		</IconStyle>
	</Style>
	<Style id="39771135811">
		<IconStyle>
			<Icon>
				<href>http://maps.google.com/mapfiles/kml/shapes/placemark_circle.png</href>
			</Icon>
		</IconStyle>
	</Style>
	<Style id="4010083842">
		<IconStyle>
			<Icon>
				<href>http://maps.google.com/mapfiles/kml/shapes/placemark_circle.png</href>
			</Icon>
		</IconStyle>
	</Style>
	<StyleMap id="40100838420">
		<Pair>
			<key>normal</key>
			<styleUrl>#40100838421</styleUrl>
		</Pair>
		<Pair>
			<key>highlight</key>
			<styleUrl>#4010083842</styleUrl>
		</Pair>
	</StyleMap>
	<Style id="40100838421">
		<IconStyle>
			<Icon>
				<href>http://maps.google.com/mapfiles/kml/shapes/placemark_circle.png</href>
			</Icon>
		</IconStyle>
	</Style>
	<Style id="4025566745">
		<IconStyle>
			<Icon>
				<href>http://maps.google.com/mapfiles/kml/shapes/placemark_circle.png</href>
			</Icon>
		</IconStyle>
	</Style>
	<Style id="40255667450">
		<IconStyle>
			<Icon>
				<href>http://maps.google.com/mapfiles/kml/shapes/placemark_circle.png</href>
			</Icon>
		</IconStyle>
	</Style>
	<StyleMap id="40255667451">
		<Pair>
			<key>normal</key>
			<styleUrl>#4025566745</styleUrl>
		</Pair>
		<Pair>
			<key>highlight</key>
			<styleUrl>#40255667450</styleUrl>
		</Pair>
	</StyleMap>
	<StyleMap id="4029158427">
		<Pair>
			<key>normal</key>
			<styleUrl>#40291584270</styleUrl>
		</Pair>
		<Pair>
			<key>highlight</key>
			<styleUrl>#40291584271</styleUrl>
		</Pair>
	</StyleMap>
	<Style id="40291584270">
		<IconStyle>
			<Icon>
				<href>http://maps.google.com/mapfiles/kml/shapes/placemark_circle.png</href>
			</Icon>
		</IconStyle>
	</Style>
	<Style id="40291584271">
		<IconStyle>
			<Icon>
				<href>http://maps.google.com/mapfiles/kml/shapes/placemark_circle.png</href>
			</Icon>
		</IconStyle>
	</Style>
	<StyleMap id="4030386923">
		<Pair>
			<key>normal</key>
			<styleUrl>#40303869230</styleUrl>
		</Pair>
		<Pair>
			<key>highlight</key>
			<styleUrl>#40303869231</styleUrl>
		</Pair>
	</StyleMap>
	<Style id="40303869230">
		<IconStyle>
			<Icon>
				<href>http://maps.google.com/mapfiles/kml/shapes/placemark_circle.png</href>
			</Icon>
		</IconStyle>
	</Style>
	<Style id="40303869231">
		<IconStyle>
			<Icon>
				<href>http://maps.google.com/mapfiles/kml/shapes/placemark_circle.png</href>
			</Icon>
		</IconStyle>
	</Style>
	<Style id="4030863135">
		<IconStyle>
			<Icon>
				<href>http://maps.google.com/mapfiles/kml/shapes/placemark_circle.png</href>
			</Icon>
		</IconStyle>
	</Style>
	<StyleMap id="40308631350">
		<Pair>
			<key>normal</key>
			<styleUrl>#40308631351</styleUrl>
		</Pair>
		<Pair>
			<key>highlight</key>
			<styleUrl>#4030863135</styleUrl>
		</Pair>
	</StyleMap>
	<Style id="40308631351">
		<IconStyle>
			<Icon>
				<href>http://maps.google.com/mapfiles/kml/shapes/placemark_circle.png</href>
			</Icon>
		</IconStyle>
	</Style>
	<StyleMap id="4048214538">
		<Pair>
			<key>normal</key>
			<styleUrl>#40482145380</styleUrl>
		</Pair>
		<Pair>
			<key>highlight</key>
			<styleUrl>#40482145381</styleUrl>
		</Pair>
	</StyleMap>
	<Style id="40482145380">
		<IconStyle>
			<Icon>
				<href>http://maps.google.com/mapfiles/kml/shapes/placemark_circle.png</href>
			</Icon>
		</IconStyle>
	</Style>
	<Style id="40482145381">
		<IconStyle>
			<Icon>
				<href>http://maps.google.com/mapfiles/kml/shapes/placemark_circle.png</href>
			</Icon>
		</IconStyle>
	</Style>
	<Style id="4049764680">
		<IconStyle>
			<Icon>
				<href>http://maps.google.com/mapfiles/kml/shapes/placemark_circle.png</href>
			</Icon>
		</IconStyle>
	</Style>
	<Style id="40497646800">
		<IconStyle>
			<Icon>
				<href>http://maps.google.com/mapfiles/kml/shapes/placemark_circle.png</href>
			</Icon>
		</IconStyle>
	</Style>
	<StyleMap id="40497646801">
		<Pair>
			<key>normal</key>
			<styleUrl>#40497646800</styleUrl>
		</Pair>
		<Pair>
			<key>highlight</key>
			<styleUrl>#4049764680</styleUrl>
		</Pair>
	</StyleMap>
	<Style id="4076244962">
		<IconStyle>
			<Icon>
				<href>http://maps.google.com/mapfiles/kml/shapes/placemark_circle.png</href>
			</Icon>
		</IconStyle>
	</Style>
	<Style id="40762449620">
		<IconStyle>
			<Icon>
				<href>http://maps.google.com/mapfiles/kml/shapes/placemark_circle.png</href>
			</Icon>
		</IconStyle>
	</Style>
	<StyleMap id="40762449621">
		<Pair>
			<key>normal</key>
			<styleUrl>#4076244962</styleUrl>
		</Pair>
		<Pair>
			<key>highlight</key>
			<styleUrl>#40762449620</styleUrl>
		</Pair>
	</StyleMap>
	<Style id="4077614736">
		<IconStyle>
			<Icon>
				<href>http://maps.google.com/mapfiles/kml/shapes/placemark_circle.png</href>
			</Icon>
		</IconStyle>
	</Style>
	<StyleMap id="40776147360">
		<Pair>
			<key>normal</key>
			<styleUrl>#40776147361</styleUrl>
		</Pair>
		<Pair>
			<key>highlight</key>
			<styleUrl>#4077614736</styleUrl>
		</Pair>
	</StyleMap>
	<Style id="40776147361">
		<IconStyle>
			<Icon>
				<href>http://maps.google.com/mapfiles/kml/shapes/placemark_circle.png</href>
			</Icon>
		</IconStyle>
	</Style>
	<Style id="4078074518">
		<IconStyle>
			<Icon>
				<href>http://maps.google.com/mapfiles/kml/shapes/placemark_circle.png</href>
			</Icon>
		</IconStyle>
	</Style>
	<StyleMap id="40780745180">
		<Pair>
			<key>normal</key>
			<styleUrl>#40780745181</styleUrl>
		</Pair>
		<Pair>
			<key>highlight</key>
			<styleUrl>#4078074518</styleUrl>
		</Pair>
	</StyleMap>
	<Style id="40780745181">
		<IconStyle>
			<Icon>
				<href>http://maps.google.com/mapfiles/kml/shapes/placemark_circle.png</href>
			</Icon>
		</IconStyle>
	</Style>
	<Style id="4099215966">
		<IconStyle>
			<Icon>
				<href>http://maps.google.com/mapfiles/kml/shapes/placemark_circle.png</href>
			</Icon>
		</IconStyle>
	</Style>
	<StyleMap id="40992159660">
		<Pair>
			<key>normal</key>
			<styleUrl>#40992159661</styleUrl>
		</Pair>
		<Pair>
			<key>highlight</key>
			<styleUrl>#4099215966</styleUrl>
		</Pair>
	</StyleMap>
	<Style id="40992159661">
		<IconStyle>
			<Icon>
				<href>http://maps.google.com/mapfiles/kml/shapes/placemark_circle.png</href>
			</Icon>
		</IconStyle>
	</Style>
	<Style id="411004507">
		<IconStyle>
			<Icon>
				<href>http://maps.google.com/mapfiles/kml/shapes/placemark_circle.png</href>
			</Icon>
		</IconStyle>
	</Style>
	<Style id="4110045070">
		<IconStyle>
			<Icon>
				<href>http://maps.google.com/mapfiles/kml/shapes/placemark_circle.png</href>
			</Icon>
		</IconStyle>
	</Style>
	<StyleMap id="4110045071">
		<Pair>
			<key>normal</key>
			<styleUrl>#411004507</styleUrl>
		</Pair>
		<Pair>
			<key>highlight</key>
			<styleUrl>#4110045070</styleUrl>
		</Pair>
	</StyleMap>
	<StyleMap id="4126713237">
		<Pair>
			<key>normal</key>
			<styleUrl>#41267132370</styleUrl>
		</Pair>
		<Pair>
			<key>highlight</key>
			<styleUrl>#41267132371</styleUrl>
		</Pair>
	</StyleMap>
	<Style id="41267132370">
		<IconStyle>
			<Icon>
				<href>http://maps.google.com/mapfiles/kml/shapes/placemark_circle.png</href>
			</Icon>
		</IconStyle>
	</Style>
	<Style id="41267132371">
		<IconStyle>
			<Icon>
				<href>http://maps.google.com/mapfiles/kml/shapes/placemark_circle.png</href>
			</Icon>
		</IconStyle>
	</Style>
	<Style id="4136093547">
		<IconStyle>
			<Icon>
				<href>http://maps.google.com/mapfiles/kml/shapes/placemark_circle.png</href>
			</Icon>
		</IconStyle>
	</Style>
	<Style id="41360935470">
		<IconStyle>
			<Icon>
				<href>http://maps.google.com/mapfiles/kml/shapes/placemark_circle.png</href>
			</Icon>
		</IconStyle>
	</Style>
	<StyleMap id="41360935471">
		<Pair>
			<key>normal</key>
			<styleUrl>#41360935470</styleUrl>
		</Pair>
		<Pair>
			<key>highlight</key>
			<styleUrl>#4136093547</styleUrl>
		</Pair>
	</StyleMap>
	<Style id="4161893993">
		<IconStyle>
			<Icon>
				<href>http://maps.google.com/mapfiles/kml/shapes/placemark_circle.png</href>
			</Icon>
		</IconStyle>
	</Style>
	<StyleMap id="41618939930">
		<Pair>
			<key>normal</key>
			<styleUrl>#41618939931</styleUrl>
		</Pair>
		<Pair>
			<key>highlight</key>
			<styleUrl>#4161893993</styleUrl>
		</Pair>
	</StyleMap>
	<Style id="41618939931">
		<IconStyle>
			<Icon>
				<href>http://maps.google.com/mapfiles/kml/shapes/placemark_circle.png</href>
			</Icon>
		</IconStyle>
	</Style>
	<Style id="4170272662">
		<IconStyle>
			<Icon>
				<href>http://maps.google.com/mapfiles/kml/shapes/placemark_circle.png</href>
			</Icon>
		</IconStyle>
	</Style>
	<StyleMap id="41702726620">
		<Pair>
			<key>normal</key>
			<styleUrl>#4170272662</styleUrl>
		</Pair>
		<Pair>
			<key>highlight</key>
			<styleUrl>#41702726621</styleUrl>
		</Pair>
	</StyleMap>
	<Style id="41702726621">
		<IconStyle>
			<Icon>
				<href>http://maps.google.com/mapfiles/kml/shapes/placemark_circle.png</href>
			</Icon>
		</IconStyle>
	</Style>
	<Style id="4194220020">
		<IconStyle>
			<Icon>
				<href>http://maps.google.com/mapfiles/kml/shapes/placemark_circle.png</href>
			</Icon>
		</IconStyle>
	</Style>
	<StyleMap id="41942200200">
		<Pair>
			<key>normal</key>
			<styleUrl>#4194220020</styleUrl>
		</Pair>
		<Pair>
			<key>highlight</key>
			<styleUrl>#41942200201</styleUrl>
		</Pair>
	</StyleMap>
	<Style id="41942200201">
		<IconStyle>
			<Icon>
				<href>http://maps.google.com/mapfiles/kml/shapes/placemark_circle.png</href>
			</Icon>
		</IconStyle>
	</Style>
	<Style id="4205445838">
		<IconStyle>
			<Icon>
				<href>http://maps.google.com/mapfiles/kml/shapes/placemark_circle.png</href>
			</Icon>
		</IconStyle>
	</Style>
	<Style id="42054458380">
		<IconStyle>
			<Icon>
				<href>http://maps.google.com/mapfiles/kml/shapes/placemark_circle.png</href>
			</Icon>
		</IconStyle>
	</Style>
	<StyleMap id="42054458381">
		<Pair>
			<key>normal</key>
			<styleUrl>#42054458380</styleUrl>
		</Pair>
		<Pair>
			<key>highlight</key>
			<styleUrl>#4205445838</styleUrl>
		</Pair>
	</StyleMap>
	<Style id="4213133485">
		<IconStyle>
			<Icon>
				<href>http://maps.google.com/mapfiles/kml/shapes/placemark_circle.png</href>
			</Icon>
		</IconStyle>
	</Style>
	<StyleMap id="42131334850">
		<Pair>
			<key>normal</key>
			<styleUrl>#42131334851</styleUrl>
		</Pair>
		<Pair>
			<key>highlight</key>
			<styleUrl>#4213133485</styleUrl>
		</Pair>
	</StyleMap>
	<Style id="42131334851">
		<IconStyle>
			<Icon>
				<href>http://maps.google.com/mapfiles/kml/shapes/placemark_circle.png</href>
			</Icon>
		</IconStyle>
	</Style>
	<StyleMap id="4238166484">
		<Pair>
			<key>normal</key>
			<styleUrl>#42381664841</styleUrl>
		</Pair>
		<Pair>
			<key>highlight</key>
			<styleUrl>#42381664840</styleUrl>
		</Pair>
	</StyleMap>
	<Style id="42381664840">
		<IconStyle>
			<Icon>
				<href>http://maps.google.com/mapfiles/kml/shapes/placemark_circle.png</href>
			</Icon>
		</IconStyle>
	</Style>
	<Style id="42381664841">
		<IconStyle>
			<Icon>
				<href>http://maps.google.com/mapfiles/kml/shapes/placemark_circle.png</href>
			</Icon>
		</IconStyle>
	</Style>
	<Style id="4241694473">
		<IconStyle>
			<Icon>
				<href>http://maps.google.com/mapfiles/kml/shapes/placemark_circle.png</href>
			</Icon>
		</IconStyle>
	</Style>
	<StyleMap id="42416944730">
		<Pair>
			<key>normal</key>
			<styleUrl>#42416944731</styleUrl>
		</Pair>
		<Pair>
			<key>highlight</key>
			<styleUrl>#4241694473</styleUrl>
		</Pair>
	</StyleMap>
	<Style id="42416944731">
		<IconStyle>
			<Icon>
				<href>http://maps.google.com/mapfiles/kml/shapes/placemark_circle.png</href>
			</Icon>
		</IconStyle>
	</Style>
	<Style id="4241860705">
		<IconStyle>
			<Icon>
				<href>http://maps.google.com/mapfiles/kml/shapes/placemark_circle.png</href>
			</Icon>
		</IconStyle>
	</Style>
	<Style id="42418607050">
		<IconStyle>
			<Icon>
				<href>http://maps.google.com/mapfiles/kml/shapes/placemark_circle.png</href>
			</Icon>
		</IconStyle>
	</Style>
	<StyleMap id="42418607051">
		<Pair>
			<key>normal</key>
			<styleUrl>#42418607050</styleUrl>
		</Pair>
		<Pair>
			<key>highlight</key>
			<styleUrl>#4241860705</styleUrl>
		</Pair>
	</StyleMap>
	<Style id="4244881303">
		<IconStyle>
			<Icon>
				<href>http://maps.google.com/mapfiles/kml/shapes/placemark_circle.png</href>
			</Icon>
		</IconStyle>
	</Style>
	<StyleMap id="42448813030">
		<Pair>
			<key>normal</key>
			<styleUrl>#42448813031</styleUrl>
		</Pair>
		<Pair>
			<key>highlight</key>
			<styleUrl>#4244881303</styleUrl>
		</Pair>
	</StyleMap>
	<Style id="42448813031">
		<IconStyle>
			<Icon>
				<href>http://maps.google.com/mapfiles/kml/shapes/placemark_circle.png</href>
			</Icon>
		</IconStyle>
	</Style>
	<StyleMap id="4264084924">
		<Pair>
			<key>normal</key>
			<styleUrl>#42640849240</styleUrl>
		</Pair>
		<Pair>
			<key>highlight</key>
			<styleUrl>#42640849241</styleUrl>
		</Pair>
	</StyleMap>
	<Style id="42640849240">
		<IconStyle>
			<Icon>
				<href>http://maps.google.com/mapfiles/kml/shapes/placemark_circle.png</href>
			</Icon>
		</IconStyle>
	</Style>
	<Style id="42640849241">
		<IconStyle>
			<Icon>
				<href>http://maps.google.com/mapfiles/kml/shapes/placemark_circle.png</href>
			</Icon>
		</IconStyle>
	</Style>
	<Style id="4266380489">
		<IconStyle>
			<Icon>
				<href>http://maps.google.com/mapfiles/kml/shapes/placemark_circle.png</href>
			</Icon>
		</IconStyle>
	</Style>
	<StyleMap id="42663804890">
		<Pair>
			<key>normal</key>
			<styleUrl>#42663804891</styleUrl>
		</Pair>
		<Pair>
			<key>highlight</key>
			<styleUrl>#4266380489</styleUrl>
		</Pair>
	</StyleMap>
	<Style id="42663804891">
		<IconStyle>
			<Icon>
				<href>http://maps.google.com/mapfiles/kml/shapes/placemark_circle.png</href>
			</Icon>
		</IconStyle>
	</Style>
	<Style id="4279461094">
		<IconStyle>
			<Icon>
				<href>http://maps.google.com/mapfiles/kml/shapes/placemark_circle.png</href>
			</Icon>
		</IconStyle>
	</Style>
	<Style id="42794610940">
		<IconStyle>
			<Icon>
				<href>http://maps.google.com/mapfiles/kml/shapes/placemark_circle.png</href>
			</Icon>
		</IconStyle>
	</Style>
	<StyleMap id="42794610941">
		<Pair>
			<key>normal</key>
			<styleUrl>#4279461094</styleUrl>
		</Pair>
		<Pair>
			<key>highlight</key>
			<styleUrl>#42794610940</styleUrl>
		</Pair>
	</StyleMap>
	<StyleMap id="445100410">
		<Pair>
			<key>normal</key>
			<styleUrl>#4451004100</styleUrl>
		</Pair>
		<Pair>
			<key>highlight</key>
			<styleUrl>#4451004101</styleUrl>
		</Pair>
	</StyleMap>
	<Style id="4451004100">
		<IconStyle>
			<Icon>
				<href>http://maps.google.com/mapfiles/kml/shapes/placemark_circle.png</href>
			</Icon>
		</IconStyle>
	</Style>
	<Style id="4451004101">
		<IconStyle>
			<Icon>
				<href>http://maps.google.com/mapfiles/kml/shapes/placemark_circle.png</href>
			</Icon>
		</IconStyle>
	</Style>
	<StyleMap id="450122191">
		<Pair>
			<key>normal</key>
			<styleUrl>#4501221911</styleUrl>
		</Pair>
		<Pair>
			<key>highlight</key>
			<styleUrl>#4501221910</styleUrl>
		</Pair>
	</StyleMap>
	<Style id="4501221910">
		<IconStyle>
			<Icon>
				<href>http://maps.google.com/mapfiles/kml/shapes/placemark_circle.png</href>
			</Icon>
		</IconStyle>
	</Style>
	<Style id="4501221911">
		<IconStyle>
			<Icon>
				<href>http://maps.google.com/mapfiles/kml/shapes/placemark_circle.png</href>
			</Icon>
		</IconStyle>
	</Style>
	<StyleMap id="480404490">
		<Pair>
			<key>normal</key>
			<styleUrl>#4804044900</styleUrl>
		</Pair>
		<Pair>
			<key>highlight</key>
			<styleUrl>#4804044901</styleUrl>
		</Pair>
	</StyleMap>
	<Style id="4804044900">
		<IconStyle>
			<Icon>
				<href>http://maps.google.com/mapfiles/kml/shapes/placemark_circle.png</href>
			</Icon>
		</IconStyle>
	</Style>
	<Style id="4804044901">
		<IconStyle>
			<Icon>
				<href>http://maps.google.com/mapfiles/kml/shapes/placemark_circle.png</href>
			</Icon>
		</IconStyle>
	</Style>
	<Style id="495763991">
		<IconStyle>
			<Icon>
				<href>http://maps.google.com/mapfiles/kml/shapes/placemark_circle.png</href>
			</Icon>
		</IconStyle>
	</Style>
	<Style id="4957639910">
		<IconStyle>
			<Icon>
				<href>http://maps.google.com/mapfiles/kml/shapes/placemark_circle.png</href>
			</Icon>
		</IconStyle>
	</Style>
	<StyleMap id="4957639911">
		<Pair>
			<key>normal</key>
			<styleUrl>#495763991</styleUrl>
		</Pair>
		<Pair>
			<key>highlight</key>
			<styleUrl>#4957639910</styleUrl>
		</Pair>
	</StyleMap>
	<StyleMap id="510597826">
		<Pair>
			<key>normal</key>
			<styleUrl>#5105978261</styleUrl>
		</Pair>
		<Pair>
			<key>highlight</key>
			<styleUrl>#5105978260</styleUrl>
		</Pair>
	</StyleMap>
	<Style id="5105978260">
		<IconStyle>
			<Icon>
				<href>http://maps.google.com/mapfiles/kml/shapes/placemark_circle.png</href>
			</Icon>
		</IconStyle>
	</Style>
	<Style id="5105978261">
		<IconStyle>
			<Icon>
				<href>http://maps.google.com/mapfiles/kml/shapes/placemark_circle.png</href>
			</Icon>
		</IconStyle>
	</Style>
	<StyleMap id="516154916">
		<Pair>
			<key>normal</key>
			<styleUrl>#5161549160</styleUrl>
		</Pair>
		<Pair>
			<key>highlight</key>
			<styleUrl>#5161549161</styleUrl>
		</Pair>
	</StyleMap>
	<Style id="5161549160">
		<IconStyle>
			<Icon>
				<href>http://maps.google.com/mapfiles/kml/shapes/placemark_circle.png</href>
			</Icon>
		</IconStyle>
	</Style>
	<Style id="5161549161">
		<IconStyle>
			<Icon>
				<href>http://maps.google.com/mapfiles/kml/shapes/placemark_circle.png</href>
			</Icon>
		</IconStyle>
	</Style>
	<Style id="544631217">
		<IconStyle>
			<Icon>
				<href>http://maps.google.com/mapfiles/kml/shapes/placemark_circle.png</href>
			</Icon>
		</IconStyle>
	</Style>
	<Style id="5446312170">
		<IconStyle>
			<Icon>
				<href>http://maps.google.com/mapfiles/kml/shapes/placemark_circle.png</href>
			</Icon>
		</IconStyle>
	</Style>
	<StyleMap id="5446312171">
		<Pair>
			<key>normal</key>
			<styleUrl>#5446312170</styleUrl>
		</Pair>
		<Pair>
			<key>highlight</key>
			<styleUrl>#544631217</styleUrl>
		</Pair>
	</StyleMap>
	<StyleMap id="55460370">
		<Pair>
			<key>normal</key>
			<styleUrl>#554603700</styleUrl>
		</Pair>
		<Pair>
			<key>highlight</key>
			<styleUrl>#554603701</styleUrl>
		</Pair>
	</StyleMap>
	<Style id="554603700">
		<IconStyle>
			<Icon>
				<href>http://maps.google.com/mapfiles/kml/shapes/placemark_circle.png</href>
			</Icon>
		</IconStyle>
	</Style>
	<Style id="554603701">
		<IconStyle>
			<Icon>
				<href>http://maps.google.com/mapfiles/kml/shapes/placemark_circle.png</href>
			</Icon>
		</IconStyle>
	</Style>
	<Style id="559124095">
		<IconStyle>
			<Icon>
				<href>http://maps.google.com/mapfiles/kml/shapes/placemark_circle.png</href>
			</Icon>
		</IconStyle>
	</Style>
	<StyleMap id="5591240950">
		<Pair>
			<key>normal</key>
			<styleUrl>#559124095</styleUrl>
		</Pair>
		<Pair>
			<key>highlight</key>
			<styleUrl>#5591240951</styleUrl>
		</Pair>
	</StyleMap>
	<Style id="5591240951">
		<IconStyle>
			<Icon>
				<href>http://maps.google.com/mapfiles/kml/shapes/placemark_circle.png</href>
			</Icon>
		</IconStyle>
	</Style>
	<Style id="568690612">
		<IconStyle>
			<Icon>
				<href>http://maps.google.com/mapfiles/kml/shapes/placemark_circle.png</href>
			</Icon>
		</IconStyle>
	</Style>
	<Style id="5686906120">
		<IconStyle>
			<Icon>
				<href>http://maps.google.com/mapfiles/kml/shapes/placemark_circle.png</href>
			</Icon>
		</IconStyle>
	</Style>
	<StyleMap id="5686906121">
		<Pair>
			<key>normal</key>
			<styleUrl>#568690612</styleUrl>
		</Pair>
		<Pair>
			<key>highlight</key>
			<styleUrl>#5686906120</styleUrl>
		</Pair>
	</StyleMap>
	<StyleMap id="581024190">
		<Pair>
			<key>normal</key>
			<styleUrl>#5810241900</styleUrl>
		</Pair>
		<Pair>
			<key>highlight</key>
			<styleUrl>#5810241901</styleUrl>
		</Pair>
	</StyleMap>
	<Style id="5810241900">
		<IconStyle>
			<Icon>
				<href>http://maps.google.com/mapfiles/kml/shapes/placemark_circle.png</href>
			</Icon>
		</IconStyle>
	</Style>
	<Style id="5810241901">
		<IconStyle>
			<Icon>
				<href>http://maps.google.com/mapfiles/kml/shapes/placemark_circle.png</href>
			</Icon>
		</IconStyle>
	</Style>
	<StyleMap id="605913769">
		<Pair>
			<key>normal</key>
			<styleUrl>#6059137690</styleUrl>
		</Pair>
		<Pair>
			<key>highlight</key>
			<styleUrl>#6059137691</styleUrl>
		</Pair>
	</StyleMap>
	<Style id="6059137690">
		<IconStyle>
			<Icon>
				<href>http://maps.google.com/mapfiles/kml/shapes/placemark_circle.png</href>
			</Icon>
		</IconStyle>
	</Style>
	<Style id="6059137691">
		<IconStyle>
			<Icon>
				<href>http://maps.google.com/mapfiles/kml/shapes/placemark_circle.png</href>
			</Icon>
		</IconStyle>
	</Style>
	<Style id="609584512">
		<IconStyle>
			<Icon>
				<href>http://maps.google.com/mapfiles/kml/shapes/placemark_circle.png</href>
			</Icon>
		</IconStyle>
	</Style>
	<StyleMap id="6095845120">
		<Pair>
			<key>normal</key>
			<styleUrl>#6095845121</styleUrl>
		</Pair>
		<Pair>
			<key>highlight</key>
			<styleUrl>#609584512</styleUrl>
		</Pair>
	</StyleMap>
	<Style id="6095845121">
		<IconStyle>
			<Icon>
				<href>http://maps.google.com/mapfiles/kml/shapes/placemark_circle.png</href>
			</Icon>
		</IconStyle>
	</Style>
	<Style id="60964231">
		<IconStyle>
			<Icon>
				<href>http://maps.google.com/mapfiles/kml/shapes/placemark_circle.png</href>
			</Icon>
		</IconStyle>
	</Style>
	<StyleMap id="609642310">
		<Pair>
			<key>normal</key>
			<styleUrl>#60964231</styleUrl>
		</Pair>
		<Pair>
			<key>highlight</key>
			<styleUrl>#609642311</styleUrl>
		</Pair>
	</StyleMap>
	<Style id="609642311">
		<IconStyle>
			<Icon>
				<href>http://maps.google.com/mapfiles/kml/shapes/placemark_circle.png</href>
			</Icon>
		</IconStyle>
	</Style>
	<Style id="622881721">
		<IconStyle>
			<Icon>
				<href>http://maps.google.com/mapfiles/kml/shapes/placemark_circle.png</href>
			</Icon>
		</IconStyle>
	</Style>
	<StyleMap id="6228817210">
		<Pair>
			<key>normal</key>
			<styleUrl>#6228817211</styleUrl>
		</Pair>
		<Pair>
			<key>highlight</key>
			<styleUrl>#622881721</styleUrl>
		</Pair>
	</StyleMap>
	<Style id="6228817211">
		<IconStyle>
			<Icon>
				<href>http://maps.google.com/mapfiles/kml/shapes/placemark_circle.png</href>
			</Icon>
		</IconStyle>
	</Style>
	<Style id="630226034">
		<IconStyle>
			<Icon>
				<href>http://maps.google.com/mapfiles/kml/shapes/placemark_circle.png</href>
			</Icon>
		</IconStyle>
	</Style>
	<Style id="6302260340">
		<IconStyle>
			<Icon>
				<href>http://maps.google.com/mapfiles/kml/shapes/placemark_circle.png</href>
			</Icon>
		</IconStyle>
	</Style>
	<StyleMap id="6302260341">
		<Pair>
			<key>normal</key>
			<styleUrl>#6302260340</styleUrl>
		</Pair>
		<Pair>
			<key>highlight</key>
			<styleUrl>#630226034</styleUrl>
		</Pair>
	</StyleMap>
	<StyleMap id="659815072">
		<Pair>
			<key>normal</key>
			<styleUrl>#6598150721</styleUrl>
		</Pair>
		<Pair>
			<key>highlight</key>
			<styleUrl>#6598150720</styleUrl>
		</Pair>
	</StyleMap>
	<Style id="6598150720">
		<IconStyle>
			<Icon>
				<href>http://maps.google.com/mapfiles/kml/shapes/placemark_circle.png</href>
			</Icon>
		</IconStyle>
	</Style>
	<Style id="6598150721">
		<IconStyle>
			<Icon>
				<href>http://maps.google.com/mapfiles/kml/shapes/placemark_circle.png</href>
			</Icon>
		</IconStyle>
	</Style>
	<Style id="681558320">
		<IconStyle>
			<Icon>
				<href>http://maps.google.com/mapfiles/kml/shapes/placemark_circle.png</href>
			</Icon>
		</IconStyle>
	</Style>
	<Style id="6815583200">
		<IconStyle>
			<Icon>
				<href>http://maps.google.com/mapfiles/kml/shapes/placemark_circle.png</href>
			</Icon>
		</IconStyle>
	</Style>
	<StyleMap id="6815583201">
		<Pair>
			<key>normal</key>
			<styleUrl>#6815583200</styleUrl>
		</Pair>
		<Pair>
			<key>highlight</key>
			<styleUrl>#681558320</styleUrl>
		</Pair>
	</StyleMap>
	<Style id="692071892">
		<IconStyle>
			<Icon>
				<href>http://maps.google.com/mapfiles/kml/shapes/placemark_circle.png</href>
			</Icon>
		</IconStyle>
	</Style>
	<StyleMap id="6920718920">
		<Pair>
			<key>normal</key>
			<styleUrl>#6920718921</styleUrl>
		</Pair>
		<Pair>
			<key>highlight</key>
			<styleUrl>#692071892</styleUrl>
		</Pair>
	</StyleMap>
	<Style id="6920718921">
		<IconStyle>
			<Icon>
				<href>http://maps.google.com/mapfiles/kml/shapes/placemark_circle.png</href>
			</Icon>
		</IconStyle>
	</Style>
	<StyleMap id="719846282">
		<Pair>
			<key>normal</key>
			<styleUrl>#7198462820</styleUrl>
		</Pair>
		<Pair>
			<key>highlight</key>
			<styleUrl>#7198462821</styleUrl>
		</Pair>
	</StyleMap>
	<Style id="7198462820">
		<IconStyle>
			<Icon>
				<href>http://maps.google.com/mapfiles/kml/shapes/placemark_circle.png</href>
			</Icon>
		</IconStyle>
	</Style>
	<Style id="7198462821">
		<IconStyle>
			<Icon>
				<href>http://maps.google.com/mapfiles/kml/shapes/placemark_circle.png</href>
			</Icon>
		</IconStyle>
	</Style>
	<Style id="736793864">
		<IconStyle>
			<Icon>
				<href>http://maps.google.com/mapfiles/kml/shapes/placemark_circle.png</href>
			</Icon>
		</IconStyle>
	</Style>
	<Style id="7367938640">
		<IconStyle>
			<Icon>
				<href>http://maps.google.com/mapfiles/kml/shapes/placemark_circle.png</href>
			</Icon>
		</IconStyle>
	</Style>
	<StyleMap id="7367938641">
		<Pair>
			<key>normal</key>
			<styleUrl>#7367938640</styleUrl>
		</Pair>
		<Pair>
			<key>highlight</key>
			<styleUrl>#736793864</styleUrl>
		</Pair>
	</StyleMap>
	<Style id="74333388">
		<IconStyle>
			<Icon>
				<href>http://maps.google.com/mapfiles/kml/shapes/placemark_circle.png</href>
			</Icon>
		</IconStyle>
	</Style>
	<Style id="743333880">
		<IconStyle>
			<Icon>
				<href>http://maps.google.com/mapfiles/kml/shapes/placemark_circle.png</href>
			</Icon>
		</IconStyle>
	</Style>
	<StyleMap id="743333881">
		<Pair>
			<key>normal</key>
			<styleUrl>#743333880</styleUrl>
		</Pair>
		<Pair>
			<key>highlight</key>
			<styleUrl>#74333388</styleUrl>
		</Pair>
	</StyleMap>
	<Style id="749601108">
		<IconStyle>
			<Icon>
				<href>http://maps.google.com/mapfiles/kml/shapes/placemark_circle.png</href>
			</Icon>
		</IconStyle>
	</Style>
	<StyleMap id="7496011080">
		<Pair>
			<key>normal</key>
			<styleUrl>#749601108</styleUrl>
		</Pair>
		<Pair>
			<key>highlight</key>
			<styleUrl>#7496011081</styleUrl>
		</Pair>
	</StyleMap>
	<Style id="7496011081">
		<IconStyle>
			<Icon>
				<href>http://maps.google.com/mapfiles/kml/shapes/placemark_circle.png</href>
			</Icon>
		</IconStyle>
	</Style>
	<StyleMap id="764964037">
		<Pair>
			<key>normal</key>
			<styleUrl>#7649640371</styleUrl>
		</Pair>
		<Pair>
			<key>highlight</key>
			<styleUrl>#7649640370</styleUrl>
		</Pair>
	</StyleMap>
	<Style id="7649640370">
		<IconStyle>
			<Icon>
				<href>http://maps.google.com/mapfiles/kml/shapes/placemark_circle.png</href>
			</Icon>
		</IconStyle>
	</Style>
	<Style id="7649640371">
		<IconStyle>
			<Icon>
				<href>http://maps.google.com/mapfiles/kml/shapes/placemark_circle.png</href>
			</Icon>
		</IconStyle>
	</Style>
	<Style id="782112032">
		<IconStyle>
			<Icon>
				<href>http://maps.google.com/mapfiles/kml/shapes/placemark_circle.png</href>
			</Icon>
		</IconStyle>
	</Style>
	<Style id="7821120320">
		<IconStyle>
			<Icon>
				<href>http://maps.google.com/mapfiles/kml/shapes/placemark_circle.png</href>
			</Icon>
		</IconStyle>
	</Style>
	<StyleMap id="7821120321">
		<Pair>
			<key>normal</key>
			<styleUrl>#7821120320</styleUrl>
		</Pair>
		<Pair>
			<key>highlight</key>
			<styleUrl>#782112032</styleUrl>
		</Pair>
	</StyleMap>
	<Style id="794333239">
		<IconStyle>
			<Icon>
				<href>http://maps.google.com/mapfiles/kml/shapes/placemark_circle.png</href>
			</Icon>
		</IconStyle>
	</Style>
	<Style id="7943332390">
		<IconStyle>
			<Icon>
				<href>http://maps.google.com/mapfiles/kml/shapes/placemark_circle.png</href>
			</Icon>
		</IconStyle>
	</Style>
	<StyleMap id="7943332391">
		<Pair>
			<key>normal</key>
			<styleUrl>#7943332390</styleUrl>
		</Pair>
		<Pair>
			<key>highlight</key>
			<styleUrl>#794333239</styleUrl>
		</Pair>
	</StyleMap>
	<StyleMap id="795068561">
		<Pair>
			<key>normal</key>
			<styleUrl>#7950685610</styleUrl>
		</Pair>
		<Pair>
			<key>highlight</key>
			<styleUrl>#7950685611</styleUrl>
		</Pair>
	</StyleMap>
	<Style id="7950685610">
		<IconStyle>
			<Icon>
				<href>http://maps.google.com/mapfiles/kml/shapes/placemark_circle.png</href>
			</Icon>
		</IconStyle>
	</Style>
	<Style id="7950685611">
		<IconStyle>
			<Icon>
				<href>http://maps.google.com/mapfiles/kml/shapes/placemark_circle.png</href>
			</Icon>
		</IconStyle>
	</Style>
	<Style id="807348258">
		<IconStyle>
			<Icon>
				<href>http://maps.google.com/mapfiles/kml/shapes/placemark_circle.png</href>
			</Icon>
		</IconStyle>
	</Style>
	<StyleMap id="8073482580">
		<Pair>
			<key>normal</key>
			<styleUrl>#8073482581</styleUrl>
		</Pair>
		<Pair>
			<key>highlight</key>
			<styleUrl>#807348258</styleUrl>
		</Pair>
	</StyleMap>
	<Style id="8073482581">
		<IconStyle>
			<Icon>
				<href>http://maps.google.com/mapfiles/kml/shapes/placemark_circle.png</href>
			</Icon>
		</IconStyle>
	</Style>
	<Style id="808411906">
		<IconStyle>
			<Icon>
				<href>http://maps.google.com/mapfiles/kml/shapes/placemark_circle.png</href>
			</Icon>
		</IconStyle>
	</Style>
	<StyleMap id="8084119060">
		<Pair>
			<key>normal</key>
			<styleUrl>#8084119061</styleUrl>
		</Pair>
		<Pair>
			<key>highlight</key>
			<styleUrl>#808411906</styleUrl>
		</Pair>
	</StyleMap>
	<Style id="8084119061">
		<IconStyle>
			<Icon>
				<href>http://maps.google.com/mapfiles/kml/shapes/placemark_circle.png</href>
			</Icon>
		</IconStyle>
	</Style>
	<StyleMap id="832612792">
		<Pair>
			<key>normal</key>
			<styleUrl>#8326127921</styleUrl>
		</Pair>
		<Pair>
			<key>highlight</key>
			<styleUrl>#8326127920</styleUrl>
		</Pair>
	</StyleMap>
	<Style id="8326127920">
		<IconStyle>
			<Icon>
				<href>http://maps.google.com/mapfiles/kml/shapes/placemark_circle.png</href>
			</Icon>
		</IconStyle>
	</Style>
	<Style id="8326127921">
		<IconStyle>
			<Icon>
				<href>http://maps.google.com/mapfiles/kml/shapes/placemark_circle.png</href>
			</Icon>
		</IconStyle>
	</Style>
	<StyleMap id="834627501">
		<Pair>
			<key>normal</key>
			<styleUrl>#8346275011</styleUrl>
		</Pair>
		<Pair>
			<key>highlight</key>
			<styleUrl>#8346275010</styleUrl>
		</Pair>
	</StyleMap>
	<Style id="8346275010">
		<IconStyle>
			<Icon>
				<href>http://maps.google.com/mapfiles/kml/shapes/placemark_circle.png</href>
			</Icon>
		</IconStyle>
	</Style>
	<Style id="8346275011">
		<IconStyle>
			<Icon>
				<href>http://maps.google.com/mapfiles/kml/shapes/placemark_circle.png</href>
			</Icon>
		</IconStyle>
	</Style>
	<StyleMap id="87254005">
		<Pair>
			<key>normal</key>
			<styleUrl>#872540050</styleUrl>
		</Pair>
		<Pair>
			<key>highlight</key>
			<styleUrl>#872540051</styleUrl>
		</Pair>
	</StyleMap>
	<Style id="872540050">
		<IconStyle>
			<Icon>
				<href>http://maps.google.com/mapfiles/kml/shapes/placemark_circle.png</href>
			</Icon>
		</IconStyle>
	</Style>
	<Style id="872540051">
		<IconStyle>
			<Icon>
				<href>http://maps.google.com/mapfiles/kml/shapes/placemark_circle.png</href>
			</Icon>
		</IconStyle>
	</Style>
	<Style id="873331136">
		<IconStyle>
			<Icon>
				<href>http://maps.google.com/mapfiles/kml/shapes/placemark_circle.png</href>
			</Icon>
		</IconStyle>
	</Style>
	<Style id="8733311360">
		<IconStyle>
			<Icon>
				<href>http://maps.google.com/mapfiles/kml/shapes/placemark_circle.png</href>
			</Icon>
		</IconStyle>
	</Style>
	<StyleMap id="8733311361">
		<Pair>
			<key>normal</key>
			<styleUrl>#8733311360</styleUrl>
		</Pair>
		<Pair>
			<key>highlight</key>
			<styleUrl>#873331136</styleUrl>
		</Pair>
	</StyleMap>
	<Style id="896161633">
		<IconStyle>
			<Icon>
				<href>http://maps.google.com/mapfiles/kml/shapes/placemark_circle.png</href>
			</Icon>
		</IconStyle>
	</Style>
	<Style id="8961616330">
		<IconStyle>
			<Icon>
				<href>http://maps.google.com/mapfiles/kml/shapes/placemark_circle.png</href>
			</Icon>
		</IconStyle>
	</Style>
	<StyleMap id="8961616331">
		<Pair>
			<key>normal</key>
			<styleUrl>#8961616330</styleUrl>
		</Pair>
		<Pair>
			<key>highlight</key>
			<styleUrl>#896161633</styleUrl>
		</Pair>
	</StyleMap>
	<Style id="902411203">
		<IconStyle>
			<Icon>
				<href>http://maps.google.com/mapfiles/kml/shapes/placemark_circle.png</href>
			</Icon>
		</IconStyle>
	</Style>
	<StyleMap id="9024112030">
		<Pair>
			<key>normal</key>
			<styleUrl>#9024112031</styleUrl>
		</Pair>
		<Pair>
			<key>highlight</key>
			<styleUrl>#902411203</styleUrl>
		</Pair>
	</StyleMap>
	<Style id="9024112031">
		<IconStyle>
			<Icon>
				<href>http://maps.google.com/mapfiles/kml/shapes/placemark_circle.png</href>
			</Icon>
		</IconStyle>
	</Style>
	<Style id="908207727">
		<IconStyle>
			<Icon>
				<href>http://maps.google.com/mapfiles/kml/shapes/placemark_circle.png</href>
			</Icon>
		</IconStyle>
	</Style>
	<StyleMap id="9082077270">
		<Pair>
			<key>normal</key>
			<styleUrl>#9082077271</styleUrl>
		</Pair>
		<Pair>
			<key>highlight</key>
			<styleUrl>#908207727</styleUrl>
		</Pair>
	</StyleMap>
	<Style id="9082077271">
		<IconStyle>
			<Icon>
				<href>http://maps.google.com/mapfiles/kml/shapes/placemark_circle.png</href>
			</Icon>
		</IconStyle>
	</Style>
	<Style id="924107604">
		<IconStyle>
			<Icon>
				<href>http://maps.google.com/mapfiles/kml/shapes/placemark_circle.png</href>
			</Icon>
		</IconStyle>
	</Style>
	<Style id="9241076040">
		<IconStyle>
			<Icon>
				<href>http://maps.google.com/mapfiles/kml/shapes/placemark_circle.png</href>
			</Icon>
		</IconStyle>
	</Style>
	<StyleMap id="9241076041">
		<Pair>
			<key>normal</key>
			<styleUrl>#9241076040</styleUrl>
		</Pair>
		<Pair>
			<key>highlight</key>
			<styleUrl>#924107604</styleUrl>
		</Pair>
	</StyleMap>
	<Style id="928300837">
		<IconStyle>
			<Icon>
				<href>http://maps.google.com/mapfiles/kml/shapes/placemark_circle.png</href>
			</Icon>
		</IconStyle>
	</Style>
	<StyleMap id="9283008370">
		<Pair>
			<key>normal</key>
			<styleUrl>#928300837</styleUrl>
		</Pair>
		<Pair>
			<key>highlight</key>
			<styleUrl>#9283008371</styleUrl>
		</Pair>
	</StyleMap>
	<Style id="9283008371">
		<IconStyle>
			<Icon>
				<href>http://maps.google.com/mapfiles/kml/shapes/placemark_circle.png</href>
			</Icon>
		</IconStyle>
	</Style>
	<Style id="935371289">
		<IconStyle>
			<Icon>
				<href>http://maps.google.com/mapfiles/kml/shapes/placemark_circle.png</href>
			</Icon>
		</IconStyle>
	</Style>
	<Style id="9353712890">
		<IconStyle>
			<Icon>
				<href>http://maps.google.com/mapfiles/kml/shapes/placemark_circle.png</href>
			</Icon>
		</IconStyle>
	</Style>
	<StyleMap id="9353712891">
		<Pair>
			<key>normal</key>
			<styleUrl>#9353712890</styleUrl>
		</Pair>
		<Pair>
			<key>highlight</key>
			<styleUrl>#935371289</styleUrl>
		</Pair>
	</StyleMap>
	<Style id="95231077">
		<IconStyle>
			<Icon>
				<href>http://maps.google.com/mapfiles/kml/shapes/placemark_circle.png</href>
			</Icon>
		</IconStyle>
	</Style>
	<StyleMap id="952310770">
		<Pair>
			<key>normal</key>
			<styleUrl>#95231077</styleUrl>
		</Pair>
		<Pair>
			<key>highlight</key>
			<styleUrl>#952310771</styleUrl>
		</Pair>
	</StyleMap>
	<Style id="952310771">
		<IconStyle>
			<Icon>
				<href>http://maps.google.com/mapfiles/kml/shapes/placemark_circle.png</href>
			</Icon>
		</IconStyle>
	</Style>
	<Style id="986512145">
		<IconStyle>
			<Icon>
				<href>http://maps.google.com/mapfiles/kml/shapes/placemark_circle.png</href>
			</Icon>
		</IconStyle>
	</Style>
	<StyleMap id="9865121450">
		<Pair>
			<key>normal</key>
			<styleUrl>#986512145</styleUrl>
		</Pair>
		<Pair>
			<key>highlight</key>
			<styleUrl>#9865121451</styleUrl>
		</Pair>
	</StyleMap>
	<Style id="9865121451">
		<IconStyle>
			<Icon>
				<href>http://maps.google.com/mapfiles/kml/shapes/placemark_circle.png</href>
			</Icon>
		</IconStyle>
	</Style>
	<StyleMap id="988200684">
		<Pair>
			<key>normal</key>
			<styleUrl>#9882006841</styleUrl>
		</Pair>
		<Pair>
			<key>highlight</key>
			<styleUrl>#9882006840</styleUrl>
		</Pair>
	</StyleMap>
	<Style id="9882006840">
		<IconStyle>
			<Icon>
				<href>http://maps.google.com/mapfiles/kml/shapes/placemark_circle.png</href>
			</Icon>
		</IconStyle>
	</Style>
	<Style id="9882006841">
		<IconStyle>
			<Icon>
				<href>http://maps.google.com/mapfiles/kml/shapes/placemark_circle.png</href>
			</Icon>
		</IconStyle>
	</Style>
	<StyleMap id="msn_placemark_circle">
		<Pair>
			<key>normal</key>
			<styleUrl>#sn_placemark_circle1</styleUrl>
		</Pair>
		<Pair>
			<key>highlight</key>
			<styleUrl>#sh_placemark_circle_highlight1</styleUrl>
		</Pair>
	</StyleMap>
	<StyleMap id="msn_placemark_circle0">
		<Pair>
			<key>normal</key>
			<styleUrl>#sn_placemark_circle</styleUrl>
		</Pair>
		<Pair>
			<key>highlight</key>
			<styleUrl>#sh_placemark_circle_highlight</styleUrl>
		</Pair>
	</StyleMap>
	<StyleMap id="msn_placemark_circle1">
		<Pair>
			<key>normal</key>
			<styleUrl>#sn_placemark_circle0</styleUrl>
		</Pair>
		<Pair>
			<key>highlight</key>
			<styleUrl>#sh_placemark_circle_highlight0</styleUrl>
		</Pair>
	</StyleMap>
	<Style id="sh_placemark_circle_highlight">
		<IconStyle>
			<scale>1.2</scale>
			<Icon>
				<href>http://maps.google.com/mapfiles/kml/shapes/placemark_circle_highlight.png</href>
			</Icon>
		</IconStyle>
	</Style>
	<Style id="sh_placemark_circle_highlight0">
		<IconStyle>
			<scale>1.2</scale>
			<Icon>
				<href>http://maps.google.com/mapfiles/kml/shapes/placemark_circle_highlight.png</href>
			</Icon>
		</IconStyle>
	</Style>
	<Style id="sh_placemark_circle_highlight1">
		<IconStyle>
			<scale>1.2</scale>
			<Icon>
				<href>http://maps.google.com/mapfiles/kml/shapes/placemark_circle_highlight.png</href>
			</Icon>
		</IconStyle>
	</Style>
	<Style id="sn_placemark_circle">
		<IconStyle>
			<scale>1.2</scale>
			<Icon>
				<href>http://maps.google.com/mapfiles/kml/shapes/placemark_circle.png</href>
			</Icon>
		</IconStyle>
	</Style>
	<Style id="sn_placemark_circle0">
		<IconStyle>
			<scale>1.2</scale>
			<Icon>
				<href>http://maps.google.com/mapfiles/kml/shapes/placemark_circle.png</href>
			</Icon>
		</IconStyle>
	</Style>
	<Style id="sn_placemark_circle1">
		<IconStyle>
			<scale>1.2</scale>
			<Icon>
				<href>http://maps.google.com/mapfiles/kml/shapes/placemark_circle.png</href>
			</Icon>
		</IconStyle>
	</Style>
	<Folder>
		<name>Landslide Position</name>
		<Placemark>
			<name>EH-1</name>
			<styleUrl>#2696302851</styleUrl>
			<Point>
				<coordinates>90.40114095686678,28.1936374356145,0</coordinates>
			</Point>
		</Placemark>
		<Placemark>
			<name>EH-2</name>
			<styleUrl>#1125890662</styleUrl>
			<Point>
				<coordinates>90.42853802206191,28.3857069919342,0</coordinates>
			</Point>
		</Placemark>
		<Placemark>
			<name>EH-3</name>
			<styleUrl>#34238044370</styleUrl>
			<Point>
				<coordinates>90.54499903642861,28.3704312318047,0</coordinates>
			</Point>
		</Placemark>
		<Placemark>
			<name>EH-4</name>
			<styleUrl>#31109621321</styleUrl>
			<Point>
				<coordinates>90.71933041,28.421034876,0</coordinates>
			</Point>
		</Placemark>
		<Placemark>
			<name>EH-5</name>
			<styleUrl>#30522922070</styleUrl>
			<Point>
				<coordinates>90.66879608800001,28.443712101,0</coordinates>
			</Point>
		</Placemark>
		<Placemark>
			<name>EH-6</name>
			<styleUrl>#1001227385</styleUrl>
			<Point>
				<coordinates>90.666893407,28.458332405,0</coordinates>
			</Point>
		</Placemark>
		<Placemark>
			<name>EH-7</name>
			<styleUrl>#27927846711</styleUrl>
			<Point>
				<coordinates>90.80613315750252,28.3812389374744,0</coordinates>
			</Point>
		</Placemark>
		<Placemark>
			<name>EH-8</name>
			<styleUrl>#1184447532</styleUrl>
			<Point>
				<coordinates>90.85771498936609,28.4179155087358,0</coordinates>
			</Point>
		</Placemark>
		<Placemark>
			<name>EH-9</name>
			<styleUrl>#12622778071</styleUrl>
			<Point>
				<coordinates>90.8659810626995,28.4249552800192,0</coordinates>
			</Point>
		</Placemark>
		<Placemark>
			<name>EH-10</name>
			<styleUrl>#12209430860</styleUrl>
			<Point>
				<coordinates>90.86428551792871,28.3555224513056,0</coordinates>
			</Point>
		</Placemark>
		<Placemark>
			<name>EH-11</name>
			<styleUrl>#29857282651</styleUrl>
			<Point>
				<coordinates>90.8471342325073,28.4667679175075,0</coordinates>
			</Point>
		</Placemark>
		<Placemark>
			<name>EH-12</name>
			<styleUrl>#19239363940</styleUrl>
			<Point>
				<coordinates>90.8705740958311,28.4505806893799,0</coordinates>
			</Point>
		</Placemark>
		<Placemark>
			<name>EH-13</name>
			<styleUrl>#14369759200</styleUrl>
			<Point>
				<coordinates>90.94291250833901,28.3994671361842,0</coordinates>
			</Point>
		</Placemark>
		<Placemark>
			<name>EH-14</name>
			<styleUrl>#7496011080</styleUrl>
			<Point>
				<coordinates>90.94017775292789,28.4198590959622,0</coordinates>
			</Point>
		</Placemark>
		<Placemark>
			<name>EH-15</name>
			<styleUrl>#38175202371</styleUrl>
			<Point>
				<coordinates>90.93145957218329,28.4746921059423,0</coordinates>
			</Point>
		</Placemark>
		<Placemark>
			<name>EH-16</name>
			<styleUrl>#33862829691</styleUrl>
			<Point>
				<coordinates>90.99027305576691,28.3537403585057,0</coordinates>
			</Point>
		</Placemark>
		<Placemark>
			<name>EH-17</name>
			<styleUrl>#2965788403</styleUrl>
			<Point>
				<coordinates>90.98776614651671,28.3586048653369,0</coordinates>
			</Point>
		</Placemark>
		<Placemark>
			<name>EH-18</name>
			<styleUrl>#42054458381</styleUrl>
			<Point>
				<coordinates>90.98355040171369,28.3679657198288,0</coordinates>
			</Point>
		</Placemark>
		<Placemark>
			<name>EH-19</name>
			<styleUrl>#31312064081</styleUrl>
			<Point>
				<coordinates>90.9951647398796,28.3775035714522,0</coordinates>
			</Point>
		</Placemark>
		<Placemark>
			<name>EH-20</name>
			<styleUrl>#39000991091</styleUrl>
			<Point>
				<coordinates>91.0152818404822,28.3829624606806,0</coordinates>
			</Point>
		</Placemark>
		<Placemark>
			<name>EH-21</name>
			<styleUrl>#13856600711</styleUrl>
			<Point>
				<coordinates>90.96814148493839,28.3223652207515,0</coordinates>
			</Point>
		</Placemark>
		<Placemark>
			<name>EH-22</name>
			<styleUrl>#14828614</styleUrl>
			<Point>
				<coordinates>90.97679078738682,28.2865546588575,0</coordinates>
			</Point>
		</Placemark>
		<Placemark>
			<name>EH-23</name>
			<styleUrl>#40308631350</styleUrl>
			<Point>
				<coordinates>91.0091510914761,28.2771355959396,0</coordinates>
			</Point>
		</Placemark>
		<Placemark>
			<name>EH-24</name>
			<styleUrl>#3297334207</styleUrl>
			<Point>
				<coordinates>90.9973123431288,28.2173489336913,0</coordinates>
			</Point>
		</Placemark>
		<Placemark>
			<name>EH-25</name>
			<styleUrl>#2866321040</styleUrl>
			<Point>
				<coordinates>91.02724006609689,28.1718868878691,0</coordinates>
			</Point>
		</Placemark>
		<Placemark>
			<name>EH-27</name>
			<styleUrl>#5591240950</styleUrl>
			<Point>
				<coordinates>91.1017548117279,28.012948749717,0</coordinates>
			</Point>
		</Placemark>
		<Placemark>
			<name>EH-29</name>
			<styleUrl>#7821120321</styleUrl>
			<Point>
				<coordinates>91.37868757687789,28.4743904021797,0</coordinates>
			</Point>
		</Placemark>
		<Placemark>
			<name>EH-30</name>
			<styleUrl>#4030386923</styleUrl>
			<Point>
				<coordinates>91.22882514429431,28.2878389205546,0</coordinates>
			</Point>
		</Placemark>
		<Placemark>
			<name>EH-31</name>
			<styleUrl>#3469156520</styleUrl>
			<Point>
				<coordinates>91.3579320340677,28.3097811424113,0</coordinates>
			</Point>
		</Placemark>
		<Placemark>
			<name>EH-32</name>
			<styleUrl>#10730624240</styleUrl>
			<Point>
				<coordinates>91.3650692288731,28.3105029606587,0</coordinates>
			</Point>
		</Placemark>
		<Placemark>
			<name>EH-33</name>
			<styleUrl>#1121416227</styleUrl>
			<Point>
				<coordinates>91.283514852558,28.19992402326,0</coordinates>
			</Point>
		</Placemark>
		<Placemark>
			<name>EH-34</name>
			<styleUrl>#26312585051</styleUrl>
			<Point>
				<coordinates>91.35708041990389,28.1728605121041,0</coordinates>
			</Point>
		</Placemark>
		<Placemark>
			<name>EH-35</name>
			<styleUrl>#4264084924</styleUrl>
			<Point>
				<coordinates>91.4052261405463,28.1798930016631,0</coordinates>
			</Point>
		</Placemark>
		<Placemark>
			<name>EH-38</name>
			<styleUrl>#9353712891</styleUrl>
			<Point>
				<coordinates>91.80513546150668,28.0978867413528,0</coordinates>
			</Point>
		</Placemark>
		<Placemark>
			<name>EH-39</name>
			<styleUrl>#764964037</styleUrl>
			<Point>
				<coordinates>91.77951250031479,28.0884845224097,0</coordinates>
			</Point>
		</Placemark>
		<Placemark>
			<name>EH-40</name>
			<styleUrl>#3817729616</styleUrl>
			<Point>
				<coordinates>91.8082392580756,28.1025629076888,0</coordinates>
			</Point>
		</Placemark>
		<Placemark>
			<name>EH-41</name>
			<styleUrl>#24575432041</styleUrl>
			<Point>
				<coordinates>91.8205589055683,28.1144923082385,0</coordinates>
			</Point>
		</Placemark>
		<Placemark>
			<name>EH-42</name>
			<styleUrl>#42663804890</styleUrl>
			<Point>
				<coordinates>91.8386102589306,28.1312588828088,0</coordinates>
			</Point>
		</Placemark>
		<Placemark>
			<name>EH-43</name>
			<styleUrl>#1494217401</styleUrl>
			<Point>
				<coordinates>91.799973205328,27.99318138573,0</coordinates>
			</Point>
		</Placemark>
		<Placemark>
			<name>EH-44</name>
			<styleUrl>#154785581</styleUrl>
			<Point>
				<coordinates>91.7835831217653,27.8691051412284,0</coordinates>
			</Point>
		</Placemark>
		<Placemark>
			<name>EH-45</name>
			<styleUrl>#26136663851</styleUrl>
			<Point>
				<coordinates>91.7417153988666,28.4113768506097,0</coordinates>
			</Point>
		</Placemark>
		<Placemark>
			<name>EH-46</name>
			<styleUrl>#34014590761</styleUrl>
			<Point>
				<coordinates>91.88047164271381,28.5014497834729,0</coordinates>
			</Point>
		</Placemark>
		<Placemark>
			<name>EH-47</name>
			<styleUrl>#15275999601</styleUrl>
			<Point>
				<coordinates>91.8504488024787,28.34564213519,0</coordinates>
			</Point>
		</Placemark>
		<Placemark>
			<name>EH-48</name>
			<styleUrl>#31818522990</styleUrl>
			<Point>
				<coordinates>92.1258745318398,28.3694212595125,0</coordinates>
			</Point>
		</Placemark>
		<Placemark>
			<name>EH-49</name>
			<styleUrl>#41942200200</styleUrl>
			<Point>
				<coordinates>92.264283533731,28.232164449818,0</coordinates>
			</Point>
		</Placemark>
		<Placemark>
			<name>EH-50</name>
			<styleUrl>#11789899300</styleUrl>
			<Point>
				<coordinates>92.3022809661062,28.2139608630389,0</coordinates>
			</Point>
		</Placemark>
		<Placemark>
			<name>EH-51</name>
			<styleUrl>#7943332391</styleUrl>
			<Point>
				<coordinates>92.28864292954081,28.2177537443896,0</coordinates>
			</Point>
		</Placemark>
		<Placemark>
			<name>EH-52</name>
			<styleUrl>#1364610171</styleUrl>
			<Point>
				<coordinates>92.3589501231579,28.1877791255857,0</coordinates>
			</Point>
		</Placemark>
		<Placemark>
			<name>EH-53</name>
			<styleUrl>#3414417801</styleUrl>
			<Point>
				<coordinates>92.3810742760803,28.0727688635162,0</coordinates>
			</Point>
		</Placemark>
		<Placemark>
			<name>EH-54</name>
			<styleUrl>#31919534040</styleUrl>
			<Point>
				<coordinates>92.0267006639975,27.8732528072599,0</coordinates>
			</Point>
		</Placemark>
		<Placemark>
			<name>EH-55</name>
			<styleUrl>#15824195300</styleUrl>
			<Point>
				<coordinates>91.9002184082166,27.6909649348679,0</coordinates>
			</Point>
		</Placemark>
		<Placemark>
			<name>EH-56</name>
			<styleUrl>#1917962790</styleUrl>
			<Point>
				<coordinates>92.0796173095641,27.7380437157037,0</coordinates>
			</Point>
		</Placemark>
		<Placemark>
			<name>EH-57</name>
			<styleUrl>#18569630891</styleUrl>
			<Point>
				<coordinates>92.12481452079902,27.906492888766,0</coordinates>
			</Point>
		</Placemark>
		<Placemark>
			<name>EH-58</name>
			<styleUrl>#19277203250</styleUrl>
			<Point>
				<coordinates>92.21459614098632,27.8382515157166,0</coordinates>
			</Point>
		</Placemark>
		<Placemark>
			<name>EH-59</name>
			<styleUrl>#2144562251</styleUrl>
			<Point>
				<coordinates>92.2588272260342,27.649335230829,0</coordinates>
			</Point>
		</Placemark>
		<Placemark>
			<name>EH-60</name>
			<styleUrl>#27658622190</styleUrl>
			<Point>
				<coordinates>92.22097872004311,27.6530804616921,0</coordinates>
			</Point>
		</Placemark>
		<Placemark>
			<name>EH-62</name>
			<styleUrl>#13483008031</styleUrl>
			<Point>
				<coordinates>92.3347038491503,27.4614803377918,0</coordinates>
			</Point>
		</Placemark>
		<Placemark>
			<name>EH-63</name>
			<styleUrl>#40776147360</styleUrl>
			<Point>
				<coordinates>92.32911767867179,27.4321558848202,0</coordinates>
			</Point>
		</Placemark>
		<Placemark>
			<name>EH-64</name>
			<styleUrl>#42418607051</styleUrl>
			<Point>
				<coordinates>92.553712990325,27.3327995530261,0</coordinates>
			</Point>
		</Placemark>
		<Placemark>
			<name>EH-65</name>
			<styleUrl>#4029158427</styleUrl>
			<Point>
				<coordinates>92.33522595813412,27.159339832368,0</coordinates>
			</Point>
		</Placemark>
		<Placemark>
			<name>EH-66</name>
			<styleUrl>#37332426250</styleUrl>
			<Point>
				<coordinates>92.38362262185929,27.6293263547611,0</coordinates>
			</Point>
		</Placemark>
		<Placemark>
			<name>EH-67</name>
			<styleUrl>#2224738247</styleUrl>
			<Point>
				<coordinates>92.41272388812089,27.630567431035,0</coordinates>
			</Point>
		</Placemark>
		<Placemark>
			<name>EH-68</name>
			<styleUrl>#19035893651</styleUrl>
			<Point>
				<coordinates>92.3154645781114,27.9483138128399,0</coordinates>
			</Point>
		</Placemark>
		<Placemark>
			<name>EH-69</name>
			<styleUrl>#795068561</styleUrl>
			<Point>
				<coordinates>92.3185196841947,27.9516789274313,0</coordinates>
			</Point>
		</Placemark>
		<Placemark>
			<name>EH-70</name>
			<styleUrl>#11445926710</styleUrl>
			<Point>
				<coordinates>92.4965446972119,27.9345989496225,0</coordinates>
			</Point>
		</Placemark>
		<Placemark>
			<name>EH-71</name>
			<styleUrl>#8961616331</styleUrl>
			<Point>
				<coordinates>92.5668448207111,28.4009262608569,0</coordinates>
			</Point>
		</Placemark>
		<Placemark>
			<name>EH-72</name>
			<styleUrl>#3038721561</styleUrl>
			<Point>
				<coordinates>92.6036207487371,28.4411865648459,0</coordinates>
			</Point>
		</Placemark>
		<Placemark>
			<name>EH-73</name>
			<styleUrl>#27816440570</styleUrl>
			<Point>
				<coordinates>92.61241674447611,28.4407204450063,0</coordinates>
			</Point>
		</Placemark>
		<Placemark>
			<name>EH-74</name>
			<styleUrl>#32242479511</styleUrl>
			<Point>
				<coordinates>92.5931296651778,28.3631400266022,0</coordinates>
			</Point>
		</Placemark>
		<Placemark>
			<name>EH-75</name>
			<styleUrl>#36522294580</styleUrl>
			<Point>
				<coordinates>92.61799654796728,28.3970788292007,0</coordinates>
			</Point>
		</Placemark>
		<Placemark>
			<name>EH-76</name>
			<styleUrl>#29568399890</styleUrl>
			<Point>
				<coordinates>92.6543637795094,28.3904429490308,0</coordinates>
			</Point>
		</Placemark>
		<Placemark>
			<name>EH-77</name>
			<styleUrl>#3736168050</styleUrl>
			<Point>
				<coordinates>92.66656598361369,28.4150648836507,0</coordinates>
			</Point>
		</Placemark>
		<Placemark>
			<name>EH-78</name>
			<styleUrl>#12991206550</styleUrl>
			<Point>
				<coordinates>92.6573703650113,28.4334682291082,0</coordinates>
			</Point>
		</Placemark>
		<Placemark>
			<name>EH-79</name>
			<styleUrl>#1927622665</styleUrl>
			<Point>
				<coordinates>92.6597920999839,28.44220201231551,0</coordinates>
			</Point>
		</Placemark>
		<Placemark>
			<name>EH-80</name>
			<styleUrl>#3762941226</styleUrl>
			<Point>
				<coordinates>92.680304862292,28.39405747919,0</coordinates>
			</Point>
		</Placemark>
		<Placemark>
			<name>EH-81</name>
			<styleUrl>#40255667451</styleUrl>
			<Point>
				<coordinates>92.68889076159439,28.4183231703448,0</coordinates>
			</Point>
		</Placemark>
		<Placemark>
			<name>EH-82</name>
			<styleUrl>#8073482580</styleUrl>
			<Point>
				<coordinates>92.6897206372453,28.3985311585024,0</coordinates>
			</Point>
		</Placemark>
		<Placemark>
			<name>EH-83</name>
			<styleUrl>#24846022510</styleUrl>
			<Point>
				<coordinates>92.7034261680367,28.3730863512175,0</coordinates>
			</Point>
		</Placemark>
		<Placemark>
			<name>EH-84</name>
			<styleUrl>#17173697201</styleUrl>
			<Point>
				<coordinates>92.72255421506921,28.3692646873479,0</coordinates>
			</Point>
		</Placemark>
		<Placemark>
			<name>EH-85</name>
			<styleUrl>#17520907391</styleUrl>
			<Point>
				<coordinates>92.7421135406515,28.3898223461795,0</coordinates>
			</Point>
		</Placemark>
		<Placemark>
			<name>EH-87</name>
			<styleUrl>#1640427601</styleUrl>
			<Point>
				<coordinates>92.7539579655043,28.3677216442553,0</coordinates>
			</Point>
		</Placemark>
		<Placemark>
			<name>EH-88</name>
			<styleUrl>#1386471378</styleUrl>
			<Point>
				<coordinates>92.75710962187711,28.3664406690989,0</coordinates>
			</Point>
		</Placemark>
		<Placemark>
			<name>EH-89</name>
			<styleUrl>#258253543</styleUrl>
			<Point>
				<coordinates>92.7721257405266,28.3607986593794,0</coordinates>
			</Point>
		</Placemark>
		<Placemark>
			<name>EH-90</name>
			<styleUrl>#30557265411</styleUrl>
			<Point>
				<coordinates>92.7627581423058,28.3421942186556,0</coordinates>
			</Point>
		</Placemark>
		<Placemark>
			<name>EH-91</name>
			<styleUrl>#25056405211</styleUrl>
			<Point>
				<coordinates>92.7919434751294,28.3430428214541,0</coordinates>
			</Point>
		</Placemark>
		<Placemark>
			<name>EH-92</name>
			<styleUrl>#2432771025</styleUrl>
			<Point>
				<coordinates>92.68701809230389,28.3539044882314,0</coordinates>
			</Point>
		</Placemark>
		<Placemark>
			<name>EH-93</name>
			<styleUrl>#20883117630</styleUrl>
			<Point>
				<coordinates>93.17890717318402,28.4300833533113,0</coordinates>
			</Point>
		</Placemark>
		<Placemark>
			<name>EH-94</name>
			<styleUrl>#3194092618</styleUrl>
			<Point>
				<coordinates>94.12987541368729,28.1143069081244,0</coordinates>
			</Point>
		</Placemark>
		<Placemark>
			<name>EH-95</name>
			<styleUrl>#42131334850</styleUrl>
			<Point>
				<coordinates>92.5162792350762,28.2500851029621,0</coordinates>
			</Point>
		</Placemark>
		<Placemark>
			<name>EH-96</name>
			<styleUrl>#609642310</styleUrl>
			<Point>
				<coordinates>92.5234324957846,28.2656663922751,0</coordinates>
			</Point>
		</Placemark>
		<Placemark>
			<name>EH-97</name>
			<styleUrl>#1380789523</styleUrl>
			<Point>
				<coordinates>92.52661795881221,28.2019194614343,0</coordinates>
			</Point>
		</Placemark>
		<Placemark>
			<name>EH-98</name>
			<styleUrl>#20923141310</styleUrl>
			<Point>
				<coordinates>92.64675591439961,28.2094785205761,0</coordinates>
			</Point>
		</Placemark>
		<Placemark>
			<name>EH-99</name>
			<styleUrl>#5686906121</styleUrl>
			<Point>
				<coordinates>92.6565585080744,28.2355537587291,0</coordinates>
			</Point>
		</Placemark>
		<Placemark>
			<name>EH-100</name>
			<styleUrl>#3094252714</styleUrl>
			<Point>
				<coordinates>92.62458078402111,28.283288866297,0</coordinates>
			</Point>
		</Placemark>
		<Placemark>
			<name>EH-101</name>
			<styleUrl>#1435070084</styleUrl>
			<Point>
				<coordinates>92.59480744012448,28.2881863472542,0</coordinates>
			</Point>
		</Placemark>
		<Placemark>
			<name>EH-103</name>
			<styleUrl>#21170082981</styleUrl>
			<Point>
				<coordinates>92.62036512151531,28.270444125541,0</coordinates>
			</Point>
		</Placemark>
		<Placemark>
			<name>EH-104</name>
			<styleUrl>#26902877021</styleUrl>
			<Point>
				<coordinates>92.6242972169571,28.2679782137168,0</coordinates>
			</Point>
		</Placemark>
		<Placemark>
			<name>EH-105</name>
			<styleUrl>#17757255861</styleUrl>
			<Point>
				<coordinates>93.04906265328729,27.9407076726585,0</coordinates>
			</Point>
		</Placemark>
		<Placemark>
			<name>EH-106</name>
			<styleUrl>#30317094030</styleUrl>
			<Point>
				<coordinates>93.5722015371355,27.9798052515881,0</coordinates>
			</Point>
		</Placemark>
		<Placemark>
			<name>EH-107</name>
			<styleUrl>#581024190</styleUrl>
			<Point>
				<coordinates>93.6319414576425,27.8989168609167,0</coordinates>
			</Point>
		</Placemark>
		<Placemark>
			<name>EH-108</name>
			<styleUrl>#24268103830</styleUrl>
			<Point>
				<coordinates>93.83658275114172,27.9353455930057,0</coordinates>
			</Point>
		</Placemark>
		<Placemark>
			<name>EH-109</name>
			<styleUrl>#2558913800</styleUrl>
			<Point>
				<coordinates>92.8718371865309,27.2601557549923,0</coordinates>
			</Point>
		</Placemark>
		<Placemark>
			<name>EH-110</name>
			<styleUrl>#3847602049</styleUrl>
			<Point>
				<coordinates>93.02025490846449,27.1451517178629,0</coordinates>
			</Point>
		</Placemark>
		<Placemark>
			<name>EH-111</name>
			<styleUrl>#33187016050</styleUrl>
			<Point>
				<coordinates>93.05794782094731,27.0329827782593,0</coordinates>
			</Point>
		</Placemark>
		<Placemark>
			<name>EH-112</name>
			<styleUrl>#8733311361</styleUrl>
			<Point>
				<coordinates>93.0614440117659,27.0379644594873,0</coordinates>
			</Point>
		</Placemark>
		<Placemark>
			<name>EH-113</name>
			<styleUrl>#1113217980</styleUrl>
			<Point>
				<coordinates>93.3490819294783,27.2411123140685,0</coordinates>
			</Point>
		</Placemark>
		<Placemark>
			<name>EH-114</name>
			<styleUrl>#605913769</styleUrl>
			<Point>
				<coordinates>93.55928487493981,27.138234235707,0</coordinates>
			</Point>
		</Placemark>
		<Placemark>
			<name>EH-115</name>
			<styleUrl>#4048214538</styleUrl>
			<Point>
				<coordinates>93.6534625609404,27.2028232181159,0</coordinates>
			</Point>
		</Placemark>
		<Placemark>
			<name>EH-116</name>
			<styleUrl>#1091489680</styleUrl>
			<Point>
				<coordinates>93.723791597755,27.2218083087868,0</coordinates>
			</Point>
		</Placemark>
		<Placemark>
			<name>EH-117</name>
			<styleUrl>#282689098</styleUrl>
			<Point>
				<coordinates>93.8772102767074,29.14931431989771,0</coordinates>
			</Point>
		</Placemark>
		<Placemark>
			<name>EH-118</name>
			<styleUrl>#1052927489</styleUrl>
			<Point>
				<coordinates>94.0615243745612,29.3425677486034,0</coordinates>
			</Point>
		</Placemark>
		<Placemark>
			<name>EH-120</name>
			<styleUrl>#2705846650</styleUrl>
			<Point>
				<coordinates>94.51676738050888,29.2278059166261,0</coordinates>
			</Point>
		</Placemark>
		<Placemark>
			<name>EH-121</name>
			<styleUrl>#13489774600</styleUrl>
			<Point>
				<coordinates>94.27901154453551,29.4921585049043,0</coordinates>
			</Point>
		</Placemark>
		<Placemark>
			<name>EH-122</name>
			<styleUrl>#719846282</styleUrl>
			<Point>
				<coordinates>94.3976177355409,29.6310092705242,0</coordinates>
			</Point>
		</Placemark>
		<Placemark>
			<name>EH-123</name>
			<styleUrl>#55460370</styleUrl>
			<Point>
				<coordinates>94.84866478765269,29.5801766029224,0</coordinates>
			</Point>
		</Placemark>
		<Placemark>
			<name>EH-124</name>
			<styleUrl>#10226450731</styleUrl>
			<Point>
				<coordinates>94.9524738739544,29.5358276009494,0</coordinates>
			</Point>
		</Placemark>
		<Placemark>
			<name>EH-125</name>
			<styleUrl>#24104555071</styleUrl>
			<Point>
				<coordinates>94.92971440928811,29.5707552584126,0</coordinates>
			</Point>
		</Placemark>
		<Placemark>
			<name>EH-127</name>
			<styleUrl>#1698924601</styleUrl>
			<Point>
				<coordinates>94.9113838542891,29.77278992924809,0</coordinates>
			</Point>
		</Placemark>
		<Placemark>
			<name>EH-128</name>
			<styleUrl>#33109176131</styleUrl>
			<Point>
				<coordinates>94.96114685529479,29.792528274873,0</coordinates>
			</Point>
		</Placemark>
		<Placemark>
			<name>EH-129</name>
			<styleUrl>#3321817661</styleUrl>
			<Point>
				<coordinates>95.0416976797093,29.7279242250693,0</coordinates>
			</Point>
		</Placemark>
		<Placemark>
			<name>EH-130</name>
			<styleUrl>#1005037940</styleUrl>
			<Point>
				<coordinates>95.1587972001165,29.800738623246,0</coordinates>
			</Point>
		</Placemark>
		<Placemark>
			<name>EH-133</name>
			<styleUrl>#41702726620</styleUrl>
			<Point>
				<coordinates>95.2867107332246,29.8653957792249,0</coordinates>
			</Point>
		</Placemark>
		<Placemark>
			<name>EH-139</name>
			<styleUrl>#10195939081</styleUrl>
			<Point>
				<coordinates>95.2998157424984,29.7203642132049,0</coordinates>
			</Point>
		</Placemark>
		<Placemark>
			<name>EH-142</name>
			<styleUrl>#9082077270</styleUrl>
			<Point>
				<coordinates>95.42271018531331,29.7252700831167,0</coordinates>
			</Point>
		</Placemark>
		<Placemark>
			<name>EH-144</name>
			<styleUrl>#3303529171</styleUrl>
			<Point>
				<coordinates>95.3731629806269,29.6430945457326,0</coordinates>
			</Point>
		</Placemark>
		<Placemark>
			<name>EH-145</name>
			<styleUrl>#20384677251</styleUrl>
			<Point>
				<coordinates>95.3973290266547,29.5947737604694,0</coordinates>
			</Point>
		</Placemark>
		<Placemark>
			<name>EH-146</name>
			<styleUrl>#10822687281</styleUrl>
			<Point>
				<coordinates>95.35972062548331,29.5800234646808,0</coordinates>
			</Point>
		</Placemark>
		<Placemark>
			<name>EH-149</name>
			<styleUrl>#38221604291</styleUrl>
			<Point>
				<coordinates>95.47762173478002,29.4987761718115,0</coordinates>
			</Point>
		</Placemark>
		<Placemark>
			<name>EH-150</name>
			<styleUrl>#1310987710</styleUrl>
			<Point>
				<coordinates>95.4690544503502,29.4749434674885,0</coordinates>
			</Point>
		</Placemark>
		<Placemark>
			<name>EH-151</name>
			<styleUrl>#450122191</styleUrl>
			<Point>
				<coordinates>95.3418040402232,29.4787625087026,0</coordinates>
			</Point>
		</Placemark>
		<Placemark>
			<name>153</name>
			<open>1</open>
			<LookAt>
				<longitude>95.37780000189584</longitude>
				<latitude>29.36112155874766</latitude>
				<altitude>0</altitude>
				<heading>-15.1314464003992</heading>
				<tilt>41.16204758781855</tilt>
				<range>1518.845429569221</range>
				<gx:altitudeMode>relativeToSeaFloor</gx:altitudeMode>
			</LookAt>
			<styleUrl>#msn_placemark_circle0</styleUrl>
			<Point>
				<gx:drawOrder>1</gx:drawOrder>
				<coordinates>95.37657692350969,29.36197836779017,0</coordinates>
			</Point>
		</Placemark>
		<Placemark>
			<name>EH-155</name>
			<styleUrl>#516154916</styleUrl>
			<Point>
				<coordinates>95.2673449800335,29.2564063084296,0</coordinates>
			</Point>
		</Placemark>
		<Placemark>
			<name>EH-156</name>
			<styleUrl>#24196005301</styleUrl>
			<Point>
				<coordinates>95.1584114479644,29.2769148256965,0</coordinates>
			</Point>
		</Placemark>
		<Placemark>
			<name>EH-159</name>
			<styleUrl>#30822834871</styleUrl>
			<Point>
				<coordinates>95.15679258171268,29.2173933572616,0</coordinates>
			</Point>
		</Placemark>
		<Placemark>
			<name>EH-160</name>
			<styleUrl>#31757751180</styleUrl>
			<Point>
				<coordinates>95.07839113285669,29.1962290806564,0</coordinates>
			</Point>
		</Placemark>
		<Placemark>
			<name>EH-161</name>
			<styleUrl>#30835240820</styleUrl>
			<Point>
				<coordinates>95.04741301830438,29.1008047387051,0</coordinates>
			</Point>
		</Placemark>
		<Placemark>
			<name>EH-163</name>
			<styleUrl>#3778169711</styleUrl>
			<Point>
				<coordinates>94.71579679945359,28.9528539726515,0</coordinates>
			</Point>
		</Placemark>
		<Placemark>
			<name>EH-165</name>
			<styleUrl>#2242163967</styleUrl>
			<Point>
				<coordinates>95.08731661110011,28.520305090715,0</coordinates>
			</Point>
		</Placemark>
		<Placemark>
			<name>EH-166</name>
			<styleUrl>#32949578910</styleUrl>
			<Point>
				<coordinates>95.2353381704628,28.2373930556975,0</coordinates>
			</Point>
		</Placemark>
		<Placemark>
			<name>EH-167</name>
			<styleUrl>#743333881</styleUrl>
			<Point>
				<coordinates>95.1686345503842,28.2649542769627,0</coordinates>
			</Point>
		</Placemark>
		<Placemark>
			<name>EH-169</name>
			<styleUrl>#12421311870</styleUrl>
			<Point>
				<coordinates>96.8016116858216,28.0364511038257,0</coordinates>
			</Point>
		</Placemark>
		<Placemark>
			<name>EH-170</name>
			<styleUrl>#31869383981</styleUrl>
			<Point>
				<coordinates>96.81964170394109,27.9455119332089,0</coordinates>
			</Point>
		</Placemark>
		<Placemark>
			<name>EH-171</name>
			<styleUrl>#2737923500</styleUrl>
			<Point>
				<coordinates>96.825087521691,27.9149905137869,0</coordinates>
			</Point>
		</Placemark>
		<Placemark>
			<name>EH-172</name>
			<styleUrl>#1485311835</styleUrl>
			<Point>
				<coordinates>96.8636846689093,27.8925202286679,0</coordinates>
			</Point>
		</Placemark>
		<Placemark>
			<name>EH-173</name>
			<styleUrl>#165143753</styleUrl>
			<Point>
				<coordinates>96.8890969585449,27.8984445304269,0</coordinates>
			</Point>
		</Placemark>
		<Placemark>
			<name>EH-174</name>
			<styleUrl>#24170749810</styleUrl>
			<Point>
				<coordinates>96.90370217269368,27.9298130613735,0</coordinates>
			</Point>
		</Placemark>
		<Placemark>
			<name>EH-175</name>
			<styleUrl>#832612792</styleUrl>
			<Point>
				<coordinates>96.93068264735021,28.0215682258012,0</coordinates>
			</Point>
		</Placemark>
		<Placemark>
			<name>EH-177</name>
			<styleUrl>#1607549868</styleUrl>
			<Point>
				<coordinates>96.99160241171042,28.1477580671883,0</coordinates>
			</Point>
		</Placemark>
		<Placemark>
			<name>EH-178</name>
			<styleUrl>#2801255218</styleUrl>
			<Point>
				<coordinates>96.99466163950579,28.2003768892503,0</coordinates>
			</Point>
		</Placemark>
		<Placemark>
			<name>EH-179</name>
			<styleUrl>#40780745180</styleUrl>
			<Point>
				<coordinates>97.0997403075787,28.4263136017637,0</coordinates>
			</Point>
		</Placemark>
		<Placemark>
			<name>EH-180</name>
			<styleUrl>#40100838420</styleUrl>
			<Point>
				<coordinates>97.1582048944437,28.60889389693,0</coordinates>
			</Point>
		</Placemark>
		<Placemark>
			<name>EH-182</name>
			<styleUrl>#4238166484</styleUrl>
			<Point>
				<coordinates>96.95881526962029,28.6039459752952,0</coordinates>
			</Point>
		</Placemark>
		<Placemark>
			<name>EH-183</name>
			<styleUrl>#11222686891</styleUrl>
			<Point>
				<coordinates>96.8101411440894,29.0148792900623,0</coordinates>
			</Point>
		</Placemark>
		<Placemark>
			<name>EH-184</name>
			<styleUrl>#3148404762</styleUrl>
			<Point>
				<coordinates>96.91890572205779,29.0382745197504,0</coordinates>
			</Point>
		</Placemark>
		<Placemark>
			<name>EH-185</name>
			<styleUrl>#30220699970</styleUrl>
			<Point>
				<coordinates>96.80466150527408,29.1100230612614,0</coordinates>
			</Point>
		</Placemark>
		<Placemark>
			<name>EH-186</name>
			<styleUrl>#38309628971</styleUrl>
			<Point>
				<coordinates>95.75945892995649,28.3083769391395,0</coordinates>
			</Point>
		</Placemark>
		<Placemark>
			<name>EH-187</name>
			<styleUrl>#41618939930</styleUrl>
			<Point>
				<coordinates>95.73635904891771,28.3382103948818,0</coordinates>
			</Point>
		</Placemark>
		<Placemark>
			<name>EH-188</name>
			<styleUrl>#3977113581</styleUrl>
			<Point>
				<coordinates>95.8043378307862,28.3216563173756,0</coordinates>
			</Point>
		</Placemark>
		<Placemark>
			<name>EH-189</name>
			<styleUrl>#1281923790</styleUrl>
			<Point>
				<coordinates>95.79877176622639,28.3341465028377,0</coordinates>
			</Point>
		</Placemark>
		<Placemark>
			<name>EH-190</name>
			<styleUrl>#38196030541</styleUrl>
			<Point>
				<coordinates>95.75726522377758,28.4608575797782,0</coordinates>
			</Point>
		</Placemark>
		<Placemark>
			<name>EH-191</name>
			<styleUrl>#4957639911</styleUrl>
			<Point>
				<coordinates>95.82595631953259,28.4021441242228,0</coordinates>
			</Point>
		</Placemark>
		<Placemark>
			<name>EH-192</name>
			<styleUrl>#6228817210</styleUrl>
			<Point>
				<coordinates>95.90982196003769,28.3789623975773,0</coordinates>
			</Point>
		</Placemark>
		<Placemark>
			<name>EH-193</name>
			<styleUrl>#1469410440</styleUrl>
			<Point>
				<coordinates>96.0362279730854,28.2796651870609,0</coordinates>
			</Point>
		</Placemark>
		<Placemark>
			<name>EH-194</name>
			<styleUrl>#24767219131</styleUrl>
			<Point>
				<coordinates>96.05601070045719,28.2184953391753,0</coordinates>
			</Point>
		</Placemark>
		<Placemark>
			<name>EH-195</name>
			<styleUrl>#988200684</styleUrl>
			<Point>
				<coordinates>96.0839880012541,28.2837422803433,0</coordinates>
			</Point>
		</Placemark>
		<Placemark>
			<name>EH-196</name>
			<styleUrl>#6302260341</styleUrl>
			<Point>
				<coordinates>96.09299420596969,28.2833860355915,0</coordinates>
			</Point>
		</Placemark>
		<Placemark>
			<name>EH-197</name>
			<styleUrl>#17795365211</styleUrl>
			<Point>
				<coordinates>96.11541220234122,28.2524321414515,0</coordinates>
			</Point>
		</Placemark>
		<Placemark>
			<name>EH-198</name>
			<styleUrl>#40762449621</styleUrl>
			<Point>
				<coordinates>96.1323353773731,28.3109001005003,0</coordinates>
			</Point>
		</Placemark>
		<Placemark>
			<name>EH-199</name>
			<styleUrl>#37260314090</styleUrl>
			<Point>
				<coordinates>96.34195184872162,28.2220936264871,0</coordinates>
			</Point>
		</Placemark>
		<Placemark>
			<name>EH-200</name>
			<styleUrl>#9241076041</styleUrl>
			<Point>
				<coordinates>96.32197250240019,28.1414943308786,0</coordinates>
			</Point>
		</Placemark>
		<Placemark>
			<name>EH-201</name>
			<styleUrl>#23034732330</styleUrl>
			<Point>
				<coordinates>96.2919865159182,28.5383194119049,0</coordinates>
			</Point>
		</Placemark>
		<Placemark>
			<name>EH-202</name>
			<styleUrl>#19339830960</styleUrl>
			<Point>
				<coordinates>96.2646525086044,28.5288116677015,0</coordinates>
			</Point>
		</Placemark>
		<Placemark>
			<name>EH-203</name>
			<styleUrl>#27010484360</styleUrl>
			<Point>
				<coordinates>96.1587318520766,28.6838494993176,0</coordinates>
			</Point>
		</Placemark>
		<Placemark>
			<name>EH-205</name>
			<styleUrl>#9865121450</styleUrl>
			<Point>
				<coordinates>95.85877597204498,28.5793861541622,0</coordinates>
			</Point>
		</Placemark>
		<Placemark>
			<name>EH-207</name>
			<styleUrl>#42794610941</styleUrl>
			<Point>
				<coordinates>95.8533622182934,28.528446716831,0</coordinates>
			</Point>
		</Placemark>
		<Placemark>
			<name>EH-208</name>
			<styleUrl>#1865149798</styleUrl>
			<Point>
				<coordinates>95.83456869264091,28.5209529995862,0</coordinates>
			</Point>
		</Placemark>
		<Placemark>
			<name>EH-209</name>
			<styleUrl>#445100410</styleUrl>
			<Point>
				<coordinates>95.90049928454349,28.8230663453747,0</coordinates>
			</Point>
		</Placemark>
		<Placemark>
			<name>EH-210</name>
			<styleUrl>#22307175110</styleUrl>
			<Point>
				<coordinates>95.95723091298601,28.9194317600033,0</coordinates>
			</Point>
		</Placemark>
		<Placemark>
			<name>EH-211</name>
			<styleUrl>#3520872440</styleUrl>
			<Point>
				<coordinates>95.9583197481743,28.9291074336843,0</coordinates>
			</Point>
		</Placemark>
		<Placemark>
			<name>EH-212</name>
			<styleUrl>#1535819311</styleUrl>
			<Point>
				<coordinates>95.99401684388748,29.0491609494749,0</coordinates>
			</Point>
		</Placemark>
		<Placemark>
			<name>EH-213</name>
			<styleUrl>#18416482110</styleUrl>
			<Point>
				<coordinates>96.3114623171993,29.0654804095684,0</coordinates>
			</Point>
		</Placemark>
		<Placemark>
			<name>EH-214</name>
			<styleUrl>#3663979453</styleUrl>
			<Point>
				<coordinates>96.3731268460695,29.115991239728,0</coordinates>
			</Point>
		</Placemark>
		<Placemark>
			<name>EH-216</name>
			<styleUrl>#2902922131</styleUrl>
			<Point>
				<coordinates>95.13502445875432,29.895396506915,0</coordinates>
			</Point>
		</Placemark>
		<Placemark>
			<name>EH-217</name>
			<styleUrl>#383163940</styleUrl>
			<Point>
				<coordinates>95.0928770274666,29.9085406189959,0</coordinates>
			</Point>
		</Placemark>
		<Placemark>
			<name>EH-218</name>
			<styleUrl>#3554188260</styleUrl>
			<Point>
				<coordinates>95.07309992710429,29.9189425829692,0</coordinates>
			</Point>
		</Placemark>
		<Placemark>
			<name>EH-219</name>
			<styleUrl>#3795466655</styleUrl>
			<Point>
				<coordinates>95.0907496182045,29.9336794834552,0</coordinates>
			</Point>
		</Placemark>
		<Placemark>
			<name>EH-220</name>
			<styleUrl>#34369007831</styleUrl>
			<Point>
				<coordinates>95.09789533986051,29.9461230916914,0</coordinates>
			</Point>
		</Placemark>
		<Placemark>
			<name>EH-222</name>
			<styleUrl>#1170781411</styleUrl>
			<Point>
				<coordinates>95.0675969860124,29.9619043760521,0</coordinates>
			</Point>
		</Placemark>
		<Placemark>
			<name>EH-223</name>
			<styleUrl>#37124912260</styleUrl>
			<Point>
				<coordinates>95.08053128458272,29.9749412930585,0</coordinates>
			</Point>
		</Placemark>
		<Placemark>
			<name>EH-224</name>
			<styleUrl>#17819603180</styleUrl>
			<Point>
				<coordinates>95.06745859637499,29.9846326797229,0</coordinates>
			</Point>
		</Placemark>
		<Placemark>
			<name>EH-225</name>
			<styleUrl>#22015450831</styleUrl>
			<Point>
				<coordinates>95.06317088760869,30.0002035997543,0</coordinates>
			</Point>
		</Placemark>
		<Placemark>
			<name>EH-226</name>
			<styleUrl>#42448813030</styleUrl>
			<Point>
				<coordinates>95.03649081546649,29.9943684717489,0</coordinates>
			</Point>
		</Placemark>
		<Placemark>
			<name>EH-227</name>
			<styleUrl>#267449036</styleUrl>
			<Point>
				<coordinates>95.02620627655851,30.0023449166951,0</coordinates>
			</Point>
		</Placemark>
		<Placemark>
			<name>EH-229</name>
			<styleUrl>#15533144580</styleUrl>
			<Point>
				<coordinates>95.04243132418631,30.0159207484044,0</coordinates>
			</Point>
		</Placemark>
		<Placemark>
			<name>EH-230</name>
			<styleUrl>#36682423771</styleUrl>
			<Point>
				<coordinates>95.02214737340751,30.0303776870623,0</coordinates>
			</Point>
		</Placemark>
		<Placemark>
			<name>EH-231</name>
			<styleUrl>#33412518571</styleUrl>
			<Point>
				<coordinates>95.1487364626405,30.0907610870102,0</coordinates>
			</Point>
		</Placemark>
		<Placemark>
			<name>EH-232</name>
			<styleUrl>#6815583201</styleUrl>
			<Point>
				<coordinates>95.46778309959922,30.2780218976466,0</coordinates>
			</Point>
		</Placemark>
		<Placemark>
			<name>EH-233</name>
			<styleUrl>#2536238376</styleUrl>
			<Point>
				<coordinates>95.37032436500351,29.9202042256417,0</coordinates>
			</Point>
		</Placemark>
		<Placemark>
			<name>EH-234</name>
			<styleUrl>#3107021541</styleUrl>
			<Point>
				<coordinates>95.59290497581711,29.9622441665621,0</coordinates>
			</Point>
		</Placemark>
		<Placemark>
			<name>EH-235</name>
			<styleUrl>#33811898351</styleUrl>
			<Point>
				<coordinates>96.05828662584369,30.0970741723214,0</coordinates>
			</Point>
		</Placemark>
		<Placemark>
			<name>EH-236</name>
			<styleUrl>#21750908951</styleUrl>
			<Point>
				<coordinates>96.37648290440031,30.1352442033217,0</coordinates>
			</Point>
		</Placemark>
		<Placemark>
			<name>EH-237</name>
			<styleUrl>#659815072</styleUrl>
			<Point>
				<coordinates>96.53471719891959,30.1963486637006,0</coordinates>
			</Point>
		</Placemark>
		<Placemark>
			<name>EH-238</name>
			<styleUrl>#40992159660</styleUrl>
			<Point>
				<coordinates>96.25460303336421,29.9654456746231,0</coordinates>
			</Point>
		</Placemark>
		<Placemark>
			<name>EH-239</name>
			<styleUrl>#31692251560</styleUrl>
			<Point>
				<coordinates>96.26785526233711,29.988967962781,0</coordinates>
			</Point>
		</Placemark>
		<Placemark>
			<name>EH-240</name>
			<styleUrl>#26845136520</styleUrl>
			<Point>
				<coordinates>96.3671891816288,29.8951160891118,0</coordinates>
			</Point>
		</Placemark>
		<Placemark>
			<name>EH-241</name>
			<styleUrl>#19462376771</styleUrl>
			<Point>
				<coordinates>96.14780605991599,29.6940227641114,0</coordinates>
			</Point>
		</Placemark>
		<Placemark>
			<name>EH-242</name>
			<styleUrl>#25867017740</styleUrl>
			<Point>
				<coordinates>96.18480312530238,29.5726235589201,0</coordinates>
			</Point>
		</Placemark>
		<Placemark>
			<name>EH-244</name>
			<styleUrl>#31135815150</styleUrl>
			<Point>
				<coordinates>95.79423446974661,29.7030544534508,0</coordinates>
			</Point>
		</Placemark>
		<Placemark>
			<name>EH-245</name>
			<styleUrl>#10066806210</styleUrl>
			<Point>
				<coordinates>95.59604381525439,29.7341577946509,0</coordinates>
			</Point>
		</Placemark>
		<Placemark>
			<name>EH-246</name>
			<styleUrl>#6920718920</styleUrl>
			<Point>
				<coordinates>95.51822947910151,29.5471166116046,0</coordinates>
			</Point>
		</Placemark>
		<Placemark>
			<name>EH-247</name>
			<styleUrl>#9024112030</styleUrl>
			<Point>
				<coordinates>95.6026712554209,29.4553904909315,0</coordinates>
			</Point>
		</Placemark>
		<Placemark>
			<name>EH-248</name>
			<styleUrl>#2492391451</styleUrl>
			<Point>
				<coordinates>95.5628574510677,29.4242331908093,0</coordinates>
			</Point>
		</Placemark>
		<Placemark>
			<name>EH-249</name>
			<styleUrl>#18247082451</styleUrl>
			<Point>
				<coordinates>95.72289699862669,29.4407929594492,0</coordinates>
			</Point>
		</Placemark>
		<Placemark>
			<name>EH-250</name>
			<styleUrl>#1234229711</styleUrl>
			<Point>
				<coordinates>95.70616693962918,29.4755073911519,0</coordinates>
			</Point>
		</Placemark>
		<Placemark>
			<name>EH-251</name>
			<styleUrl>#10670297840</styleUrl>
			<Point>
				<coordinates>95.7654189314804,29.5227972163915,0</coordinates>
			</Point>
		</Placemark>
		<Placemark>
			<name>EH-252</name>
			<styleUrl>#25139200330</styleUrl>
			<Point>
				<coordinates>95.4819217530589,29.3580723309255,0</coordinates>
			</Point>
		</Placemark>
		<Placemark>
			<name>EH-253</name>
			<styleUrl>#2430258358</styleUrl>
			<Point>
				<coordinates>95.6497720477404,29.3025631742028,0</coordinates>
			</Point>
		</Placemark>
		<Placemark>
			<name>EH-254</name>
			<styleUrl>#11175019820</styleUrl>
			<Point>
				<coordinates>95.62326220310069,29.2956623609569,0</coordinates>
			</Point>
		</Placemark>
		<Placemark>
			<name>EH-255</name>
			<styleUrl>#26112486481</styleUrl>
			<Point>
				<coordinates>95.6143021111735,29.1625768056411,0</coordinates>
			</Point>
		</Placemark>
		<Placemark>
			<name>EH-256</name>
			<styleUrl>#8084119060</styleUrl>
			<Point>
				<coordinates>95.48166241997808,29.1440226088854,0</coordinates>
			</Point>
		</Placemark>
		<Placemark>
			<name>EH-257</name>
			<styleUrl>#31847793211</styleUrl>
			<Point>
				<coordinates>95.4106130123624,29.1451263324485,0</coordinates>
			</Point>
		</Placemark>
		<Placemark>
			<name>EH-258</name>
			<styleUrl>#3968293208</styleUrl>
			<Point>
				<coordinates>95.4465731089784,29.1375076697577,0</coordinates>
			</Point>
		</Placemark>
		<Placemark>
			<name>EH-259</name>
			<styleUrl>#952310770</styleUrl>
			<Point>
				<coordinates>95.4545448803776,29.133288782382,0</coordinates>
			</Point>
		</Placemark>
		<Placemark>
			<name>EH-260</name>
			<styleUrl>#3906111831</styleUrl>
			<Point>
				<coordinates>95.4832686635759,29.0683248537033,0</coordinates>
			</Point>
		</Placemark>
		<Placemark>
			<name>EH-261</name>
			<styleUrl>#108996261</styleUrl>
			<Point>
				<coordinates>95.3132888635149,28.8633440909402,0</coordinates>
			</Point>
		</Placemark>
		<Placemark>
			<name>EH-262</name>
			<styleUrl>#834627501</styleUrl>
			<Point>
				<coordinates>95.23366241382899,28.5815940367663,0</coordinates>
			</Point>
		</Placemark>
		<Placemark>
			<name>EH-263</name>
			<styleUrl>#15217171181</styleUrl>
			<Point>
				<coordinates>95.4293273979048,28.4101667933293,0</coordinates>
			</Point>
		</Placemark>
		<Placemark>
			<name>EH-264</name>
			<styleUrl>#17911777050</styleUrl>
			<Point>
				<coordinates>95.5262903302159,28.3775279017722,0</coordinates>
			</Point>
		</Placemark>
		<Placemark>
			<name>EH-265</name>
			<styleUrl>#32677919700</styleUrl>
			<Point>
				<coordinates>95.48083460383771,28.29452148302081,0</coordinates>
			</Point>
		</Placemark>
		<Placemark>
			<name>EH-266</name>
			<styleUrl>#34958094261</styleUrl>
			<Point>
				<coordinates>94.67629353577011,28.7393021757305,0</coordinates>
			</Point>
		</Placemark>
		<Placemark>
			<name>EH-267</name>
			<styleUrl>#37237754011</styleUrl>
			<Point>
				<coordinates>94.75106205257551,28.6928393969723,0</coordinates>
			</Point>
		</Placemark>
		<Placemark>
			<name>EH-268</name>
			<styleUrl>#4126713237</styleUrl>
			<Point>
				<coordinates>94.87954803620229,28.4263795834409,0</coordinates>
			</Point>
		</Placemark>
		<Placemark>
			<name>EH-269</name>
			<styleUrl>#1589501967</styleUrl>
			<Point>
				<coordinates>94.8024516023151,27.9265251816838,0</coordinates>
			</Point>
		</Placemark>
		<Placemark>
			<name>EH-270</name>
			<styleUrl>#2635293432</styleUrl>
			<Point>
				<coordinates>93.89256351387461,28.7145862606032,0</coordinates>
			</Point>
		</Placemark>
		<Placemark>
			<name>EH-272</name>
			<styleUrl>#1056304057</styleUrl>
			<Point>
				<coordinates>94.33670502349469,28.6745598885772,0</coordinates>
			</Point>
		</Placemark>
		<Placemark>
			<name>EH-273</name>
			<styleUrl>#6095845120</styleUrl>
			<Point>
				<coordinates>94.32176292600001,28.642402456,2650.127</coordinates>
			</Point>
		</Placemark>
		<Placemark>
			<name>EH-274</name>
			<styleUrl>#3931259232</styleUrl>
			<Point>
				<coordinates>94.39650573371119,28.6512967463504,0</coordinates>
			</Point>
		</Placemark>
		<Placemark>
			<name>EH-276</name>
			<styleUrl>#3125798709</styleUrl>
			<Point>
				<coordinates>92.21104123774938,28.5210987488351,0</coordinates>
			</Point>
		</Placemark>
		<Placemark>
			<name>EH-277</name>
			<styleUrl>#31830289790</styleUrl>
			<Point>
				<coordinates>92.42646741216291,28.6526793601683,0</coordinates>
			</Point>
		</Placemark>
		<Placemark>
			<name>EH-278</name>
			<styleUrl>#30475587561</styleUrl>
			<Point>
				<coordinates>92.4799990682551,28.6444119322473,0</coordinates>
			</Point>
		</Placemark>
		<Placemark>
			<name>EH-279</name>
			<styleUrl>#29060751351</styleUrl>
			<Point>
				<coordinates>92.5113272952695,28.6638336662053,0</coordinates>
			</Point>
		</Placemark>
		<Placemark>
			<name>EH-280</name>
			<styleUrl>#1772667497</styleUrl>
			<Point>
				<coordinates>92.5394438304407,28.6776102951617,0</coordinates>
			</Point>
		</Placemark>
		<Placemark>
			<name>EH-281</name>
			<styleUrl>#32429028801</styleUrl>
			<Point>
				<coordinates>92.59722839618858,28.6492167983931,0</coordinates>
			</Point>
		</Placemark>
		<Placemark>
			<name>EH-282</name>
			<styleUrl>#30021187441</styleUrl>
			<Point>
				<coordinates>92.61690955207908,28.637281639684,0</coordinates>
			</Point>
		</Placemark>
		<Placemark>
			<name>EH-283</name>
			<styleUrl>#510597826</styleUrl>
			<Point>
				<coordinates>92.5894892771678,28.6104593772076,0</coordinates>
			</Point>
		</Placemark>
		<Placemark>
			<name>EH-284</name>
			<styleUrl>#26969787320</styleUrl>
			<Point>
				<coordinates>92.6746892640616,28.5667517274509,0</coordinates>
			</Point>
		</Placemark>
		<Placemark>
			<name>EH-285</name>
			<styleUrl>#480404490</styleUrl>
			<Point>
				<coordinates>92.68148343710318,28.5626225903874,0</coordinates>
			</Point>
		</Placemark>
		<Placemark>
			<name>EH-286</name>
			<styleUrl>#29902108821</styleUrl>
			<Point>
				<coordinates>92.6796860582041,28.6344133272439,0</coordinates>
			</Point>
		</Placemark>
		<Placemark>
			<name>EH-287</name>
			<styleUrl>#22204917011</styleUrl>
			<Point>
				<coordinates>92.70037447580052,28.7083195897753,0</coordinates>
			</Point>
		</Placemark>
		<Placemark>
			<name>EH-288</name>
			<styleUrl>#1211108858</styleUrl>
			<Point>
				<coordinates>92.7901792344863,28.6576747804804,0</coordinates>
			</Point>
		</Placemark>
		<Placemark>
			<name>EH-289</name>
			<styleUrl>#2487786991</styleUrl>
			<Point>
				<coordinates>92.84759880812139,28.6506148778459,0</coordinates>
			</Point>
		</Placemark>
		<Placemark>
			<name>EH-290</name>
			<styleUrl>#3213143789</styleUrl>
			<Point>
				<coordinates>92.880929074416,28.6412548171519,0</coordinates>
			</Point>
		</Placemark>
		<Placemark>
			<name>EH-291</name>
			<styleUrl>#23738538301</styleUrl>
			<Point>
				<coordinates>92.9511013185361,28.5296774852339,0</coordinates>
			</Point>
		</Placemark>
		<Placemark>
			<name>EH-292</name>
			<styleUrl>#10958186620</styleUrl>
			<Point>
				<coordinates>93.0004829165312,28.5397306388797,0</coordinates>
			</Point>
		</Placemark>
		<Placemark>
			<name>EH-293</name>
			<styleUrl>#2157696007</styleUrl>
			<Point>
				<coordinates>92.9680281103648,28.4385727036467,0</coordinates>
			</Point>
		</Placemark>
		<Placemark>
			<name>EH-294</name>
			<styleUrl>#38374342671</styleUrl>
			<Point>
				<coordinates>93.1196503961358,28.6388682044357,0</coordinates>
			</Point>
		</Placemark>
		<Placemark>
			<name>EH-295</name>
			<styleUrl>#40497646801</styleUrl>
			<Point>
				<coordinates>92.82562227035191,28.8403173035918,0</coordinates>
			</Point>
		</Placemark>
		<Placemark>
			<name>EH-296</name>
			<styleUrl>#330690553</styleUrl>
			<Point>
				<coordinates>92.86617927072049,28.8498075222465,0</coordinates>
			</Point>
		</Placemark>
		<Placemark>
			<name>EH-297</name>
			<styleUrl>#10534293231</styleUrl>
			<Point>
				<coordinates>92.8878134419646,28.8574865299788,0</coordinates>
			</Point>
		</Placemark>
		<Placemark>
			<name>EH-298</name>
			<styleUrl>#3964128675</styleUrl>
			<Point>
				<coordinates>92.89525460636899,28.8345124829491,0</coordinates>
			</Point>
		</Placemark>
		<Placemark>
			<name>EH-299</name>
			<styleUrl>#11100862411</styleUrl>
			<Point>
				<coordinates>92.89435084824341,28.8385666711327,0</coordinates>
			</Point>
		</Placemark>
		<Placemark>
			<name>EH-300</name>
			<styleUrl>#34027510630</styleUrl>
			<Point>
				<coordinates>92.9830411640045,28.9098353008613,0</coordinates>
			</Point>
		</Placemark>
		<Placemark>
			<name>EH-301</name>
			<styleUrl>#1569148769</styleUrl>
			<Point>
				<coordinates>92.95391806824581,28.8996137304121,0</coordinates>
			</Point>
		</Placemark>
		<Placemark>
			<name>EH-302</name>
			<styleUrl>#87254005</styleUrl>
			<Point>
				<coordinates>93.05754289091261,28.8032599002246,0</coordinates>
			</Point>
		</Placemark>
		<Placemark>
			<name>EH-303</name>
			<styleUrl>#7367938641</styleUrl>
			<Point>
				<coordinates>93.0717283646029,28.7889640169508,0</coordinates>
			</Point>
		</Placemark>
		<Placemark>
			<name>EH-304</name>
			<styleUrl>#41360935471</styleUrl>
			<Point>
				<coordinates>93.1235132526205,28.8574769650515,0</coordinates>
			</Point>
		</Placemark>
		<Placemark>
			<name>EH-305</name>
			<styleUrl>#30589192141</styleUrl>
			<Point>
				<coordinates>93.1770635867807,28.8344892928083,0</coordinates>
			</Point>
		</Placemark>
		<Placemark>
			<name>EH-306</name>
			<styleUrl>#1960486323</styleUrl>
			<Point>
				<coordinates>93.14057133971131,28.8121437723057,0</coordinates>
			</Point>
		</Placemark>
		<Placemark>
			<name>EH-307</name>
			<styleUrl>#2291404755</styleUrl>
			<Point>
				<coordinates>93.1456537308063,28.8076099042106,0</coordinates>
			</Point>
		</Placemark>
		<Placemark>
			<name>EH-308</name>
			<styleUrl>#2854124651</styleUrl>
			<Point>
				<coordinates>93.15324341738619,28.8059733742842,0</coordinates>
			</Point>
		</Placemark>
		<Placemark>
			<name>EH-309</name>
			<styleUrl>#38095469361</styleUrl>
			<Point>
				<coordinates>93.1553573431944,28.783278362962,0</coordinates>
			</Point>
		</Placemark>
		<Placemark>
			<name>EH-310</name>
			<styleUrl>#5446312171</styleUrl>
			<Point>
				<coordinates>93.16785367124051,28.7596049523961,0</coordinates>
			</Point>
		</Placemark>
		<Placemark>
			<name>EH-311</name>
			<styleUrl>#16153919160</styleUrl>
			<Point>
				<coordinates>93.1624588762903,28.7724042680542,0</coordinates>
			</Point>
		</Placemark>
		<Placemark>
			<name>EH-312</name>
			<styleUrl>#2594299941</styleUrl>
			<Point>
				<coordinates>93.159587815164,28.7784397544899,0</coordinates>
			</Point>
		</Placemark>
		<Placemark>
			<name>EH-313</name>
			<styleUrl>#4110045071</styleUrl>
			<Point>
				<coordinates>93.2251574205112,28.702469420777,0</coordinates>
			</Point>
		</Placemark>
		<Placemark>
			<name>EH-314</name>
			<styleUrl>#24660437730</styleUrl>
			<Point>
				<coordinates>93.3043697761855,28.8855443033437,0</coordinates>
			</Point>
		</Placemark>
		<Placemark>
			<name>EH-315</name>
			<styleUrl>#32105633171</styleUrl>
			<Point>
				<coordinates>93.29404886003502,28.9367123115767,0</coordinates>
			</Point>
		</Placemark>
		<Placemark>
			<name>EH-316</name>
			<styleUrl>#42416944730</styleUrl>
			<Point>
				<coordinates>93.35069284700289,28.9885200496262,0</coordinates>
			</Point>
		</Placemark>
		<Placemark>
			<name>EH-317</name>
			<styleUrl>#9283008370</styleUrl>
			<Point>
				<coordinates>93.39953098264201,28.9882188324464,0</coordinates>
			</Point>
		</Placemark>
		<Placemark>
			<name>EH-318</name>
			<styleUrl>#30441119320</styleUrl>
			<Point>
				<coordinates>93.41885523960229,28.9103811398549,0</coordinates>
			</Point>
		</Placemark>
		<Placemark>
			<name>EH-319</name>
			<styleUrl>#30484000831</styleUrl>
			<Point>
				<coordinates>93.39181952440941,28.8681077897507,0</coordinates>
			</Point>
		</Placemark>
		<Placemark>
			<name>EH-320</name>
			<styleUrl>#29967135600</styleUrl>
			<Point>
				<coordinates>93.48437459452501,28.8384557315052,0</coordinates>
			</Point>
		</Placemark>
		<Placemark>
			<name>EH-321</name>
			<styleUrl>#3182104032</styleUrl>
			<Point>
				<coordinates>93.5045212953107,28.7952698275266,0</coordinates>
			</Point>
		</Placemark>
		<Placemark>
			<name>EH-322</name>
			<styleUrl>#29668246740</styleUrl>
			<Point>
				<coordinates>93.7700896971847,28.8408400482024,0</coordinates>
			</Point>
		</Placemark>
		<Placemark>
			<name>EH-323</name>
			<styleUrl>#3738507592</styleUrl>
			<Point>
				<coordinates>94.07466152238609,28.9266854972853,0</coordinates>
			</Point>
		</Placemark>
		<Placemark>
			<name>EH-324</name>
			<styleUrl>#19772350800</styleUrl>
			<Point>
				<coordinates>94.0528991596984,28.931674543552,0</coordinates>
			</Point>
		</Placemark>
		<Placemark>
			<name>EH-325</name>
			<styleUrl>#1186239357</styleUrl>
			<Point>
				<coordinates>94.11543984561848,28.9389863017379,0</coordinates>
			</Point>
		</Placemark>
		<Placemark>
			<name>EH-326</name>
			<styleUrl>#178237014</styleUrl>
			<Point>
				<coordinates>94.8014272837229,29.7642665129893,0</coordinates>
			</Point>
		</Placemark>
		<Placemark>
			<name>327</name>
			<LookAt>
				<longitude>90.98120638209194</longitude>
				<latitude>28.26414837013241</latitude>
				<altitude>0</altitude>
				<heading>-98.84988819608476</heading>
				<tilt>44.90760158058387</tilt>
				<range>495.2866096563465</range>
				<gx:altitudeMode>relativeToSeaFloor</gx:altitudeMode>
			</LookAt>
			<styleUrl>#msn_placemark_circle1</styleUrl>
			<Point>
				<gx:drawOrder>1</gx:drawOrder>
				<coordinates>90.98059802134168,28.2636874627462,0</coordinates>
			</Point>
		</Placemark>
		<Placemark>
			<name>328</name>
			<LookAt>
				<gx:TimeSpan>
					<begin>2012-11-26T23:59:59Z</begin>
					<end>2012-11-27</end>
				</gx:TimeSpan>
				<gx:ViewerOptions>
					<gx:option name="historicalimagery"></gx:option>
					<gx:option enabled="0" name="sunlight"></gx:option>
					<gx:option enabled="0" name="streetview"></gx:option>
				</gx:ViewerOptions>
				<longitude>91.07781914438763</longitude>
				<latitude>28.15149506753552</latitude>
				<altitude>0</altitude>
				<heading>102.3404009661348</heading>
				<tilt>43.85764336469566</tilt>
				<range>924.831195838781</range>
				<gx:altitudeMode>relativeToSeaFloor</gx:altitudeMode>
			</LookAt>
			<styleUrl>#msn_placemark_circle1</styleUrl>
			<Point>
				<gx:drawOrder>1</gx:drawOrder>
				<coordinates>91.07953485024045,28.15187294224711,0</coordinates>
			</Point>
		</Placemark>
		<Placemark>
			<name>329</name>
			<LookAt>
				<longitude>90.92180716031982</longitude>
				<latitude>27.9875635649568</latitude>
				<altitude>0</altitude>
				<heading>6.121339865853991</heading>
				<tilt>44.01006671957276</tilt>
				<range>542.0983264861869</range>
				<gx:altitudeMode>relativeToSeaFloor</gx:altitudeMode>
			</LookAt>
			<styleUrl>#msn_placemark_circle1</styleUrl>
			<Point>
				<gx:drawOrder>1</gx:drawOrder>
				<coordinates>90.92086298859462,27.98840881269871,0</coordinates>
			</Point>
		</Placemark>
		<Placemark>
			<name>330</name>
			<LookAt>
				<longitude>91.24647551533029</longitude>
				<latitude>28.45314455264343</latitude>
				<altitude>0</altitude>
				<heading>47.78036852976218</heading>
				<tilt>41.71974832860106</tilt>
				<range>1800.2218424329</range>
				<gx:altitudeMode>relativeToSeaFloor</gx:altitudeMode>
			</LookAt>
			<styleUrl>#msn_placemark_circle1</styleUrl>
			<Point>
				<gx:drawOrder>1</gx:drawOrder>
				<coordinates>91.24544052808065,28.45653941064524,0</coordinates>
			</Point>
		</Placemark>
		<Placemark>
			<name>331</name>
			<LookAt>
				<longitude>91.4882378969662</longitude>
				<latitude>28.07852050374086</latitude>
				<altitude>0</altitude>
				<heading>-29.13714559095749</heading>
				<tilt>24.55068146851708</tilt>
				<range>1440.862530527259</range>
				<gx:altitudeMode>relativeToSeaFloor</gx:altitudeMode>
			</LookAt>
			<styleUrl>#msn_placemark_circle1</styleUrl>
			<Point>
				<gx:drawOrder>1</gx:drawOrder>
				<coordinates>91.48503042879634,28.08091416700566,0</coordinates>
			</Point>
		</Placemark>
		<Placemark>
			<name>332</name>
			<Camera>
				<longitude>91.5075223612248</longitude>
				<latitude>28.08071551979543</latitude>
				<altitude>1995.684546873047</altitude>
				<heading>-35.78697613472293</heading>
				<tilt>43.84136024399691</tilt>
				<roll>1.160241480656824</roll>
				<gx:altitudeMode>relativeToSeaFloor</gx:altitudeMode>
			</Camera>
			<styleUrl>#msn_placemark_circle1</styleUrl>
			<Point>
				<gx:drawOrder>1</gx:drawOrder>
				<coordinates>91.49545357678009,28.09105769167194,0</coordinates>
			</Point>
		</Placemark>
		<Placemark>
			<name>333</name>
			<LookAt>
				<longitude>91.6205328962792</longitude>
				<latitude>28.07068379275444</latitude>
				<altitude>0</altitude>
				<heading>-17.89399557465671</heading>
				<tilt>30.27733532659407</tilt>
				<range>3902.400378011843</range>
				<gx:altitudeMode>relativeToSeaFloor</gx:altitudeMode>
			</LookAt>
			<styleUrl>#msn_placemark_circle1</styleUrl>
			<Point>
				<gx:drawOrder>1</gx:drawOrder>
				<coordinates>91.61359564427516,28.0735095546996,0</coordinates>
			</Point>
		</Placemark>
		<Placemark>
			<name>334</name>
			<LookAt>
				<longitude>91.70810367168851</longitude>
				<latitude>27.65849852280453</latitude>
				<altitude>0</altitude>
				<heading>-136.8861611015269</heading>
				<tilt>31.15523730543914</tilt>
				<range>2875.781740098324</range>
				<gx:altitudeMode>relativeToSeaFloor</gx:altitudeMode>
			</LookAt>
			<styleUrl>#msn_placemark_circle1</styleUrl>
			<Point>
				<gx:drawOrder>1</gx:drawOrder>
				<coordinates>91.7067743612248,27.65204952388443,0</coordinates>
			</Point>
		</Placemark>
		<Placemark>
			<name>335</name>
			<LookAt>
				<longitude>92.35353147087845</longitude>
				<latitude>28.1761211798767</latitude>
				<altitude>0</altitude>
				<heading>-106.8648258452364</heading>
				<tilt>37.39893404184722</tilt>
				<range>1472.856619301031</range>
				<gx:altitudeMode>relativeToSeaFloor</gx:altitudeMode>
			</LookAt>
			<styleUrl>#msn_placemark_circle1</styleUrl>
			<Point>
				<gx:drawOrder>1</gx:drawOrder>
				<coordinates>92.35107770652615,28.1743053289914,0</coordinates>
			</Point>
		</Placemark>
		<Placemark>
			<name>336</name>
			<LookAt>
				<longitude>92.08429715922537</longitude>
				<latitude>28.49327422718953</latitude>
				<altitude>0</altitude>
				<heading>124.9550871168922</heading>
				<tilt>22.63685253330654</tilt>
				<range>1642.86171465417</range>
				<gx:altitudeMode>relativeToSeaFloor</gx:altitudeMode>
			</LookAt>
			<styleUrl>#msn_placemark_circle1</styleUrl>
			<Point>
				<gx:drawOrder>1</gx:drawOrder>
				<coordinates>92.08724505716185,28.49284400769161,0</coordinates>
			</Point>
		</Placemark>
		<Placemark>
			<name>337</name>
			<LookAt>
				<longitude>92.63904707575324</longitude>
				<latitude>28.39522412034503</latitude>
				<altitude>0</altitude>
				<heading>177.4446092091447</heading>
				<tilt>36.37581219723339</tilt>
				<range>1192.761504305374</range>
				<gx:altitudeMode>relativeToSeaFloor</gx:altitudeMode>
			</LookAt>
			<styleUrl>#msn_placemark_circle1</styleUrl>
			<Point>
				<gx:drawOrder>1</gx:drawOrder>
				<coordinates>92.63959308395154,28.39356799889718,0</coordinates>
			</Point>
		</Placemark>
		<Placemark>
			<name>338</name>
			<LookAt>
				<longitude>92.82340290038857</longitude>
				<latitude>28.31264369436933</latitude>
				<altitude>0</altitude>
				<heading>-19.56555067964958</heading>
				<tilt>42.92895463959172</tilt>
				<range>2745.362300276071</range>
				<gx:altitudeMode>relativeToSeaFloor</gx:altitudeMode>
			</LookAt>
			<styleUrl>#msn_placemark_circle1</styleUrl>
			<Point>
				<gx:drawOrder>1</gx:drawOrder>
				<coordinates>92.81902224296203,28.31909038606301,0</coordinates>
			</Point>
		</Placemark>
		<Placemark>
			<name>339</name>
			<LookAt>
				<longitude>93.20390561878921</longitude>
				<latitude>28.42464491193032</latitude>
				<altitude>0</altitude>
				<heading>179.3705569430587</heading>
				<tilt>25.56297067401556</tilt>
				<range>1703.743912965592</range>
				<gx:altitudeMode>relativeToSeaFloor</gx:altitudeMode>
			</LookAt>
			<styleUrl>#msn_placemark_circle1</styleUrl>
			<Point>
				<gx:drawOrder>1</gx:drawOrder>
				<coordinates>93.20626170056536,28.422446313983,0</coordinates>
			</Point>
		</Placemark>
		<Placemark>
			<name>340</name>
			<LookAt>
				<longitude>93.91557322362421</longitude>
				<latitude>27.40505562549216</latitude>
				<altitude>0</altitude>
				<heading>-28.98811027571536</heading>
				<tilt>32.2633719736157</tilt>
				<range>4160.496070993876</range>
				<gx:altitudeMode>relativeToSeaFloor</gx:altitudeMode>
			</LookAt>
			<styleUrl>#msn_placemark_circle1</styleUrl>
			<Point>
				<gx:drawOrder>1</gx:drawOrder>
				<coordinates>93.90865667009436,27.41136579221087,0</coordinates>
			</Point>
		</Placemark>
		<Placemark>
			<name>341</name>
			<LookAt>
				<longitude>93.99785523231741</longitude>
				<latitude>29.22073217053697</latitude>
				<altitude>0</altitude>
				<heading>-1.640726602921257</heading>
				<tilt>40.26337127456369</tilt>
				<range>2363.462716029587</range>
				<gx:altitudeMode>relativeToSeaFloor</gx:altitudeMode>
			</LookAt>
			<styleUrl>#msn_placemark_circle1</styleUrl>
			<Point>
				<gx:drawOrder>1</gx:drawOrder>
				<coordinates>93.99532975399615,29.22191786782426,0</coordinates>
			</Point>
		</Placemark>
		<Placemark>
			<name>342</name>
			<LookAt>
				<longitude>94.04923785420348</longitude>
				<latitude>29.21907884270862</latitude>
				<altitude>0</altitude>
				<heading>-92.42055666175922</heading>
				<tilt>41.39691453442987</tilt>
				<range>2024.139330760377</range>
				<gx:altitudeMode>relativeToSeaFloor</gx:altitudeMode>
			</LookAt>
			<styleUrl>#msn_placemark_circle1</styleUrl>
			<Point>
				<gx:drawOrder>1</gx:drawOrder>
				<coordinates>94.04346006713857,29.21815349935263,0</coordinates>
			</Point>
		</Placemark>
		<Placemark>
			<name>343</name>
			<LookAt>
				<longitude>94.79998808816036</longitude>
				<latitude>29.43984316671005</latitude>
				<altitude>0</altitude>
				<heading>173.5364630278353</heading>
				<tilt>35.19002254814397</tilt>
				<range>2148.866155654354</range>
				<gx:altitudeMode>relativeToSeaFloor</gx:altitudeMode>
			</LookAt>
			<styleUrl>#msn_placemark_circle1</styleUrl>
			<Point>
				<gx:drawOrder>1</gx:drawOrder>
				<coordinates>94.79926901509901,29.43433358327031,0</coordinates>
			</Point>
		</Placemark>
		<Placemark>
			<name>344</name>
			<LookAt>
				<longitude>94.9497327317422</longitude>
				<latitude>29.81228553454966</latitude>
				<altitude>0</altitude>
				<heading>61.97996847006182</heading>
				<tilt>34.74167340248416</tilt>
				<range>8842.852164019749</range>
				<gx:altitudeMode>relativeToSeaFloor</gx:altitudeMode>
			</LookAt>
			<styleUrl>#msn_placemark_circle1</styleUrl>
			<Point>
				<gx:drawOrder>1</gx:drawOrder>
				<coordinates>94.96111961362656,29.80026765043761,0</coordinates>
			</Point>
		</Placemark>
		<Placemark>
			<name>345</name>
			<LookAt>
				<longitude>95.21459155716495</longitude>
				<latitude>29.9113973673418</latitude>
				<altitude>0</altitude>
				<heading>-39.24649216780594</heading>
				<tilt>30.78690956339835</tilt>
				<range>2359.088782413591</range>
				<gx:altitudeMode>relativeToSeaFloor</gx:altitudeMode>
			</LookAt>
			<styleUrl>#msn_placemark_circle1</styleUrl>
			<Point>
				<gx:drawOrder>1</gx:drawOrder>
				<coordinates>95.20978450108989,29.91414867068089,0</coordinates>
			</Point>
		</Placemark>
		<Placemark>
			<name>346</name>
			<LookAt>
				<longitude>95.23537374787357</longitude>
				<latitude>29.84843928705894</latitude>
				<altitude>0</altitude>
				<heading>93.97773527141329</heading>
				<tilt>28.4360403680013</tilt>
				<range>1974.527469666292</range>
				<gx:altitudeMode>relativeToSeaFloor</gx:altitudeMode>
			</LookAt>
			<styleUrl>#msn_placemark_circle1</styleUrl>
			<Point>
				<gx:drawOrder>1</gx:drawOrder>
				<coordinates>95.24118887815132,29.85102037748022,0</coordinates>
			</Point>
		</Placemark>
		<Placemark>
			<name>347</name>
			<Camera>
				<gx:TimeStamp><when>2001-11-20</when>
</gx:TimeStamp>
				<gx:ViewerOptions>
					<gx:option name="historicalimagery"></gx:option>
					<gx:option enabled="0" name="sunlight"></gx:option>
					<gx:option enabled="0" name="streetview"></gx:option>
				</gx:ViewerOptions>
				<longitude>95.30904733499466</longitude>
				<latitude>29.7931293597992</latitude>
				<altitude>2755.666565639904</altitude>
				<heading>71.6179253234762</heading>
				<tilt>29.28484012614493</tilt>
				<roll>-1.935224288305983</roll>
				<gx:altitudeMode>relativeToSeaFloor</gx:altitudeMode>
			</Camera>
			<styleUrl>#msn_placemark_circle1</styleUrl>
			<Point>
				<gx:drawOrder>1</gx:drawOrder>
				<coordinates>95.32236755475472,29.7998646925743,0</coordinates>
			</Point>
		</Placemark>
		<Placemark>
			<name>348</name>
			<Camera>
				<longitude>95.36249911281332</longitude>
				<latitude>29.6439839420638</latitude>
				<altitude>2366.903347809334</altitude>
				<heading>86.47777118092081</heading>
				<tilt>42.12864963811199</tilt>
				<roll>0.9034513768354975</roll>
				<gx:altitudeMode>relativeToSeaFloor</gx:altitudeMode>
			</Camera>
			<styleUrl>#msn_placemark_circle1</styleUrl>
			<Point>
				<gx:drawOrder>1</gx:drawOrder>
				<coordinates>95.37866988986647,29.64870518475633,0</coordinates>
			</Point>
		</Placemark>
		<Placemark>
			<name>349</name>
			<LookAt>
				<longitude>95.42346259508572</longitude>
				<latitude>29.43626562103186</latitude>
				<altitude>0</altitude>
				<heading>16.56115062670806</heading>
				<tilt>26.2805012668355</tilt>
				<range>3309.936696109879</range>
				<gx:altitudeMode>relativeToSeaFloor</gx:altitudeMode>
			</LookAt>
			<styleUrl>#msn_placemark_circle1</styleUrl>
			<Point>
				<gx:drawOrder>1</gx:drawOrder>
				<coordinates>95.42834964260426,29.44143895341211,0</coordinates>
			</Point>
		</Placemark>
		<Placemark>
			<name>350</name>
			<LookAt>
				<longitude>94.76360133045206</longitude>
				<latitude>28.88896950917809</latitude>
				<altitude>0</altitude>
				<heading>-47.75792071798281</heading>
				<tilt>36.46844188757952</tilt>
				<range>4087.265129201159</range>
				<gx:altitudeMode>relativeToSeaFloor</gx:altitudeMode>
			</LookAt>
			<styleUrl>#msn_placemark_circle1</styleUrl>
			<Point>
				<gx:drawOrder>1</gx:drawOrder>
				<coordinates>94.75376245836489,28.89383155999001,0</coordinates>
			</Point>
		</Placemark>
		<Placemark>
			<name>351</name>
			<LookAt>
				<longitude>96.9498746171499</longitude>
				<latitude>27.96585598500431</latitude>
				<altitude>0</altitude>
				<heading>-83.81685051851152</heading>
				<tilt>38.47286127745611</tilt>
				<range>1604.74200345085</range>
				<gx:altitudeMode>relativeToSeaFloor</gx:altitudeMode>
			</LookAt>
			<styleUrl>#msn_placemark_circle1</styleUrl>
			<Point>
				<gx:drawOrder>1</gx:drawOrder>
				<coordinates>96.94606363956368,27.96504049981193,0</coordinates>
			</Point>
		</Placemark>
		<Placemark>
			<name>352</name>
			<LookAt>
				<longitude>97.01907578807068</longitude>
				<latitude>28.1653779990728</latitude>
				<altitude>0</altitude>
				<heading>-72.06910700433345</heading>
				<tilt>34.32276285527274</tilt>
				<range>6201.46394685973</range>
				<gx:altitudeMode>relativeToSeaFloor</gx:altitudeMode>
			</LookAt>
			<styleUrl>#msn_placemark_circle1</styleUrl>
			<Point>
				<gx:drawOrder>1</gx:drawOrder>
				<coordinates>97.00479033912787,28.16422132233711,0</coordinates>
			</Point>
		</Placemark>
		<Placemark>
			<name>353</name>
			<LookAt>
				<longitude>96.82848096725334</longitude>
				<latitude>29.05570199775277</latitude>
				<altitude>0</altitude>
				<heading>113.6682605629756</heading>
				<tilt>23.20492130127037</tilt>
				<range>2944.574138298308</range>
				<gx:altitudeMode>relativeToSeaFloor</gx:altitudeMode>
			</LookAt>
			<styleUrl>#msn_placemark_circle1</styleUrl>
			<Point>
				<gx:drawOrder>1</gx:drawOrder>
				<coordinates>96.83480860229398,29.05830557988692,0</coordinates>
			</Point>
		</Placemark>
		<Placemark>
			<name>354</name>
			<LookAt>
				<longitude>96.12991599576382</longitude>
				<latitude>28.26229713751276</latitude>
				<altitude>0</altitude>
				<heading>5.96645777347215</heading>
				<tilt>38.70111369980088</tilt>
				<range>974.5054368391183</range>
				<gx:altitudeMode>relativeToSeaFloor</gx:altitudeMode>
			</LookAt>
			<styleUrl>#msn_placemark_circle1</styleUrl>
			<Point>
				<gx:drawOrder>1</gx:drawOrder>
				<coordinates>96.12950481139559,28.2639547957767,0</coordinates>
			</Point>
		</Placemark>
		<Placemark>
			<name>355</name>
			<LookAt>
				<longitude>96.31838859793653</longitude>
				<latitude>28.20408149384828</latitude>
				<altitude>0</altitude>
				<heading>-106.5553515319151</heading>
				<tilt>48.35917725395215</tilt>
				<range>687.9915095987072</range>
				<gx:altitudeMode>relativeToSeaFloor</gx:altitudeMode>
			</LookAt>
			<styleUrl>#msn_placemark_circle1</styleUrl>
			<Point>
				<gx:drawOrder>1</gx:drawOrder>
				<coordinates>96.31765675457758,28.20345170095387,0</coordinates>
			</Point>
		</Placemark>
		<Placemark>
			<name>356</name>
			<Camera>
				<longitude>96.49109743488783</longitude>
				<latitude>28.35783825113171</latitude>
				<altitude>842.6285135940878</altitude>
				<heading>30.09094259573896</heading>
				<tilt>48.32374937183307</tilt>
				<roll>0.5795399290446122</roll>
				<gx:altitudeMode>relativeToSeaFloor</gx:altitudeMode>
			</Camera>
			<styleUrl>#msn_placemark_circle1</styleUrl>
			<Point>
				<gx:drawOrder>1</gx:drawOrder>
				<coordinates>96.49480417948806,28.36482446978935,0</coordinates>
			</Point>
		</Placemark>
		<Placemark>
			<name>357</name>
			<LookAt>
				<gx:TimeStamp><when>2013-11-18</when>
</gx:TimeStamp>
				<gx:ViewerOptions>
					<gx:option name="historicalimagery"></gx:option>
					<gx:option enabled="0" name="sunlight"></gx:option>
					<gx:option enabled="0" name="streetview"></gx:option>
				</gx:ViewerOptions>
				<longitude>96.06319580957894</longitude>
				<latitude>28.64954047741661</latitude>
				<altitude>0</altitude>
				<heading>179.1457767018433</heading>
				<tilt>42.51775039671628</tilt>
				<range>2674.683389888038</range>
				<gx:altitudeMode>relativeToSeaFloor</gx:altitudeMode>
			</LookAt>
			<styleUrl>#msn_placemark_circle1</styleUrl>
			<Point>
				<gx:drawOrder>1</gx:drawOrder>
				<coordinates>96.06805412156314,28.64818547065594,0</coordinates>
			</Point>
		</Placemark>
		<Placemark>
			<name>358</name>
			<LookAt>
				<longitude>95.90866680863022</longitude>
				<latitude>28.63620353997378</latitude>
				<altitude>0</altitude>
				<heading>5.352595056198849</heading>
				<tilt>31.24275295780866</tilt>
				<range>1942.32736426206</range>
				<gx:altitudeMode>relativeToSeaFloor</gx:altitudeMode>
			</LookAt>
			<styleUrl>#msn_placemark_circle1</styleUrl>
			<Point>
				<gx:drawOrder>1</gx:drawOrder>
				<coordinates>95.90641267887011,28.6393707547067,0</coordinates>
			</Point>
		</Placemark>
		<Placemark>
			<name>359</name>
			<LookAt>
				<longitude>96.25115709709721</longitude>
				<latitude>29.15106317626733</latitude>
				<altitude>0</altitude>
				<heading>104.5180589978979</heading>
				<tilt>21.89121699965454</tilt>
				<range>1741.225692063603</range>
				<gx:altitudeMode>relativeToSeaFloor</gx:altitudeMode>
			</LookAt>
			<styleUrl>#msn_placemark_circle1</styleUrl>
			<Point>
				<gx:drawOrder>1</gx:drawOrder>
				<coordinates>96.25571039605951,29.15220642255546,0</coordinates>
			</Point>
		</Placemark>
		<Placemark>
			<name>360</name>
			<LookAt>
				<longitude>96.55344294583833</longitude>
				<latitude>28.94624091804328</latitude>
				<altitude>0</altitude>
				<heading>124.9459551700806</heading>
				<tilt>32.35262142137614</tilt>
				<range>1411.903149321905</range>
				<gx:altitudeMode>relativeToSeaFloor</gx:altitudeMode>
			</LookAt>
			<styleUrl>#msn_placemark_circle1</styleUrl>
			<Point>
				<gx:drawOrder>1</gx:drawOrder>
				<coordinates>96.55593202543888,28.94618479173682,0</coordinates>
			</Point>
		</Placemark>
		<Placemark>
			<name>361</name>
			<LookAt>
				<longitude>96.5987940253562</longitude>
				<latitude>29.59174231740295</latitude>
				<altitude>0</altitude>
				<heading>109.0307347111907</heading>
				<tilt>41.09700479113476</tilt>
				<range>1314.906345434491</range>
				<gx:altitudeMode>relativeToSeaFloor</gx:altitudeMode>
			</LookAt>
			<styleUrl>#msn_placemark_circle1</styleUrl>
			<Point>
				<gx:drawOrder>1</gx:drawOrder>
				<coordinates>96.60188300893645,29.59079402758391,0</coordinates>
			</Point>
		</Placemark>
		<Placemark>
			<name>362</name>
			<LookAt>
				<longitude>95.07239026506583</longitude>
				<latitude>30.08789536359723</latitude>
				<altitude>0</altitude>
				<heading>138.7968173743772</heading>
				<tilt>43.82057137446562</tilt>
				<range>1065.211129070712</range>
				<gx:altitudeMode>relativeToSeaFloor</gx:altitudeMode>
			</LookAt>
			<styleUrl>#msn_placemark_circle1</styleUrl>
			<Point>
				<gx:drawOrder>1</gx:drawOrder>
				<coordinates>95.07598677741841,30.08666272803271,0</coordinates>
			</Point>
		</Placemark>
		<Placemark>
			<name>363</name>
			<LookAt>
				<longitude>94.99743021686831</longitude>
				<latitude>30.22736287178017</latitude>
				<altitude>0</altitude>
				<heading>40.19013236971227</heading>
				<tilt>26.62291830778381</tilt>
				<range>5258.088261619467</range>
				<gx:altitudeMode>relativeToSeaFloor</gx:altitudeMode>
			</LookAt>
			<styleUrl>#msn_placemark_circle1</styleUrl>
			<Point>
				<gx:drawOrder>1</gx:drawOrder>
				<coordinates>95.00129800754463,30.24087703917962,0</coordinates>
			</Point>
		</Placemark>
		<Placemark>
			<name>459</name>
			<open>1</open>
			<LookAt>
				<gx:TimeStamp><when>2006-04-30</when>
</gx:TimeStamp>
				<gx:ViewerOptions>
					<gx:option name="historicalimagery"></gx:option>
					<gx:option enabled="0" name="sunlight"></gx:option>
					<gx:option enabled="0" name="streetview"></gx:option>
				</gx:ViewerOptions>
				<longitude>94.98729111555581</longitude>
				<latitude>30.22597421777998</latitude>
				<altitude>0</altitude>
				<heading>69.61961023687205</heading>
				<tilt>35.14703489915293</tilt>
				<range>6374.58691118391</range>
				<gx:altitudeMode>relativeToSeaFloor</gx:altitudeMode>
			</LookAt>
			<styleUrl>#msn_placemark_circle1</styleUrl>
			<Point>
				<gx:drawOrder>1</gx:drawOrder>
				<coordinates>94.99263184629477,30.24620939926101,0</coordinates>
			</Point>
		</Placemark>
		<Placemark>
			<name>364</name>
			<LookAt>
				<longitude>95.42536451021383</longitude>
				<latitude>30.28854874180271</latitude>
				<altitude>0</altitude>
				<heading>59.728588892474</heading>
				<tilt>45.66627423092809</tilt>
				<range>3789.795106482812</range>
				<gx:altitudeMode>relativeToSeaFloor</gx:altitudeMode>
			</LookAt>
			<styleUrl>#msn_placemark_circle1</styleUrl>
			<Point>
				<gx:drawOrder>1</gx:drawOrder>
				<coordinates>95.42628450415646,30.29586245493077,0</coordinates>
			</Point>
		</Placemark>
		<Placemark>
			<name>365</name>
			<LookAt>
				<longitude>95.37006606440372</longitude>
				<latitude>29.61597261037908</latitude>
				<altitude>0</altitude>
				<heading>-113.8331680469387</heading>
				<tilt>38.87507555704286</tilt>
				<range>1838.661922248731</range>
				<gx:altitudeMode>relativeToSeaFloor</gx:altitudeMode>
			</LookAt>
			<styleUrl>#msn_placemark_circle1</styleUrl>
			<Point>
				<gx:drawOrder>1</gx:drawOrder>
				<coordinates>95.36822857089932,29.61371100544087,0</coordinates>
			</Point>
		</Placemark>
		<Placemark>
			<name>366</name>
			<LookAt>
				<longitude>95.39387576143922</longitude>
				<latitude>29.68820319592105</latitude>
				<altitude>0</altitude>
				<heading>68.59560811603689</heading>
				<tilt>52.54762653971821</tilt>
				<range>2290.750471636688</range>
				<gx:altitudeMode>relativeToSeaFloor</gx:altitudeMode>
			</LookAt>
			<styleUrl>#msn_placemark_circle1</styleUrl>
			<Point>
				<gx:drawOrder>1</gx:drawOrder>
				<coordinates>95.3956727709492,29.69288382967998,0</coordinates>
			</Point>
		</Placemark>
		<Placemark>
			<name>367</name>
			<LookAt>
				<longitude>92.99181632187914</longitude>
				<latitude>28.43333257410203</latitude>
				<altitude>0</altitude>
				<heading>-1.907388503658105</heading>
				<tilt>31.8397926490614</tilt>
				<range>1804.131480729911</range>
				<gx:altitudeMode>relativeToSeaFloor</gx:altitudeMode>
			</LookAt>
			<styleUrl>#msn_placemark_circle1</styleUrl>
			<Point>
				<gx:drawOrder>1</gx:drawOrder>
				<coordinates>92.98958428434459,28.43608955973096,0</coordinates>
			</Point>
		</Placemark>
		<Placemark>
			<name>368</name>
			<LookAt>
				<longitude>93.02404438051637</longitude>
				<latitude>28.41720134836421</latitude>
				<altitude>0</altitude>
				<heading>28.53469237009788</heading>
				<tilt>34.64997726060307</tilt>
				<range>5236.155740087313</range>
				<gx:altitudeMode>relativeToSeaFloor</gx:altitudeMode>
			</LookAt>
			<styleUrl>#msn_placemark_circle1</styleUrl>
			<Point>
				<gx:drawOrder>1</gx:drawOrder>
				<coordinates>93.02056975097855,28.43070256633354,0</coordinates>
			</Point>
		</Placemark>
		<Placemark>
			<name>369</name>
			<LookAt>
				<longitude>90.54429738651993</longitude>
				<latitude>28.36368110768948</latitude>
				<altitude>0</altitude>
				<heading>50.23481420952211</heading>
				<tilt>39.89765156757286</tilt>
				<range>1277.101621512463</range>
				<gx:altitudeMode>relativeToSeaFloor</gx:altitudeMode>
			</LookAt>
			<styleUrl>#msn_placemark_circle1</styleUrl>
			<Point>
				<gx:drawOrder>1</gx:drawOrder>
				<coordinates>90.54279275350288,28.3665737398779,0</coordinates>
			</Point>
		</Placemark>
		<Placemark>
			<name>370</name>
			<LookAt>
				<longitude>90.52254119024755</longitude>
				<latitude>28.34871798170648</latitude>
				<altitude>0</altitude>
				<heading>-73.66767148816369</heading>
				<tilt>45.90692018655769</tilt>
				<range>1372.605519185741</range>
				<gx:altitudeMode>relativeToSeaFloor</gx:altitudeMode>
			</LookAt>
			<styleUrl>#msn_placemark_circle1</styleUrl>
			<Point>
				<gx:drawOrder>1</gx:drawOrder>
				<coordinates>90.52184200504387,28.34917737998114,0</coordinates>
			</Point>
		</Placemark>
		<Placemark>
			<name>371</name>
			<LookAt>
				<longitude>95.70144325430601</longitude>
				<latitude>28.34434694442954</latitude>
				<altitude>0</altitude>
				<heading>-22.43120488866723</heading>
				<tilt>34.73551275379552</tilt>
				<range>2902.875845911225</range>
				<gx:altitudeMode>relativeToSeaFloor</gx:altitudeMode>
			</LookAt>
			<styleUrl>#msn_placemark_circle1</styleUrl>
			<Point>
				<gx:drawOrder>1</gx:drawOrder>
				<coordinates>95.69588914870296,28.34945641548205,0</coordinates>
			</Point>
		</Placemark>
		<Placemark>
			<name>372</name>
			<LookAt>
				<longitude>95.75861048276685</longitude>
				<latitude>28.2821150739167</latitude>
				<altitude>0</altitude>
				<heading>135.6906924849455</heading>
				<tilt>35.57845222373211</tilt>
				<range>1874.954850410192</range>
				<gx:altitudeMode>relativeToSeaFloor</gx:altitudeMode>
			</LookAt>
			<styleUrl>#msn_placemark_circle1</styleUrl>
			<Point>
				<gx:drawOrder>1</gx:drawOrder>
				<coordinates>95.76193143005398,28.28247688573154,0</coordinates>
			</Point>
		</Placemark>
		<Placemark>
			<name>373</name>
			<LookAt>
				<longitude>90.55943707083655</longitude>
				<latitude>28.37645790927582</latitude>
				<altitude>0</altitude>
				<heading>104.4850012586795</heading>
				<tilt>42.40244586676813</tilt>
				<range>678.7500763000492</range>
				<gx:altitudeMode>relativeToSeaFloor</gx:altitudeMode>
			</LookAt>
			<styleUrl>#msn_placemark_circle1</styleUrl>
			<Point>
				<gx:drawOrder>1</gx:drawOrder>
				<coordinates>90.56137865798696,28.37726112287096,0</coordinates>
			</Point>
		</Placemark>
		<Placemark>
			<name>374</name>
			<LookAt>
				<longitude>90.63572296906064</longitude>
				<latitude>28.39541058473639</latitude>
				<altitude>0</altitude>
				<heading>-8.695871545184373</heading>
				<tilt>37.60123727658458</tilt>
				<range>2038.806873365596</range>
				<gx:altitudeMode>relativeToSeaFloor</gx:altitudeMode>
			</LookAt>
			<styleUrl>#msn_placemark_circle1</styleUrl>
			<Point>
				<gx:drawOrder>1</gx:drawOrder>
				<coordinates>90.63488055079584,28.40100795138726,0</coordinates>
			</Point>
		</Placemark>
		<Placemark>
			<name>375</name>
			<LookAt>
				<longitude>91.80589841997032</longitude>
				<latitude>28.14742437502411</latitude>
				<altitude>0</altitude>
				<heading>101.7459790639402</heading>
				<tilt>33.53137388819747</tilt>
				<range>3447.721544144323</range>
				<gx:altitudeMode>relativeToSeaFloor</gx:altitudeMode>
			</LookAt>
			<styleUrl>#msn_placemark_circle1</styleUrl>
			<Point>
				<gx:drawOrder>1</gx:drawOrder>
				<coordinates>91.81644007935822,28.14905988885561,0</coordinates>
			</Point>
		</Placemark>
		<Placemark>
			<name>376</name>
			<LookAt>
				<longitude>91.45185345729499</longitude>
				<latitude>28.48117455588001</latitude>
				<altitude>0</altitude>
				<heading>85.88178682247215</heading>
				<tilt>49.47224913100541</tilt>
				<range>902.4621477208441</range>
				<gx:altitudeMode>relativeToSeaFloor</gx:altitudeMode>
			</LookAt>
			<styleUrl>#msn_placemark_circle1</styleUrl>
			<Point>
				<gx:drawOrder>1</gx:drawOrder>
				<coordinates>91.45369862934702,28.48301508642306,0</coordinates>
			</Point>
		</Placemark>
		<Placemark>
			<name>377</name>
			<LookAt>
				<longitude>91.49867340890233</longitude>
				<latitude>28.4749562814523</latitude>
				<altitude>0</altitude>
				<heading>27.87360815465473</heading>
				<tilt>43.7904499938771</tilt>
				<range>1328.382356851605</range>
				<gx:altitudeMode>relativeToSeaFloor</gx:altitudeMode>
			</LookAt>
			<styleUrl>#msn_placemark_circle1</styleUrl>
			<Point>
				<gx:drawOrder>1</gx:drawOrder>
				<coordinates>91.4980527746466,28.47688515481455,0</coordinates>
			</Point>
		</Placemark>
		<Placemark>
			<name>378</name>
			<LookAt>
				<longitude>91.34818921359772</longitude>
				<latitude>28.29462069678398</latitude>
				<altitude>0</altitude>
				<heading>73.51546234729378</heading>
				<tilt>36.51531368297432</tilt>
				<range>2084.839396681469</range>
				<gx:altitudeMode>relativeToSeaFloor</gx:altitudeMode>
			</LookAt>
			<styleUrl>#msn_placemark_circle1</styleUrl>
			<Point>
				<gx:drawOrder>1</gx:drawOrder>
				<coordinates>91.35179077034039,28.29762774394332,0</coordinates>
			</Point>
		</Placemark>
		<Placemark>
			<name>379</name>
			<LookAt>
				<gx:TimeStamp><when>2014-12-26</when>
</gx:TimeStamp>
				<gx:ViewerOptions>
					<gx:option name="historicalimagery"></gx:option>
					<gx:option enabled="0" name="sunlight"></gx:option>
					<gx:option enabled="0" name="streetview"></gx:option>
				</gx:ViewerOptions>
				<longitude>91.37884631630224</longitude>
				<latitude>28.15876335532199</latitude>
				<altitude>0</altitude>
				<heading>38.30142740484905</heading>
				<tilt>38.3327014149286</tilt>
				<range>1512.826945344021</range>
				<gx:altitudeMode>relativeToSeaFloor</gx:altitudeMode>
			</LookAt>
			<styleUrl>#msn_placemark_circle1</styleUrl>
			<Point>
				<gx:drawOrder>1</gx:drawOrder>
				<coordinates>91.38135075263415,28.1608033653845,0</coordinates>
			</Point>
		</Placemark>
		<Placemark>
			<name>380</name>
			<LookAt>
				<gx:TimeStamp><when>2014-12-26</when>
</gx:TimeStamp>
				<gx:ViewerOptions>
					<gx:option name="historicalimagery"></gx:option>
					<gx:option enabled="0" name="sunlight"></gx:option>
					<gx:option enabled="0" name="streetview"></gx:option>
				</gx:ViewerOptions>
				<longitude>91.38719781255148</longitude>
				<latitude>28.15925787409371</latitude>
				<altitude>0</altitude>
				<heading>10.51425229257111</heading>
				<tilt>47.67712916773387</tilt>
				<range>1039.847612676639</range>
				<gx:altitudeMode>relativeToSeaFloor</gx:altitudeMode>
			</LookAt>
			<styleUrl>#msn_placemark_circle1</styleUrl>
			<Point>
				<gx:drawOrder>1</gx:drawOrder>
				<coordinates>91.3856916154201,28.16075892465575,0</coordinates>
			</Point>
		</Placemark>
		<Placemark>
			<name>381</name>
			<LookAt>
				<gx:TimeStamp><when>2014-12-26</when>
</gx:TimeStamp>
				<gx:ViewerOptions>
					<gx:option name="historicalimagery"></gx:option>
					<gx:option enabled="0" name="sunlight"></gx:option>
					<gx:option enabled="0" name="streetview"></gx:option>
				</gx:ViewerOptions>
				<longitude>91.399961827157</longitude>
				<latitude>28.15492637617658</latitude>
				<altitude>0</altitude>
				<heading>30.44656704165631</heading>
				<tilt>44.0701840103043</tilt>
				<range>1670.681796812051</range>
				<gx:altitudeMode>relativeToSeaFloor</gx:altitudeMode>
			</LookAt>
			<styleUrl>#msn_placemark_circle1</styleUrl>
			<Point>
				<gx:drawOrder>1</gx:drawOrder>
				<coordinates>91.39985964353649,28.15893171859546,0</coordinates>
			</Point>
		</Placemark>
		<Placemark>
			<name>382</name>
			<LookAt>
				<longitude>91.44360390854752</longitude>
				<latitude>28.14494079518447</latitude>
				<altitude>0</altitude>
				<heading>29.87603421092708</heading>
				<tilt>49.77877772181562</tilt>
				<range>790.1864136023203</range>
				<gx:altitudeMode>relativeToSeaFloor</gx:altitudeMode>
			</LookAt>
			<styleUrl>#msn_placemark_circle1</styleUrl>
			<Point>
				<gx:drawOrder>1</gx:drawOrder>
				<coordinates>91.44298930944646,28.14614910364179,0</coordinates>
			</Point>
		</Placemark>
		<Placemark>
			<name>383</name>
			<LookAt>
				<gx:TimeStamp><when>2010-02-16</when>
</gx:TimeStamp>
				<gx:ViewerOptions>
					<gx:option name="historicalimagery"></gx:option>
					<gx:option enabled="0" name="sunlight"></gx:option>
					<gx:option enabled="0" name="streetview"></gx:option>
				</gx:ViewerOptions>
				<longitude>92.22552818882279</longitude>
				<latitude>27.90118024862934</latitude>
				<altitude>0</altitude>
				<heading>4.332500067358918</heading>
				<tilt>40.78063370485717</tilt>
				<range>2673.508951884455</range>
				<gx:altitudeMode>relativeToSeaFloor</gx:altitudeMode>
			</LookAt>
			<styleUrl>#msn_placemark_circle1</styleUrl>
			<Point>
				<gx:drawOrder>1</gx:drawOrder>
				<coordinates>92.22041799037879,27.90710851549046,0</coordinates>
			</Point>
		</Placemark>
		<Placemark>
			<name>384</name>
			<LookAt>
				<longitude>92.31526970841527</longitude>
				<latitude>27.93060884933903</latitude>
				<altitude>0</altitude>
				<heading>26.36682732685398</heading>
				<tilt>44.61654305056604</tilt>
				<range>626.6140450450249</range>
				<gx:altitudeMode>relativeToSeaFloor</gx:altitudeMode>
			</LookAt>
			<styleUrl>#msn_placemark_circle1</styleUrl>
			<Point>
				<gx:drawOrder>1</gx:drawOrder>
				<coordinates>92.31451756726773,27.9324470662539,0</coordinates>
			</Point>
		</Placemark>
		<Placemark>
			<name>385</name>
			<LookAt>
				<gx:TimeStamp><when>2010-01-28</when>
</gx:TimeStamp>
				<gx:ViewerOptions>
					<gx:option name="historicalimagery"></gx:option>
					<gx:option enabled="0" name="sunlight"></gx:option>
					<gx:option enabled="0" name="streetview"></gx:option>
				</gx:ViewerOptions>
				<longitude>92.29945884705687</longitude>
				<latitude>27.90626752403164</latitude>
				<altitude>0</altitude>
				<heading>-88.32491174304479</heading>
				<tilt>47.11962540254122</tilt>
				<range>888.4584892385864</range>
				<gx:altitudeMode>relativeToSeaFloor</gx:altitudeMode>
			</LookAt>
			<styleUrl>#msn_placemark_circle1</styleUrl>
			<Point>
				<gx:drawOrder>1</gx:drawOrder>
				<coordinates>92.29758840099048,27.90522932547629,0</coordinates>
			</Point>
		</Placemark>
		<Placemark>
			<name>386</name>
			<LookAt>
				<longitude>92.32956827739318</longitude>
				<latitude>27.95751822164366</latitude>
				<altitude>0</altitude>
				<heading>63.12100703962889</heading>
				<tilt>36.35027143996363</tilt>
				<range>994.2352610877754</range>
				<gx:altitudeMode>relativeToSeaFloor</gx:altitudeMode>
			</LookAt>
			<styleUrl>#msn_placemark_circle1</styleUrl>
			<Point>
				<gx:drawOrder>1</gx:drawOrder>
				<coordinates>92.32966463829875,27.96006361795308,0</coordinates>
			</Point>
		</Placemark>
		<Placemark>
			<name>387</name>
			<LookAt>
				<longitude>92.33827224031674</longitude>
				<latitude>27.945130420293</latitude>
				<altitude>0</altitude>
				<heading>30.670045054265</heading>
				<tilt>42.17732098605608</tilt>
				<range>2008.445940626098</range>
				<gx:altitudeMode>relativeToSeaFloor</gx:altitudeMode>
			</LookAt>
			<styleUrl>#msn_placemark_circle</styleUrl>
			<Point>
				<gx:drawOrder>1</gx:drawOrder>
				<coordinates>92.33658585324339,27.95070888553277,0</coordinates>
			</Point>
		</Placemark>
		<Placemark>
			<name>388</name>
			<LookAt>
				<gx:TimeStamp><when>2013-10-11</when>
</gx:TimeStamp>
				<gx:ViewerOptions>
					<gx:option name="historicalimagery"></gx:option>
					<gx:option enabled="0" name="sunlight"></gx:option>
					<gx:option enabled="0" name="streetview"></gx:option>
				</gx:ViewerOptions>
				<longitude>92.35480628676046</longitude>
				<latitude>27.954127938058</latitude>
				<altitude>0</altitude>
				<heading>-29.56222866141329</heading>
				<tilt>23.10983936165696</tilt>
				<range>6169.30621201397</range>
				<gx:altitudeMode>relativeToSeaFloor</gx:altitudeMode>
			</LookAt>
			<styleUrl>#msn_placemark_circle</styleUrl>
			<Point>
				<gx:drawOrder>1</gx:drawOrder>
				<coordinates>92.34013480498623,27.96129693370454,0</coordinates>
			</Point>
		</Placemark>
		<Placemark>
			<name>389</name>
			<LookAt>
				<gx:TimeSpan>
					<begin>2024-12-22T12:54:44.005891799Z</begin>
					<end>2024-12-22T12:54:44.0058933Z</end>
				</gx:TimeSpan>
				<gx:ViewerOptions>
					<gx:option name="historicalimagery"></gx:option>
					<gx:option enabled="0" name="sunlight"></gx:option>
					<gx:option enabled="0" name="streetview"></gx:option>
				</gx:ViewerOptions>
				<longitude>92.3171182285196</longitude>
				<latitude>27.9096895236351</latitude>
				<altitude>0</altitude>
				<heading>-174.2317794548808</heading>
				<tilt>50.24518703558728</tilt>
				<range>668.4902820092535</range>
				<gx:altitudeMode>relativeToSeaFloor</gx:altitudeMode>
			</LookAt>
			<styleUrl>#msn_placemark_circle</styleUrl>
			<Point>
				<gx:drawOrder>1</gx:drawOrder>
				<coordinates>92.31808782202629,27.90883323280026,0</coordinates>
			</Point>
		</Placemark>
		<Placemark>
			<name>390</name>
			<LookAt>
				<gx:TimeSpan>
					<begin>2024-12-22T12:56:57.663003999Z</begin>
					<end>2024-12-22T12:56:57.663005499Z</end>
				</gx:TimeSpan>
				<gx:ViewerOptions>
					<gx:option name="historicalimagery"></gx:option>
					<gx:option enabled="0" name="sunlight"></gx:option>
					<gx:option enabled="0" name="streetview"></gx:option>
				</gx:ViewerOptions>
				<longitude>92.32800872266793</longitude>
				<latitude>27.9136969444926</latitude>
				<altitude>0</altitude>
				<heading>143.7587246597215</heading>
				<tilt>27.00660025100748</tilt>
				<range>1751.918280465335</range>
				<gx:altitudeMode>relativeToSeaFloor</gx:altitudeMode>
			</LookAt>
			<styleUrl>#msn_placemark_circle</styleUrl>
			<Point>
				<gx:drawOrder>1</gx:drawOrder>
				<coordinates>92.33082430333462,27.91107995855434,0</coordinates>
			</Point>
		</Placemark>
		<Placemark>
			<name>391</name>
			<LookAt>
				<gx:TimeStamp><when>2013-10-11</when>
</gx:TimeStamp>
				<gx:ViewerOptions>
					<gx:option name="historicalimagery"></gx:option>
					<gx:option enabled="0" name="sunlight"></gx:option>
					<gx:option enabled="0" name="streetview"></gx:option>
				</gx:ViewerOptions>
				<longitude>92.35320837736946</longitude>
				<latitude>27.91140246477319</latitude>
				<altitude>0</altitude>
				<heading>-42.09723872388738</heading>
				<tilt>47.89782451076695</tilt>
				<range>1465.19153140238</range>
				<gx:altitudeMode>relativeToSeaFloor</gx:altitudeMode>
			</LookAt>
			<styleUrl>#msn_placemark_circle</styleUrl>
			<Point>
				<gx:drawOrder>1</gx:drawOrder>
				<coordinates>92.3496269169611,27.91170351289562,0</coordinates>
			</Point>
		</Placemark>
		<Placemark>
			<name>392</name>
			<LookAt>
				<longitude>92.3741284642181</longitude>
				<latitude>27.92760328138555</latitude>
				<altitude>0</altitude>
				<heading>-36.00828132751766</heading>
				<tilt>33.34671516386052</tilt>
				<range>1784.418590818842</range>
				<gx:altitudeMode>relativeToSeaFloor</gx:altitudeMode>
			</LookAt>
			<styleUrl>#msn_placemark_circle</styleUrl>
			<Point>
				<gx:drawOrder>1</gx:drawOrder>
				<coordinates>92.37126519562901,27.93213805681134,0</coordinates>
			</Point>
		</Placemark>
		<Placemark>
			<name>393</name>
			<LookAt>
				<longitude>92.36769224816942</longitude>
				<latitude>27.8945975244655</latitude>
				<altitude>0</altitude>
				<heading>139.6413119924333</heading>
				<tilt>36.30856994360571</tilt>
				<range>1931.591697600086</range>
				<gx:altitudeMode>relativeToSeaFloor</gx:altitudeMode>
			</LookAt>
			<styleUrl>#msn_placemark_circle</styleUrl>
			<Point>
				<gx:drawOrder>1</gx:drawOrder>
				<coordinates>92.37038861321203,27.89265204080381,0</coordinates>
			</Point>
		</Placemark>
		<Placemark>
			<name>394</name>
			<LookAt>
				<longitude>92.37244940258711</longitude>
				<latitude>27.89931801095753</latitude>
				<altitude>0</altitude>
				<heading>113.8644523907552</heading>
				<tilt>30.13957092287565</tilt>
				<range>992.971586195178</range>
				<gx:altitudeMode>relativeToSeaFloor</gx:altitudeMode>
			</LookAt>
			<styleUrl>#msn_placemark_circle</styleUrl>
			<Point>
				<gx:drawOrder>1</gx:drawOrder>
				<coordinates>92.37454957461686,27.89827706134874,0</coordinates>
			</Point>
		</Placemark>
		<Placemark>
			<name>395</name>
			<LookAt>
				<longitude>92.3713102140121</longitude>
				<latitude>27.90244387877525</latitude>
				<altitude>0</altitude>
				<heading>141.552976855532</heading>
				<tilt>34.71637311331096</tilt>
				<range>2531.066748867254</range>
				<gx:altitudeMode>relativeToSeaFloor</gx:altitudeMode>
			</LookAt>
			<styleUrl>#msn_placemark_circle</styleUrl>
			<Point>
				<gx:drawOrder>1</gx:drawOrder>
				<coordinates>92.37956942724624,27.89869920861595,0</coordinates>
			</Point>
		</Placemark>
		<Placemark>
			<name>396</name>
			<LookAt>
				<gx:TimeStamp><when>2013-10-11</when>
</gx:TimeStamp>
				<gx:ViewerOptions>
					<gx:option name="historicalimagery"></gx:option>
					<gx:option enabled="0" name="sunlight"></gx:option>
					<gx:option enabled="0" name="streetview"></gx:option>
				</gx:ViewerOptions>
				<longitude>92.37393492370393</longitude>
				<latitude>27.90929043596134</latitude>
				<altitude>0</altitude>
				<heading>150.6445737079071</heading>
				<tilt>25.93106415678195</tilt>
				<range>2426.106996037472</range>
				<gx:altitudeMode>relativeToSeaFloor</gx:altitudeMode>
			</LookAt>
			<styleUrl>#msn_placemark_circle</styleUrl>
			<Point>
				<gx:drawOrder>1</gx:drawOrder>
				<coordinates>92.38015788780156,27.90662720977094,0</coordinates>
			</Point>
		</Placemark>
		<Placemark>
			<name>397</name>
			<Camera>
				<longitude>92.36792645037585</longitude>
				<latitude>27.93684679797267</latitude>
				<altitude>3797.904489338288</altitude>
				<heading>113.652678995012</heading>
				<tilt>39.98827356635455</tilt>
				<roll>-4.073826187547053</roll>
				<gx:altitudeMode>relativeToSeaFloor</gx:altitudeMode>
			</Camera>
			<styleUrl>#msn_placemark_circle</styleUrl>
			<Point>
				<gx:drawOrder>1</gx:drawOrder>
				<coordinates>92.41080361464299,27.93047667895915,0</coordinates>
			</Point>
		</Placemark>
		<Placemark>
			<name>398</name>
			<Camera>
				<longitude>92.52768129326101</longitude>
				<latitude>27.96400801608776</latitude>
				<altitude>2437.422612656396</altitude>
				<heading>12.39916153859034</heading>
				<tilt>43.8332363782695</tilt>
				<roll>-1.69775071005655</roll>
				<gx:altitudeMode>relativeToSeaFloor</gx:altitudeMode>
			</Camera>
			<styleUrl>#msn_placemark_circle</styleUrl>
			<Point>
				<gx:drawOrder>1</gx:drawOrder>
				<coordinates>92.5295943986747,27.99114243568633,0</coordinates>
			</Point>
		</Placemark>
		<Placemark>
			<name>399</name>
			<Camera>
				<longitude>92.44426791779513</longitude>
				<latitude>28.00994439801449</latitude>
				<altitude>1098.778433785298</altitude>
				<heading>114.8344241787025</heading>
				<tilt>42.79080935402113</tilt>
				<roll>-1.770946402420246</roll>
				<gx:altitudeMode>relativeToSeaFloor</gx:altitudeMode>
			</Camera>
			<styleUrl>#msn_placemark_circle</styleUrl>
			<Point>
				<gx:drawOrder>1</gx:drawOrder>
				<coordinates>92.45430931413955,28.0089663606838,0</coordinates>
			</Point>
		</Placemark>
		<Placemark>
			<name>400</name>
			<Camera>
				<gx:TimeStamp><when>2013</when>
</gx:TimeStamp>
				<gx:ViewerOptions>
					<gx:option name="historicalimagery"></gx:option>
					<gx:option enabled="0" name="sunlight"></gx:option>
					<gx:option enabled="0" name="streetview"></gx:option>
				</gx:ViewerOptions>
				<longitude>92.36290721071508</longitude>
				<latitude>28.04840873957137</latitude>
				<altitude>1871.348983375528</altitude>
				<heading>-28.12887963786704</heading>
				<tilt>38.37862025030458</tilt>
				<roll>-1.918499194010962</roll>
				<gx:altitudeMode>relativeToSeaFloor</gx:altitudeMode>
			</Camera>
			<styleUrl>#msn_placemark_circle</styleUrl>
			<Point>
				<gx:drawOrder>1</gx:drawOrder>
				<coordinates>92.35431410807563,28.0593963867909,0</coordinates>
			</Point>
		</Placemark>
		<Placemark>
			<name>401</name>
			<LookAt>
				<gx:TimeStamp><when>2013</when>
</gx:TimeStamp>
				<gx:ViewerOptions>
					<gx:option name="historicalimagery"></gx:option>
					<gx:option enabled="0" name="sunlight"></gx:option>
					<gx:option enabled="0" name="streetview"></gx:option>
				</gx:ViewerOptions>
				<longitude>92.46596564142746</longitude>
				<latitude>28.13855559092844</latitude>
				<altitude>0</altitude>
				<heading>38.19961827379631</heading>
				<tilt>43.09696105068252</tilt>
				<range>2656.497824724624</range>
				<gx:altitudeMode>relativeToSeaFloor</gx:altitudeMode>
			</LookAt>
			<styleUrl>#msn_placemark_circle</styleUrl>
			<Point>
				<gx:drawOrder>1</gx:drawOrder>
				<coordinates>92.46953693160192,28.14348040476504,0</coordinates>
			</Point>
		</Placemark>
		<Placemark>
			<name>402</name>
			<LookAt>
				<gx:TimeStamp><when>2012-11-08</when>
</gx:TimeStamp>
				<gx:ViewerOptions>
					<gx:option name="historicalimagery"></gx:option>
					<gx:option enabled="0" name="sunlight"></gx:option>
					<gx:option enabled="0" name="streetview"></gx:option>
				</gx:ViewerOptions>
				<longitude>92.61081228763327</longitude>
				<latitude>28.45125857253212</latitude>
				<altitude>0</altitude>
				<heading>135.3276681679287</heading>
				<tilt>30.76731927925102</tilt>
				<range>1972.946704104496</range>
				<gx:altitudeMode>relativeToSeaFloor</gx:altitudeMode>
			</LookAt>
			<styleUrl>#msn_placemark_circle</styleUrl>
			<Point>
				<gx:drawOrder>1</gx:drawOrder>
				<coordinates>92.61746278230996,28.4503880100125,0</coordinates>
			</Point>
		</Placemark>
		<Placemark>
			<name>403</name>
			<LookAt>
				<longitude>92.9902655456092</longitude>
				<latitude>28.54524438506843</latitude>
				<altitude>0</altitude>
				<heading>-168.6944122744929</heading>
				<tilt>33.22427880459298</tilt>
				<range>1055.416187748647</range>
				<gx:altitudeMode>relativeToSeaFloor</gx:altitudeMode>
			</LookAt>
			<styleUrl>#msn_placemark_circle</styleUrl>
			<Point>
				<gx:drawOrder>1</gx:drawOrder>
				<coordinates>92.99269926030779,28.54306034969629,0</coordinates>
			</Point>
		</Placemark>
		<Placemark>
			<name>404</name>
			<LookAt>
				<longitude>93.03442370107668</longitude>
				<latitude>27.04865445802367</latitude>
				<altitude>0</altitude>
				<heading>92.53514641143094</heading>
				<tilt>25.43183480695197</tilt>
				<range>4115.996457356767</range>
				<gx:altitudeMode>relativeToSeaFloor</gx:altitudeMode>
			</LookAt>
			<styleUrl>#msn_placemark_circle</styleUrl>
			<Point>
				<gx:drawOrder>1</gx:drawOrder>
				<coordinates>93.04424888952579,27.05608406067829,0</coordinates>
			</Point>
		</Placemark>
		<Placemark>
			<name>405</name>
			<Camera>
				<longitude>93.01880188128392</longitude>
				<latitude>27.03549088581557</latitude>
				<altitude>2195.661360626438</altitude>
				<heading>-86.72562056241078</heading>
				<tilt>35.12309850121343</tilt>
				<roll>-2.941293766265465</roll>
				<gx:altitudeMode>relativeToSeaFloor</gx:altitudeMode>
			</Camera>
			<styleUrl>#msn_placemark_circle</styleUrl>
			<Point>
				<gx:drawOrder>1</gx:drawOrder>
				<coordinates>92.99725940948242,27.03435686555908,0</coordinates>
			</Point>
		</Placemark>
		<Placemark>
			<name>407</name>
			<LookAt>
				<longitude>93.57875192896128</longitude>
				<latitude>27.14217177726021</latitude>
				<altitude>0</altitude>
				<heading>-13.12153150759858</heading>
				<tilt>32.29855400973505</tilt>
				<range>2567.008736998189</range>
				<gx:altitudeMode>relativeToSeaFloor</gx:altitudeMode>
			</LookAt>
			<styleUrl>#msn_placemark_circle</styleUrl>
			<Point>
				<gx:drawOrder>1</gx:drawOrder>
				<coordinates>93.57281656476334,27.14380465656156,0</coordinates>
			</Point>
		</Placemark>
		<Placemark>
			<name>408</name>
			<LookAt>
				<longitude>93.58561699032585</longitude>
				<latitude>27.14549253266208</latitude>
				<altitude>0</altitude>
				<heading>-49.26923339042482</heading>
				<tilt>22.85576960775118</tilt>
				<range>2772.162139931314</range>
				<gx:altitudeMode>relativeToSeaFloor</gx:altitudeMode>
			</LookAt>
			<styleUrl>#msn_placemark_circle</styleUrl>
			<Point>
				<gx:drawOrder>1</gx:drawOrder>
				<coordinates>93.5792668494217,27.14881109326528,0</coordinates>
			</Point>
		</Placemark>
		<Placemark>
			<name>409</name>
			<LookAt>
				<longitude>94.48686213109421</longitude>
				<latitude>27.89099652630753</latitude>
				<altitude>0</altitude>
				<heading>-6.818180067466404</heading>
				<tilt>20.51518973289205</tilt>
				<range>5532.420494185722</range>
				<gx:altitudeMode>relativeToSeaFloor</gx:altitudeMode>
			</LookAt>
			<styleUrl>#msn_placemark_circle</styleUrl>
			<Point>
				<gx:drawOrder>1</gx:drawOrder>
				<coordinates>94.48056302710695,27.90013345969371,0</coordinates>
			</Point>
		</Placemark>
		<Placemark>
			<name>410</name>
			<LookAt>
				<longitude>95.17861091828728</longitude>
				<latitude>29.26738965818739</latitude>
				<altitude>0</altitude>
				<heading>87.81751994936067</heading>
				<tilt>33.91539570498713</tilt>
				<range>2202.473234483114</range>
				<gx:altitudeMode>relativeToSeaFloor</gx:altitudeMode>
			</LookAt>
			<styleUrl>#msn_placemark_circle</styleUrl>
			<Point>
				<gx:drawOrder>1</gx:drawOrder>
				<coordinates>95.18388519342007,29.27593834931612,0</coordinates>
			</Point>
		</Placemark>
		<Placemark>
			<name>411</name>
			<LookAt>
				<longitude>95.70247888453709</longitude>
				<latitude>29.29609372377921</latitude>
				<altitude>0</altitude>
				<heading>140.3685439149806</heading>
				<tilt>40.73429675790843</tilt>
				<range>2182.816509843791</range>
				<gx:altitudeMode>relativeToSeaFloor</gx:altitudeMode>
			</LookAt>
			<styleUrl>#msn_placemark_circle</styleUrl>
			<Point>
				<gx:drawOrder>1</gx:drawOrder>
				<coordinates>95.70778066442041,29.29357630285487,0</coordinates>
			</Point>
		</Placemark>
		<Placemark>
			<name>412</name>
			<LookAt>
				<longitude>95.6508164635602</longitude>
				<latitude>29.45735951304572</latitude>
				<altitude>0</altitude>
				<heading>-2.505475522501675</heading>
				<tilt>43.5024714363634</tilt>
				<range>2268.822168145844</range>
				<gx:altitudeMode>relativeToSeaFloor</gx:altitudeMode>
			</LookAt>
			<styleUrl>#msn_placemark_circle</styleUrl>
			<Point>
				<gx:drawOrder>1</gx:drawOrder>
				<coordinates>95.64919871139614,29.46145052546034,0</coordinates>
			</Point>
		</Placemark>
		<Placemark>
			<name>413</name>
			<LookAt>
				<longitude>95.64448187140032</longitude>
				<latitude>29.44415910436151</latitude>
				<altitude>0</altitude>
				<heading>25.29254085258561</heading>
				<tilt>43.2174237563691</tilt>
				<range>4422.971243529521</range>
				<gx:altitudeMode>relativeToSeaFloor</gx:altitudeMode>
			</LookAt>
			<styleUrl>#msn_placemark_circle</styleUrl>
			<Point>
				<gx:drawOrder>1</gx:drawOrder>
				<coordinates>95.64300491437331,29.44956734490088,0</coordinates>
			</Point>
		</Placemark>
		<Placemark>
			<name>414</name>
			<LookAt>
				<longitude>95.379628315026</longitude>
				<latitude>29.29521418795423</latitude>
				<altitude>0</altitude>
				<heading>134.7164986191983</heading>
				<tilt>37.60927941840421</tilt>
				<range>12741.03145924147</range>
				<gx:altitudeMode>relativeToSeaFloor</gx:altitudeMode>
			</LookAt>
			<styleUrl>#msn_placemark_circle</styleUrl>
			<Point>
				<gx:drawOrder>1</gx:drawOrder>
				<coordinates>95.4056583732894,29.29223323290443,0</coordinates>
			</Point>
		</Placemark>
		<Placemark>
			<name>415</name>
			<LookAt>
				<longitude>96.17540273501314</longitude>
				<latitude>29.48009356243912</latitude>
				<altitude>0</altitude>
				<heading>48.6992788036209</heading>
				<tilt>32.86012035973528</tilt>
				<range>3684.878841208269</range>
				<gx:altitudeMode>relativeToSeaFloor</gx:altitudeMode>
			</LookAt>
			<styleUrl>#msn_placemark_circle</styleUrl>
			<Point>
				<gx:drawOrder>1</gx:drawOrder>
				<coordinates>96.17594203229322,29.48938179178816,0</coordinates>
			</Point>
		</Placemark>
		<Placemark>
			<name>416</name>
			<LookAt>
				<gx:TimeSpan>
					<begin>2024-12-22T14:17:12.761009999Z</begin>
					<end>2024-12-22T14:17:12.961011399Z</end>
				</gx:TimeSpan>
				<gx:ViewerOptions>
					<gx:option name="historicalimagery"></gx:option>
					<gx:option enabled="0" name="sunlight"></gx:option>
					<gx:option enabled="0" name="streetview"></gx:option>
				</gx:ViewerOptions>
				<longitude>96.47556347692166</longitude>
				<latitude>30.18114321065234</latitude>
				<altitude>0</altitude>
				<heading>123.2551927519272</heading>
				<tilt>39.90548895613669</tilt>
				<range>2064.014372398106</range>
				<gx:altitudeMode>relativeToSeaFloor</gx:altitudeMode>
			</LookAt>
			<styleUrl>#msn_placemark_circle</styleUrl>
			<Point>
				<gx:drawOrder>1</gx:drawOrder>
				<coordinates>96.48240917635937,30.18152926292982,0</coordinates>
			</Point>
		</Placemark>
		<Placemark>
			<name>418</name>
			<LookAt>
				<longitude>96.45071704315339</longitude>
				<latitude>30.25938476041135</latitude>
				<altitude>0</altitude>
				<heading>-55.342919142949</heading>
				<tilt>32.84039070852971</tilt>
				<range>2050.399539720604</range>
				<gx:altitudeMode>relativeToSeaFloor</gx:altitudeMode>
			</LookAt>
			<styleUrl>#msn_placemark_circle</styleUrl>
			<Point>
				<gx:drawOrder>1</gx:drawOrder>
				<coordinates>96.44472334698816,30.26248820258117,0</coordinates>
			</Point>
		</Placemark>
		<Placemark>
			<name>419</name>
			<LookAt>
				<gx:TimeSpan>
					<begin>2024-12-22T14:21:32.599636699Z</begin>
					<end>2024-12-22T14:21:32.5996383Z</end>
				</gx:TimeSpan>
				<gx:ViewerOptions>
					<gx:option name="historicalimagery"></gx:option>
					<gx:option enabled="0" name="sunlight"></gx:option>
					<gx:option enabled="0" name="streetview"></gx:option>
				</gx:ViewerOptions>
				<longitude>96.36278685298113</longitude>
				<latitude>30.2944559225811</latitude>
				<altitude>0</altitude>
				<heading>-97.45417691437407</heading>
				<tilt>37.50169348496833</tilt>
				<range>3643.195356687827</range>
				<gx:altitudeMode>relativeToSeaFloor</gx:altitudeMode>
			</LookAt>
			<styleUrl>#msn_placemark_circle</styleUrl>
			<Point>
				<gx:drawOrder>1</gx:drawOrder>
				<coordinates>96.35995002309916,30.29195324436506,0</coordinates>
			</Point>
		</Placemark>
		<Placemark>
			<name>420</name>
			<LookAt>
				<gx:TimeSpan>
					<begin>2024-12-22T14:22:30.015954399Z</begin>
					<end>2024-12-22T14:22:30.015956199Z</end>
				</gx:TimeSpan>
				<gx:ViewerOptions>
					<gx:option name="historicalimagery"></gx:option>
					<gx:option enabled="0" name="sunlight"></gx:option>
					<gx:option enabled="0" name="streetview"></gx:option>
				</gx:ViewerOptions>
				<longitude>96.4603289567418</longitude>
				<latitude>30.19416928791435</latitude>
				<altitude>0</altitude>
				<heading>-84.2954594104109</heading>
				<tilt>47.82969583034471</tilt>
				<range>3178.51541272359</range>
				<gx:altitudeMode>relativeToSeaFloor</gx:altitudeMode>
			</LookAt>
			<styleUrl>#msn_placemark_circle</styleUrl>
			<Point>
				<gx:drawOrder>1</gx:drawOrder>
				<coordinates>96.44998051633489,30.19395511067955,0</coordinates>
			</Point>
		</Placemark>
		<Placemark>
			<name>421</name>
			<LookAt>
				<gx:TimeSpan>
					<begin>2024-12-22T14:23:09.188577199Z</begin>
					<end>2024-12-22T14:23:09.188578499Z</end>
				</gx:TimeSpan>
				<gx:ViewerOptions>
					<gx:option name="historicalimagery"></gx:option>
					<gx:option enabled="0" name="sunlight"></gx:option>
					<gx:option enabled="0" name="streetview"></gx:option>
				</gx:ViewerOptions>
				<longitude>96.45325144256572</longitude>
				<latitude>30.20266752483489</latitude>
				<altitude>0</altitude>
				<heading>-112.5627237639053</heading>
				<tilt>44.94301044214919</tilt>
				<range>3011.78527374158</range>
				<gx:altitudeMode>relativeToSeaFloor</gx:altitudeMode>
			</LookAt>
			<styleUrl>#msn_placemark_circle</styleUrl>
			<Point>
				<gx:drawOrder>1</gx:drawOrder>
				<coordinates>96.44756959925675,30.19798163663464,0</coordinates>
			</Point>
		</Placemark>
		<Placemark>
			<name>422</name>
			<LookAt>
				<gx:TimeStamp><when>2014-12-31</when>
</gx:TimeStamp>
				<gx:ViewerOptions>
					<gx:option name="historicalimagery"></gx:option>
					<gx:option enabled="0" name="sunlight"></gx:option>
					<gx:option enabled="0" name="streetview"></gx:option>
				</gx:ViewerOptions>
				<longitude>92.3773990884512</longitude>
				<latitude>28.18540828108429</latitude>
				<altitude>0</altitude>
				<heading>98.79640792931264</heading>
				<tilt>33.19076863240636</tilt>
				<range>3836.130382240561</range>
				<gx:altitudeMode>relativeToSeaFloor</gx:altitudeMode>
			</LookAt>
			<styleUrl>#msn_placemark_circle</styleUrl>
			<Point>
				<gx:drawOrder>1</gx:drawOrder>
				<coordinates>92.38353582927729,28.18271518250858,0</coordinates>
			</Point>
		</Placemark>
		<Placemark>
			<name>423</name>
			<LookAt>
				<longitude>95.82659873916364</longitude>
				<latitude>28.54892038039921</latitude>
				<altitude>0</altitude>
				<heading>-126.3230778189873</heading>
				<tilt>37.78927558536434</tilt>
				<range>3018.291652787118</range>
				<gx:altitudeMode>relativeToSeaFloor</gx:altitudeMode>
			</LookAt>
			<styleUrl>#msn_placemark_circle</styleUrl>
			<Point>
				<gx:drawOrder>1</gx:drawOrder>
				<coordinates>95.82087644364486,28.54451464727629,0</coordinates>
			</Point>
		</Placemark>
		<Placemark>
			<name>424</name>
			<LookAt>
				<longitude>96.79104400083186</longitude>
				<latitude>27.96410769337557</latitude>
				<altitude>0</altitude>
				<heading>17.08272299914421</heading>
				<tilt>32.15778860738398</tilt>
				<range>7572.452989008459</range>
				<gx:altitudeMode>relativeToSeaFloor</gx:altitudeMode>
			</LookAt>
			<styleUrl>#msn_placemark_circle</styleUrl>
			<Point>
				<gx:drawOrder>1</gx:drawOrder>
				<coordinates>96.78141718353626,27.98877548556831,0</coordinates>
			</Point>
		</Placemark>
		<Placemark>
			<name>425</name>
			<LookAt>
				<longitude>96.77276931186087</longitude>
				<latitude>27.96894775115076</latitude>
				<altitude>0</altitude>
				<heading>17.06901989871308</heading>
				<tilt>35.67176023577108</tilt>
				<range>6825.372606831089</range>
				<gx:altitudeMode>relativeToSeaFloor</gx:altitudeMode>
			</LookAt>
			<styleUrl>#msn_placemark_circle</styleUrl>
			<Point>
				<gx:drawOrder>1</gx:drawOrder>
				<coordinates>96.76383837812975,27.97269375262192,0</coordinates>
			</Point>
		</Placemark>
		<Placemark>
			<name>426</name>
			<LookAt>
				<longitude>96.72748777986862</longitude>
				<latitude>27.96641581099362</latitude>
				<altitude>0</altitude>
				<heading>117.5068352778465</heading>
				<tilt>40.23370255376258</tilt>
				<range>9207.267307649559</range>
				<gx:altitudeMode>relativeToSeaFloor</gx:altitudeMode>
			</LookAt>
			<styleUrl>#msn_placemark_circle</styleUrl>
			<Point>
				<gx:drawOrder>1</gx:drawOrder>
				<coordinates>96.74103345112823,27.97243081838921,0</coordinates>
			</Point>
		</Placemark>
		<Placemark>
			<name>427</name>
			<LookAt>
				<longitude>96.72810202364988</longitude>
				<latitude>27.9686337660191</latitude>
				<altitude>0</altitude>
				<heading>131.1296655153668</heading>
				<tilt>28.22375978604355</tilt>
				<range>9925.338541094776</range>
				<gx:altitudeMode>relativeToSeaFloor</gx:altitudeMode>
			</LookAt>
			<styleUrl>#msn_placemark_circle</styleUrl>
			<Point>
				<gx:drawOrder>1</gx:drawOrder>
				<coordinates>96.75894734919564,27.97631035099619,0</coordinates>
			</Point>
		</Placemark>
		<Placemark>
			<name>428</name>
			<LookAt>
				<longitude>96.75163883533394</longitude>
				<latitude>28.00966026179476</latitude>
				<altitude>0</altitude>
				<heading>-44.8757211905097</heading>
				<tilt>40.36513219080923</tilt>
				<range>4183.342870828385</range>
				<gx:altitudeMode>relativeToSeaFloor</gx:altitudeMode>
			</LookAt>
			<styleUrl>#msn_placemark_circle</styleUrl>
			<Point>
				<gx:drawOrder>1</gx:drawOrder>
				<coordinates>96.74282392142469,28.00902646419731,0</coordinates>
			</Point>
		</Placemark>
		<Placemark>
			<name>429</name>
			<LookAt>
				<longitude>97.0390264853217</longitude>
				<latitude>28.20444377365881</latitude>
				<altitude>0</altitude>
				<heading>81.263253021539</heading>
				<tilt>46.87172267676332</tilt>
				<range>3543.015768257263</range>
				<gx:altitudeMode>relativeToSeaFloor</gx:altitudeMode>
			</LookAt>
			<styleUrl>#msn_placemark_circle</styleUrl>
			<Point>
				<gx:drawOrder>1</gx:drawOrder>
				<coordinates>97.0445648336607,28.20831720307478,0</coordinates>
			</Point>
		</Placemark>
		<Placemark>
			<name>430</name>
			<LookAt>
				<longitude>96.9989200706876</longitude>
				<latitude>28.103621512614</latitude>
				<altitude>0</altitude>
				<heading>-48.94472820864077</heading>
				<tilt>48.49219498970754</tilt>
				<range>3852.296346232623</range>
				<gx:altitudeMode>relativeToSeaFloor</gx:altitudeMode>
			</LookAt>
			<styleUrl>#msn_placemark_circle</styleUrl>
			<Point>
				<gx:drawOrder>1</gx:drawOrder>
				<coordinates>96.99425212113191,28.10143941127264,0</coordinates>
			</Point>
		</Placemark>
		<Placemark>
			<name>431</name>
			<LookAt>
				<longitude>95.1011172803795</longitude>
				<latitude>29.21733123713365</latitude>
				<altitude>0</altitude>
				<heading>25.34888119328943</heading>
				<tilt>28.7926711597413</tilt>
				<range>6743.041724341635</range>
				<gx:altitudeMode>relativeToSeaFloor</gx:altitudeMode>
			</LookAt>
			<styleUrl>#msn_placemark_circle</styleUrl>
			<Point>
				<gx:drawOrder>1</gx:drawOrder>
				<coordinates>95.1031478111648,29.23077256293198,0</coordinates>
			</Point>
		</Placemark>
		<Placemark>
			<name>432</name>
			<LookAt>
				<longitude>95.05320059816353</longitude>
				<latitude>28.60550651344777</latitude>
				<altitude>0</altitude>
				<heading>62.83400670179646</heading>
				<tilt>28.54461201891966</tilt>
				<range>7331.086170513779</range>
				<gx:altitudeMode>relativeToSeaFloor</gx:altitudeMode>
			</LookAt>
			<styleUrl>#msn_placemark_circle</styleUrl>
			<Point>
				<gx:drawOrder>1</gx:drawOrder>
				<coordinates>95.06874728477261,28.62236498290369,0</coordinates>
			</Point>
		</Placemark>
		<Placemark>
			<name>433</name>
			<LookAt>
				<longitude>94.8489293960133</longitude>
				<latitude>28.44984423869649</latitude>
				<altitude>0</altitude>
				<heading>78.98013250523624</heading>
				<tilt>27.55091788580022</tilt>
				<range>5994.788577374454</range>
				<gx:altitudeMode>relativeToSeaFloor</gx:altitudeMode>
			</LookAt>
			<styleUrl>#msn_placemark_circle</styleUrl>
			<Point>
				<gx:drawOrder>1</gx:drawOrder>
				<coordinates>94.85472125328053,28.46121580731728,0</coordinates>
			</Point>
		</Placemark>
		<Placemark>
			<name>434</name>
			<LookAt>
				<longitude>95.7184801578066</longitude>
				<latitude>29.8895741259378</latitude>
				<altitude>0</altitude>
				<heading>28.53130408792373</heading>
				<tilt>37.82182585529388</tilt>
				<range>6351.597644118831</range>
				<gx:altitudeMode>relativeToSeaFloor</gx:altitudeMode>
			</LookAt>
			<styleUrl>#msn_placemark_circle</styleUrl>
			<Point>
				<gx:drawOrder>1</gx:drawOrder>
				<coordinates>95.71041275025141,29.89966267166337,0</coordinates>
			</Point>
		</Placemark>
		<Placemark>
			<name>435</name>
			<Camera>
				<longitude>96.2127093725053</longitude>
				<latitude>29.97012847586269</latitude>
				<altitude>4246.817100312997</altitude>
				<heading>22.07807810185288</heading>
				<tilt>24.15563229386703</tilt>
				<roll>0.9600773088222531</roll>
				<gx:altitudeMode>relativeToSeaFloor</gx:altitudeMode>
			</Camera>
			<styleUrl>#msn_placemark_circle</styleUrl>
			<Point>
				<gx:drawOrder>1</gx:drawOrder>
				<coordinates>96.21534024885383,29.99770805143489,0</coordinates>
			</Point>
		</Placemark>
		<Placemark>
			<name>437</name>
			<Camera>
				<longitude>95.95462350362723</longitude>
				<latitude>30.11700630303815</latitude>
				<altitude>2192.143875629604</altitude>
				<heading>-125.4129213283415</heading>
				<tilt>43.26788787238041</tilt>
				<roll>0.5986992452098164</roll>
				<gx:altitudeMode>relativeToSeaFloor</gx:altitudeMode>
			</Camera>
			<styleUrl>#msn_placemark_circle</styleUrl>
			<Point>
				<gx:drawOrder>1</gx:drawOrder>
				<coordinates>95.92131206240238,30.08959559589231,0</coordinates>
			</Point>
		</Placemark>
		<Placemark>
			<name>438</name>
			<Camera>
				<longitude>95.92851815076983</longitude>
				<latitude>30.14098508832711</latitude>
				<altitude>1772.191493340942</altitude>
				<heading>-125.4567705085251</heading>
				<tilt>45.35226935424402</tilt>
				<roll>0.5795843103217811</roll>
				<gx:altitudeMode>relativeToSeaFloor</gx:altitudeMode>
			</Camera>
			<styleUrl>#msn_placemark_circle</styleUrl>
			<Point>
				<gx:drawOrder>1</gx:drawOrder>
				<coordinates>95.90159417259957,30.12089335484195,0</coordinates>
			</Point>
		</Placemark>
		<Placemark>
			<name>439</name>
			<LookAt>
				<longitude>96.09688522997581</longitude>
				<latitude>29.40792978716858</latitude>
				<altitude>0</altitude>
				<heading>-151.2951308176968</heading>
				<tilt>41.65193899312907</tilt>
				<range>4118.485679935658</range>
				<gx:altitudeMode>relativeToSeaFloor</gx:altitudeMode>
			</LookAt>
			<styleUrl>#msn_placemark_circle</styleUrl>
			<Point>
				<gx:drawOrder>1</gx:drawOrder>
				<coordinates>96.09369842514934,29.39889598305759,0</coordinates>
			</Point>
		</Placemark>
		<Placemark>
			<name>440</name>
			<LookAt>
				<longitude>95.07217985148768</longitude>
				<latitude>29.95945416208765</latitude>
				<altitude>0</altitude>
				<heading>-72.66544167916902</heading>
				<tilt>34.44188872658644</tilt>
				<range>2101.570858726973</range>
				<gx:altitudeMode>relativeToSeaFloor</gx:altitudeMode>
			</LookAt>
			<styleUrl>#msn_placemark_circle</styleUrl>
			<Point>
				<gx:drawOrder>1</gx:drawOrder>
				<coordinates>95.06644101159614,29.96017482827644,0</coordinates>
			</Point>
		</Placemark>
		<Placemark>
			<name>441</name>
			<Camera>
				<longitude>95.11924531806191</longitude>
				<latitude>29.94153308899032</latitude>
				<altitude>5910.743236852441</altitude>
				<heading>96.44509477200604</heading>
				<tilt>18.11603061704421</tilt>
				<roll>5.547617116054763</roll>
				<gx:altitudeMode>relativeToSeaFloor</gx:altitudeMode>
			</Camera>
			<styleUrl>#msn_placemark_circle</styleUrl>
			<Point>
				<gx:drawOrder>1</gx:drawOrder>
				<coordinates>95.15003260696585,29.94332254411443,0</coordinates>
			</Point>
		</Placemark>
		<Placemark>
			<name>442</name>
			<Camera>
				<longitude>95.1146614878116</longitude>
				<latitude>29.88897107287249</latitude>
				<altitude>3739.40788288209</altitude>
				<heading>-1.460808786725989</heading>
				<tilt>32.2957251292093</tilt>
				<roll>3.231889168212501</roll>
				<gx:altitudeMode>relativeToSeaFloor</gx:altitudeMode>
			</Camera>
			<styleUrl>#msn_placemark_circle</styleUrl>
			<Point>
				<gx:drawOrder>1</gx:drawOrder>
				<coordinates>95.10746887933868,29.90661038654994,0</coordinates>
			</Point>
		</Placemark>
		<Placemark>
			<name>443</name>
			<Camera>
				<longitude>95.17009721623671</longitude>
				<latitude>29.74108545848726</latitude>
				<altitude>2682.113013139148</altitude>
				<heading>1.090354683569204</heading>
				<tilt>38.82081660255784</tilt>
				<roll>1.874788101830344</roll>
				<gx:altitudeMode>relativeToSeaFloor</gx:altitudeMode>
			</Camera>
			<styleUrl>#msn_placemark_circle</styleUrl>
			<Point>
				<gx:drawOrder>1</gx:drawOrder>
				<coordinates>95.16628293579267,29.77385738622253,0</coordinates>
			</Point>
		</Placemark>
		<Placemark>
			<name>444</name>
			<Camera>
				<longitude>95.16232687184959</longitude>
				<latitude>29.8209301738409</latitude>
				<altitude>5885.462529269689</altitude>
				<heading>-136.5744623703071</heading>
				<tilt>32.45966642274378</tilt>
				<roll>2.196641859999573</roll>
				<gx:altitudeMode>relativeToSeaFloor</gx:altitudeMode>
			</Camera>
			<styleUrl>#msn_placemark_circle</styleUrl>
			<Point>
				<gx:drawOrder>1</gx:drawOrder>
				<coordinates>95.13753252729745,29.77758540784648,0</coordinates>
			</Point>
		</Placemark>
		<Placemark>
			<name>445</name>
			<Camera>
				<longitude>95.18884706761943</longitude>
				<latitude>29.80097439594508</latitude>
				<altitude>4676.218480008441</altitude>
				<heading>47.26510908719146</heading>
				<tilt>38.86766296720768</tilt>
				<roll>1.906293851503269</roll>
				<gx:altitudeMode>relativeToSeaFloor</gx:altitudeMode>
			</Camera>
			<styleUrl>#msn_placemark_circle</styleUrl>
			<Point>
				<gx:drawOrder>1</gx:drawOrder>
				<coordinates>95.23109437533333,29.84180923565765,0</coordinates>
			</Point>
		</Placemark>
		<Placemark>
			<name>446</name>
			<Camera>
				<longitude>95.27249567553399</longitude>
				<latitude>29.81117551023184</latitude>
				<altitude>4713.036643835425</altitude>
				<heading>81.43301037995894</heading>
				<tilt>46.56246181315741</tilt>
				<roll>1.656315607303952</roll>
				<gx:altitudeMode>relativeToSeaFloor</gx:altitudeMode>
			</Camera>
			<styleUrl>#msn_placemark_circle</styleUrl>
			<Point>
				<gx:drawOrder>1</gx:drawOrder>
				<coordinates>95.31764068001318,29.83353120409388,0</coordinates>
			</Point>
		</Placemark>
		<Placemark>
			<name>447</name>
			<Camera>
				<longitude>95.35779171628778</longitude>
				<latitude>29.74147696117934</latitude>
				<altitude>4983.134770343227</altitude>
				<heading>-152.5320797211337</heading>
				<tilt>36.95092288811322</tilt>
				<roll>2.072094793430785</roll>
				<gx:altitudeMode>relativeToSeaFloor</gx:altitudeMode>
			</Camera>
			<styleUrl>#msn_placemark_circle</styleUrl>
			<Point>
				<gx:drawOrder>1</gx:drawOrder>
				<coordinates>95.33231315581752,29.68404220832091,0</coordinates>
			</Point>
		</Placemark>
		<Placemark>
			<name>448</name>
			<LookAt>
				<gx:TimeStamp><when>2013-02-12</when>
</gx:TimeStamp>
				<gx:ViewerOptions>
					<gx:option name="historicalimagery"></gx:option>
					<gx:option enabled="0" name="sunlight"></gx:option>
					<gx:option enabled="0" name="streetview"></gx:option>
				</gx:ViewerOptions>
				<longitude>96.48786148993672</longitude>
				<latitude>29.54892237420121</latitude>
				<altitude>0</altitude>
				<heading>60.24836449082937</heading>
				<tilt>17.48443007861341</tilt>
				<range>2731.963634094625</range>
				<gx:altitudeMode>relativeToSeaFloor</gx:altitudeMode>
			</LookAt>
			<styleUrl>#msn_placemark_circle</styleUrl>
			<Point>
				<gx:drawOrder>1</gx:drawOrder>
				<coordinates>96.49022934667124,29.55125799703913,0</coordinates>
			</Point>
		</Placemark>
		<Placemark>
			<name>449</name>
			<Camera>
				<gx:TimeSpan>
					<begin>2024-12-23T02:27:50.143131099Z</begin>
					<end>2024-12-23T02:27:50.143132899Z</end>
				</gx:TimeSpan>
				<gx:ViewerOptions>
					<gx:option name="historicalimagery"></gx:option>
					<gx:option enabled="0" name="sunlight"></gx:option>
					<gx:option enabled="0" name="streetview"></gx:option>
				</gx:ViewerOptions>
				<longitude>91.27904027759828</longitude>
				<latitude>28.47162222705243</latitude>
				<altitude>2428.220352137218</altitude>
				<heading>-66.01650779603801</heading>
				<tilt>19.9341298939107</tilt>
				<roll>-2.246001298050182</roll>
				<gx:altitudeMode>relativeToSeaFloor</gx:altitudeMode>
			</Camera>
			<styleUrl>#msn_placemark_circle</styleUrl>
			<Point>
				<gx:drawOrder>1</gx:drawOrder>
				<coordinates>91.27094329866847,28.48126182306627,0</coordinates>
			</Point>
		</Placemark>
		<Placemark>
			<name>450</name>
			<Camera>
				<longitude>91.26154407198429</longitude>
				<latitude>28.48271228449313</latitude>
				<altitude>1256.903305743292</altitude>
				<heading>55.99397114878232</heading>
				<tilt>38.44340570951509</tilt>
				<roll>-1.229459962845665</roll>
				<gx:altitudeMode>relativeToSeaFloor</gx:altitudeMode>
			</Camera>
			<styleUrl>#msn_placemark_circle</styleUrl>
			<Point>
				<gx:drawOrder>1</gx:drawOrder>
				<coordinates>91.269386653525,28.48889506945969,0</coordinates>
			</Point>
		</Placemark>
		<Placemark>
			<name>451</name>
			<Camera>
				<longitude>91.26055716500673</longitude>
				<latitude>28.48679724983724</latitude>
				<altitude>785.5602826823819</altitude>
				<heading>66.70517861946097</heading>
				<tilt>48.11613060152529</tilt>
				<roll>-1.02729096640731</roll>
				<gx:altitudeMode>relativeToSeaFloor</gx:altitudeMode>
			</Camera>
			<styleUrl>#msn_placemark_circle</styleUrl>
			<Point>
				<gx:drawOrder>1</gx:drawOrder>
				<coordinates>91.2662624978858,28.49045232601554,0</coordinates>
			</Point>
		</Placemark>
		<Placemark>
			<name>452</name>
			<Camera>
				<longitude>91.26071018849491</longitude>
				<latitude>28.49493772326085</latitude>
				<altitude>1007.363367461626</altitude>
				<heading>-99.67454763994499</heading>
				<tilt>39.09993467523385</tilt>
				<roll>-0.9622461488111604</roll>
				<gx:altitudeMode>relativeToSeaFloor</gx:altitudeMode>
			</Camera>
			<styleUrl>#msn_placemark_circle</styleUrl>
			<Point>
				<gx:drawOrder>1</gx:drawOrder>
				<coordinates>91.25086633534035,28.49558286736123,0</coordinates>
			</Point>
		</Placemark>
		<Placemark>
			<name>453</name>
			<LookAt>
				<longitude>91.21164819836932</longitude>
				<latitude>28.51575620512492</latitude>
				<altitude>0</altitude>
				<heading>71.64666332830306</heading>
				<tilt>16.84412931577715</tilt>
				<range>1422.125382416069</range>
				<gx:altitudeMode>relativeToSeaFloor</gx:altitudeMode>
			</LookAt>
			<styleUrl>#msn_placemark_circle</styleUrl>
			<Point>
				<gx:drawOrder>1</gx:drawOrder>
				<coordinates>91.21477968052434,28.51910747833112,0</coordinates>
			</Point>
		</Placemark>
		<Placemark>
			<name>454</name>
			<LookAt>
				<longitude>90.9097899772359</longitude>
				<latitude>28.01542293491451</latitude>
				<altitude>0</altitude>
				<heading>71.25136135017316</heading>
				<tilt>37.34809833884977</tilt>
				<range>1500.832272335594</range>
				<gx:altitudeMode>relativeToSeaFloor</gx:altitudeMode>
			</LookAt>
			<styleUrl>#msn_placemark_circle</styleUrl>
			<Point>
				<gx:drawOrder>1</gx:drawOrder>
				<coordinates>90.91145200086495,28.01861233882506,0</coordinates>
			</Point>
		</Placemark>
		<Placemark>
			<name>455</name>
			<LookAt>
				<longitude>90.90986733059103</longitude>
				<latitude>27.99716949310728</latitude>
				<altitude>0</altitude>
				<heading>146.7009196209176</heading>
				<tilt>36.19852392327881</tilt>
				<range>1817.303541308294</range>
				<gx:altitudeMode>relativeToSeaFloor</gx:altitudeMode>
			</LookAt>
			<styleUrl>#msn_placemark_circle</styleUrl>
			<Point>
				<gx:drawOrder>1</gx:drawOrder>
				<coordinates>90.91300462473937,27.9967791519216,0</coordinates>
			</Point>
		</Placemark>
		<Placemark>
			<name>456</name>
			<LookAt>
				<longitude>90.95441018842475</longitude>
				<latitude>28.03853435785706</latitude>
				<altitude>0</altitude>
				<heading>126.7369430981369</heading>
				<tilt>44.06642601020864</tilt>
				<range>1569.26690692062</range>
				<gx:altitudeMode>relativeToSeaFloor</gx:altitudeMode>
			</LookAt>
			<styleUrl>#msn_placemark_circle</styleUrl>
			<Point>
				<gx:drawOrder>1</gx:drawOrder>
				<coordinates>90.95791822015075,28.03919367190143,0</coordinates>
			</Point>
		</Placemark>
		<Placemark>
			<name>457</name>
			<LookAt>
				<longitude>90.93778922261583</longitude>
				<latitude>27.98929303879141</latitude>
				<altitude>0</altitude>
				<heading>116.8556302405988</heading>
				<tilt>37.59698809488916</tilt>
				<range>2166.895541627376</range>
				<gx:altitudeMode>relativeToSeaFloor</gx:altitudeMode>
			</LookAt>
			<styleUrl>#msn_placemark_circle</styleUrl>
			<Point>
				<gx:drawOrder>1</gx:drawOrder>
				<coordinates>90.94231298391485,27.99241769887239,0</coordinates>
			</Point>
		</Placemark>
		<Placemark>
			<name>458</name>
			<LookAt>
				<gx:TimeStamp><when>2014-11-18</when>
</gx:TimeStamp>
				<gx:ViewerOptions>
					<gx:option name="historicalimagery"></gx:option>
					<gx:option enabled="0" name="sunlight"></gx:option>
					<gx:option enabled="0" name="streetview"></gx:option>
				</gx:ViewerOptions>
				<longitude>91.44588640397964</longitude>
				<latitude>28.05457831579737</latitude>
				<altitude>0</altitude>
				<heading>-137.5723583153423</heading>
				<tilt>42.56158905666781</tilt>
				<range>2555.181392883118</range>
				<gx:altitudeMode>relativeToSeaFloor</gx:altitudeMode>
			</LookAt>
			<styleUrl>#msn_placemark_circle</styleUrl>
			<Point>
				<gx:drawOrder>1</gx:drawOrder>
				<coordinates>91.44794282110463,28.05334283396021,0</coordinates>
			</Point>
		</Placemark>
		<Placemark>
			<name>460</name>
			<LookAt>
				<longitude>91.27440746781832</longitude>
				<latitude>28.50327194140244</latitude>
				<altitude>0</altitude>
				<heading>-114.0687901767459</heading>
				<tilt>32.79062458411731</tilt>
				<range>751.6723281307819</range>
				<gx:altitudeMode>relativeToSeaFloor</gx:altitudeMode>
			</LookAt>
			<styleUrl>#msn_placemark_circle</styleUrl>
			<Point>
				<gx:drawOrder>1</gx:drawOrder>
				<coordinates>91.27271348058407,28.50227480864623,0</coordinates>
			</Point>
		</Placemark>
		<Placemark>
			<name>461</name>
			<LookAt>
				<longitude>91.28336038536443</longitude>
				<latitude>28.49896783741823</latitude>
				<altitude>0</altitude>
				<heading>179.2370525429687</heading>
				<tilt>46.85291860306702</tilt>
				<range>1297.969988534183</range>
				<gx:altitudeMode>relativeToSeaFloor</gx:altitudeMode>
			</LookAt>
			<styleUrl>#msn_placemark_circle</styleUrl>
			<Point>
				<gx:drawOrder>1</gx:drawOrder>
				<coordinates>91.28603046858296,28.49513784946868,0</coordinates>
			</Point>
		</Placemark>
	</Folder>
</Document>
</kml>
