uei,district_norm,state,issue_date,label,latitude,longitude,n_missing_features,rain_prev_3d_mm,rain_prev_7d_mm,rain_prev_14d_mm,et0_prev_7d_mm,forecast_rain_0_24h_mm,forecast_rain_24_48h_mm,river_discharge_current_m3s,river_discharge_change_pct,elevation_m,slope_proxy_pct,historical_flood_event_count_district,historical_flood_years_count,distance_to_nearest_recorded_flood_event_km,days_since_last_recorded_flood
UEI-IMD-FL-2015-0005,bongaigaon,Assam,2015-02-18,1,26.47703,90.55815,0,0.0,0.5,0.5,22.97,5.8,0.0,0.09,0.0,59.0,0.36,45,27,0.0,187.0
UEI-IMD-FL-2015-0005,dhubri,Assam,2015-02-18,1,26.01856,89.98564,0,0.0,0.0,0.0,24.15,0.4,0.1,2132.05,-1.6,34.0,0.901,68,35,0.0,149.0
UEI-IMD-FL-2015-0005,dhemaji,Assam,2015-02-18,1,27.48333,94.58333,0,0.0,8.4,8.5,20.95,0.8,0.0,0.94,0.0,109.0,1.081,110,31,0.0,149.0
UEI-IMD-FL-2015-0005,chirang,Assam,2015-02-18,1,29.87368,79.81931,0,3.8,4.6000000000000005,5.7,18.009999999999998,0.9,0.0,0.94,3.3,1202.0,33.243,21,15,0.0,593.0
UEI-IMD-FL-2015-0005,baksa,Assam,2015-02-18,1,28.7643,78.00321,0,2.0,2.0,2.3,23.71,18.7,0.3,0.12,0.0,217.0,0.541,23,16,0.0,643.0
UEI-IMD-FL-2015-0005,darrang,Assam,2015-02-18,1,26.63333,92.8,0,0.0,6.7,6.800000000000001,20.1,3.6,0.0,1895.71,-2.1,70.0,0.36,69,37,0.0,149.0
UEI-IMD-FL-2015-0005,biswanath,Assam,2015-02-18,1,26.72577,93.14659,0,0.0,8.6,8.6,20.299999999999997,3.8,0.0,0.12,0.0,81.0,0.541,21,16,0.0,643.0
UEI-IMD-FL-2015-0005,barpeta,Assam,2015-02-18,1,26.32293,91.00632,0,0.1,0.4,0.4,23.1,6.2,0.0,0.56,-5.1,46.0,0.36,74,33,0.0,149.0
UEI-IMD-FL-2015-0044,alappuzha,Kerala,2015-03-02,1,9.49004,76.3264,0,5.800000000000001,7.000000000000001,8.3,34.03,0.7,2.5,0.03,0.0,7.0,0.631,77,32,0.0,213.0
UEI-IMD-FL-2015-0033,ballari,Karnataka,2015-03-05,1,15.14205,76.92398,0,0.6,0.6,0.6,39.94,0.2,0.0,0.53,0.0,454.0,0.721,38,24,0.0,131.0
UEI-IMD-FL-2015-0045,alappuzha,Kerala,2015-03-12,1,9.49004,76.3264,0,3.4,34.9,46.0,32.36,2.8,6.0,0.06,100.0,7.0,0.631,78,33,0.0,11.0
UEI-IMD-FL-2015-0046,alappuzha,Kerala,2015-03-26,1,9.49004,76.3264,0,1.6,1.7000000000000002,32.1,37.0,1.3,0.4,0.03,-50.0,7.0,0.631,79,33,0.0,13.0
UEI-IMD-FL-2015-0100,bara banki,Uttar Pradesh,2015-04-03,1,26.92384,81.17927,0,0.0,14.1,14.1,36.15,0.7,0.0,0.28,27.3,122.0,0.631,44,28,0.0,232.0
UEI-IMD-FL-2015-0047,alappuzha,Kerala,2015-04-05,1,9.49004,76.3264,0,6.1000000000000005,28.499999999999996,31.8,32.440000000000005,2.3,7.9,0.06,100.0,7.0,0.631,80,33,0.0,11.0
UEI-IMD-FL-2015-0034,ballari,Karnataka,2015-04-06,1,15.14205,76.92398,0,0.0,0.2,0.2,49.46,0.0,0.0,0.56,5.7,454.0,0.721,39,25,0.0,31.0
UEI-IMD-FL-2015-0049,alappuzha,Kerala,2015-04-18,1,9.49004,76.3264,0,20.1,57.89999999999999,86.10000000000001,30.049999999999997,4.5,6.3,0.12,0.0,7.0,0.631,81,33,0.0,12.0
UEI-IMD-FL-2015-0050,alappuzha,Kerala,2015-04-25,1,9.49004,76.3264,0,39.4,92.10000000000001,150.0,27.439999999999998,5.5,4.9,0.47,291.7,7.0,0.631,82,33,0.0,11.0
UEI-IMD-FL-2015-0087,coimbatore,Tamil Nadu,2015-05-13,1,11.00555,76.96612,0,13.1,30.5,36.1,27.58,18.5,5.2,3.79,501.6,422.0,0.811,25,20,0.0,357.0
UEI-IMD-FL-2015-0037,chitradurga,Karnataka,2015-05-26,1,14.22262,76.40038,1,0.3,1.4000000000000001,30.599999999999998,43.53,1.3,0.3,0.0,,738.0,1.892,21,15,0.0,267.0
UEI-IMD-FL-2015-0006,barpeta,Assam,2015-05-31,1,26.32293,91.00632,0,190.0,350.6,444.5,11.779999999999998,29.9,13.8,105.17,306.8,46.0,0.36,75,34,0.0,101.0
UEI-IMD-FL-2015-0006,dhemaji,Assam,2015-05-31,1,27.48333,94.58333,0,14.3,104.0,184.90000000000003,13.75,54.8,13.3,18.14,-51.0,109.0,1.081,111,32,0.0,101.0
UEI-IMD-FL-2015-0067,dharashiv,Maharashtra,2015-06-06,1,18.18158,76.03889,0,3.8,6.3,8.100000000000001,51.06,9.2,2.9,0.03,0.0,665.0,2.072,24,19,0.0,2458.0
UEI-IMD-FL-2015-0067,beed,Maharashtra,2015-06-06,1,18.98921,75.75634,1,0.4,1.0,3.6,54.27,11.0,2.4,0.0,,510.0,0.631,35,24,0.0,1671.0
UEI-IMD-FL-2015-0067,aurangabad,Maharashtra,2015-06-06,1,19.87757,75.34226,0,1.2,1.2,1.2,51.93,2.9,5.2,0.85,-2.3,587.0,0.631,69,37,0.0,1671.0
UEI-IMD-FL-2015-0055,alappuzha,Kerala,2015-06-07,1,9.49004,76.3264,0,33.4,85.69999999999999,154.20000000000002,21.63,23.9,11.7,1.65,-2.4,7.0,0.631,83,33,0.0,42.0
UEI-IMD-FL-2015-0007,dhemaji,Assam,2015-06-08,1,27.48333,94.58333,0,90.2,169.0,245.30000000000004,12.9,83.7,18.8,39.83,19.7,109.0,1.081,112,32,0.0,11.0
UEI-IMD-FL-2015-0007,darrang,Assam,2015-06-08,1,26.63333,92.8,0,67.1,121.8,293.40000000000003,18.91,38.3,74.4,31187.89,53.8,70.0,0.36,70,38,0.0,109.0
UEI-IMD-FL-2015-0007,baksa,Assam,2015-06-08,1,28.7643,78.00321,0,0.2,3.5,4.0,48.28,0.0,0.0,0.12,0.0,217.0,0.541,24,17,0.0,109.0
UEI-IMD-FL-2015-0007,barpeta,Assam,2015-06-08,1,26.32293,91.00632,0,39.2,100.0,499.6,21.32,43.9,101.5,50.17,-40.2,46.0,0.36,76,34,0.0,11.0
UEI-IMD-FL-2015-0004,changlang,Arunachal Pradesh,2015-06-09,1,27.13177,95.73486,0,43.7,63.6,136.79999999999998,21.3,34.7,25.5,92.54,63.7,367.0,21.802,17,14,0.0,713.0
UEI-IMD-FL-2015-0017,bhavnagar,Gujarat,2015-06-12,1,21.76287,72.15331,0,1.3,4.5,6.1,42.019999999999996,11.6,0.0,3.69,558.9,23.0,1.171,29,20,0.0,624.0
UEI-IMD-FL-2015-0017,ahmedabad,Gujarat,2015-06-12,1,23.02579,72.58727,0,0.2,1.6,1.6,46.64,0.6,0.7,1.38,0.0,53.0,0.631,42,25,0.0,624.0
UEI-IMD-FL-2015-0017,botad,Gujarat,2015-06-12,1,22.16917,71.66671,0,4.8,12.0,17.8,46.73,5.2,0.0,0.63,85.3,88.0,0.541,19,12,0.0,624.0
UEI-IMD-FL-2015-0017,amreli,Gujarat,2015-06-12,1,21.59983,71.21169,1,1.7999999999999998,7.699999999999999,8.5,39.540000000000006,6.7,3.0,0.0,,123.0,0.721,28,19,0.0,624.0
UEI-IMD-FL-2015-0089,chennai,Tamil Nadu,2015-06-16,1,13.08784,80.27847,2,4.1000000000000005,12.600000000000001,18.6,41.099999999999994,5.8,4.5,,,15.0,0.901,42,29,0.0,643.0
UEI-IMD-FL-2015-0056,alappuzha,Kerala,2015-06-18,1,9.49004,76.3264,0,47.8,147.49999999999997,235.59999999999997,18.169999999999998,14.1,8.8,2.87,-4.3,7.0,0.631,84,33,0.0,11.0
UEI-IMD-FL-2015-0019,chamba,Himachal Pradesh,2015-06-19,1,32.55531,76.12647,0,1.8,9.7,21.2,36.72,5.3,10.4,6.03,-5.9,946.0,24.685,49,24,0.0,675.0
UEI-IMD-FL-2015-0038,chikkamagaluru,Karnataka,2015-06-19,1,13.32231,75.774,0,29.200000000000003,58.400000000000006,94.3,12.530000000000001,35.7,31.3,0.25,177.8,1042.0,1.351,15,14,0.0,322.0
UEI-IMD-FL-2015-0008,dhemaji,Assam,2015-06-19,1,27.48333,94.58333,0,15.7,60.4,282.0,15.280000000000001,1.0,20.1,22.44,-37.9,109.0,1.081,113,32,0.0,11.0
UEI-IMD-FL-2015-0008,barpeta,Assam,2015-06-19,1,26.32293,91.00632,0,35.3,134.39999999999998,421.2,15.89,27.2,24.3,47.19,-46.5,46.0,0.36,77,34,0.0,11.0
UEI-IMD-FL-2015-0029,anantnag,Jammu and Kashmir,2015-07-08,1,33.73068,75.15418,0,3.5,5.300000000000001,39.300000000000004,32.29,4.1,31.9,5.68,2.7,1602.0,8.108,26,16,0.0,241.0
UEI-IMD-FL-2015-0039,ballari,Karnataka,2015-07-09,1,15.14205,76.92398,0,0.1,1.7000000000000002,2.7,43.28,0.9,0.0,0.31,-16.2,454.0,0.721,40,25,0.0,93.0
UEI-IMD-FL-2015-0101,bulandshahr,Uttar Pradesh,2015-07-10,1,28.40392,77.85773,0,25.400000000000002,51.10000000000001,51.900000000000006,32.26,39.7,17.0,0.16,166.7,209.0,1.171,27,17,0.0,2595.0
UEI-IMD-FL-2015-0101,budaun,Uttar Pradesh,2015-07-10,1,28.03811,79.12668,0,20.4,68.9,146.20000000000002,29.99,38.4,66.2,0.45,9.8,176.0,0.631,26,18,0.0,1781.0
UEI-IMD-FL-2015-0101,bareilly,Uttar Pradesh,2015-07-10,1,28.36678,79.43167,0,26.5,65.8,138.50000000000003,27.74,23.1,57.1,1.62,0.0,177.0,0.36,33,22,0.0,1754.0
UEI-IMD-FL-2015-0009,darrang,Assam,2015-07-13,1,26.63333,92.8,0,9.5,24.6,80.9,23.07,20.4,51.6,24433.31,-23.1,70.0,0.36,71,38,0.0,34.0
UEI-IMD-FL-2015-0009,barpeta,Assam,2015-07-13,1,26.32293,91.00632,0,77.79999999999998,154.5,208.3,24.259999999999998,18.2,38.7,37.82,-0.9,46.0,0.36,78,34,0.0,23.0
UEI-IMD-FL-2015-0009,bongaigaon,Assam,2015-07-13,1,26.47703,90.55815,0,70.0,113.4,207.89999999999998,22.979999999999997,18.5,56.1,4.64,-13.6,59.0,0.36,46,28,0.0,144.0
UEI-IMD-FL-2015-0009,chirang,Assam,2015-07-13,1,29.87368,79.81931,0,72.5,125.3,304.1,14.049999999999999,1.7,7.2,6.1,36.5,1202.0,33.243,22,16,0.0,144.0
UEI-IMD-FL-2015-0009,dhemaji,Assam,2015-07-13,1,27.48333,94.58333,0,28.3,49.7,137.0,27.720000000000002,13.0,66.7,19.8,-6.7,109.0,1.081,114,32,0.0,23.0
UEI-IMD-FL-2015-0009,dhubri,Assam,2015-07-13,1,26.01856,89.98564,0,41.10000000000001,130.9,206.29999999999995,21.85,14.7,20.8,33495.55,-27.6,34.0,0.901,69,36,0.0,144.0
UEI-IMD-FL-2015-0009,baksa,Assam,2015-07-13,1,28.7643,78.00321,0,129.8,187.1,223.89999999999998,16.029999999999998,0.8,0.6,2.03,554.8,217.0,0.541,25,17,0.0,34.0
UEI-IMD-FL-2015-0009,biswanath,Assam,2015-07-13,1,26.72577,93.14659,0,9.8,26.0,80.8,22.689999999999998,10.6,42.0,5.47,-32.1,81.0,0.541,22,17,0.0,144.0
UEI-IMD-FL-2015-0091,chennai,Tamil Nadu,2015-07-16,1,13.08784,80.27847,2,13.8,17.0,23.799999999999997,41.86,0.2,0.4,,,15.0,0.901,43,30,0.0,29.0
UEI-IMD-FL-2015-0065,betul,Madhya Pradesh,2015-07-18,1,21.90056,77.90229,0,1.2,9.099999999999998,54.3,28.14,18.8,9.2,0.19,-53.7,644.0,0.991,17,14,0.0,363.0
UEI-IMD-FL-2015-0065,burhanpur,Madhya Pradesh,2015-07-18,1,21.30868,76.23026,0,0.4,0.4,1.4000000000000001,37.5,2.9,14.6,8.27,19.3,249.0,1.892,13,12,0.0,368.0
UEI-IMD-FL-2015-0065,chhindwara,Madhya Pradesh,2015-07-18,1,22.05697,78.93958,0,0.1,17.3,109.59999999999998,25.47,14.8,1.3,0.26,-92.0,690.0,1.712,26,19,0.0,1075.0
UEI-IMD-FL-2015-0079,barmer,Rajasthan,2015-07-21,1,25.74572,71.39211,0,0.0,0.0,0.5,53.620000000000005,5.9,10.5,0.16,45.5,207.0,3.874,19,12,0.0,1825.0
UEI-IMD-FL-2015-0079,bhilwara,Rajasthan,2015-07-21,1,25.34707,74.64081,0,34.7,35.0,49.099999999999994,33.54,11.6,23.6,0.37,164.3,419.0,0.901,21,17,0.0,357.0
UEI-IMD-FL-2015-0079,bikaner,Rajasthan,2015-07-21,1,28.01762,73.31495,0,2.7,2.8,46.2,52.87,1.8,14.1,0.31,-61.3,232.0,0.901,28,17,0.0,1427.0
UEI-IMD-FL-2015-0079,dholpur,Rajasthan,2015-07-21,1,20.70376,84.48351,0,12.0,35.70000000000001,125.39999999999998,23.509999999999998,24.7,10.4,2161.72,-9.2,84.0,0.991,17,13,0.0,885.0
UEI-IMD-FL-2015-0079,ajmer,Rajasthan,2015-07-21,1,26.4521,74.63867,0,43.6,43.800000000000004,68.89999999999999,37.54,4.1,23.5,0.49,157.9,482.0,10.27,36,26,0.0,344.0
UEI-IMD-FL-2015-0014,banka,Bihar,2015-07-23,1,20.88149,82.49988,0,19.5,38.3,196.30000000000004,23.009999999999998,5.7,17.2,2.36,-63.3,323.0,0.901,33,21,0.0,312.0
UEI-IMD-FL-2015-0014,darbhanga,Bihar,2015-07-23,1,26.15216,85.89707,0,30.9,63.8,108.19999999999997,24.610000000000003,5.2,6.9,0.72,-7.7,51.0,0.18,55,33,0.0,343.0
UEI-IMD-FL-2015-0014,buxar,Bihar,2015-07-23,1,25.57548,83.98043,0,8.1,70.5,137.20000000000005,23.96,17.5,8.4,0.99,-19.5,68.0,1.441,31,19,0.0,2874.0
UEI-IMD-FL-2015-0014,bhojpur,Bihar,2015-07-23,1,21.65118,84.40641,0,33.7,105.3,200.99999999999997,15.990000000000002,20.4,34.6,14.35,30.6,279.0,2.703,41,27,0.0,715.0
UEI-IMD-FL-2015-0014,gopalganj,Bihar,2015-07-23,1,26.46734,84.44041,0,2.8000000000000003,156.0,218.4,26.53,8.3,8.9,0.72,-28.0,73.0,0.45,42,28,0.0,696.0
UEI-IMD-FL-2015-0014,begusarai,Bihar,2015-07-23,1,25.41853,86.13389,0,21.0,55.099999999999994,131.0,21.12,6.0,8.5,1.0,-31.0,45.0,0.18,41,26,0.0,312.0
UEI-IMD-FL-2015-0014,bhagalpur,Bihar,2015-07-23,1,25.24446,86.97183,0,28.099999999999998,58.599999999999994,164.0,19.529999999999998,12.1,6.2,81.6,-2.8,51.0,1.532,46,30,0.0,312.0
UEI-IMD-FL-2015-0014,aurangabad,Bihar,2015-07-23,1,19.87757,75.34226,0,15.3,18.9,19.7,27.519999999999996,2.3,0.0,1.01,18.8,587.0,0.631,70,38,0.0,46.0
UEI-IMD-FL-2015-0014,araria,Bihar,2015-07-23,1,26.14934,87.51323,0,64.8,141.4,199.2,22.83,14.2,0.6,86.5,-6.3,53.0,0.36,34,21,0.0,742.0
UEI-IMD-FL-2015-0014,arwal,Bihar,2015-07-23,1,25.24281,84.66571,0,14.7,95.59999999999998,161.0,23.080000000000002,12.5,8.4,5.08,32.6,78.0,0.18,29,18,0.0,2874.0
UEI-IMD-FL-2015-0072,akola,Maharashtra,2015-08-05,1,20.70957,76.9981,0,79.8,81.2,107.0,25.580000000000002,26.3,1.3,11.5,2848.7,285.0,0.36,43,28,0.0,774.0
UEI-IMD-FL-2015-0072,amravati,Maharashtra,2015-08-05,1,20.93333,77.75,0,138.7,140.3,166.5,25.11,14.1,1.4,15.83,52666.7,342.0,0.721,59,31,0.0,734.0
UEI-IMD-FL-2015-0072,chandrapur,Maharashtra,2015-08-05,1,19.95076,79.29523,0,76.2,79.1,104.5,25.630000000000003,3.5,7.2,5.21,3621.4,184.0,1.261,46,27,0.0,331.0
UEI-IMD-FL-2015-0023,chamba,Himachal Pradesh,2015-08-07,1,32.55531,76.12647,0,57.099999999999994,169.40000000000003,271.0,18.14,25.6,4.2,16.99,-8.4,946.0,24.685,50,25,0.0,48.0
UEI-IMD-FL-2015-0023,bilaspur,Himachal Pradesh,2015-08-07,1,31.33027,76.75663,0,17.6,60.79999999999999,113.70000000000002,20.44,40.8,1.4,6.24,14.7,506.0,14.054,47,25,0.0,366.0
UEI-IMD-FL-2015-0066,betul,Madhya Pradesh,2015-08-12,1,21.90056,77.90229,0,26.8,91.9,210.8,13.31,19.8,3.7,4.52,-19.0,644.0,0.991,18,15,0.0,24.0
UEI-IMD-FL-2015-0010,darrang,Assam,2015-08-18,1,26.63333,92.8,0,23.900000000000002,61.099999999999994,110.60000000000002,18.7,24.4,44.4,27414.76,77.8,70.0,0.36,72,38,0.0,35.0
UEI-IMD-FL-2015-0010,barpeta,Assam,2015-08-18,1,26.32293,91.00632,0,31.3,98.69999999999999,202.80000000000004,24.9,16.5,61.6,26.54,-10.2,46.0,0.36,79,34,0.0,35.0
UEI-IMD-FL-2015-0010,bongaigaon,Assam,2015-08-18,1,26.47703,90.55815,0,64.80000000000001,117.0,201.89999999999998,21.119999999999997,23.4,140.6,4.81,114.7,59.0,0.36,47,28,0.0,35.0
UEI-IMD-FL-2015-0010,chirang,Assam,2015-08-18,1,29.87368,79.81931,0,44.1,196.8,322.4,17.810000000000002,6.1,7.3,16.91,4.5,1202.0,33.243,23,16,0.0,35.0
UEI-IMD-FL-2015-0010,dhemaji,Assam,2015-08-18,1,27.48333,94.58333,0,40.6,67.8,118.8,19.91,25.2,15.1,19.75,92.3,109.0,1.081,115,32,0.0,35.0
UEI-IMD-FL-2015-0010,dhubri,Assam,2015-08-18,1,26.01856,89.98564,0,24.799999999999997,49.6,113.80000000000001,23.07,21.8,54.3,36390.49,53.5,34.0,0.901,70,36,0.0,35.0
UEI-IMD-FL-2015-0011,darrang,Assam,2015-08-24,1,26.63333,92.8,0,180.2,278.0,332.7,12.46,8.9,30.7,28118.0,26.5,70.0,0.36,73,38,0.0,11.0
UEI-IMD-FL-2015-0011,baksa,Assam,2015-08-24,1,28.7643,78.00321,0,9.3,24.8,79.3,29.330000000000002,0.0,0.0,0.25,-50.0,217.0,0.541,26,17,0.0,41.0
UEI-IMD-FL-2015-0011,dhubri,Assam,2015-08-24,1,26.01856,89.98564,0,43.6,161.6,206.1,13.610000000000001,49.9,23.0,46024.67,52.8,34.0,0.901,71,36,0.0,11.0
UEI-IMD-FL-2015-0011,barpeta,Assam,2015-08-24,1,26.32293,91.00632,0,118.6,228.10000000000002,321.0,14.32,14.3,13.5,78.62,201.2,46.0,0.36,80,34,0.0,11.0
UEI-IMD-FL-2015-0011,dhemaji,Assam,2015-08-24,1,27.48333,94.58333,0,53.3,132.7,189.29999999999998,12.08,3.6,7.1,25.85,90.8,109.0,1.081,116,32,0.0,11.0
UEI-IMD-FL-2015-0077,amritsar,Punjab,2015-08-31,1,31.62234,74.87534,0,4.9,15.899999999999999,79.2,31.19,0.0,0.0,0.7,-51.4,246.0,1.171,41,26,0.0,361.0
UEI-IMD-FL-2015-0077,bathinda,Punjab,2015-08-31,1,30.20747,74.93893,0,1.2000000000000002,5.0,24.6,33.9,0.0,0.0,0.06,-81.8,223.0,1.532,35,21,0.0,1194.0
UEI-IMD-FL-2015-0077,barnala,Punjab,2015-08-31,1,30.37451,75.5487,0,2.0,8.599999999999998,35.70000000000001,32.260000000000005,0.0,0.0,0.09,-70.0,237.0,0.541,17,12,0.0,3680.0
UEI-IMD-FL-2015-0012,dhubri,Assam,2015-08-31,1,26.01856,89.98564,0,49.8,143.20000000000002,304.8,16.150000000000002,26.9,48.6,60393.89,31.2,34.0,0.901,72,36,0.0,11.0
UEI-IMD-FL-2015-0012,dhemaji,Assam,2015-08-31,1,27.48333,94.58333,0,159.10000000000002,190.4,323.1,14.67,4.8,13.3,50.88,96.8,109.0,1.081,117,32,0.0,11.0
UEI-IMD-FL-2015-0012,darrang,Assam,2015-08-31,1,26.63333,92.8,0,71.3,179.3,457.29999999999995,15.520000000000001,17.0,6.4,40270.71,43.2,70.0,0.36,74,38,0.0,11.0
UEI-IMD-FL-2015-0012,bongaigaon,Assam,2015-08-31,1,26.47703,90.55815,0,253.5,308.70000000000005,696.5999999999999,15.82,13.8,15.3,8.98,14.4,59.0,0.36,48,28,0.0,12.0
UEI-IMD-FL-2015-0012,baksa,Assam,2015-08-31,1,28.7643,78.00321,0,5.4,7.4,32.2,31.82,0.0,0.0,0.16,-36.0,217.0,0.541,27,17,0.0,11.0
UEI-IMD-FL-2015-0012,barpeta,Assam,2015-08-31,1,26.32293,91.00632,0,60.3,113.2,341.29999999999995,17.28,11.1,29.7,59.26,-24.6,46.0,0.36,81,34,0.0,11.0
UEI-IMD-FL-2015-0040,ballari,Karnataka,2015-09-04,1,15.14205,76.92398,0,0.0,3.3,23.599999999999998,36.21,3.8,11.3,0.53,-24.3,454.0,0.721,41,25,0.0,56.0
UEI-IMD-FL-2015-0040,chitradurga,Karnataka,2015-09-04,1,14.22262,76.40038,1,1.4,1.8,17.499999999999996,31.94,5.5,2.7,0.0,,738.0,1.892,22,16,0.0,100.0
UEI-IMD-FL-2015-0099,adilabad,Telangana,2015-09-05,1,19.67203,78.5359,0,2.6,34.0,55.199999999999996,25.2,1.0,6.2,0.05,-98.8,255.0,1.081,22,14,0.0,364.0
UEI-IMD-FL-2015-0016,bastar,Chhattisgarh,2015-09-17,1,23.23142,80.60603,0,34.5,42.1,48.4,28.859999999999996,0.6,4.3,2.53,-4.9,583.0,4.234,7,7,0.0,339.0
UEI-IMD-FL-2015-0013,dhemaji,Assam,2015-09-22,1,27.48333,94.58333,0,98.5,109.1,131.9,21.96,15.1,23.8,32.34,73.6,109.0,1.081,118,32,0.0,21.0
UEI-IMD-FL-2015-0032,anantnag,Jammu and Kashmir,2015-09-22,1,33.73068,75.15418,0,2.6,2.6,3.2,29.13,13.6,0.0,11.13,323.2,1602.0,8.108,27,17,0.0,75.0
UEI-IMD-FL-2015-0042,dharwad,Karnataka,2015-09-30,1,15.46005,75.00778,0,2.4,2.5,17.299999999999997,32.52,20.1,2.1,0.31,10.7,728.0,1.712,37,23,0.0,360.0
UEI-IMD-FL-2015-0042,davangere,Karnataka,2015-09-30,1,14.46693,75.92694,0,12.7,18.3,30.2,31.290000000000003,16.5,7.6,0.01,0.0,588.0,0.901,20,14,0.0,802.0
UEI-IMD-FL-2015-0042,ballari,Karnataka,2015-09-30,1,15.14205,76.92398,0,3.0,13.2,21.999999999999996,33.260000000000005,7.8,8.3,0.38,11.8,454.0,0.721,42,25,0.0,25.0
UEI-IMD-FL-2015-0042,chitradurga,Karnataka,2015-09-30,1,14.22262,76.40038,0,14.9,25.2,34.4,30.400000000000002,17.9,8.2,0.01,0.0,738.0,1.892,23,16,0.0,25.0
UEI-IMD-FL-2015-0102,aligarh,Uttar Pradesh,2015-10-27,1,27.88145,78.07464,0,6.2,6.3,10.600000000000001,32.79,3.0,1.6,1.26,18.9,191.0,0.27,26,16,0.0,2704.0
UEI-IMD-FL-2015-0102,budaun,Uttar Pradesh,2015-10-27,1,28.03811,79.12668,0,0.0,0.5,10.9,31.050000000000004,0.7,5.4,0.09,-18.2,176.0,0.631,27,19,0.0,108.0
UEI-IMD-FL-2015-0102,bareilly,Uttar Pradesh,2015-10-27,1,28.36678,79.43167,0,0.0,2.2,9.399999999999999,30.64,0.1,6.6,0.51,-8.9,177.0,0.36,34,23,0.0,108.0
UEI-IMD-FL-2015-0102,bijnor,Uttar Pradesh,2015-10-27,1,29.373,78.13636,0,0.4,0.7,7.9,29.869999999999997,0.3,0.0,0.19,26.7,240.0,0.901,26,16,0.0,2704.0
UEI-IMD-FL-2015-0102,agra,Uttar Pradesh,2015-10-27,1,20.49255,82.63422,0,0.0,0.1,0.7,29.849999999999994,0.0,0.0,0.09,-10.0,277.0,1.081,29,18,0.0,1877.0
UEI-IMD-FL-2015-0102,bulandshahr,Uttar Pradesh,2015-10-27,1,28.40392,77.85773,0,2.3,3.5,9.899999999999999,32.04,4.5,0.0,0.04,0.0,209.0,1.171,28,18,0.0,108.0
UEI-IMD-FL-2015-0102,auraiya,Uttar Pradesh,2015-10-27,1,26.46517,79.50918,0,0.3,0.3,1.0,33.92,15.7,10.8,0.01,-50.0,145.0,0.631,22,14,0.0,2704.0
UEI-IMD-FL-2015-0102,baghpat,Uttar Pradesh,2015-10-27,1,28.94485,77.21865,0,1.4,1.5,8.2,32.10999999999999,0.4,0.0,0.03,50.0,228.0,1.171,23,14,0.0,2704.0
UEI-IMD-FL-2015-0102,amroha,Uttar Pradesh,2015-10-27,1,28.90314,78.46984,0,0.3,0.8999999999999999,10.4,30.249999999999996,0.8,0.0,2.86,38.2,218.0,0.45,24,16,0.0,2704.0
UEI-IMD-FL-2015-0043,chitradurga,Karnataka,2015-11-01,1,14.22262,76.40038,0,1.5,1.5,1.5,33.949999999999996,11.0,8.3,0.01,0.0,738.0,1.892,24,16,0.0,31.0
UEI-IMD-FL-2015-0092,ariyalur,Tamil Nadu,2015-11-08,1,11.13849,79.07556,0,14.8,50.099999999999994,98.2,21.17,200.4,58.0,17.28,2879.3,80.0,1.081,10,8,0.0,1803.0
UEI-IMD-FL-2015-0092,coimbatore,Tamil Nadu,2015-11-08,1,11.00555,76.96612,0,37.4,116.89999999999999,151.29999999999998,19.32,3.1,14.8,1.61,-73.2,422.0,0.811,26,21,0.0,178.0
UEI-IMD-FL-2015-0092,dharmapuri,Tamil Nadu,2015-11-08,1,12.1277,78.15794,0,1.0,60.0,65.8,22.05,104.0,52.7,0.91,4450.0,467.0,1.171,10,8,0.0,722.0
UEI-IMD-FL-2015-0092,chennai,Tamil Nadu,2015-11-08,1,13.08784,80.27847,2,12.399999999999999,54.2,102.30000000000001,21.4,80.8,1.8,,,15.0,0.901,44,30,0.0,114.0
UEI-IMD-FL-2015-0093,dharmapuri,Tamil Nadu,2015-11-10,1,12.1277,78.15794,0,118.4,158.7,183.4,20.610000000000003,3.1,3.9,12.21,20250.0,467.0,1.171,11,9,0.0,11.0
UEI-IMD-FL-2015-0093,cuddalore,Tamil Nadu,2015-11-10,1,11.75617,79.76693,2,231.5,252.5,355.5,19.070000000000004,3.5,7.4,,,7.0,0.36,26,16,0.0,724.0
UEI-IMD-FL-2015-0093,chennai,Tamil Nadu,2015-11-10,1,13.08784,80.27847,2,139.89999999999998,162.2,234.0,19.730000000000004,14.0,16.0,,,15.0,0.901,45,30,0.0,11.0
UEI-IMD-FL-2015-0002,chittoor,Andhra Pradesh,2015-11-14,1,13.21055,79.0956,0,19.0,138.1,181.9,14.020000000000001,24.3,48.9,10.07,753.4,320.0,1.712,16,12,0.0,1108.0
UEI-IMD-FL-2015-0094,cuddalore,Tamil Nadu,2015-11-17,1,11.75617,79.76693,2,134.9,207.2,459.69999999999993,15.610000000000003,1.7,8.0,,,7.0,0.36,27,17,0.0,11.0
UEI-IMD-FL-2015-0094,chennai,Tamil Nadu,2015-11-17,1,13.08784,80.27847,2,167.9,222.3,384.5,15.950000000000001,10.4,30.8,,,15.0,0.901,46,30,0.0,11.0
UEI-IMD-FL-2015-0095,ariyalur,Tamil Nadu,2015-11-22,1,11.13849,79.07556,0,27.999999999999996,92.8,447.49999999999994,15.72,13.2,1.0,3.88,-80.0,80.0,1.081,11,9,0.0,13.0
UEI-IMD-FL-2015-0095,coimbatore,Tamil Nadu,2015-11-22,1,11.00555,76.96612,0,49.10000000000001,110.2,155.6,16.42,2.0,2.2,2.25,-64.9,422.0,0.811,27,21,0.0,13.0
UEI-IMD-FL-2015-0095,chennai,Tamil Nadu,2015-11-22,1,13.08784,80.27847,2,51.1,224.3,416.40000000000003,14.1,14.6,1.4,,,15.0,0.901,47,30,0.0,11.0
UEI-IMD-FL-2015-0095,dharmapuri,Tamil Nadu,2015-11-22,1,12.1277,78.15794,0,19.7,133.09999999999997,322.0,12.29,5.4,4.8,0.75,-93.7,467.0,1.171,12,9,0.0,11.0
UEI-IMD-FL-2015-0096,chennai,Tamil Nadu,2015-11-27,1,13.08784,80.27847,2,5.1,59.199999999999996,290.9,20.71,0.4,17.5,,,15.0,0.901,48,30,0.0,11.0
UEI-IMD-FL-2015-0097,coimbatore,Tamil Nadu,2015-11-30,1,11.00555,76.96612,0,2.3,6.7,79.4,24.2,8.2,2.4,2.47,76.4,422.0,0.811,28,21,0.0,11.0
UEI-IMD-FL-2015-0097,dharmapuri,Tamil Nadu,2015-11-30,1,12.1277,78.15794,0,19.8,30.0,125.4,21.89,22.4,89.0,3.68,247.2,467.0,1.171,13,9,0.0,11.0
UEI-IMD-FL-2015-0097,chennai,Tamil Nadu,2015-11-30,1,13.08784,80.27847,2,17.9,37.599999999999994,234.00000000000003,23.34,48.8,57.9,,,15.0,0.901,49,30,0.0,11.0
UEI-IMD-FL-2015-0097,ariyalur,Tamil Nadu,2015-11-30,1,11.13849,79.07556,0,8.2,23.799999999999997,87.7,21.2,17.3,28.1,2.56,-44.1,80.0,1.081,12,9,0.0,11.0
UEI-IMD-FL-2015-0064,alappuzha,Kerala,2015-12-07,1,9.49004,76.3264,0,15.8,63.400000000000006,79.39999999999999,17.35,19.5,4.1,1.32,9.1,7.0,0.631,85,33,0.0,171.0
UEI-IMD-FL-2015-0098,dharmapuri,Tamil Nadu,2015-12-07,1,12.1277,78.15794,0,3.0,139.20000000000002,169.20000000000002,11.05,0.1,0.0,0.47,-87.2,467.0,1.171,14,9,0.0,11.0
UEI-IMD-FL-2015-0098,coimbatore,Tamil Nadu,2015-12-07,1,11.00555,76.96612,0,11.1,51.599999999999994,58.3,14.45,4.1,0.0,1.28,-48.2,422.0,0.811,29,21,0.0,11.0
UEI-IMD-FL-2015-0098,ariyalur,Tamil Nadu,2015-12-07,1,11.13849,79.07556,0,55.4,115.9,139.7,7.14,11.5,0.2,9.91,287.1,80.0,1.081,13,9,0.0,11.0
UEI-IMD-FL-2015-0098,chennai,Tamil Nadu,2015-12-07,1,13.08784,80.27847,2,39.3,181.4,219.0,11.5,1.9,17.8,,,15.0,0.901,50,30,0.0,11.0
UEI-IMD-FL-2016-0005,changlang,Arunachal Pradesh,2016-04-23,1,27.13177,95.73486,0,125.0,227.3,361.9,13.260000000000002,23.9,1.9,189.55,69.3,367.0,21.802,18,15,0.0,318.0
UEI-IMD-FL-2016-0010,dhubri,Assam,2016-04-23,1,26.01856,89.98564,0,24.700000000000003,56.1,63.199999999999996,19.41,1.6,0.0,29106.19,57.4,34.0,0.901,73,36,0.0,235.0
UEI-IMD-FL-2016-0023,araria,Bihar,2016-05-17,1,26.14934,87.51323,0,13.600000000000001,58.1,128.79999999999998,29.01,5.2,20.5,11.71,10.4,53.0,0.36,35,22,0.0,298.0
UEI-IMD-FL-2016-0023,bhagalpur,Bihar,2016-05-17,1,25.24446,86.97183,0,0.0,4.5,7.8,38.55,2.1,3.1,1.75,0.0,51.0,1.532,47,31,0.0,298.0
UEI-IMD-FL-2016-0091,gondia,Maharashtra,2016-05-20,1,21.46026,80.19205,0,2.4,2.4,2.6999999999999997,55.03999999999999,0.0,0.0,0.06,0.0,319.0,1.441,26,19,0.0,654.0
UEI-IMD-FL-2016-0091,bhandara,Maharashtra,2016-05-20,1,21.16817,79.64885,0,0.0,0.0,2.4,58.06999999999999,2.9,0.0,0.03,0.0,257.0,0.27,47,26,0.0,654.0
UEI-IMD-FL-2016-0038,ahmedabad,Gujarat,2016-05-31,1,23.02579,72.58727,0,0.1,0.1,0.1,55.54,0.0,0.0,1.4,0.0,53.0,0.631,43,26,0.0,353.0
UEI-IMD-FL-2016-0038,amreli,Gujarat,2016-05-31,1,21.59983,71.21169,1,0.0,1.0,1.0,51.02,0.0,0.0,0.0,,123.0,0.721,29,20,0.0,353.0
UEI-IMD-FL-2016-0038,bharuch,Gujarat,2016-05-31,1,21.69482,72.9805,0,0.0,0.0,0.0,50.339999999999996,0.0,0.0,0.06,100.0,15.0,1.441,42,24,0.0,978.0
UEI-IMD-FL-2016-0038,bhavnagar,Gujarat,2016-05-31,1,21.76287,72.15331,0,0.0,0.2,0.2,49.449999999999996,0.0,0.0,0.5,0.0,23.0,1.171,30,21,0.0,353.0
UEI-IMD-FL-2016-0038,botad,Gujarat,2016-05-31,1,22.16917,71.66671,0,0.1,0.7999999999999999,0.7999999999999999,59.88999999999999,0.0,0.0,0.28,0.0,88.0,0.541,20,13,0.0,353.0
UEI-IMD-FL-2016-0038,dangs,Gujarat,2016-05-31,1,26.31191,84.60651,0,12.4,19.0,22.800000000000004,38.54,1.0,0.4,0.22,83.3,67.0,0.36,20,13,0.0,978.0
UEI-IMD-FL-2016-0038,dahod,Gujarat,2016-05-31,1,23.03621,77.48981,1,0.0,0.0,0.0,63.78,0.0,0.0,0.0,,465.0,1.532,12,8,0.0,978.0
UEI-IMD-FL-2016-0032,bastar,Chhattisgarh,2016-06-01,1,23.23142,80.60603,0,0.0,6.1,6.6,52.95,0.0,0.0,0.16,0.0,583.0,4.234,8,8,0.0,257.0
UEI-IMD-FL-2016-0050,anantnag,Jammu and Kashmir,2016-06-06,1,33.73068,75.15418,0,1.4,1.7,22.199999999999996,36.44,0.8,0.5,2.87,-3.4,1602.0,8.108,28,17,0.0,257.0
UEI-IMD-FL-2016-0080,alappuzha,Kerala,2016-06-15,1,9.49004,76.3264,0,35.6,155.70000000000002,296.1,17.35,11.6,19.0,3.38,-16.3,7.0,0.631,86,33,0.0,190.0
UEI-IMD-FL-2016-0013,barpeta,Assam,2016-06-18,1,26.32293,91.00632,0,58.7,96.4,149.2,23.240000000000002,6.4,4.1,27.64,69.6,46.0,0.36,82,34,0.0,291.0
UEI-IMD-FL-2016-0013,baksa,Assam,2016-06-18,1,28.7643,78.00321,0,7.9,26.0,32.900000000000006,41.900000000000006,0.6,1.0,0.16,0.0,217.0,0.541,28,17,0.0,291.0
UEI-IMD-FL-2016-0013,dhemaji,Assam,2016-06-18,1,27.48333,94.58333,0,40.0,87.9,131.39999999999998,23.01,18.6,28.5,18.14,95.9,109.0,1.081,119,32,0.0,269.0
UEI-IMD-FL-2016-0085,bhopal,Madhya Pradesh,2016-06-29,1,23.25469,77.40289,0,47.3,96.70000000000002,126.70000000000002,25.740000000000002,4.4,3.4,1.19,13.3,525.0,1.982,36,19,0.0,1422.0
UEI-IMD-FL-2016-0122,ayodhya,Uttar Pradesh,2016-06-30,1,21.63333,86.6,0,24.3,66.8,129.9,26.72,3.5,16.8,12.03,36.4,53.0,1.712,42,28,0.0,686.0
UEI-IMD-FL-2016-0122,azamgarh,Uttar Pradesh,2016-06-30,1,26.06832,83.18358,0,12.1,40.5,99.8,34.669999999999995,0.3,3.1,13.93,0.7,81.0,0.27,43,30,0.0,686.0
UEI-IMD-FL-2016-0122,bahraich,Uttar Pradesh,2016-06-30,1,27.57429,81.59474,0,11.5,25.799999999999997,89.0,32.62,26.9,66.0,0.66,-8.3,128.0,0.27,55,33,0.0,686.0
UEI-IMD-FL-2016-0122,deoria,Uttar Pradesh,2016-06-30,1,26.50167,83.77936,0,4.2,31.099999999999998,106.4,32.97,4.3,1.8,0.05,-54.5,77.0,0.09,44,27,0.0,1709.0
UEI-IMD-FL-2016-0122,gorakhpur,Uttar Pradesh,2016-06-30,1,19.23351,83.10413,0,57.599999999999994,131.79999999999998,171.89999999999998,21.349999999999998,36.4,20.2,3.09,15350.0,858.0,6.757,55,32,0.0,1709.0
UEI-IMD-FL-2016-0122,basti,Uttar Pradesh,2016-06-30,1,20.25185,84.38419,0,16.3,49.99999999999999,107.10000000000002,22.87,8.9,35.2,0.03,0.0,636.0,5.045,45,25,0.0,686.0
UEI-IMD-FL-2016-0122,gonda,Uttar Pradesh,2016-06-30,1,21.64469,84.54816,0,4.800000000000001,35.300000000000004,79.1,29.08,3.3,36.6,0.22,-12.0,321.0,6.937,53,31,0.0,686.0
UEI-IMD-FL-2016-0122,ballia,Uttar Pradesh,2016-06-30,1,25.42139,86.31445,0,6.7,42.5,131.0,32.150000000000006,2.2,5.8,0.22,-35.3,43.0,0.45,52,31,0.0,1709.0
UEI-IMD-FL-2016-0095,ahmednagar,Maharashtra,2016-06-30,1,23.59893,72.96602,0,29.9,35.0,41.4,33.39,0.1,5.1,0.11,120.0,145.0,2.432,28,19,0.0,751.0
UEI-IMD-FL-2016-0129,chamoli,Uttarakhand,2016-07-02,1,30.40271,79.33303,0,49.6,97.30000000000001,122.30000000000001,21.16,21.1,28.7,93.41,109.9,1102.0,40.18,22,15,0.0,1114.0
UEI-IMD-FL-2016-0014,barpeta,Assam,2016-07-02,1,26.32293,91.00632,0,28.0,83.2,162.2,24.430000000000003,63.1,44.5,50.52,128.9,46.0,0.36,83,35,0.0,13.0
UEI-IMD-FL-2016-0055,chatra,Jharkhand,2016-07-02,1,24.20645,84.87085,0,1.4,18.2,73.10000000000002,33.62,37.4,82.0,0.02,0.0,438.0,1.622,3,2,0.0,3286.0
UEI-IMD-FL-2016-0041,chamba,Himachal Pradesh,2016-07-02,1,32.55531,76.12647,0,25.5,50.199999999999996,73.1,28.36,19.8,3.1,3.09,2.0,946.0,24.685,51,25,0.0,329.0
UEI-IMD-FL-2016-0087,bhind,Madhya Pradesh,2016-07-06,1,26.56671,78.78728,0,38.0,45.1,73.9,29.57,2.9,6.3,1.16,75.8,155.0,0.36,12,11,0.0,7652.0
UEI-IMD-FL-2016-0088,damoh,Madhya Pradesh,2016-07-07,1,23.83312,79.4419,0,208.60000000000002,293.0,347.4,16.150000000000002,51.0,10.2,3.44,3027.3,377.0,0.811,16,14,0.0,3597.0
UEI-IMD-FL-2016-0088,bhopal,Madhya Pradesh,2016-07-07,1,23.25469,77.40289,0,65.6,105.9,186.6,17.32,25.5,54.0,2.86,201.1,525.0,1.982,37,20,0.0,11.0
UEI-IMD-FL-2016-0096,chandrapur,Maharashtra,2016-07-07,1,19.95076,79.29523,0,43.4,130.20000000000002,263.7,20.03,105.1,43.4,3.99,59.6,184.0,1.261,47,28,0.0,336.0
UEI-IMD-FL-2016-0042,chamba,Himachal Pradesh,2016-07-09,1,32.55531,76.12647,0,13.600000000000001,53.300000000000004,103.5,26.07,2.1,5.2,3.22,4.2,946.0,24.685,52,26,0.0,11.0
UEI-IMD-FL-2016-0066,belagavi,Karnataka,2016-07-10,1,15.85212,74.50447,0,23.6,73.9,223.3,15.8,27.9,11.0,6.53,4.8,762.0,1.441,39,23,0.0,855.0
UEI-IMD-FL-2016-0066,chikkamagaluru,Karnataka,2016-07-10,1,13.32231,75.774,0,13.600000000000001,73.3,233.29999999999998,17.110000000000003,8.7,5.8,0.22,-62.7,1042.0,1.351,16,15,0.0,386.0
UEI-IMD-FL-2016-0109,baran,Rajasthan,2016-07-10,1,20.40714,85.83496,0,20.0,64.30000000000001,141.1,16.310000000000002,4.8,6.5,3.27,3.5,27.0,0.541,15,12,0.0,699.0
UEI-IMD-FL-2016-0098,akola,Maharashtra,2016-07-11,1,20.70957,76.9981,0,210.0,252.40000000000003,324.0,12.300000000000002,33.3,1.4,17.07,1137.0,285.0,0.36,44,29,0.0,340.0
UEI-IMD-FL-2016-0098,amravati,Maharashtra,2016-07-11,1,20.93333,77.75,0,204.0,269.2,375.6,10.26,20.8,1.2,9.57,1395.3,342.0,0.721,60,32,0.0,340.0
UEI-IMD-FL-2016-0098,chandrapur,Maharashtra,2016-07-11,1,19.95076,79.29523,0,165.2,227.4,410.3,14.610000000000001,8.7,0.4,16.91,232.9,184.0,1.261,48,29,0.0,11.0
UEI-IMD-FL-2016-0130,dehradun,Uttarakhand,2016-07-15,1,30.32443,78.03392,0,28.8,47.199999999999996,265.09999999999997,21.650000000000002,72.2,116.3,12.0,428.6,660.0,2.072,19,11,0.0,2127.0
UEI-IMD-FL-2016-0123,bijnor,Uttar Pradesh,2016-07-17,1,29.373,78.13636,0,80.80000000000001,90.10000000000001,110.5,24.57,5.3,1.8,1.34,509.1,240.0,0.901,27,17,0.0,263.0
UEI-IMD-FL-2016-0123,bulandshahr,Uttar Pradesh,2016-07-17,1,28.40392,77.85773,0,166.2,184.3,203.7,23.529999999999998,4.2,2.2,1.56,3020.0,209.0,1.171,29,18,0.0,263.0
UEI-IMD-FL-2016-0123,baghpat,Uttar Pradesh,2016-07-17,1,28.94485,77.21865,0,81.6,96.2,149.89999999999998,23.97,3.0,2.4,0.52,940.0,228.0,1.171,24,15,0.0,263.0
UEI-IMD-FL-2016-0123,auraiya,Uttar Pradesh,2016-07-17,1,26.46517,79.50918,0,48.8,81.19999999999999,184.79999999999998,21.51,18.9,4.8,0.09,350.0,145.0,0.631,23,15,0.0,263.0
UEI-IMD-FL-2016-0123,aligarh,Uttar Pradesh,2016-07-17,1,27.88145,78.07464,0,189.7,213.5,236.89999999999998,22.11,3.7,2.5,8.68,498.6,191.0,0.27,27,17,0.0,263.0
UEI-IMD-FL-2016-0123,agra,Uttar Pradesh,2016-07-17,1,20.49255,82.63422,0,29.1,44.7,186.40000000000003,17.04,2.2,9.7,1.3,-33.0,277.0,1.081,30,19,0.0,263.0
UEI-IMD-FL-2016-0123,budaun,Uttar Pradesh,2016-07-17,1,28.03811,79.12668,0,80.8,98.89999999999999,142.5,21.77,13.5,3.0,0.81,224.0,176.0,0.631,28,19,0.0,263.0
UEI-IMD-FL-2016-0123,bareilly,Uttar Pradesh,2016-07-17,1,28.36678,79.43167,0,104.89999999999999,112.3,164.10000000000002,20.919999999999998,15.5,0.7,5.56,324.4,177.0,0.36,35,23,0.0,263.0
UEI-IMD-FL-2016-0123,amroha,Uttar Pradesh,2016-07-17,1,28.90314,78.46984,0,76.9,87.4,108.0,24.22,7.8,2.7,17.37,453.2,218.0,0.45,25,17,0.0,263.0
UEI-IMD-FL-2016-0132,darjeeling,West Bengal,2016-07-19,1,27.03333,88.26667,0,297.8,443.70000000000005,578.6,11.36,63.3,77.6,12.0,137.6,2134.0,52.793,63,32,0.0,1860.0
UEI-IMD-FL-2016-0018,dhubri,Assam,2016-07-20,1,26.01856,89.98564,0,77.0,160.60000000000002,241.1,16.419999999999998,16.3,9.3,49089.79,19.1,34.0,0.901,74,37,0.0,87.0
UEI-IMD-FL-2016-0018,darrang,Assam,2016-07-20,1,26.63333,92.8,0,58.0,112.4,154.5,14.54,7.7,26.1,32135.6,5.4,70.0,0.36,75,38,0.0,323.0
UEI-IMD-FL-2016-0018,chirang,Assam,2016-07-20,1,29.87368,79.81931,0,94.3,203.9,317.3,13.61,3.8,6.9,19.56,18.0,1202.0,33.243,24,16,0.0,336.0
UEI-IMD-FL-2016-0018,bongaigaon,Assam,2016-07-20,1,26.47703,90.55815,0,90.19999999999999,149.1,284.6,13.81,35.4,100.5,5.47,29.6,59.0,0.36,49,28,0.0,323.0
UEI-IMD-FL-2016-0018,barpeta,Assam,2016-07-20,1,26.32293,91.00632,0,25.5,97.90000000000002,339.5999999999999,17.1,8.0,25.0,47.08,-16.0,46.0,0.36,84,35,0.0,17.0
UEI-IMD-FL-2016-0018,dhemaji,Assam,2016-07-20,1,27.48333,94.58333,0,46.699999999999996,117.6,155.2,11.71,25.8,43.2,21.28,91.2,109.0,1.081,120,33,0.0,31.0
UEI-IMD-FL-2016-0133,cooch behar,West Bengal,2016-07-23,1,26.32539,89.44508,0,78.1,215.8,320.79999999999995,11.429999999999998,17.4,32.3,2073.91,27.7,49.0,0.541,27,20,0.0,2195.0
UEI-IMD-FL-2016-0133,darjeeling,West Bengal,2016-07-23,1,27.03333,88.26667,0,221.29999999999998,562.6,752.2,8.559999999999999,49.6,99.2,17.62,73.3,2134.0,52.793,64,33,0.0,11.0
UEI-IMD-FL-2016-0024,araria,Bihar,2016-07-24,1,26.14934,87.51323,0,141.6,218.1,306.7,11.61,15.3,12.3,305.2,201.2,53.0,0.36,36,23,0.0,67.0
UEI-IMD-FL-2016-0024,bhagalpur,Bihar,2016-07-24,1,25.24446,86.97183,0,43.0,98.29999999999998,150.5,17.86,7.5,7.7,16.58,140.6,51.0,1.532,48,32,0.0,67.0
UEI-IMD-FL-2016-0024,darbhanga,Bihar,2016-07-24,1,26.15216,85.89707,0,79.1,140.79999999999998,184.4,13.75,10.6,7.0,1.48,105.6,51.0,0.18,56,34,0.0,366.0
UEI-IMD-FL-2016-0099,akola,Maharashtra,2016-07-27,1,20.70957,76.9981,0,20.2,47.89999999999999,75.1,17.26,2.9,6.6,1.9,31.0,285.0,0.36,45,30,0.0,15.0
UEI-IMD-FL-2016-0099,amravati,Maharashtra,2016-07-27,1,20.93333,77.75,0,32.1,73.9,106.6,17.44,0.6,4.7,3.36,6.3,342.0,0.721,61,33,0.0,15.0
UEI-IMD-FL-2016-0124,ayodhya,Uttar Pradesh,2016-07-29,1,21.63333,86.6,0,81.69999999999999,119.5,186.7,19.240000000000002,13.3,13.2,61.81,99.9,53.0,1.712,43,29,0.0,28.0
UEI-IMD-FL-2016-0124,ballia,Uttar Pradesh,2016-07-29,1,25.42139,86.31445,0,26.200000000000003,64.00000000000001,137.29999999999998,20.409999999999997,15.6,6.1,0.52,-5.5,43.0,0.45,53,32,0.0,28.0
UEI-IMD-FL-2016-0124,deoria,Uttar Pradesh,2016-07-29,1,26.50167,83.77936,0,58.4,112.6,195.79999999999998,19.400000000000002,47.6,14.8,0.86,352.6,77.0,0.09,45,28,0.0,28.0
UEI-IMD-FL-2016-0124,gorakhpur,Uttar Pradesh,2016-07-29,1,19.23351,83.10413,0,17.099999999999998,54.000000000000014,104.00000000000001,18.580000000000002,12.8,9.1,2.87,-9.5,858.0,6.757,56,33,0.0,28.0
UEI-IMD-FL-2016-0124,basti,Uttar Pradesh,2016-07-29,1,20.25185,84.38419,0,26.0,60.099999999999994,135.09999999999997,17.95,21.6,10.0,0.66,57.1,636.0,5.045,46,26,0.0,28.0
UEI-IMD-FL-2016-0124,gonda,Uttar Pradesh,2016-07-29,1,21.64469,84.54816,0,31.1,58.8,137.0,21.11,6.9,13.9,1.53,48.5,321.0,6.937,54,32,0.0,28.0
UEI-IMD-FL-2016-0124,bahraich,Uttar Pradesh,2016-07-29,1,27.57429,81.59474,0,45.2,92.89999999999999,190.6,18.86,11.9,16.9,1.89,28.6,128.0,0.27,56,34,0.0,28.0
UEI-IMD-FL-2016-0124,azamgarh,Uttar Pradesh,2016-07-29,1,26.06832,83.18358,0,34.1,93.49999999999999,242.50000000000003,20.880000000000003,15.3,6.4,187.8,31.1,81.0,0.27,44,31,0.0,28.0
UEI-IMD-FL-2016-0019,chirang,Assam,2016-07-31,1,29.87368,79.81931,0,131.7,307.80000000000007,429.1,14.620000000000001,31.8,6.2,19.65,18.5,1202.0,33.243,25,17,0.0,11.0
UEI-IMD-FL-2016-0019,darrang,Assam,2016-07-31,1,26.63333,92.8,0,12.2,80.10000000000001,206.3,16.740000000000002,0.0,1.4,26362.32,-36.3,70.0,0.36,76,39,0.0,11.0
UEI-IMD-FL-2016-0019,dhemaji,Assam,2016-07-31,1,27.48333,94.58333,0,10.9,103.5,262.3999999999999,18.15,0.2,0.0,22.44,-45.7,109.0,1.081,121,33,0.0,11.0
UEI-IMD-FL-2016-0019,dhubri,Assam,2016-07-31,1,26.01856,89.98564,0,21.200000000000003,56.79999999999999,206.9,16.86,6.9,8.2,39993.5,-33.9,34.0,0.901,75,37,0.0,11.0
UEI-IMD-FL-2016-0019,bongaigaon,Assam,2016-07-31,1,26.47703,90.55815,0,19.6,107.79999999999998,402.3,15.770000000000003,5.6,13.3,4.18,-45.2,59.0,0.36,50,29,0.0,11.0
UEI-IMD-FL-2016-0019,barpeta,Assam,2016-07-31,1,26.32293,91.00632,0,30.1,116.49999999999999,196.7,18.1,10.6,27.4,50.4,0.9,46.0,0.36,85,35,0.0,11.0
UEI-IMD-FL-2016-0044,chamba,Himachal Pradesh,2016-07-31,1,32.55531,76.12647,0,16.8,89.1,111.89999999999999,22.78,4.3,71.9,4.14,29.0,946.0,24.685,53,26,0.0,21.0
UEI-IMD-FL-2016-0045,chamba,Himachal Pradesh,2016-08-04,1,32.55531,76.12647,0,76.60000000000001,99.80000000000001,181.60000000000002,22.419999999999998,8.2,19.6,4.69,15.5,946.0,24.685,54,26,0.0,11.0
UEI-IMD-FL-2016-0045,bilaspur,Himachal Pradesh,2016-08-04,1,31.33027,76.75663,0,10.8,47.5,174.70000000000002,21.27,12.5,21.0,2.18,24.6,506.0,14.054,48,26,0.0,362.0
UEI-IMD-FL-2016-0113,baran,Rajasthan,2016-08-05,1,20.40714,85.83496,0,71.2,134.7,210.2,16.730000000000004,10.5,36.2,21.96,255.3,27.0,0.541,16,13,0.0,25.0
UEI-IMD-FL-2016-0112,barmer,Rajasthan,2016-08-08,1,25.74572,71.39211,0,10.399999999999999,34.4,45.8,29.36,10.3,3.0,0.31,181.8,207.0,3.874,20,13,0.0,383.0
UEI-IMD-FL-2016-0046,bilaspur,Himachal Pradesh,2016-08-09,1,31.33027,76.75663,0,62.0,82.8,222.09999999999997,19.490000000000002,5.4,16.8,4.08,88.0,506.0,14.054,49,27,0.0,11.0
UEI-IMD-FL-2016-0046,chamba,Himachal Pradesh,2016-08-09,1,32.55531,76.12647,0,171.2,252.9,347.4,19.12,9.3,11.2,12.0,165.5,946.0,24.685,55,26,0.0,11.0
UEI-IMD-FL-2016-0125,bahraich,Uttar Pradesh,2016-08-15,1,27.57429,81.59474,0,10.6,79.30000000000001,106.9,24.540000000000003,16.2,27.2,1.45,20.8,128.0,0.27,57,34,0.0,16.0
UEI-IMD-FL-2016-0125,basti,Uttar Pradesh,2016-08-15,1,20.25185,84.38419,0,11.799999999999999,106.8,259.2,16.07,8.4,6.2,2.16,-6.1,636.0,5.045,47,26,0.0,16.0
UEI-IMD-FL-2016-0125,azamgarh,Uttar Pradesh,2016-08-15,1,26.06832,83.18358,0,23.5,59.5,115.6,20.94,16.9,20.7,191.75,0.0,81.0,0.27,45,31,0.0,16.0
UEI-IMD-FL-2016-0125,ballia,Uttar Pradesh,2016-08-15,1,25.42139,86.31445,0,13.7,68.0,94.60000000000001,24.59,5.9,13.6,0.55,31.0,43.0,0.45,54,32,0.0,16.0
UEI-IMD-FL-2016-0125,gorakhpur,Uttar Pradesh,2016-08-15,1,19.23351,83.10413,0,22.0,26.599999999999998,126.89999999999998,23.89,11.7,3.0,1.03,-78.6,858.0,6.757,57,33,0.0,16.0
UEI-IMD-FL-2016-0125,gonda,Uttar Pradesh,2016-08-15,1,21.64469,84.54816,0,16.5,94.6,225.20000000000002,16.91,5.0,11.6,8.46,54.1,321.0,6.937,55,32,0.0,16.0
UEI-IMD-FL-2016-0125,ayodhya,Uttar Pradesh,2016-08-15,1,21.63333,86.6,0,49.900000000000006,153.70000000000002,255.1,18.909999999999997,14.7,41.6,100.62,20.2,53.0,1.712,44,29,0.0,16.0
UEI-IMD-FL-2016-0125,deoria,Uttar Pradesh,2016-08-15,1,26.50167,83.77936,0,17.0,73.6,120.80000000000001,23.32,18.3,13.4,1.12,2.8,77.0,0.09,46,28,0.0,16.0
UEI-IMD-FL-2016-0027,darbhanga,Bihar,2016-08-22,1,26.15216,85.89707,0,4.1,37.9,113.1,29.619999999999997,0.4,0.9,0.77,-23.8,51.0,0.18,57,35,0.0,28.0
UEI-IMD-FL-2016-0027,buxar,Bihar,2016-08-22,1,25.57548,83.98043,0,2.2,77.7,183.39999999999998,25.59,0.1,3.8,1.01,-3.8,68.0,1.441,32,20,0.0,395.0
UEI-IMD-FL-2016-0027,bhojpur,Bihar,2016-08-22,1,21.65118,84.40641,0,1.1,54.5,149.1,19.95,3.0,6.5,12.61,-1.5,279.0,2.703,42,28,0.0,395.0
UEI-IMD-FL-2016-0027,arwal,Bihar,2016-08-22,1,25.24281,84.66571,0,0.7999999999999999,44.50000000000001,141.79999999999998,26.910000000000004,0.3,1.8,6.4,-2.9,78.0,0.18,30,19,0.0,395.0
UEI-IMD-FL-2016-0027,banka,Bihar,2016-08-22,1,20.88149,82.49988,0,0.7999999999999999,33.2,80.3,20.96,0.7,6.0,1.5,-62.6,323.0,0.901,34,22,0.0,395.0
UEI-IMD-FL-2016-0027,bhagalpur,Bihar,2016-08-22,1,25.24446,86.97183,0,19.2,54.099999999999994,114.19999999999999,26.020000000000003,0.6,0.0,42.35,20.2,51.0,1.532,49,32,0.0,28.0
UEI-IMD-FL-2016-0027,begusarai,Bihar,2016-08-22,1,25.41853,86.13389,0,3.4000000000000004,40.80000000000001,108.8,27.61,0.5,1.1,0.59,-10.6,45.0,0.18,42,27,0.0,395.0
UEI-IMD-FL-2016-0027,aurangabad,Bihar,2016-08-22,1,19.87757,75.34226,0,2.3,5.9,14.5,24.430000000000003,4.3,3.5,0.92,-21.4,587.0,0.631,71,38,0.0,395.0
UEI-IMD-FL-2016-0027,gopalganj,Bihar,2016-08-22,1,26.46734,84.44041,0,0.8,53.1,123.69999999999999,29.32,0.0,3.4,0.67,-10.7,73.0,0.45,43,29,0.0,395.0
UEI-IMD-FL-2016-0027,araria,Bihar,2016-08-22,1,26.14934,87.51323,0,42.6,105.2,194.2,27.429999999999996,0.4,0.7,102.51,-17.4,53.0,0.36,37,23,0.0,28.0
UEI-IMD-FL-2016-0048,chamba,Himachal Pradesh,2016-08-24,1,32.55531,76.12647,0,17.4,45.1,82.99999999999999,26.57,6.8,1.8,7.63,-7.5,946.0,24.685,56,26,0.0,14.0
UEI-IMD-FL-2016-0048,bilaspur,Himachal Pradesh,2016-08-24,1,31.33027,76.75663,0,21.2,31.6,81.80000000000001,23.319999999999997,5.4,5.3,4.16,-8.2,506.0,14.054,50,27,0.0,14.0
UEI-IMD-FL-2016-0028,bhagalpur,Bihar,2016-08-27,1,25.24446,86.97183,0,9.700000000000001,33.900000000000006,75.6,27.85,0.1,2.8,33.91,-18.6,51.0,1.532,50,32,0.0,11.0
UEI-IMD-FL-2016-0021,dhemaji,Assam,2016-08-31,1,27.48333,94.58333,0,15.5,16.200000000000003,28.299999999999997,27.22,30.6,17.6,9.5,-3.0,109.0,1.081,122,33,0.0,30.0
UEI-IMD-FL-2016-0030,bhojpur,Bihar,2016-08-31,1,21.65118,84.40641,0,5.6,47.1,102.39999999999999,26.689999999999998,10.1,18.4,11.94,-9.3,279.0,2.703,43,29,0.0,11.0
UEI-IMD-FL-2016-0030,begusarai,Bihar,2016-08-31,1,25.41853,86.13389,0,13.7,31.7,71.60000000000001,30.64,14.8,23.3,0.76,76.7,45.0,0.18,43,28,0.0,11.0
UEI-IMD-FL-2016-0031,begusarai,Bihar,2016-09-02,1,25.41853,86.13389,0,46.6,68.3,88.5,27.9,33.7,64.0,1.23,141.2,45.0,0.18,44,28,0.0,11.0
UEI-IMD-FL-2016-0060,chatra,Jharkhand,2016-09-08,1,24.20645,84.87085,0,99.89999999999999,149.89999999999998,171.1,13.43,11.7,8.5,2.03,84.5,438.0,1.622,4,3,0.0,67.0
UEI-IMD-FL-2016-0022,dhemaji,Assam,2016-09-12,1,27.48333,94.58333,0,37.3,64.3,154.2,18.799999999999997,0.0,0.0,12.77,2.2,109.0,1.081,123,33,0.0,11.0
UEI-IMD-FL-2016-0058,chatra,Jharkhand,2016-09-15,1,24.20645,84.87085,0,34.6,75.89999999999999,225.79999999999995,19.43,5.9,13.0,1.98,-2.5,438.0,1.622,5,3,0.0,11.0
UEI-IMD-FL-2016-0074,belagavi,Karnataka,2016-09-21,1,15.85212,74.50447,0,6.9,32.3,39.199999999999996,17.6,0.1,18.4,2.22,20.0,762.0,1.441,40,24,0.0,72.0
UEI-IMD-FL-2016-0105,beed,Maharashtra,2016-10-01,1,18.98921,75.75634,0,1.5,58.800000000000004,122.80000000000001,22.91,15.4,13.3,0.96,104.3,510.0,0.631,36,25,0.0,482.0
UEI-IMD-FL-2016-0105,dharashiv,Maharashtra,2016-10-01,1,18.18158,76.03889,0,2.0,72.5,144.5,21.18,14.4,4.1,1.33,-18.9,665.0,2.072,25,20,0.0,482.0
UEI-IMD-FL-2016-0061,chatra,Jharkhand,2016-10-08,1,24.20645,84.87085,0,27.299999999999997,30.7,102.2,24.44,11.7,6.4,1.0,-28.1,438.0,1.622,6,3,0.0,22.0
UEI-IMD-FL-2017-0021,dangs,Gujarat,2017-01-05,1,26.31191,84.60651,0,0.0,0.2,0.2,16.81,0.0,0.0,0.25,-3.8,67.0,0.36,21,14,0.0,218.0
UEI-IMD-FL-2017-0021,ahmedabad,Gujarat,2017-01-05,1,23.02579,72.58727,0,0.0,0.0,0.0,26.240000000000002,0.0,0.0,1.08,-3.6,53.0,0.631,44,27,0.0,218.0
UEI-IMD-FL-2017-0021,amreli,Gujarat,2017-01-05,1,21.59983,71.21169,0,0.0,0.0,0.0,31.29,0.0,0.0,0.02,0.0,123.0,0.721,30,21,0.0,218.0
UEI-IMD-FL-2017-0021,anand,Gujarat,2017-01-05,1,24.44813,76.35522,0,0.0,0.0,0.0,22.59,0.0,0.3,0.03,0.0,329.0,0.27,14,9,0.0,1197.0
UEI-IMD-FL-2017-0021,bharuch,Gujarat,2017-01-05,1,21.69482,72.9805,0,0.0,0.0,0.0,29.26,0.0,0.0,0.34,-17.1,15.0,1.441,43,25,0.0,218.0
UEI-IMD-FL-2017-0008,bongaigaon,Assam,2017-01-06,1,26.47703,90.55815,0,2.3,2.5,4.3,19.79,0.0,0.0,0.12,0.0,59.0,0.36,51,29,0.0,158.0
UEI-IMD-FL-2017-0008,biswanath,Assam,2017-01-06,1,26.72577,93.14659,0,0.6,0.6,12.4,18.790000000000003,0.0,0.0,0.22,-21.4,81.0,0.541,23,17,0.0,542.0
UEI-IMD-FL-2017-0008,chirang,Assam,2017-01-06,1,29.87368,79.81931,0,2.4,7.700000000000001,8.4,13.299999999999999,10.1,3.3,0.8,0.0,1202.0,33.243,26,17,0.0,158.0
UEI-IMD-FL-2017-0008,dhemaji,Assam,2017-01-06,1,27.48333,94.58333,0,0.1,0.1,6.199999999999999,16.7,0.0,0.0,1.2,-4.8,109.0,1.081,124,33,0.0,115.0
UEI-IMD-FL-2017-0008,barpeta,Assam,2017-01-06,1,26.32293,91.00632,0,0.7,0.7,7.6,20.48,0.0,0.0,1.06,-9.4,46.0,0.36,86,35,0.0,158.0
UEI-IMD-FL-2017-0109,chennai,Tamil Nadu,2017-02-10,1,13.08784,80.27847,2,0.0,0.2,8.1,33.92,0.0,0.2,,,15.0,0.901,51,30,0.0,430.0
UEI-IMD-FL-2017-0109,cuddalore,Tamil Nadu,2017-02-10,1,11.75617,79.76693,2,0.0,0.0,43.5,32.76,0.0,0.0,,,7.0,0.36,28,17,0.0,450.0
UEI-IMD-FL-2017-0078,dharashiv,Maharashtra,2017-03-04,1,18.18158,76.03889,0,0.0,0.0,0.0,48.39,0.0,0.0,0.03,0.0,665.0,2.072,26,21,0.0,153.0
UEI-IMD-FL-2017-0065,alappuzha,Kerala,2017-03-14,1,9.49004,76.3264,0,0.7,26.2,54.8,29.72,37.2,1.9,0.06,-50.0,7.0,0.631,87,34,0.0,271.0
UEI-IMD-FL-2017-0119,amethi,Uttar Pradesh,2017-04-08,1,26.15696,81.80519,0,1.9999999999999998,1.9999999999999998,1.9999999999999998,52.94,0.0,0.0,0.12,0.0,104.0,0.27,21,13,0.0,3233.0
UEI-IMD-FL-2017-0119,bahraich,Uttar Pradesh,2017-04-08,1,27.57429,81.59474,0,3.4,3.9,3.9,46.2,0.0,0.0,0.47,14.6,128.0,0.27,58,34,0.0,235.0
UEI-IMD-FL-2017-0119,ballia,Uttar Pradesh,2017-04-08,1,25.42139,86.31445,0,0.30000000000000004,0.5,3.9,35.57,0.0,0.0,0.16,0.0,43.0,0.45,55,32,0.0,235.0
UEI-IMD-FL-2017-0119,azamgarh,Uttar Pradesh,2017-04-08,1,26.06832,83.18358,0,1.8,4.6,4.6,48.71,0.0,0.0,9.0,19.5,81.0,0.27,46,31,0.0,235.0
UEI-IMD-FL-2017-0119,basti,Uttar Pradesh,2017-04-08,1,20.25185,84.38419,0,3.8,15.199999999999998,15.199999999999998,46.55,0.0,0.0,0.09,0.0,636.0,5.045,48,26,0.0,235.0
UEI-IMD-FL-2017-0119,bhadohi,Uttar Pradesh,2017-04-08,1,25.39526,82.5703,0,2.4000000000000004,2.4000000000000004,2.4000000000000004,53.510000000000005,0.0,0.0,2.22,11.0,92.0,0.721,21,13,0.0,3233.0
UEI-IMD-FL-2017-0119,chandauli,Uttar Pradesh,2017-04-08,1,25.25803,83.26825,0,2.3,2.4,2.4,51.38,0.0,0.0,0.09,50.0,82.0,0.541,21,13,0.0,3233.0
UEI-IMD-FL-2017-0119,deoria,Uttar Pradesh,2017-04-08,1,26.50167,83.77936,0,3.7,4.3,4.4,44.92,0.0,0.0,0.03,0.0,77.0,0.09,47,28,0.0,235.0
UEI-IMD-FL-2017-0119,ayodhya,Uttar Pradesh,2017-04-08,1,21.63333,86.6,0,0.0,8.5,8.700000000000001,45.449999999999996,2.0,0.1,0.85,0.0,53.0,1.712,45,29,0.0,235.0
UEI-IMD-FL-2017-0119,gorakhpur,Uttar Pradesh,2017-04-08,1,19.23351,83.10413,0,3.9,9.200000000000001,9.4,45.11,0.0,0.0,0.03,0.0,858.0,6.757,58,33,0.0,235.0
UEI-IMD-FL-2017-0015,araria,Bihar,2017-05-06,1,26.14934,87.51323,0,2.3,2.3,19.400000000000002,35.769999999999996,0.0,0.6,11.02,7.3,53.0,0.36,38,23,0.0,256.0
UEI-IMD-FL-2017-0022,chamba,Himachal Pradesh,2017-06-05,1,32.55531,76.12647,0,0.0,13.4,26.2,39.54,3.6,17.1,5.07,-6.3,946.0,24.685,57,26,0.0,284.0
UEI-IMD-FL-2017-0022,bilaspur,Himachal Pradesh,2017-06-05,1,31.33027,76.75663,0,0.0,19.2,26.8,43.28,0.2,23.8,0.22,-12.0,506.0,14.054,51,27,0.0,284.0
UEI-IMD-FL-2017-0106,coimbatore,Tamil Nadu,2017-06-08,1,11.00555,76.96612,0,21.3,25.7,34.5,31.669999999999998,0.0,17.6,0.94,25.3,422.0,0.811,30,21,0.0,548.0
UEI-IMD-FL-2017-0005,darrang,Assam,2017-06-12,1,26.63333,92.8,0,32.0,42.2,192.8,32.44,88.0,0.9,17618.75,-25.7,70.0,0.36,77,39,0.0,315.0
UEI-IMD-FL-2017-0114,dhalai,Tripura,2017-06-14,1,24.60117,92.84785,0,99.0,142.0,284.3,25.549999999999997,6.6,5.9,52.09,40.4,32.0,0.631,19,12,0.0,1091.0
UEI-IMD-FL-2017-0046,ballari,Karnataka,2017-06-16,1,15.14205,76.92398,0,9.4,27.3,91.8,31.97,3.7,0.2,1.69,69.0,454.0,0.721,43,25,0.0,624.0
UEI-IMD-FL-2017-0006,darrang,Assam,2017-06-17,1,26.63333,92.8,0,47.3,173.4,228.1,22.240000000000002,17.4,14.4,27414.76,74.2,70.0,0.36,78,40,0.0,11.0
UEI-IMD-FL-2017-0034,anantnag,Jammu & Kashmir,2017-06-20,1,33.73068,75.15418,0,0.0,0.6,33.300000000000004,35.3,5.8,2.0,4.25,10.7,1602.0,8.108,29,18,0.0,378.0
UEI-IMD-FL-2017-0023,chamba,Himachal Pradesh,2017-06-20,1,32.55531,76.12647,0,8.3,13.3,45.6,35.870000000000005,9.5,2.1,4.22,-8.3,946.0,24.685,58,27,0.0,14.0
UEI-IMD-FL-2017-0024,bilaspur,Himachal Pradesh,2017-06-26,1,31.33027,76.75663,0,0.5,28.0,33.6,33.26,8.6,27.4,0.23,-8.0,506.0,14.054,52,28,0.0,20.0
UEI-IMD-FL-2017-0012,dhemaji,Assam,2017-07-08,1,27.48333,94.58333,0,68.3,310.8,480.50000000000006,11.51,141.1,117.6,36.07,25.9,109.0,1.081,125,34,0.0,182.0
UEI-IMD-FL-2017-0012,chirang,Assam,2017-07-08,1,29.87368,79.81931,0,181.49999999999997,264.5,304.80000000000007,17.16,22.4,56.5,7.73,286.5,1202.0,33.243,27,18,0.0,182.0
UEI-IMD-FL-2017-0098,banswara,Rajasthan,2017-07-13,1,23.54109,74.4425,0,13.7,20.1,181.60000000000002,30.82,71.3,30.2,0.05,0.0,226.0,1.351,23,16,0.0,1608.0
UEI-IMD-FL-2017-0010,biswanath,Assam,2017-07-14,1,26.72577,93.14659,0,14.700000000000001,178.60000000000002,512.8000000000001,17.66,6.9,3.3,9.57,-10.3,81.0,0.541,24,18,0.0,188.0
UEI-IMD-FL-2017-0010,barpeta,Assam,2017-07-14,1,26.32293,91.00632,0,93.4,154.8,557.2,17.55,4.0,2.4,46.75,-2.3,46.0,0.36,87,36,0.0,188.0
UEI-IMD-FL-2017-0010,chirang,Assam,2017-07-14,1,29.87368,79.81931,0,50.900000000000006,153.3,404.49999999999994,17.73,14.3,17.2,13.32,72.8,1202.0,33.243,28,18,0.0,11.0
UEI-IMD-FL-2017-0081,gondia,Maharashtra,2017-07-15,1,21.46026,80.19205,0,15.7,37.2,63.699999999999996,20.450000000000003,8.4,6.9,2.56,383.0,319.0,1.441,27,20,0.0,420.0
UEI-IMD-FL-2017-0026,chamba,Himachal Pradesh,2017-07-15,1,32.55531,76.12647,0,114.3,142.5,161.29999999999998,23.23,16.6,2.5,16.02,133.9,946.0,24.685,59,27,0.0,24.0
UEI-IMD-FL-2017-0027,chamba,Himachal Pradesh,2017-07-16,1,32.55531,76.12647,0,41.5,143.5,161.7,22.9,2.5,41.1,14.17,110.5,946.0,24.685,60,27,0.0,11.0
UEI-IMD-FL-2017-0048,belagavi,Karnataka,2017-07-18,1,15.85212,74.50447,0,14.799999999999999,24.9,43.0,18.250000000000004,50.3,16.4,6.96,258.8,762.0,1.441,41,24,0.0,299.0
UEI-IMD-FL-2017-0122,bankura,West Bengal,2017-07-20,1,23.23241,87.0716,0,18.8,47.5,127.60000000000001,25.34,23.6,22.4,35.39,56.6,93.0,0.721,19,12,0.0,2875.0
UEI-IMD-FL-2017-0049,belagavi,Karnataka,2017-07-20,1,15.85212,74.50447,0,87.0,104.4,118.8,14.91,8.2,3.4,7.97,392.0,762.0,1.441,42,25,0.0,11.0
UEI-IMD-FL-2017-0099,barmer,Rajasthan,2017-07-23,1,25.74572,71.39211,0,56.49999999999999,75.6,121.9,23.57,41.7,27.0,2.13,419.5,207.0,3.874,21,14,0.0,348.0
UEI-IMD-FL-2017-0020,balrampur,Chhattisgarh,2017-07-28,1,19.93878,83.204,0,6.999999999999999,13.600000000000001,274.3,28.66,4.6,7.4,1.31,-96.3,263.0,0.811,26,17,0.0,1079.0
UEI-IMD-FL-2017-0020,bemetara,Chhattisgarh,2017-07-28,1,21.71556,81.53423,0,34.3,46.900000000000006,173.6,21.310000000000002,1.3,9.0,2.79,62.2,291.0,0.991,0,0,41.94,36500.0
UEI-IMD-FL-2017-0100,bilaspur,Rajasthan,2017-07-29,1,31.33027,76.75663,0,15.8,57.8,76.1,24.5,24.0,11.1,1.12,138.3,506.0,14.054,53,28,0.0,32.0
UEI-IMD-FL-2017-0116,gonda,Uttar Pradesh,2017-08-06,1,21.64469,84.54816,0,47.0,86.3,263.5,18.849999999999998,2.5,4.6,19.23,10.5,321.0,6.937,56,32,0.0,355.0
UEI-IMD-FL-2017-0116,bara banki,Uttar Pradesh,2017-08-06,1,26.92384,81.17927,0,21.0,42.0,76.7,21.02,13.2,7.2,2.4,8.6,122.0,0.631,45,29,0.0,855.0
UEI-IMD-FL-2017-0101,baran,Rajasthan,2017-08-07,1,20.40714,85.83496,0,62.3,94.3,154.2,21.16,13.6,21.6,13.66,-13.3,27.0,0.541,17,13,0.0,366.0
UEI-IMD-FL-2017-0123,cooch behar,West Bengal,2017-08-07,1,26.32539,89.44508,0,48.8,125.7,248.19999999999996,21.54,12.2,31.8,731.82,23.6,49.0,0.541,28,21,0.0,379.0
UEI-IMD-FL-2017-0123,darjeeling,West Bengal,2017-08-07,1,27.03333,88.26667,0,35.8,85.0,184.50000000000003,16.8,23.7,45.2,3.27,-16.6,2134.0,52.793,65,33,0.0,379.0
UEI-IMD-FL-2017-0030,bilaspur,Himachal Pradesh,2017-08-07,1,31.33027,76.75663,0,37.2,89.0,158.4,15.32,15.9,9.0,4.79,195.7,506.0,14.054,54,28,0.0,11.0
UEI-IMD-FL-2017-0057,ballari,Karnataka,2017-08-08,1,15.14205,76.92398,0,2.5,6.699999999999999,10.9,42.099999999999994,1.9,2.1,0.37,19.4,454.0,0.721,44,26,0.0,52.0
UEI-IMD-FL-2017-0057,bijapur,Karnataka,2017-08-08,1,16.82442,75.71537,0,2.5,6.8999999999999995,12.5,40.57,9.8,2.5,0.02,0.0,599.0,0.991,23,16,0.0,1081.0
UEI-IMD-FL-2017-0017,araria,Bihar,2017-08-12,1,26.14934,87.51323,0,130.4,192.6,302.3,17.97,31.6,7.4,273.16,253.2,53.0,0.36,39,24,0.0,97.0
UEI-IMD-FL-2017-0118,gonda,Uttar Pradesh,2017-08-13,1,21.64469,84.54816,0,21.7,46.30000000000001,132.6,20.32,7.4,3.1,17.75,-7.7,321.0,6.937,57,33,0.0,11.0
UEI-IMD-FL-2017-0118,bara banki,Uttar Pradesh,2017-08-13,1,26.92384,81.17927,0,22.3,63.49999999999999,105.5,19.1,3.0,10.8,2.36,-1.7,122.0,0.631,46,30,0.0,11.0
UEI-IMD-FL-2017-0118,balrampur,Uttar Pradesh,2017-08-13,1,19.93878,83.204,0,13.299999999999999,41.4,116.4,25.42,4.9,0.7,0.8,-91.9,263.0,0.811,27,18,0.0,15.0
UEI-IMD-FL-2017-0118,bahraich,Uttar Pradesh,2017-08-13,1,27.57429,81.59474,0,51.0,95.29999999999998,207.1,17.27,37.1,8.4,1.9,-12.0,128.0,0.27,59,35,0.0,126.0
UEI-IMD-FL-2017-0032,bilaspur,Himachal Pradesh,2017-08-17,1,31.33027,76.75663,0,1.5,25.499999999999996,103.4,27.56,0.1,7.5,4.26,-15.3,506.0,14.054,55,28,0.0,11.0
UEI-IMD-FL-2017-0086,beed,Maharashtra,2017-08-19,1,18.98921,75.75634,1,3.4000000000000004,13.899999999999999,20.700000000000003,30.380000000000003,104.4,47.2,0.05,,510.0,0.631,37,26,0.0,321.0
UEI-IMD-FL-2017-0055,chitradurga,Karnataka,2017-08-28,1,14.22262,76.40038,0,12.5,20.7,39.300000000000004,20.43,18.2,4.1,0.02,100.0,738.0,1.892,25,16,0.0,665.0
UEI-IMD-FL-2017-0013,aurangabad,Bihar,2017-09-04,1,19.87757,75.34226,0,4.0,43.1,97.80000000000001,22.37,0.0,0.0,1.29,-73.0,587.0,0.631,72,39,0.0,377.0
UEI-IMD-FL-2017-0013,araria,Bihar,2017-09-04,1,26.14934,87.51323,0,63.300000000000004,88.89999999999999,171.7,23.25,2.3,1.2,124.31,-19.8,53.0,0.36,40,24,0.0,22.0
UEI-IMD-FL-2017-0013,begusarai,Bihar,2017-09-04,1,25.41853,86.13389,0,26.5,41.1,64.3,26.479999999999997,1.1,0.9,1.15,-25.8,45.0,0.18,45,28,0.0,366.0
UEI-IMD-FL-2017-0009,dhemaji,Assam,2017-09-06,1,27.48333,94.58333,0,57.900000000000006,99.3,128.1,14.729999999999999,6.1,12.0,15.94,14.8,109.0,1.081,126,34,0.0,59.0
UEI-IMD-FL-2017-0009,darrang,Assam,2017-09-06,1,26.63333,92.8,0,44.1,143.20000000000002,218.4,19.55,9.5,12.4,24602.67,33.4,70.0,0.36,79,40,0.0,80.0
UEI-IMD-FL-2017-0009,chirang,Assam,2017-09-06,1,29.87368,79.81931,0,4.3,77.69999999999999,124.4,21.0,1.3,0.0,13.76,-16.0,1202.0,33.243,29,18,0.0,53.0
UEI-IMD-FL-2017-0009,dhubri,Assam,2017-09-06,1,26.01856,89.98564,0,30.3,101.50000000000001,195.1,20.6,7.3,18.9,35155.04,21.9,34.0,0.901,76,37,0.0,401.0
UEI-IMD-FL-2017-0009,barpeta,Assam,2017-09-06,1,26.32293,91.00632,0,12.799999999999999,41.599999999999994,144.8,21.18,1.9,11.5,29.27,3.9,46.0,0.36,88,36,0.0,53.0
UEI-IMD-FL-2017-0009,biswanath,Assam,2017-09-06,1,26.72577,93.14659,0,38.8,102.8,184.3,17.45,7.1,10.0,5.62,11.5,81.0,0.541,25,18,0.0,53.0
UEI-IMD-FL-2017-0009,bongaigaon,Assam,2017-09-06,1,26.47703,90.55815,0,25.4,96.7,188.79999999999998,19.330000000000002,5.1,16.9,4.14,-1.9,59.0,0.36,52,30,0.0,242.0
UEI-IMD-FL-2017-0085,bhandara,Maharashtra,2017-09-07,1,21.16817,79.64885,0,12.3,19.9,93.2,29.96,2.1,3.1,150.01,-89.9,257.0,0.27,48,27,0.0,474.0
UEI-IMD-FL-2017-0059,bijapur,Karnataka,2017-09-16,1,16.82442,75.71537,0,43.0,64.7,99.5,27.740000000000002,0.1,0.0,0.38,0.0,599.0,0.991,24,17,0.0,38.0
UEI-IMD-FL-2017-0060,dharwad,Karnataka,2017-09-25,1,15.46005,75.00778,0,13.1,24.8,73.9,20.439999999999998,21.1,18.9,0.61,-50.4,728.0,1.712,38,24,0.0,725.0
UEI-IMD-FL-2017-0011,dhemaji,Assam,2017-10-07,1,27.48333,94.58333,0,0.0,31.2,84.1,20.42,2.4,0.1,7.89,-23.2,109.0,1.081,127,34,0.0,30.0
UEI-IMD-FL-2017-0011,darrang,Assam,2017-10-07,1,26.63333,92.8,0,4.0,69.0,139.2,22.499999999999996,6.6,3.0,14124.38,-7.3,70.0,0.36,80,40,0.0,30.0
UEI-IMD-FL-2017-0011,chirang,Assam,2017-10-07,1,29.87368,79.81931,0,1.1,4.6,60.6,25.979999999999997,0.1,0.0,3.97,-25.2,1202.0,33.243,30,18,0.0,30.0
UEI-IMD-FL-2017-0011,bongaigaon,Assam,2017-10-07,1,26.47703,90.55815,0,0.6,187.6,386.70000000000005,21.32,11.1,10.1,3.48,-79.5,59.0,0.36,53,30,0.0,30.0
UEI-IMD-FL-2017-0011,biswanath,Assam,2017-10-07,1,26.72577,93.14659,0,2.3000000000000003,44.5,112.69999999999999,21.949999999999996,6.4,5.5,3.52,-48.1,81.0,0.541,26,18,0.0,30.0
UEI-IMD-FL-2017-0011,barpeta,Assam,2017-10-07,1,26.32293,91.00632,0,0.4,61.699999999999996,190.30000000000004,22.77,24.0,8.9,28.17,-52.9,46.0,0.36,89,36,0.0,30.0
UEI-IMD-FL-2017-0011,dhubri,Assam,2017-10-07,1,26.01856,89.98564,0,1.7000000000000002,257.90000000000003,358.8000000000001,19.61,8.2,3.7,22232.11,-23.3,34.0,0.901,77,38,0.0,30.0
UEI-IMD-FL-2017-0117,bara banki,Uttar Pradesh,2017-11-06,1,26.92384,81.17927,0,0.3,1.0,1.2,20.960000000000004,0.0,0.0,0.34,17.2,122.0,0.631,47,30,0.0,84.0
UEI-IMD-FL-2017-0016,darbhanga,Bihar,2017-11-06,1,26.15216,85.89707,0,0.0,1.5,5.0,21.9,0.0,0.0,0.22,-21.4,51.0,0.18,58,35,0.0,440.0
UEI-IMD-FL-2017-0016,araria,Bihar,2017-11-06,1,26.14934,87.51323,0,0.0,2.1,5.300000000000001,22.62,0.0,0.0,16.91,-23.4,53.0,0.36,41,24,0.0,62.0
UEI-IMD-FL-2017-0117,bahraich,Uttar Pradesh,2017-11-06,1,27.57429,81.59474,0,0.1,1.5,2.6999999999999997,20.97,0.0,0.0,0.34,-8.1,128.0,0.27,60,35,0.0,84.0
UEI-IMD-FL-2017-0016,gopalganj,Bihar,2017-11-06,1,26.46734,84.44041,0,0.0,0.1,1.5,22.509999999999998,0.0,0.0,0.08,-11.1,73.0,0.45,44,30,0.0,440.0
UEI-IMD-FL-2018-0095,bara banki,Uttar Pradesh,2018-01-07,1,26.92384,81.17927,0,0.0,0.0,0.0,14.719999999999999,0.0,0.0,0.22,-4.3,122.0,0.631,48,30,0.0,61.0
UEI-IMD-FL-2018-0007,barpeta,Assam,2018-01-07,1,26.32293,91.00632,0,2.0,5.499999999999999,5.499999999999999,16.369999999999997,0.0,0.0,1.25,-6.0,46.0,0.36,90,36,0.0,91.0
UEI-IMD-FL-2018-0007,biswanath,Assam,2018-01-07,1,26.72577,93.14659,0,0.9,3.4000000000000004,3.4000000000000004,15.399999999999999,0.0,0.0,0.25,0.0,81.0,0.541,27,18,0.0,91.0
UEI-IMD-FL-2018-0007,darrang,Assam,2018-01-07,1,26.63333,92.8,0,1.8,5.199999999999999,5.3,15.669999999999998,0.0,0.0,2279.34,2.3,70.0,0.36,81,40,0.0,91.0
UEI-IMD-FL-2018-0007,dhemaji,Assam,2018-01-07,1,27.48333,94.58333,0,0.2,4.2,4.2,14.709999999999997,0.0,0.0,1.28,-3.8,109.0,1.081,128,34,0.0,91.0
UEI-IMD-FL-2018-0095,agra,Uttar Pradesh,2018-01-07,1,20.49255,82.63422,0,0.0,0.0,0.0,25.78,0.0,0.0,0.06,0.0,277.0,1.081,31,20,0.0,538.0
UEI-IMD-FL-2018-0029,chikkamagaluru,Karnataka,2018-01-07,1,13.32231,75.774,1,0.0,0.0,0.0,27.200000000000003,0.0,0.0,0.03,,1042.0,1.351,17,16,0.0,545.0
UEI-IMD-FL-2018-0036,alappuzha,Kerala,2018-01-07,1,9.49004,76.3264,0,3.5,7.199999999999999,8.299999999999999,28.800000000000004,1.6,0.3,0.11,-8.3,7.0,0.631,88,35,0.0,298.0
UEI-IMD-FL-2018-0008,dhemaji,Assam,2018-01-08,1,27.48333,94.58333,0,1.4,5.4,5.4,13.759999999999998,0.0,0.0,1.28,-3.8,109.0,1.081,129,35,0.0,11.0
UEI-IMD-FL-2018-0008,chirang,Assam,2018-01-08,1,29.87368,79.81931,0,0.0,0.7,0.7,14.950000000000001,0.0,0.0,0.81,-2.4,1202.0,33.243,31,18,0.0,92.0
UEI-IMD-FL-2018-0008,biswanath,Assam,2018-01-08,1,26.72577,93.14659,0,1.2000000000000002,3.8000000000000003,3.8000000000000003,14.6,0.0,0.0,0.25,0.0,81.0,0.541,28,19,0.0,11.0
UEI-IMD-FL-2018-0008,barpeta,Assam,2018-01-08,1,26.32293,91.00632,0,0.4,5.499999999999999,5.499999999999999,15.770000000000001,0.0,0.0,1.23,-6.1,46.0,0.36,91,37,0.0,11.0
UEI-IMD-FL-2018-0108,chitrakoot,Uttar Pradesh,2018-01-08,1,25.21473,80.91645,0,0.0,0.0,0.0,17.46,0.0,0.0,0.02,0.0,137.0,0.901,23,15,0.0,3016.0
UEI-IMD-FL-2018-0108,bara banki,Uttar Pradesh,2018-01-08,1,26.92384,81.17927,0,0.0,0.0,0.0,15.439999999999998,0.0,0.0,0.22,0.0,122.0,0.631,49,31,0.0,11.0
UEI-IMD-FL-2018-0108,banda,Uttar Pradesh,2018-01-08,1,21.41522,83.68574,0,0.0,0.0,0.0,26.499999999999996,0.0,0.0,0.31,0.0,176.0,0.45,28,19,0.0,3508.0
UEI-IMD-FL-2018-0108,auraiya,Uttar Pradesh,2018-01-08,1,26.46517,79.50918,0,0.0,0.0,0.0,15.720000000000002,0.0,0.0,0.02,0.0,145.0,0.631,24,16,0.0,539.0
UEI-IMD-FL-2018-0024,belagavi,Karnataka,2018-02-05,1,15.85212,74.50447,0,0.0,0.0,0.0,39.28,0.0,1.4,0.53,29.3,762.0,1.441,43,25,0.0,199.0
UEI-IMD-FL-2018-0096,amethi,Uttar Pradesh,2018-02-07,1,26.15696,81.80519,0,0.0,0.0,0.5,23.450000000000003,0.0,0.0,0.12,33.3,104.0,0.27,22,14,0.0,304.0
UEI-IMD-FL-2018-0096,bahraich,Uttar Pradesh,2018-02-07,1,27.57429,81.59474,0,0.0,0.0,0.1,19.970000000000002,0.0,0.0,0.37,19.4,128.0,0.27,61,35,0.0,92.0
UEI-IMD-FL-2018-0096,balrampur,Uttar Pradesh,2018-02-07,1,19.93878,83.204,0,0.0,0.0,0.0,35.55,0.3,0.0,0.47,-6.0,263.0,0.811,28,18,0.0,177.0
UEI-IMD-FL-2018-0096,bara banki,Uttar Pradesh,2018-02-07,1,26.92384,81.17927,0,0.0,0.0,0.1,21.650000000000002,0.0,0.0,0.25,31.6,122.0,0.631,50,31,0.0,29.0
UEI-IMD-FL-2018-0096,basti,Uttar Pradesh,2018-02-07,1,20.25185,84.38419,0,0.0,0.0,0.0,35.92,0.7,0.0,0.19,0.0,636.0,5.045,49,27,0.0,304.0
UEI-IMD-FL-2018-0096,ayodhya,Uttar Pradesh,2018-02-07,1,21.63333,86.6,0,0.0,0.0,0.0,32.5,0.0,0.0,2.66,16.7,53.0,1.712,46,30,0.0,304.0
UEI-IMD-FL-2018-0096,gonda,Uttar Pradesh,2018-02-07,1,21.64469,84.54816,0,0.0,0.0,0.0,32.519999999999996,0.0,0.0,0.75,0.0,321.0,6.937,58,33,0.0,177.0
UEI-IMD-FL-2018-0096,ayodhya,Uttar Pradesh,2018-02-07,1,21.63333,86.6,0,0.0,0.0,0.0,32.5,0.0,0.0,2.66,16.7,53.0,1.712,46,30,0.0,304.0
UEI-IMD-FL-2018-0025,dharwad,Karnataka,2018-03-05,1,15.46005,75.00778,0,0.0,0.0,0.0,47.7,0.0,0.0,0.25,0.0,728.0,1.712,39,25,0.0,160.0
UEI-IMD-FL-2018-0025,ballari,Karnataka,2018-03-05,1,15.14205,76.92398,0,0.0,0.0,0.0,48.21,0.0,0.0,0.53,0.0,454.0,0.721,45,26,0.0,208.0
UEI-IMD-FL-2018-0097,azamgarh,Uttar Pradesh,2018-03-07,1,26.06832,83.18358,0,4.4,4.4,7.200000000000001,37.82,0.0,0.0,7.85,-4.6,81.0,0.27,47,32,0.0,332.0
UEI-IMD-FL-2018-0097,amethi,Uttar Pradesh,2018-03-07,1,26.15696,81.80519,0,1.2,1.2,2.3,38.620000000000005,0.0,0.0,0.12,0.0,104.0,0.27,23,15,0.0,27.0
UEI-IMD-FL-2018-0097,gonda,Uttar Pradesh,2018-03-07,1,21.64469,84.54816,0,0.1,0.1,0.1,40.190000000000005,0.0,0.0,0.66,0.0,321.0,6.937,59,34,0.0,27.0
UEI-IMD-FL-2018-0077,chennai,Tamil Nadu,2018-03-13,1,13.08784,80.27847,2,0.1,0.1,0.1,35.67,0.2,0.0,,,15.0,0.901,52,31,0.0,395.0
UEI-IMD-FL-2018-0098,chandauli,Uttar Pradesh,2018-04-07,1,25.25803,83.26825,0,0.1,1.9000000000000001,1.9000000000000001,47.129999999999995,1.8,0.2,0.09,50.0,82.0,0.541,22,14,0.0,363.0
UEI-IMD-FL-2018-0098,budaun,Uttar Pradesh,2018-04-07,1,28.03811,79.12668,0,3.3999999999999995,3.8999999999999995,3.8999999999999995,40.29,0.0,0.2,0.09,50.0,176.0,0.631,29,20,0.0,628.0
UEI-IMD-FL-2018-0110,gonda,Uttar Pradesh,2018-04-08,1,21.64469,84.54816,0,4.5,13.299999999999999,13.4,36.31,5.1,0.8,0.56,0.0,321.0,6.937,60,34,0.0,31.0
UEI-IMD-FL-2018-0110,ayodhya,Uttar Pradesh,2018-04-08,1,21.63333,86.6,0,15.7,40.4,57.20000000000001,31.250000000000004,0.5,1.7,3.47,15.7,53.0,1.712,48,31,0.0,59.0
UEI-IMD-FL-2018-0110,bara banki,Uttar Pradesh,2018-04-08,1,26.92384,81.17927,0,8.2,10.0,10.100000000000001,43.21000000000001,3.1,0.0,0.25,0.0,122.0,0.631,51,31,0.0,59.0
UEI-IMD-FL-2018-0110,auraiya,Uttar Pradesh,2018-04-08,1,26.46517,79.50918,1,0.6,2.1,2.1,44.66,1.9,0.4,0.0,,145.0,0.631,25,17,0.0,89.0
UEI-IMD-FL-2018-0044,bhind,Madhya Pradesh,2018-04-08,1,26.56671,78.78728,0,0.7,0.7,0.7,44.77,0.3,2.3,0.53,12.8,155.0,0.36,13,12,0.0,640.0
UEI-IMD-FL-2018-0047,dharashiv,Maharashtra,2018-04-14,1,18.18158,76.03889,0,3.4,10.500000000000002,10.799999999999999,39.19,3.2,0.0,0.03,0.0,665.0,2.072,27,22,0.0,405.0
UEI-IMD-FL-2018-0099,bara banki,Uttar Pradesh,2018-05-07,1,26.92384,81.17927,0,6.1000000000000005,15.0,15.5,45.06999999999999,0.5,0.0,0.28,12.0,122.0,0.631,52,31,0.0,28.0
UEI-IMD-FL-2018-0099,gorakhpur,Uttar Pradesh,2018-05-07,1,19.23351,83.10413,0,0.3,25.1,35.8,36.08,2.3,1.6,0.12,0.0,858.0,6.757,59,34,0.0,393.0
UEI-IMD-FL-2018-0111,auraiya,Uttar Pradesh,2018-05-08,1,26.46517,79.50918,1,2.3000000000000003,14.899999999999999,21.0,47.629999999999995,0.0,0.0,0.0,,145.0,0.631,26,17,0.0,29.0
UEI-IMD-FL-2018-0035,alappuzha,Kerala,2018-05-28,1,9.49004,76.3264,0,165.5,221.6,294.7,18.22,15.9,8.9,5.37,974.0,7.0,0.631,89,36,0.0,140.0
UEI-IMD-FL-2018-0084,agra,Uttar Pradesh,2018-06-03,1,20.49255,82.63422,1,17.400000000000002,19.400000000000002,28.799999999999997,43.709999999999994,0.0,0.6,0.0,,277.0,1.081,32,21,0.0,146.0
UEI-IMD-FL-2018-0084,bara banki,Uttar Pradesh,2018-06-03,1,26.92384,81.17927,0,1.1,4.4,4.6,46.78999999999999,0.1,1.0,0.28,12.0,122.0,0.631,53,31,0.0,26.0
UEI-IMD-FL-2018-0084,bahraich,Uttar Pradesh,2018-06-03,1,27.57429,81.59474,0,3.3,9.6,10.4,49.22,0.0,1.3,0.5,13.6,128.0,0.27,62,36,0.0,115.0
UEI-IMD-FL-2018-0100,balrampur,Uttar Pradesh,2018-06-07,1,19.93878,83.204,1,9.700000000000001,22.0,34.0,38.42,8.5,8.4,0.0,,263.0,0.811,29,19,0.0,119.0
UEI-IMD-FL-2018-0100,bahraich,Uttar Pradesh,2018-06-07,1,27.57429,81.59474,0,1.3,9.1,15.4,46.800000000000004,14.9,4.1,0.63,12.5,128.0,0.27,63,36,0.0,11.0
UEI-IMD-FL-2017-0029,chamba,Himachal Pradesh,2018-06-07,1,32.55531,76.12647,0,4.3,5.8999999999999995,6.8999999999999995,38.690000000000005,1.7,1.4,2.16,-0.9,946.0,24.685,61,27,0.0,325.0
UEI-IMD-FL-2018-0112,bara banki,Uttar Pradesh,2018-06-08,1,26.92384,81.17927,0,1.0,1.6,5.5,46.870000000000005,14.3,2.1,0.31,10.7,122.0,0.631,54,31,0.0,11.0
UEI-IMD-FL-2018-0112,auraiya,Uttar Pradesh,2018-06-08,1,26.46517,79.50918,1,0.30000000000000004,4.0,5.999999999999999,50.48,3.6,6.0,0.0,,145.0,0.631,27,17,0.0,30.0
UEI-IMD-FL-2018-0005,dhemaji,Assam,2018-06-13,1,27.48333,94.58333,0,8.0,59.10000000000001,84.39999999999999,32.43,25.4,19.3,4.94,-23.2,109.0,1.081,130,35,0.0,155.0
UEI-IMD-FL-2018-0009,bharuch,Gujarat,2018-06-24,1,21.69482,72.9805,0,0.1,4.6,11.0,43.7,34.4,3.9,0.31,158.3,15.0,1.441,44,26,0.0,534.0
UEI-IMD-FL-2018-0118,cooch behar,West Bengal,2018-06-24,1,26.32539,89.44508,0,44.0,108.6,231.90000000000003,23.279999999999998,69.9,27.8,1022.29,23.6,49.0,0.541,29,22,0.0,320.0
UEI-IMD-FL-2018-0009,dangs,Gujarat,2018-06-24,1,26.31191,84.60651,0,7.800000000000001,8.5,17.9,45.89,9.6,5.4,0.16,-15.8,67.0,0.36,22,15,0.0,534.0
UEI-IMD-FL-2018-0070,alwar,Rajasthan,2018-06-27,1,27.56246,76.625,0,1.0,1.5,1.8,40.11,10.6,9.6,2.34,157.1,272.0,0.631,33,23,0.0,3213.0
UEI-IMD-FL-2018-0028,belagavi,Karnataka,2018-06-27,1,15.85212,74.50447,0,25.5,80.0,151.4,15.45,11.2,7.8,1.78,-31.5,762.0,1.441,44,26,0.0,141.0
UEI-IMD-FL-2018-0113,bara banki,Uttar Pradesh,2018-07-08,1,26.92384,81.17927,0,1.4,54.9,85.8,29.66,3.8,5.5,0.3,-40.0,122.0,0.631,55,31,0.0,29.0
UEI-IMD-FL-2018-0113,auraiya,Uttar Pradesh,2018-07-08,1,26.46517,79.50918,1,0.2,8.899999999999999,64.0,38.23,0.6,1.1,0.02,,145.0,0.631,28,17,0.0,29.0
UEI-IMD-FL-2018-0010,amreli,Gujarat,2018-07-12,1,21.59983,71.21169,0,5.4,9.0,32.0,33.199999999999996,17.0,15.3,0.02,0.0,123.0,0.721,31,22,0.0,552.0
UEI-IMD-FL-2018-0010,ahmedabad,Gujarat,2018-07-12,1,23.02579,72.58727,0,25.6,28.2,102.6,31.229999999999997,4.2,19.2,2.33,55.3,53.0,0.631,45,28,0.0,552.0
UEI-IMD-FL-2018-0088,bara banki,Uttar Pradesh,2018-07-12,1,26.92384,81.17927,0,22.200000000000003,24.200000000000003,88.8,35.6,18.0,16.6,0.58,56.8,122.0,0.631,56,31,0.0,11.0
UEI-IMD-FL-2018-0010,bhavnagar,Gujarat,2018-07-12,1,21.76287,72.15331,0,12.9,15.4,35.300000000000004,32.85,6.1,27.0,2.4,-11.8,23.0,1.171,31,22,0.0,771.0
UEI-IMD-FL-2018-0010,botad,Gujarat,2018-07-12,1,22.16917,71.66671,0,12.6,13.799999999999999,34.7,35.54,1.6,15.9,0.47,20.5,88.0,0.541,21,14,0.0,771.0
UEI-IMD-FL-2018-0011,amreli,Gujarat,2018-07-16,1,21.59983,71.21169,0,59.3,96.6,117.8,19.86,23.2,54.5,0.05,150.0,123.0,0.721,32,23,0.0,11.0
UEI-IMD-FL-2018-0043,bhopal,Madhya Pradesh,2018-07-16,1,23.25469,77.40289,0,56.1,191.6,270.40000000000003,19.54,100.9,40.5,1.9,-24.6,525.0,1.982,38,20,0.0,738.0
UEI-IMD-FL-2018-0011,bhavnagar,Gujarat,2018-07-16,1,21.76287,72.15331,0,64.0,85.4,101.80000000000001,21.09,2.9,14.2,17.97,1202.2,23.0,1.171,32,23,0.0,11.0
UEI-IMD-FL-2018-0059,bhandara,Maharashtra,2018-07-20,1,21.16817,79.64885,0,38.9,89.8,382.00000000000006,20.259999999999998,3.5,9.9,3317.94,-12.9,257.0,0.27,49,28,0.0,315.0
UEI-IMD-FL-2018-0071,baran,Rajasthan,2018-07-23,1,20.40714,85.83496,0,232.6,364.40000000000003,504.4000000000001,18.240000000000002,2.6,7.9,42.55,124.5,27.0,0.541,18,14,0.0,349.0
UEI-IMD-FL-2018-0072,barmer,Rajasthan,2018-07-24,1,25.74572,71.39211,0,0.0,7.1,10.6,35.31,0.0,0.0,0.14,-36.4,207.0,3.874,22,15,0.0,365.0
UEI-IMD-FL-2018-0089,agra,Uttar Pradesh,2018-07-25,1,20.49255,82.63422,0,42.800000000000004,68.9,246.4,21.03,1.4,2.2,3.17,-3.9,277.0,1.081,33,21,0.0,51.0
UEI-IMD-FL-2018-0089,bahraich,Uttar Pradesh,2018-07-25,1,27.57429,81.59474,0,14.8,40.800000000000004,79.49999999999999,32.01,22.7,63.5,0.81,65.3,128.0,0.27,64,36,0.0,47.0
UEI-IMD-FL-2018-0090,bulandshahr,Uttar Pradesh,2018-07-26,1,28.40392,77.85773,0,15.1,65.4,128.5,23.599999999999998,13.9,3.7,0.2,150.0,209.0,1.171,30,19,0.0,738.0
UEI-IMD-FL-2018-0090,bareilly,Uttar Pradesh,2018-07-26,1,28.36678,79.43167,0,21.3,53.800000000000004,107.10000000000001,26.0,2.4,21.9,3.67,424.3,177.0,0.36,36,24,0.0,738.0
UEI-IMD-FL-2018-0090,agra,Uttar Pradesh,2018-07-26,1,20.49255,82.63422,0,15.2,73.39999999999999,244.7,20.41,2.2,6.2,1.9,-4.5,277.0,1.081,34,21,0.0,11.0
UEI-IMD-FL-2018-0090,amethi,Uttar Pradesh,2018-07-26,1,26.15696,81.80519,0,36.400000000000006,74.8,131.8,27.889999999999997,8.9,44.6,0.59,168.2,104.0,0.27,24,15,0.0,140.0
UEI-IMD-FL-2018-0091,balrampur,Uttar Pradesh,2018-07-27,1,19.93878,83.204,0,7.700000000000001,189.3,862.4,20.43,5.9,18.1,10.48,-83.7,263.0,0.811,30,19,0.0,49.0
UEI-IMD-FL-2018-0091,amroha,Uttar Pradesh,2018-07-27,1,28.90314,78.46984,0,47.900000000000006,83.9,134.79999999999998,21.99,25.1,6.7,21.91,505.2,218.0,0.45,26,18,0.0,739.0
UEI-IMD-FL-2018-0091,agra,Uttar Pradesh,2018-07-27,1,20.49255,82.63422,0,11.6,71.89999999999999,231.9,20.06,6.2,6.7,1.03,-46.9,277.0,1.081,35,21,0.0,11.0
UEI-IMD-FL-2018-0092,amroha,Uttar Pradesh,2018-07-28,1,28.90314,78.46984,0,54.4,80.1,134.7,21.380000000000003,6.7,8.5,25.85,512.6,218.0,0.45,27,19,0.0,11.0
UEI-IMD-FL-2018-0092,ballia,Uttar Pradesh,2018-07-28,1,25.42139,86.31445,0,68.19999999999999,102.99999999999999,109.19999999999999,26.09,35.1,13.5,0.49,122.7,43.0,0.45,56,33,0.0,475.0
UEI-IMD-FL-2018-0092,gonda,Uttar Pradesh,2018-07-28,1,21.64469,84.54816,0,17.700000000000003,167.29999999999998,297.49999999999994,17.71,13.3,13.5,16.34,297.6,321.0,6.937,61,34,0.0,110.0
UEI-IMD-FL-2018-0006,dhemaji,Assam,2018-07-28,1,27.48333,94.58333,0,71.9,217.0,286.4,23.09,16.6,19.9,29.13,30.7,109.0,1.081,131,35,0.0,44.0
UEI-IMD-FL-2018-0092,chandauli,Uttar Pradesh,2018-07-28,1,25.25803,83.26825,0,32.7,104.10000000000001,142.79999999999998,20.18,87.3,12.1,0.5,-24.2,82.0,0.541,23,15,0.0,111.0
UEI-IMD-FL-2018-0092,ayodhya,Uttar Pradesh,2018-07-28,1,21.63333,86.6,0,40.9,94.2,181.6,20.400000000000002,5.1,27.0,125.18,19.9,53.0,1.712,49,31,0.0,110.0
UEI-IMD-FL-2018-0093,chitrakoot,Uttar Pradesh,2018-07-29,1,25.21473,80.91645,0,47.300000000000004,133.6,191.90000000000003,18.58,27.9,46.8,0.36,620.0,137.0,0.901,24,16,0.0,201.0
UEI-IMD-FL-2018-0094,bara banki,Uttar Pradesh,2018-07-30,1,26.92384,81.17927,0,25.799999999999997,90.6,148.29999999999998,20.51,17.0,38.6,1.62,268.2,122.0,0.631,57,31,0.0,17.0
UEI-IMD-FL-2018-0094,chitrakoot,Uttar Pradesh,2018-07-30,1,25.21473,80.91645,0,39.3,113.39999999999999,195.8,17.1,46.8,42.9,0.45,800.0,137.0,0.901,25,16,0.0,11.0
UEI-IMD-FL-2018-0094,amethi,Uttar Pradesh,2018-07-30,1,26.15696,81.80519,0,62.9,107.4,152.1,18.58,27.4,53.8,1.74,480.0,104.0,0.27,25,15,0.0,11.0
UEI-IMD-FL-2018-0094,bahraich,Uttar Pradesh,2018-07-30,1,27.57429,81.59474,0,84.3,125.0,153.20000000000002,23.96,13.6,11.6,2.25,212.5,128.0,0.27,65,36,0.0,11.0
UEI-IMD-FL-2018-0026,chikkamagaluru,Karnataka,2018-08-05,1,13.32231,75.774,0,3.0,13.3,49.199999999999996,22.52,3.9,7.4,0.08,-11.1,1042.0,1.351,18,17,0.0,209.0
UEI-IMD-FL-2018-0056,chandrapur,Maharashtra,2018-08-06,1,19.95076,79.29523,0,3.9,13.5,30.9,30.130000000000003,5.4,16.8,0.14,-17.6,184.0,1.261,49,29,0.0,755.0
UEI-IMD-FL-2018-0075,baran,Rajasthan,2018-08-08,1,20.40714,85.83496,0,137.1,155.39999999999998,225.7,21.169999999999998,3.0,8.1,45.56,77.1,27.0,0.541,19,15,0.0,15.0
UEI-IMD-FL-2018-0102,bijnor,Uttar Pradesh,2018-08-12,1,29.373,78.13636,0,19.4,58.7,85.6,21.77,9.0,4.6,1.61,61.0,240.0,0.901,28,18,0.0,755.0
UEI-IMD-FL-2018-0102,basti,Uttar Pradesh,2018-08-12,1,20.25185,84.38419,0,22.2,118.3,144.79999999999998,20.449999999999996,16.7,48.4,1.8,20.0,636.0,5.045,50,28,0.0,185.0
UEI-IMD-FL-2018-0067,bhadrak,Odisha,2018-08-13,1,21.05447,86.5156,0,21.7,150.5,232.69999999999996,22.990000000000002,20.4,9.4,5.47,-24.7,17.0,0.36,28,17,0.0,1471.0
UEI-IMD-FL-2018-0067,dhenkanal,Odisha,2018-08-13,1,20.65744,85.59693,0,74.3,184.10000000000002,244.89999999999998,22.759999999999998,38.9,19.4,2.28,-25.7,73.0,3.333,23,16,0.0,3619.0
UEI-IMD-FL-2018-0067,deogarh,Odisha,2018-08-13,1,21.53827,84.73337,0,87.69999999999999,171.99999999999997,215.7,20.35,18.3,11.4,13.79,-5.5,215.0,6.577,16,11,0.0,3619.0
UEI-IMD-FL-2018-0067,bargarh,Odisha,2018-08-13,1,21.33348,83.61905,0,68.1,163.1,205.1,20.12,46.6,18.9,2.37,-3.3,178.0,1.171,27,18,0.0,1478.0
UEI-IMD-FL-2018-0067,baleshwar,Odisha,2018-08-13,1,21.49266,86.93348,0,9.4,100.60000000000001,186.50000000000003,27.71,25.1,13.7,321.85,-32.6,20.0,1.171,47,28,0.0,1486.0
UEI-IMD-FL-2018-0067,cuttack,Odisha,2018-08-13,1,20.46497,85.87927,0,23.5,198.59999999999994,271.99999999999994,23.37,36.4,10.8,9615.12,75.8,27.0,0.18,53,29,0.0,1471.0
UEI-IMD-FL-2018-0067,balangir,Odisha,2018-08-13,1,20.70419,83.49029,0,64.6,170.6,193.7,18.24,29.3,35.2,2.37,10.7,188.0,0.721,18,12,0.0,1478.0
UEI-IMD-FL-2018-0060,akola,Maharashtra,2018-08-16,1,20.70957,76.9981,0,4.300000000000001,22.2,43.800000000000004,27.86,26.0,3.3,4.0,497.0,285.0,0.36,46,30,0.0,749.0
UEI-IMD-FL-2018-0104,gonda,Uttar Pradesh,2018-08-18,1,21.64469,84.54816,0,18.8,120.80000000000001,240.6,22.38,10.8,47.7,15.14,-3.4,321.0,6.937,62,34,0.0,20.0
UEI-IMD-FL-2018-0062,akola,Maharashtra,2018-08-19,1,20.70957,76.9981,0,79.89999999999999,87.7,117.7,22.04,23.8,31.5,1.25,111.9,285.0,0.36,47,31,0.0,11.0
UEI-IMD-FL-2018-0062,dharashiv,Maharashtra,2018-08-19,1,18.18158,76.03889,0,98.7,118.7,135.10000000000002,16.450000000000003,19.6,14.5,0.64,481.8,665.0,2.072,28,23,0.0,126.0
UEI-IMD-FL-2018-0062,gondia,Maharashtra,2018-08-19,1,21.46026,80.19205,0,31.299999999999997,89.0,290.8,20.09,21.3,8.0,27.38,-4.0,319.0,1.441,28,21,0.0,399.0
UEI-IMD-FL-2018-0062,chandrapur,Maharashtra,2018-08-19,1,19.95076,79.29523,0,96.70000000000002,127.20000000000002,194.70000000000005,18.54,34.9,4.0,3.73,57.4,184.0,1.261,50,30,0.0,12.0
UEI-IMD-FL-2018-0062,bhandara,Maharashtra,2018-08-19,1,21.16817,79.64885,0,38.0,101.0,182.00000000000003,20.64,28.8,31.6,1369.88,-3.2,257.0,0.27,50,29,0.0,29.0
UEI-IMD-FL-2018-0062,amravati,Maharashtra,2018-08-19,1,20.93333,77.75,0,48.300000000000004,60.4,94.10000000000001,20.84,13.7,10.8,1.52,70.8,342.0,0.721,62,33,0.0,752.0
UEI-IMD-FL-2018-0062,aurangabad,Maharashtra,2018-08-19,1,19.87757,75.34226,0,159.79999999999998,170.99999999999997,183.49999999999997,22.590000000000003,23.5,25.4,2.3,123.3,587.0,0.631,73,40,0.0,348.0
UEI-IMD-FL-2018-0062,beed,Maharashtra,2018-08-19,1,18.98921,75.75634,1,111.6,125.8,135.5,25.529999999999998,20.6,14.7,0.2,,510.0,0.631,38,27,0.0,364.0
UEI-IMD-FL-2018-0074,baran,Rajasthan,2018-08-21,1,20.40714,85.83496,0,31.5,105.3,220.29999999999995,22.560000000000002,0.9,1.0,22.93,-14.0,27.0,0.541,20,15,0.0,12.0
UEI-IMD-FL-2018-0074,bundi,Rajasthan,2018-08-21,1,21.78062,83.91393,0,68.7,109.69999999999999,292.70000000000005,25.369999999999997,1.7,0.8,271.27,5.9,205.0,1.351,20,16,0.0,4380.0
UEI-IMD-FL-2018-0105,aligarh,Uttar Pradesh,2018-08-23,1,27.88145,78.07464,0,28.099999999999998,52.2,76.2,27.34,13.5,3.4,4.15,25.0,191.0,0.27,28,18,0.0,766.0
UEI-IMD-FL-2018-0105,amethi,Uttar Pradesh,2018-08-23,1,26.15696,81.80519,0,26.4,45.400000000000006,133.6,31.28,12.5,16.1,4.7,-19.5,104.0,0.27,26,15,0.0,23.0
UEI-IMD-FL-2018-0105,bahraich,Uttar Pradesh,2018-08-23,1,27.57429,81.59474,0,23.0,25.1,128.1,31.25,9.0,19.0,1.8,-6.2,128.0,0.27,66,36,0.0,23.0
UEI-IMD-FL-2018-0105,budaun,Uttar Pradesh,2018-08-23,1,28.03811,79.12668,0,23.9,39.3,92.29999999999998,28.36,11.1,43.4,0.55,-6.8,176.0,0.631,30,21,0.0,137.0
UEI-IMD-FL-2018-0106,ayodhya,Uttar Pradesh,2018-08-26,1,21.63333,86.6,0,16.0,71.3,167.60000000000002,22.93,16.6,10.5,91.9,-4.5,53.0,1.712,50,31,0.0,28.0
UEI-IMD-FL-2018-0106,bara banki,Uttar Pradesh,2018-08-26,1,26.92384,81.17927,0,76.2,109.7,183.6,23.179999999999996,7.2,14.0,3.91,27.8,122.0,0.631,58,31,0.0,26.0
UEI-IMD-FL-2018-0106,bahraich,Uttar Pradesh,2018-08-26,1,27.57429,81.59474,0,35.9,59.4,113.7,23.97,13.4,5.5,2.48,62.1,128.0,0.27,67,36,0.0,11.0
UEI-IMD-FL-2018-0106,amethi,Uttar Pradesh,2018-08-26,1,26.15696,81.80519,0,47.5,87.29999999999998,159.49999999999997,23.27,12.9,9.2,5.11,5.4,104.0,0.27,27,15,0.0,11.0
UEI-IMD-FL-2018-0114,ballia,Uttar Pradesh,2018-09-08,1,25.42139,86.31445,0,22.2,81.3,133.79999999999998,26.58,3.5,8.0,0.83,-8.8,43.0,0.45,57,34,0.0,41.0
UEI-IMD-FL-2018-0114,azamgarh,Uttar Pradesh,2018-09-08,1,26.06832,83.18358,0,27.700000000000003,88.99999999999999,190.9,23.19,1.4,0.1,259.62,15.7,81.0,0.27,48,33,0.0,184.0
UEI-IMD-FL-2018-0076,baran,Rajasthan,2018-09-08,1,20.40714,85.83496,0,115.9,154.20000000000002,266.4,18.980000000000004,2.0,8.2,29.27,20.2,27.0,0.541,21,15,0.0,17.0
UEI-IMD-FL-2018-0004,changlang,Arunachal Pradesh,2018-09-13,1,27.13177,95.73486,0,58.5,125.6,240.3,17.13,25.8,5.7,94.94,31.4,367.0,21.802,19,16,0.0,872.0
UEI-IMD-FL-2018-0045,chhindwara,Madhya Pradesh,2018-09-21,1,22.05697,78.93958,0,0.2,4.4,32.6,30.45,15.4,3.5,0.52,333.3,690.0,1.712,27,20,0.0,1160.0
UEI-IMD-FL-2018-0068,amritsar,Punjab,2018-09-22,1,31.62234,74.87534,0,0.0,10.9,20.2,31.38,55.1,7.4,1.82,152.8,246.0,1.171,42,27,0.0,1117.0
UEI-IMD-FL-2018-0115,bijnor,Uttar Pradesh,2018-09-23,1,29.373,78.13636,0,32.8,32.8,49.1,30.040000000000003,56.3,0.6,0.98,15.3,240.0,0.901,29,19,0.0,41.0
UEI-IMD-FL-2018-0022,chitradurga,Karnataka,2018-10-04,1,14.22262,76.40038,0,1.5999999999999999,25.7,59.000000000000014,32.92,4.9,8.5,0.01,-92.3,738.0,1.892,26,17,0.0,401.0
UEI-IMD-FL-2018-0022,dharwad,Karnataka,2018-10-04,1,15.46005,75.00778,0,8.3,44.099999999999994,65.0,28.2,0.0,0.5,0.3,-55.9,728.0,1.712,40,26,0.0,212.0
UEI-IMD-FL-2018-0057,amravati,Maharashtra,2018-10-06,1,20.93333,77.75,0,0.0,0.0,37.800000000000004,31.849999999999998,0.0,0.0,0.81,-43.0,342.0,0.721,63,34,0.0,47.0
UEI-IMD-FL-2018-0085,agra,Uttar Pradesh,2018-11-03,1,20.49255,82.63422,0,1.5,1.5,1.5,28.519999999999996,0.0,0.0,0.09,0.0,277.0,1.081,36,21,0.0,98.0
UEI-IMD-FL-2018-0116,dehradun,Uttarakhand,2018-11-06,1,30.32443,78.03392,0,12.6,12.6,12.899999999999999,20.1,0.0,0.0,0.52,15.6,660.0,2.072,20,12,0.0,843.0
UEI-IMD-FL-2018-0038,alappuzha,Kerala,2018-11-15,1,9.49004,76.3264,0,4.3999999999999995,20.900000000000002,63.399999999999984,23.099999999999998,67.6,0.7,0.54,-25.0,7.0,0.631,90,36,0.0,170.0
UEI-IMD-FL-2018-0039,alappuzha,Kerala,2018-11-16,1,9.49004,76.3264,0,5.0,20.5,59.59999999999999,24.48,0.7,1.1,1.98,138.6,7.0,0.631,91,36,0.0,11.0
UEI-IMD-FL-2018-0027,chikkamagaluru,Karnataka,2018-12-05,1,13.32231,75.774,0,2.7,2.7,13.7,25.7,0.8,0.7,0.02,0.0,1042.0,1.351,19,17,0.0,121.0
UEI-IMD-FL-2018-0042,burhanpur,Madhya Pradesh,2018-12-06,1,21.30868,76.23026,0,0.0,0.0,0.0,25.75,0.0,0.0,14.42,-9.5,249.0,1.892,14,13,0.0,1236.0
UEI-IMD-FL-2018-0101,budaun,Uttar Pradesh,2018-12-07,1,28.03811,79.12668,0,0.0,0.0,0.0,18.53,0.0,0.0,0.09,-47.1,176.0,0.631,31,21,0.0,105.0
UEI-IMD-FL-2019-0139,dhalai,Tripura,2019-01-03,1,24.60117,92.84785,0,0.0,0.0,0.6,18.1,0.0,0.0,19.14,-4.7,32.0,0.631,20,13,0.0,567.0
UEI-IMD-FL-2019-0134,coimbatore,Tamil Nadu,2019-01-04,1,11.00555,76.96612,0,0.0,15.8,27.1,28.57,0.0,0.0,0.25,-32.4,422.0,0.811,31,22,0.0,574.0
UEI-IMD-FL-2019-0001,dhemaji,Assam,2019-01-05,1,27.48333,94.58333,0,0.0,0.7,0.7,15.68,0.0,0.0,1.47,-3.3,109.0,1.081,132,35,0.0,160.0
UEI-IMD-FL-2019-0001,chirang,Assam,2019-01-05,1,29.87368,79.81931,0,1.7,1.7,2.5,14.35,8.8,1.0,0.91,-4.2,1202.0,33.243,32,19,0.0,361.0
UEI-IMD-FL-2019-0118,barnala,Punjab,2019-01-07,1,30.37451,75.5487,0,7.5,8.5,8.5,12.52,0.0,0.0,0.16,100.0,237.0,0.541,18,13,0.0,1224.0
UEI-IMD-FL-2019-0118,bathinda,Punjab,2019-01-07,1,30.20747,74.93893,0,3.6,4.1,4.1,13.72,0.0,0.0,0.22,266.7,223.0,1.532,36,22,0.0,1224.0
UEI-IMD-FL-2019-0118,amritsar,Punjab,2019-01-07,1,31.62234,74.87534,0,14.100000000000001,14.900000000000002,14.900000000000002,11.000000000000002,0.0,0.0,0.59,20.4,246.0,1.171,43,28,0.0,106.0
UEI-IMD-FL-2019-0023,bharuch,Gujarat,2019-01-07,1,21.69482,72.9805,0,0.0,0.0,0.0,31.01,0.0,0.0,0.12,-14.3,15.0,1.441,45,27,0.0,196.0
UEI-IMD-FL-2019-0023,dangs,Gujarat,2019-01-07,1,26.31191,84.60651,0,0.0,0.0,0.0,17.12,0.0,0.0,0.12,-25.0,67.0,0.36,23,16,0.0,196.0
UEI-IMD-FL-2019-0040,belagavi,Karnataka,2019-01-07,1,15.85212,74.50447,0,0.0,0.0,0.0,34.58,0.0,0.0,0.47,0.0,762.0,1.441,45,26,0.0,193.0
UEI-IMD-FL-2019-0122,ajmer,Rajasthan,2019-01-07,1,26.4521,74.63867,0,0.0,0.0,0.0,22.75,0.0,0.0,0.06,-25.0,482.0,10.27,37,27,0.0,1265.0
UEI-IMD-FL-2019-0003,barpeta,Assam,2019-01-07,1,26.32293,91.00632,0,0.4,0.4,1.6,18.480000000000004,0.0,0.0,0.94,-13.0,46.0,0.36,92,37,0.0,363.0
UEI-IMD-FL-2019-0003,biswanath,Assam,2019-01-07,1,26.72577,93.14659,0,4.1,4.1,5.0,16.589999999999996,0.0,1.6,0.19,-5.0,81.0,0.541,29,19,0.0,363.0
UEI-IMD-FL-2019-0003,darrang,Assam,2019-01-07,1,26.63333,92.8,0,1.8,1.9000000000000001,2.0,17.310000000000002,0.0,0.0,2482.13,-9.0,70.0,0.36,82,41,0.0,364.0
UEI-IMD-FL-2019-0003,dhemaji,Assam,2019-01-07,1,27.48333,94.58333,0,0.0,0.0,0.7,16.05,0.0,0.2,1.44,-2.7,109.0,1.081,133,36,0.0,11.0
UEI-IMD-FL-2019-0003,chirang,Assam,2019-01-07,1,29.87368,79.81931,0,8.8,10.5,11.3,13.129999999999999,0.0,0.0,0.91,-3.2,1202.0,33.243,33,20,0.0,11.0
UEI-IMD-FL-2019-0023,amreli,Gujarat,2019-01-07,1,21.59983,71.21169,0,0.0,0.0,0.0,32.27,0.0,0.0,0.0,-100.0,123.0,0.721,33,23,0.0,174.0
UEI-IMD-FL-2019-0160,bankura,West Bengal,2019-01-07,1,23.23241,87.0716,0,0.0,0.0,0.0,19.1,0.0,0.0,4.04,-10.6,93.0,0.721,20,13,0.0,535.0
UEI-IMD-FL-2019-0160,darjeeling,West Bengal,2019-01-07,1,27.03333,88.26667,0,2.1,2.3000000000000003,15.399999999999999,12.850000000000001,0.0,1.5,0.09,0.0,2134.0,52.793,66,34,0.0,517.0
UEI-IMD-FL-2019-0024,botad,Gujarat,2019-01-08,1,22.16917,71.66671,0,0.0,0.0,0.0,32.620000000000005,0.0,0.0,0.22,0.0,88.0,0.541,22,15,0.0,179.0
UEI-IMD-FL-2019-0024,bhavnagar,Gujarat,2019-01-08,1,21.76287,72.15331,0,0.0,0.0,0.0,31.24,0.0,0.0,0.5,-20.6,23.0,1.171,33,23,0.0,175.0
UEI-IMD-FL-2019-0119,amritsar,Punjab,2019-01-08,1,31.62234,74.87534,0,14.100000000000001,14.900000000000002,14.900000000000002,10.879999999999999,0.0,0.1,0.56,12.0,246.0,1.171,44,29,0.0,11.0
UEI-IMD-FL-2019-0119,barnala,Punjab,2019-01-08,1,30.37451,75.5487,0,7.5,8.5,8.5,12.379999999999999,0.0,0.0,0.12,33.3,237.0,0.541,19,14,0.0,11.0
UEI-IMD-FL-2019-0119,bathinda,Punjab,2019-01-08,1,30.20747,74.93893,0,3.6,4.1,4.1,13.569999999999999,0.0,0.0,0.16,166.7,223.0,1.532,37,23,0.0,11.0
UEI-IMD-FL-2019-0112,bhandara,Maharashtra,2019-01-09,1,21.16817,79.64885,0,0.0,0.0,0.0,24.849999999999998,0.0,0.0,0.06,-95.7,257.0,0.27,51,29,0.0,142.0
UEI-IMD-FL-2019-0014,buxar,Bihar,2019-01-09,1,25.57548,83.98043,1,1.1,1.1,1.1,18.36,0.0,0.0,0.0,,68.0,1.441,33,21,0.0,869.0
UEI-IMD-FL-2019-0014,bhojpur,Bihar,2019-01-09,1,21.65118,84.40641,0,0.0,0.0,0.0,22.35,0.0,0.0,1.38,-1.4,279.0,2.703,44,29,0.0,860.0
UEI-IMD-FL-2019-0014,bhagalpur,Bihar,2019-01-09,1,25.24446,86.97183,0,0.0,0.0,0.0,17.43,0.0,0.0,3.03,-10.4,51.0,1.532,51,32,0.0,864.0
UEI-IMD-FL-2019-0014,begusarai,Bihar,2019-01-09,1,25.41853,86.13389,0,0.0,0.0,0.0,17.93,0.0,0.0,0.06,0.0,45.0,0.18,46,29,0.0,491.0
UEI-IMD-FL-2019-0112,akola,Maharashtra,2019-01-09,1,20.70957,76.9981,0,0.0,0.0,0.0,25.599999999999998,0.0,0.0,0.25,0.0,285.0,0.36,48,31,0.0,142.0
UEI-IMD-FL-2019-0014,arwal,Bihar,2019-01-09,1,25.24281,84.66571,0,0.2,0.2,0.2,19.01,0.0,0.0,0.09,0.0,78.0,0.18,31,20,0.0,869.0
UEI-IMD-FL-2019-0112,chandrapur,Maharashtra,2019-01-09,1,19.95076,79.29523,0,0.0,0.0,0.0,26.85,0.0,0.0,0.06,0.0,184.0,1.261,51,30,0.0,142.0
UEI-IMD-FL-2019-0112,gondia,Maharashtra,2019-01-09,1,21.46026,80.19205,0,0.0,0.0,0.0,24.909999999999997,0.0,0.0,0.06,-50.0,319.0,1.441,29,22,0.0,142.0
UEI-IMD-FL-2019-0112,amravati,Maharashtra,2019-01-09,1,20.93333,77.75,0,0.0,0.0,0.0,26.92,0.0,0.0,0.03,0.0,342.0,0.721,64,34,0.0,94.0
UEI-IMD-FL-2019-0014,darbhanga,Bihar,2019-01-09,1,26.15216,85.89707,0,0.0,0.0,0.0,17.31,0.0,0.0,0.19,0.0,51.0,0.18,59,36,0.0,428.0
UEI-IMD-FL-2019-0077,alappuzha,Kerala,2019-01-10,1,9.49004,76.3264,0,0.0,0.0,10.2,34.13,0.0,0.0,0.09,-25.0,7.0,0.631,92,36,0.0,54.0
UEI-IMD-FL-2019-0142,balrampur,Uttar Pradesh,2019-01-21,1,19.93878,83.204,0,0.0,0.0,0.0,26.090000000000003,0.0,0.0,0.41,-6.8,263.0,0.811,31,19,0.0,177.0
UEI-IMD-FL-2019-0142,bahraich,Uttar Pradesh,2019-01-21,1,27.57429,81.59474,0,0.0,0.0,1.1,17.939999999999998,1.7,3.8,0.31,0.0,128.0,0.27,68,36,0.0,147.0
UEI-IMD-FL-2019-0147,chamoli,Uttarakhand,2019-02-05,1,30.40271,79.33303,0,0.0,7.6,61.7,15.120000000000001,0.4,13.2,34.97,0.5,1102.0,40.18,23,16,0.0,947.0
UEI-IMD-FL-2019-0147,almora,Uttarakhand,2019-02-05,1,29.59713,79.65911,0,0.2,9.5,75.7,15.13,1.0,12.4,2.66,-14.7,1604.0,20.901,17,14,0.0,2756.0
UEI-IMD-FL-2019-0155,almora,Uttarakhand,2019-02-08,1,29.59713,79.65911,0,13.4,21.6,36.0,14.639999999999999,0.1,0.0,4.19,47.0,1604.0,20.901,18,15,0.0,11.0
UEI-IMD-FL-2019-0015,begusarai,Bihar,2019-02-09,1,25.41853,86.13389,0,5.7,5.7,10.4,23.15,0.0,0.0,0.19,111.1,45.0,0.18,47,30,0.0,30.0
UEI-IMD-FL-2019-0015,bhojpur,Bihar,2019-02-09,1,21.65118,84.40641,0,3.3,3.3,11.7,30.17,0.0,0.0,1.19,-2.5,279.0,2.703,45,30,0.0,30.0
UEI-IMD-FL-2019-0015,buxar,Bihar,2019-02-09,1,25.57548,83.98043,0,9.7,9.7,12.5,22.909999999999997,0.0,0.0,0.06,100.0,68.0,1.441,34,22,0.0,30.0
UEI-IMD-FL-2019-0137,cuddalore,Tamil Nadu,2019-02-11,1,11.75617,79.76693,2,2.2,2.4,4.8999999999999995,29.56,0.1,0.1,,,7.0,0.36,29,18,0.0,730.0
UEI-IMD-FL-2019-0137,chennai,Tamil Nadu,2019-02-11,1,13.08784,80.27847,2,1.4000000000000001,3.1,4.8,30.11,0.0,0.0,,,15.0,0.901,53,32,0.0,334.0
UEI-IMD-FL-2019-0137,coimbatore,Tamil Nadu,2019-02-11,1,11.00555,76.96612,0,2.6,2.7,21.5,36.129999999999995,0.0,0.0,0.31,0.0,422.0,0.811,32,23,0.0,37.0
UEI-IMD-FL-2019-0144,gonda,Uttar Pradesh,2019-02-21,1,21.64469,84.54816,0,0.0,5.7,7.7,30.61,0.0,0.0,0.75,0.0,321.0,6.937,63,34,0.0,186.0
UEI-IMD-FL-2019-0144,ayodhya,Uttar Pradesh,2019-02-21,1,21.63333,86.6,0,0.0,10.0,11.3,28.68,0.0,0.0,3.62,21.9,53.0,1.712,51,31,0.0,178.0
UEI-IMD-FL-2019-0144,amethi,Uttar Pradesh,2019-02-21,1,26.15696,81.80519,0,0.0,5.8999999999999995,12.600000000000001,19.990000000000002,0.0,0.0,0.16,33.3,104.0,0.27,28,15,0.0,178.0
UEI-IMD-FL-2019-0144,basti,Uttar Pradesh,2019-02-21,1,20.25185,84.38419,0,0.0,2.6,2.8000000000000003,33.150000000000006,0.0,0.0,0.16,0.0,636.0,5.045,51,28,0.0,192.0
UEI-IMD-FL-2019-0144,bara banki,Uttar Pradesh,2019-02-21,1,26.92384,81.17927,0,0.0,19.700000000000003,46.2,19.139999999999997,0.0,0.0,0.25,0.0,122.0,0.631,59,31,0.0,178.0
UEI-IMD-FL-2019-0144,balrampur,Uttar Pradesh,2019-02-21,1,19.93878,83.204,0,0.0,0.8999999999999999,1.6,32.82,0.0,0.2,0.28,-9.7,263.0,0.811,32,20,0.0,30.0
UEI-IMD-FL-2019-0144,bahraich,Uttar Pradesh,2019-02-21,1,27.57429,81.59474,0,0.1,23.800000000000004,53.0,19.860000000000003,0.0,0.0,0.41,10.8,128.0,0.27,69,37,0.0,30.0
UEI-IMD-FL-2019-0144,ayodhya,Uttar Pradesh,2019-02-21,1,21.63333,86.6,0,0.0,10.0,11.3,28.68,0.0,0.0,3.62,21.9,53.0,1.712,51,31,0.0,178.0
UEI-IMD-FL-2019-0103,chandrapur,Maharashtra,2019-04-08,1,19.95076,79.29523,0,0.0,0.2,0.2,48.379999999999995,0.0,0.0,0.09,0.0,184.0,1.261,52,31,0.0,88.0
UEI-IMD-FL-2019-0117,amritsar,Punjab,2019-04-16,1,31.62234,74.87534,0,0.2,0.2,0.6000000000000001,36.6,23.9,3.8,1.09,73.0,246.0,1.171,45,29,0.0,97.0
UEI-IMD-FL-2019-0117,bathinda,Punjab,2019-04-16,1,30.20747,74.93893,0,0.1,0.1,0.7999999999999999,46.43,5.4,0.0,0.63,950.0,223.0,1.532,38,23,0.0,97.0
UEI-IMD-FL-2019-0117,barnala,Punjab,2019-04-16,1,30.37451,75.5487,0,0.0,0.0,0.9,42.790000000000006,14.8,0.0,0.34,466.7,237.0,0.541,20,14,0.0,97.0
UEI-IMD-FL-2019-0041,dharwad,Karnataka,2019-05-07,1,15.46005,75.00778,0,0.0,0.6,5.8,42.18,2.5,0.0,0.22,0.0,728.0,1.712,41,26,0.0,214.0
UEI-IMD-FL-2019-0041,belagavi,Karnataka,2019-05-07,1,15.85212,74.50447,0,0.0,0.6,4.8,41.54,0.5,0.0,0.31,-29.5,762.0,1.441,46,27,0.0,119.0
UEI-IMD-FL-2019-0166,anantnag,Jammu & Kashmir,2019-05-12,1,33.73068,75.15418,0,10.0,11.899999999999999,68.5,30.67,1.7,12.0,4.9,-10.4,1602.0,8.108,30,19,0.0,690.0
UEI-IMD-FL-2019-0034,ballari,Karnataka,2019-05-20,1,15.14205,76.92398,0,0.1,0.1,0.1,53.31,0.9,0.9,0.31,0.0,454.0,0.721,46,27,0.0,440.0
UEI-IMD-FL-2019-0140,dhalai,Tripura,2019-05-23,1,24.60117,92.84785,0,4.7,19.3,39.4,26.23,26.2,39.5,18.45,5.2,32.0,0.631,21,14,0.0,139.0
UEI-IMD-FL-2019-0151,chamoli,Uttarakhand,2019-06-07,1,30.40271,79.33303,0,0.2,2.9,3.1,38.92,0.0,0.0,35.31,1.0,1102.0,40.18,24,17,0.0,121.0
UEI-IMD-FL-2019-0156,chamoli,Uttarakhand,2019-06-08,1,30.40271,79.33303,0,0.0,2.9,3.1,38.19,0.0,0.0,34.73,-0.2,1102.0,40.18,25,17,0.0,11.0
UEI-IMD-FL-2019-0124,bundi,Rajasthan,2019-07-07,1,21.78062,83.91393,0,107.3,220.6,245.29999999999998,18.81,15.3,8.3,11.88,31.0,205.0,1.351,21,17,0.0,319.0
UEI-IMD-FL-2019-0019,amreli,Gujarat,2019-07-07,1,21.59983,71.21169,1,3.9,5.699999999999999,30.500000000000004,30.089999999999996,0.1,0.0,0.02,,123.0,0.721,34,24,0.0,180.0
UEI-IMD-FL-2019-0019,bhavnagar,Gujarat,2019-07-07,1,21.76287,72.15331,0,14.1,21.0,122.6,25.029999999999998,0.6,0.0,3.53,-9.0,23.0,1.171,34,24,0.0,179.0
UEI-IMD-FL-2019-0016,bastar,Chhattisgarh,2019-07-08,1,23.23142,80.60603,0,134.0,230.29999999999998,252.49999999999997,16.37,106.4,3.4,7.3,3742.1,583.0,4.234,9,9,0.0,1131.0
UEI-IMD-FL-2019-0043,belagavi,Karnataka,2019-07-08,1,15.85212,74.50447,0,53.2,79.9,163.5,17.080000000000002,24.7,19.3,3.07,22.8,762.0,1.441,47,27,0.0,61.0
UEI-IMD-FL-2019-0159,cooch behar,West Bengal,2019-07-13,1,26.32539,89.44508,0,234.5,436.1,519.0,12.479999999999999,58.6,83.5,2279.34,316.5,49.0,0.541,30,23,0.0,383.0
UEI-IMD-FL-2019-0141,dhalai,Tripura,2019-07-14,1,24.60117,92.84785,0,52.3,237.8,365.00000000000006,13.71,13.8,3.0,47.53,14.1,32.0,0.631,22,14,0.0,51.0
UEI-IMD-FL-2019-0006,darbhanga,Bihar,2019-07-14,1,26.15216,85.89707,0,118.10000000000001,229.10000000000002,244.8,13.98,4.8,3.9,1.31,167.3,51.0,0.18,60,37,0.0,185.0
UEI-IMD-FL-2019-0060,alappuzha,Kerala,2019-07-17,1,9.49004,76.3264,0,35.400000000000006,59.2,95.3,21.950000000000003,18.6,71.9,1.94,44.8,7.0,0.631,93,37,0.0,187.0
UEI-IMD-FL-2019-0007,darbhanga,Bihar,2019-07-21,1,26.15216,85.89707,0,18.0,55.599999999999994,284.7,30.939999999999998,8.9,14.5,0.7,-46.6,51.0,0.18,61,37,0.0,11.0
UEI-IMD-FL-2019-0120,bundi,Rajasthan,2019-07-24,1,21.78062,83.91393,0,9.3,52.199999999999996,76.8,32.699999999999996,19.2,15.6,11.16,-8.6,205.0,1.351,22,18,0.0,16.0
UEI-IMD-FL-2019-0120,dholpur,Rajasthan,2019-07-24,1,20.70376,84.48351,0,3.3,36.6,60.00000000000001,32.02,38.6,6.6,465.66,1.6,84.0,0.991,18,14,0.0,1463.0
UEI-IMD-FL-2019-0120,baran,Rajasthan,2019-07-24,1,20.40714,85.83496,0,1.7000000000000002,40.49999999999999,76.4,32.75,16.6,17.8,5.43,-32.8,27.0,0.541,22,15,0.0,318.0
UEI-IMD-FL-2019-0121,bundi,Rajasthan,2019-07-30,1,21.78062,83.91393,0,41.0,86.30000000000001,134.7,20.630000000000003,11.8,6.4,39.93,288.8,205.0,1.351,23,18,0.0,11.0
UEI-IMD-FL-2019-0152,chamoli,Uttarakhand,2019-08-07,1,30.40271,79.33303,0,87.19999999999999,115.19999999999999,237.0,19.14,5.4,36.4,266.92,-0.5,1102.0,40.18,26,17,0.0,59.0
UEI-IMD-FL-2019-0086,bhopal,Madhya Pradesh,2019-08-08,1,23.25469,77.40289,0,89.2,163.7,459.1000000000001,16.46,7.8,2.1,2.58,-33.7,525.0,1.982,39,21,0.0,387.0
UEI-IMD-FL-2019-0083,alirajpur,Madhya Pradesh,2019-08-12,1,22.30393,74.35568,0,217.4,557.7,662.6,16.040000000000003,0.4,12.7,34.24,41.3,292.0,1.802,10,9,0.0,4760.0
UEI-IMD-FL-2019-0083,burhanpur,Madhya Pradesh,2019-08-12,1,21.30868,76.23026,0,66.3,170.9,268.90000000000003,19.200000000000003,2.3,17.0,861.98,105.4,249.0,1.892,15,14,0.0,248.0
UEI-IMD-FL-2019-0125,bundi,Rajasthan,2019-08-13,1,21.78062,83.91393,0,59.5,212.2,278.09999999999997,22.189999999999998,39.6,1.3,157.12,202.3,205.0,1.351,24,18,0.0,13.0
UEI-IMD-FL-2019-0126,bundi,Rajasthan,2019-08-15,1,21.78062,83.91393,0,125.69999999999999,239.70000000000002,328.70000000000005,19.82,2.8,5.1,180.13,68.5,205.0,1.351,25,18,0.0,11.0
UEI-IMD-FL-2019-0126,ajmer,Rajasthan,2019-08-15,1,26.4521,74.63867,0,4.9,29.799999999999997,116.10000000000001,24.330000000000002,63.2,182.1,2.24,151.7,482.0,10.27,38,28,0.0,219.0
UEI-IMD-FL-2019-0126,alwar,Rajasthan,2019-08-15,1,27.56246,76.625,0,20.4,33.8,100.2,27.950000000000003,12.5,15.5,5.05,104.5,272.0,0.631,34,24,0.0,413.0
UEI-IMD-FL-2019-0126,baran,Rajasthan,2019-08-15,1,20.40714,85.83496,0,82.19999999999999,98.19999999999999,183.5,24.269999999999996,5.6,12.3,22.44,18.1,27.0,0.541,23,16,0.0,21.0
UEI-IMD-FL-2019-0126,bhilwara,Rajasthan,2019-08-15,1,25.34707,74.64081,0,19.8,74.89999999999999,190.4,20.65,91.4,7.5,2.67,30.2,419.0,0.901,22,18,0.0,1485.0
UEI-IMD-FL-2019-0029,bilaspur,Himachal Pradesh,2019-08-16,1,31.33027,76.75663,0,22.4,72.1,150.99999999999997,21.59,64.5,178.7,5.24,34.0,506.0,14.054,56,28,0.0,728.0
UEI-IMD-FL-2019-0029,chamba,Himachal Pradesh,2019-08-16,1,32.55531,76.12647,0,77.6,140.3,201.10000000000002,18.77,89.5,29.8,10.61,16.7,946.0,24.685,62,28,0.0,434.0
UEI-IMD-FL-2019-0084,bhopal,Madhya Pradesh,2019-08-17,1,23.25469,77.40289,0,113.0,142.89999999999998,327.7,19.83,13.4,7.5,3.05,56.4,525.0,1.982,40,22,0.0,11.0
UEI-IMD-FL-2019-0154,dehradun,Uttarakhand,2019-08-17,1,30.32443,78.03392,0,21.700000000000003,55.099999999999994,159.1,22.07,58.4,6.6,11.82,166.8,660.0,2.072,21,13,0.0,283.0
UEI-IMD-FL-2019-0068,alappuzha,Kerala,2019-08-18,1,9.49004,76.3264,0,23.599999999999998,179.9,340.20000000000005,15.16,9.0,9.2,4.7,-1.9,7.0,0.631,94,37,0.0,31.0
UEI-IMD-FL-2019-0101,akola,Maharashtra,2019-09-07,1,20.70957,76.9981,0,23.3,78.69999999999999,197.99999999999997,21.52,10.1,15.5,1.67,-13.9,285.0,0.36,49,32,0.0,240.0
UEI-IMD-FL-2019-0128,bhilwara,Rajasthan,2019-09-12,1,25.34707,74.64081,0,10.5,51.1,97.49999999999999,23.669999999999998,2.3,4.5,0.73,-38.7,419.0,0.901,23,19,0.0,27.0
UEI-IMD-FL-2019-0129,dholpur,Rajasthan,2019-09-15,1,20.70376,84.48351,0,33.699999999999996,82.0,275.3,19.41,1.6,0.5,13613.44,-32.5,84.0,0.991,19,15,0.0,52.0
UEI-IMD-FL-2019-0129,bundi,Rajasthan,2019-09-15,1,21.78062,83.91393,0,30.6,107.4,277.70000000000005,19.76,4.5,7.0,292.76,30.7,205.0,1.351,26,18,0.0,30.0
UEI-IMD-FL-2019-0129,baran,Rajasthan,2019-09-15,1,20.40714,85.83496,0,8.5,37.3,139.70000000000002,21.64,4.1,2.6,23.38,-13.4,27.0,0.541,24,16,0.0,30.0
UEI-IMD-FL-2019-0010,arwal,Bihar,2019-09-16,1,25.24281,84.66571,0,34.3,98.0,122.9,23.61,15.1,0.9,3.24,12.5,78.0,0.18,32,21,0.0,249.0
UEI-IMD-FL-2019-0010,bhojpur,Bihar,2019-09-16,1,21.65118,84.40641,0,13.2,47.8,225.40000000000003,20.83,1.3,3.9,26.1,15.7,279.0,2.703,46,30,0.0,218.0
UEI-IMD-FL-2019-0011,bhojpur,Bihar,2019-09-17,1,21.65118,84.40641,0,18.0,52.5,221.40000000000003,20.17,3.9,0.9,25.85,17.4,279.0,2.703,47,30,0.0,11.0
UEI-IMD-FL-2019-0044,ballari,Karnataka,2019-09-22,1,15.14205,76.92398,0,11.1,38.4,46.1,29.48,9.4,23.5,0.58,61.1,454.0,0.721,47,28,0.0,124.0
UEI-IMD-FL-2019-0107,akola,Maharashtra,2019-09-22,1,20.70957,76.9981,0,46.8,87.8,144.4,21.14,9.0,2.9,1.38,-18.8,285.0,0.36,50,32,0.0,14.0
UEI-IMD-FL-2019-0044,dharwad,Karnataka,2019-09-22,1,15.46005,75.00778,0,20.3,49.099999999999994,74.1,20.159999999999997,0.4,12.1,0.4,21.2,728.0,1.712,42,27,0.0,137.0
UEI-IMD-FL-2019-0116,baleshwar,Odisha,2019-09-22,1,21.49266,86.93348,0,6.299999999999999,16.3,87.39999999999998,29.86,14.6,25.0,199.91,-33.1,20.0,1.171,48,29,0.0,404.0
UEI-IMD-FL-2019-0116,bhadrak,Odisha,2019-09-22,1,21.05447,86.5156,0,16.9,29.799999999999997,107.60000000000002,25.46,16.9,20.5,4.6,-37.2,17.0,0.36,29,18,0.0,404.0
UEI-IMD-FL-2019-0145,bara banki,Uttar Pradesh,2019-09-25,1,26.92384,81.17927,0,26.900000000000002,98.5,213.8,16.249999999999996,16.5,100.8,1.96,11.4,122.0,0.631,60,32,0.0,215.0
UEI-IMD-FL-2019-0145,ballia,Uttar Pradesh,2019-09-25,1,25.42139,86.31445,0,41.7,62.99999999999999,157.20000000000002,23.65,22.6,47.6,1.13,3.7,43.0,0.45,58,34,0.0,381.0
UEI-IMD-FL-2019-0145,deoria,Uttar Pradesh,2019-09-25,1,26.50167,83.77936,0,29.8,79.10000000000001,222.39999999999998,16.95,41.2,73.3,1.84,-19.3,77.0,0.09,48,29,0.0,899.0
UEI-IMD-FL-2019-0157,dehradun,Uttarakhand,2019-09-26,1,30.32443,78.03392,0,4.199999999999999,17.3,80.8,23.819999999999997,8.1,18.3,2.34,24.5,660.0,2.072,22,14,0.0,39.0
UEI-IMD-FL-2019-0012,gopalganj,Bihar,2019-09-27,1,26.46734,84.44041,0,86.69999999999999,122.39999999999999,236.89999999999998,17.62,256.7,71.6,1.56,2.0,73.0,0.45,45,31,0.0,689.0
UEI-IMD-FL-2019-0012,bhojpur,Bihar,2019-09-27,1,21.65118,84.40641,0,30.599999999999998,50.2,77.10000000000001,21.950000000000003,37.7,26.6,21.49,-9.6,279.0,2.703,48,30,0.0,11.0
UEI-IMD-FL-2019-0012,begusarai,Bihar,2019-09-27,1,25.41853,86.13389,0,52.5,87.3,159.6,19.860000000000003,153.3,132.3,3.09,317.6,45.0,0.18,48,30,0.0,229.0
UEI-IMD-FL-2019-0013,bhagalpur,Bihar,2019-09-29,1,25.24446,86.97183,0,207.7,266.0,316.7,13.280000000000001,36.2,3.8,127.53,433.8,51.0,1.532,52,33,0.0,262.0
UEI-IMD-FL-2019-0002,baksa,Assam,2019-10-06,1,28.7643,78.00321,0,1.2,7.6,39.49999999999999,23.82,0.0,0.0,0.15,-21.1,217.0,0.541,29,18,0.0,1204.0
UEI-IMD-FL-2019-0002,barpeta,Assam,2019-10-06,1,26.32293,91.00632,0,10.8,130.5,238.79999999999998,17.41,11.4,17.4,22.5,-20.3,46.0,0.36,93,38,0.0,271.0
UEI-IMD-FL-2019-0002,biswanath,Assam,2019-10-06,1,26.72577,93.14659,0,17.2,45.00000000000001,107.8,17.17,13.2,5.0,1.88,-27.7,81.0,0.541,30,20,0.0,271.0
UEI-IMD-FL-2019-0002,bongaigaon,Assam,2019-10-06,1,26.47703,90.55815,0,11.5,117.5,231.1,16.82,12.5,17.6,2.53,-3.8,59.0,0.36,54,30,0.0,728.0
UEI-IMD-FL-2019-0002,chirang,Assam,2019-10-06,1,29.87368,79.81931,0,2.1,24.900000000000002,51.7,22.05,0.0,1.9,6.52,-24.5,1202.0,33.243,34,20,0.0,271.0
UEI-IMD-FL-2019-0002,darrang,Assam,2019-10-06,1,26.63333,92.8,0,14.3,46.39999999999999,130.5,17.9,8.4,13.2,12940.96,-22.0,70.0,0.36,83,42,0.0,271.0
UEI-IMD-FL-2019-0002,dhemaji,Assam,2019-10-06,1,27.48333,94.58333,0,7.1000000000000005,26.4,113.0,19.189999999999998,13.0,9.1,8.18,-31.5,109.0,1.081,134,36,0.0,271.0
UEI-IMD-FL-2019-0002,dhubri,Assam,2019-10-06,1,26.01856,89.98564,0,14.0,74.8,174.9,17.450000000000003,7.6,16.4,19097.54,-21.7,34.0,0.901,78,38,0.0,728.0
UEI-IMD-FL-2019-0066,alappuzha,Kerala,2019-10-07,1,9.49004,76.3264,0,13.1,46.300000000000004,154.39999999999998,25.42,2.4,5.5,1.82,-19.5,7.0,0.631,95,37,0.0,49.0
UEI-IMD-FL-2019-0042,ballari,Karnataka,2019-10-07,1,15.14205,76.92398,0,35.1,50.3,144.3,28.999999999999993,6.4,6.5,1.4,86.7,454.0,0.721,48,28,0.0,14.0
UEI-IMD-FL-2019-0021,ahmedabad,Gujarat,2019-10-07,1,23.02579,72.58727,0,6.0,79.5,215.30000000000004,23.78,0.2,0.4,1.52,-85.7,53.0,0.631,46,29,0.0,451.0
UEI-IMD-FL-2019-0047,ballari,Karnataka,2019-10-18,1,15.14205,76.92398,0,24.9,39.9,98.69999999999999,24.740000000000002,10.1,11.4,2.0,-28.6,454.0,0.721,49,28,0.0,11.0
UEI-IMD-FL-2019-0047,dharwad,Karnataka,2019-10-18,1,15.46005,75.00778,0,7.1,24.4,73.39999999999999,23.740000000000002,12.7,14.2,1.38,84.0,728.0,1.712,43,27,0.0,25.0
UEI-IMD-FL-2019-0047,davangere,Karnataka,2019-10-18,1,14.46693,75.92694,0,15.7,38.2,122.49999999999999,26.310000000000002,5.0,20.8,0.24,-47.8,588.0,0.901,21,15,0.0,1478.0
UEI-IMD-FL-2019-0047,belagavi,Karnataka,2019-10-18,1,15.85212,74.50447,0,16.3,51.3,122.00000000000001,23.529999999999998,19.6,20.2,4.04,-26.0,762.0,1.441,48,27,0.0,101.0
UEI-IMD-FL-2019-0074,alappuzha,Kerala,2019-10-20,1,9.49004,76.3264,0,36.9,90.7,132.1,22.84,47.4,14.2,3.51,147.2,7.0,0.631,96,37,0.0,12.0
UEI-IMD-FL-2019-0004,buxar,Bihar,2019-11-06,1,25.57548,83.98043,0,0.0,0.1,0.1,23.69,0.0,0.0,0.08,-69.2,68.0,1.441,35,22,0.0,269.0
UEI-IMD-FL-2019-0067,alappuzha,Kerala,2019-11-07,1,9.49004,76.3264,0,13.1,60.6,283.19999999999993,24.32,2.2,5.4,2.83,-33.9,7.0,0.631,97,37,0.0,17.0
UEI-IMD-FL-2019-0115,balangir,Odisha,2019-11-07,1,20.70419,83.49029,0,0.1,5.1,60.9,25.880000000000003,0.0,0.3,0.75,-23.5,188.0,0.721,19,13,0.0,450.0
UEI-IMD-FL-2019-0115,baleshwar,Odisha,2019-11-07,1,21.49266,86.93348,0,0.0,1.6,78.5,24.98,42.9,119.5,115.41,-39.8,20.0,1.171,49,30,0.0,45.0
UEI-IMD-FL-2019-0115,bargarh,Odisha,2019-11-07,1,21.33348,83.61905,0,0.2,0.2,69.30000000000001,26.230000000000004,0.0,0.2,0.87,-23.7,178.0,1.171,28,19,0.0,450.0
UEI-IMD-FL-2019-0115,deogarh,Odisha,2019-11-07,1,21.53827,84.73337,0,0.0,0.2,165.2,25.58,0.0,0.0,3.4,-38.4,215.0,6.577,17,12,0.0,450.0
UEI-IMD-FL-2019-0115,dhenkanal,Odisha,2019-11-07,1,20.65744,85.59693,0,0.0,3.0,120.1,24.79,1.3,0.8,0.6,-40.6,73.0,3.333,24,17,0.0,450.0
UEI-IMD-FL-2019-0115,bhadrak,Odisha,2019-11-07,1,21.05447,86.5156,0,0.0,1.2000000000000002,89.8,24.37,37.6,80.3,1.97,-43.1,17.0,0.36,30,19,0.0,45.0
UEI-IMD-FL-2019-0115,cuttack,Odisha,2019-11-07,1,20.46497,85.87927,0,0.0,3.3,94.89999999999999,24.58,6.8,4.8,2097.94,-45.3,27.0,0.18,54,30,0.0,450.0
UEI-IMD-FL-2019-0005,araria,Bihar,2019-12-06,1,26.14934,87.51323,0,0.0,0.0,0.0,20.23,0.0,0.0,11.91,-11.4,53.0,0.36,42,24,0.0,759.0
UEI-IMD-FL-2019-0005,darbhanga,Bihar,2019-12-06,1,26.15216,85.89707,0,0.0,0.0,0.0,20.33,0.0,0.0,0.2,-13.0,51.0,0.18,62,37,0.0,137.0
UEI-IMD-FL-2019-0153,bageshwar,Uttarakhand,2019-12-07,1,29.83738,79.77161,0,0.0,0.0,2.1,16.349999999999998,0.0,0.0,0.25,0.0,885.0,14.865,9,6,0.0,3398.0
UEI-IMD-FL-2019-0153,chamoli,Uttarakhand,2019-12-07,1,30.40271,79.33303,0,0.0,0.0,3.0000000000000004,16.740000000000002,0.0,0.0,41.17,-9.0,1102.0,40.18,27,17,0.0,121.0
UEI-IMD-FL-2020-0075,ahmednagar,Maharashtra,2020-01-02,1,23.59893,72.96602,0,0.0,0.0,0.0,25.810000000000002,0.0,0.0,0.03,-50.0,145.0,2.432,29,20,0.0,1280.0
UEI-IMD-FL-2020-0075,dharashiv,Maharashtra,2020-01-02,1,18.18158,76.03889,0,3.5,9.2,9.3,21.919999999999998,0.1,0.0,0.08,0.0,665.0,2.072,29,23,0.0,500.0
UEI-IMD-FL-2020-0075,aurangabad,Maharashtra,2020-01-02,1,19.87757,75.34226,0,0.7,2.1,6.1,22.48,0.0,0.0,0.75,-3.8,587.0,0.631,74,41,0.0,500.0
UEI-IMD-FL-2020-0037,belagavi,Karnataka,2020-01-03,1,15.85212,74.50447,0,0.1,0.4,2.7000000000000006,24.75,0.0,0.0,0.49,-22.2,762.0,1.441,49,27,0.0,76.0
UEI-IMD-FL-2020-0037,ballari,Karnataka,2020-01-03,1,15.14205,76.92398,0,1.0,1.0,1.2000000000000002,25.610000000000003,0.1,2.4,0.25,-3.8,454.0,0.721,50,28,0.0,76.0
UEI-IMD-FL-2020-0037,bijapur,Karnataka,2020-01-03,1,16.82442,75.71537,0,0.8999999999999999,2.5,4.9,24.89,0.0,0.1,0.02,0.0,599.0,0.991,25,17,0.0,838.0
UEI-IMD-FL-2020-0037,dharwad,Karnataka,2020-01-03,1,15.46005,75.00778,0,0.8999999999999999,1.5,1.6,26.57,0.0,0.0,0.23,-8.0,728.0,1.712,44,27,0.0,76.0
UEI-IMD-FL-2020-0037,davangere,Karnataka,2020-01-03,1,14.46693,75.92694,1,1.3,1.5,1.5,27.82,0.0,0.0,0.0,,588.0,0.901,22,16,0.0,76.0
UEI-IMD-FL-2020-0037,chitradurga,Karnataka,2020-01-03,1,14.22262,76.40038,1,1.7000000000000002,1.7000000000000002,1.7000000000000002,24.82,0.0,0.0,0.0,,738.0,1.892,27,18,0.0,455.0
UEI-IMD-FL-2020-0038,davangere,Karnataka,2020-01-04,1,14.46693,75.92694,1,0.8,1.3,1.5,27.97,0.0,1.6,0.0,,588.0,0.901,23,17,0.0,11.0
UEI-IMD-FL-2020-0038,dharwad,Karnataka,2020-01-04,1,15.46005,75.00778,0,0.8999999999999999,1.2,1.6,26.67,0.0,0.8,0.23,-8.0,728.0,1.712,45,28,0.0,11.0
UEI-IMD-FL-2020-0038,bijapur,Karnataka,2020-01-04,1,16.82442,75.71537,0,0.8999999999999999,1.7,4.9,26.34,0.1,0.0,0.02,0.0,599.0,0.991,26,18,0.0,11.0
UEI-IMD-FL-2020-0038,ballari,Karnataka,2020-01-04,1,15.14205,76.92398,0,1.4,1.5,1.7000000000000002,25.65,2.4,2.4,0.23,-11.5,454.0,0.721,51,29,0.0,11.0
UEI-IMD-FL-2020-0038,belagavi,Karnataka,2020-01-04,1,15.85212,74.50447,0,0.1,0.30000000000000004,2.7,25.580000000000002,0.0,0.0,0.49,-19.7,762.0,1.441,50,28,0.0,11.0
UEI-IMD-FL-2020-0038,chitradurga,Karnataka,2020-01-04,1,14.22262,76.40038,1,1.6,1.8000000000000003,1.8000000000000003,25.15,0.0,2.3,0.0,,738.0,1.892,28,19,0.0,11.0
UEI-IMD-FL-2020-0039,belagavi,Karnataka,2020-01-05,1,15.85212,74.50447,0,0.1,0.30000000000000004,2.7,26.060000000000002,0.0,3.1,0.47,-19.0,762.0,1.441,51,28,0.0,11.0
UEI-IMD-FL-2020-0039,ballari,Karnataka,2020-01-05,1,15.14205,76.92398,0,1.4000000000000001,1.6,1.6,26.37,2.4,0.0,0.25,-3.8,454.0,0.721,52,29,0.0,11.0
UEI-IMD-FL-2020-0039,bijapur,Karnataka,2020-01-05,1,16.82442,75.71537,0,0.7,1.5,4.9,28.24,0.0,0.5,0.03,50.0,599.0,0.991,27,18,0.0,11.0
UEI-IMD-FL-2020-0039,davangere,Karnataka,2020-01-05,1,14.46693,75.92694,1,0.3,1.3,1.5,28.12,1.6,2.6,0.0,,588.0,0.901,24,17,0.0,11.0
UEI-IMD-FL-2020-0039,dharwad,Karnataka,2020-01-05,1,15.46005,75.00778,0,0.6,1.2,1.6,27.66,0.8,0.5,0.25,0.0,728.0,1.712,46,28,0.0,11.0
UEI-IMD-FL-2020-0013,biswanath,Assam,2020-01-05,1,26.72577,93.14659,0,7.6,7.6,12.400000000000002,13.87,1.7,0.0,0.41,105.0,81.0,0.541,31,20,0.0,90.0
UEI-IMD-FL-2020-0013,barpeta,Assam,2020-01-05,1,26.32293,91.00632,0,6.3999999999999995,6.3999999999999995,12.1,18.34,0.8,0.0,1.12,0.0,46.0,0.36,94,38,0.0,90.0
UEI-IMD-FL-2020-0013,dhemaji,Assam,2020-01-05,1,27.48333,94.58333,0,13.1,13.1,18.4,12.75,0.7,0.0,1.84,26.9,109.0,1.081,135,36,0.0,90.0
UEI-IMD-FL-2020-0013,darrang,Assam,2020-01-05,1,26.63333,92.8,0,7.299999999999999,7.299999999999999,10.299999999999999,14.71,0.6,0.0,3302.7,-6.5,70.0,0.36,84,42,0.0,90.0
UEI-IMD-FL-2020-0013,chirang,Assam,2020-01-05,1,29.87368,79.81931,0,25.7,27.2,27.2,11.780000000000001,8.9,12.3,1.0,-2.9,1202.0,33.243,35,20,0.0,90.0
UEI-IMD-FL-2020-0013,dhubri,Assam,2020-01-05,1,26.01856,89.98564,0,4.9,5.000000000000001,7.4,15.560000000000002,0.1,0.0,3714.35,-11.9,34.0,0.901,79,39,0.0,90.0
UEI-IMD-FL-2020-0013,bongaigaon,Assam,2020-01-05,1,26.47703,90.55815,0,1.2999999999999998,1.2999999999999998,2.3,16.89,0.0,0.0,0.12,-14.3,59.0,0.36,55,31,0.0,90.0
UEI-IMD-FL-2020-0040,belagavi,Karnataka,2020-01-06,1,15.85212,74.50447,0,0.0,0.1,2.6999999999999997,26.77,3.1,0.2,0.47,-16.1,762.0,1.441,52,28,0.0,11.0
UEI-IMD-FL-2020-0040,ballari,Karnataka,2020-01-06,1,15.14205,76.92398,0,3.0,4.0,4.0,25.970000000000002,0.0,0.0,0.31,19.2,454.0,0.721,53,29,0.0,11.0
UEI-IMD-FL-2020-0040,davangere,Karnataka,2020-01-06,1,14.46693,75.92694,1,0.0,1.3,1.5,28.34,2.6,0.0,0.0,,588.0,0.901,25,17,0.0,11.0
UEI-IMD-FL-2020-0040,chitradurga,Karnataka,2020-01-06,1,14.22262,76.40038,1,0.1,1.8000000000000003,1.8000000000000003,26.559999999999995,2.2,0.0,0.0,,738.0,1.892,29,19,0.0,11.0
UEI-IMD-FL-2020-0014,chirang,Assam,2020-01-06,1,29.87368,79.81931,0,12.0,27.2,27.2,11.63,12.3,23.8,1.0,-1.0,1202.0,33.243,36,21,0.0,11.0
UEI-IMD-FL-2020-0014,dhemaji,Assam,2020-01-06,1,27.48333,94.58333,0,31.4,32.0,37.2,11.31,0.0,0.0,2.16,49.0,109.0,1.081,136,37,0.0,11.0
UEI-IMD-FL-2020-0014,dhubri,Assam,2020-01-06,1,26.01856,89.98564,0,2.8,6.100000000000001,8.5,15.030000000000001,0.0,0.0,3783.43,-9.0,34.0,0.901,80,40,0.0,11.0
UEI-IMD-FL-2020-0014,bongaigaon,Assam,2020-01-06,1,26.47703,90.55815,0,4.4,4.5,5.1000000000000005,15.95,0.0,0.0,0.12,0.0,59.0,0.36,56,32,0.0,11.0
UEI-IMD-FL-2020-0014,biswanath,Assam,2020-01-06,1,26.72577,93.14659,0,15.1,15.399999999999999,19.1,12.459999999999999,0.0,0.0,0.34,70.0,81.0,0.541,32,21,0.0,11.0
UEI-IMD-FL-2020-0014,darrang,Assam,2020-01-06,1,26.63333,92.8,0,16.799999999999997,16.9,19.5,13.520000000000001,0.0,0.0,3680.29,6.7,70.0,0.36,85,43,0.0,11.0
UEI-IMD-FL-2020-0014,baksa,Assam,2020-01-06,1,28.7643,78.00321,0,0.2,0.4,0.4,12.7,1.3,18.7,0.12,9.1,217.0,0.541,30,19,0.0,91.0
UEI-IMD-FL-2020-0040,bijapur,Karnataka,2020-01-06,1,16.82442,75.71537,0,0.1,1.2000000000000002,5.0,29.099999999999998,0.5,0.0,0.03,50.0,599.0,0.991,28,18,0.0,11.0
UEI-IMD-FL-2020-0119,bathinda,Punjab,2020-01-06,1,30.20747,74.93893,0,2.7,2.7,2.7,11.630000000000003,8.5,0.0,0.25,316.7,223.0,1.532,39,23,0.0,264.0
UEI-IMD-FL-2020-0014,barpeta,Assam,2020-01-06,1,26.32293,91.00632,0,5.9,9.1,14.8,17.47,0.0,0.0,1.16,4.5,46.0,0.36,95,39,0.0,11.0
UEI-IMD-FL-2020-0119,barnala,Punjab,2020-01-06,1,30.37451,75.5487,0,0.8,0.8,0.8,10.59,9.5,0.7,0.12,50.0,237.0,0.541,21,14,0.0,264.0
UEI-IMD-FL-2020-0119,amritsar,Punjab,2020-01-06,1,31.62234,74.87534,0,0.2,0.2,0.30000000000000004,9.16,9.1,0.1,0.85,73.5,246.0,1.171,46,29,0.0,264.0
UEI-IMD-FL-2020-0019,darbhanga,Bihar,2020-01-07,1,26.15216,85.89707,0,2.8000000000000003,7.2,7.2,12.469999999999999,0.5,2.6,0.22,10.0,51.0,0.18,63,37,0.0,31.0
UEI-IMD-FL-2020-0041,belagavi,Karnataka,2020-01-07,1,15.85212,74.50447,0,0.0,0.1,2.7000000000000006,25.97,0.2,0.1,0.47,-14.5,762.0,1.441,53,28,0.0,11.0
UEI-IMD-FL-2020-0041,ballari,Karnataka,2020-01-07,1,15.14205,76.92398,0,4.9,6.4,6.4,24.84,0.0,0.0,0.28,7.7,454.0,0.721,54,29,0.0,11.0
UEI-IMD-FL-2020-0015,dhemaji,Assam,2020-01-07,1,27.48333,94.58333,0,21.4,32.7,37.900000000000006,10.82,0.0,0.3,2.09,45.1,109.0,1.081,137,37,0.0,11.0
UEI-IMD-FL-2020-0015,darrang,Assam,2020-01-07,1,26.63333,92.8,0,11.299999999999999,17.5,20.1,12.58,0.0,1.6,4054.09,20.8,70.0,0.36,86,43,0.0,11.0
UEI-IMD-FL-2020-0015,chirang,Assam,2020-01-07,1,29.87368,79.81931,0,9.700000000000001,36.1,36.1,10.59,23.8,10.1,1.09,9.0,1202.0,33.243,37,21,0.0,11.0
UEI-IMD-FL-2020-0015,bongaigaon,Assam,2020-01-07,1,26.47703,90.55815,0,3.9000000000000004,4.5,5.1000000000000005,15.059999999999999,0.0,1.8,0.12,0.0,59.0,0.36,57,32,0.0,11.0
UEI-IMD-FL-2020-0015,biswanath,Assam,2020-01-07,1,26.72577,93.14659,0,10.299999999999999,17.099999999999998,19.9,11.810000000000002,0.0,1.1,0.28,40.0,81.0,0.541,33,21,0.0,11.0
UEI-IMD-FL-2020-0015,barpeta,Assam,2020-01-07,1,26.32293,91.00632,0,5.3,9.9,15.500000000000004,16.44,0.0,2.5,1.12,2.8,46.0,0.36,96,39,0.0,11.0
UEI-IMD-FL-2020-0015,baksa,Assam,2020-01-07,1,28.7643,78.00321,0,0.2,0.4,0.4,13.03,18.7,0.0,0.12,9.1,217.0,0.541,31,20,0.0,11.0
UEI-IMD-FL-2020-0041,bijapur,Karnataka,2020-01-07,1,16.82442,75.71537,0,0.1,0.9999999999999999,5.0,29.51,0.0,0.0,0.03,50.0,599.0,0.991,29,18,0.0,11.0
UEI-IMD-FL-2020-0015,dhubri,Assam,2020-01-07,1,26.01856,89.98564,0,1.4000000000000001,6.200000000000001,8.5,14.520000000000001,0.0,2.4,4007.67,-2.1,34.0,0.901,81,40,0.0,11.0
UEI-IMD-FL-2020-0041,dharwad,Karnataka,2020-01-07,1,15.46005,75.00778,0,0.8,1.7,2.4000000000000004,27.510000000000005,0.0,0.0,0.25,0.0,728.0,1.712,47,28,0.0,11.0
UEI-IMD-FL-2020-0041,davangere,Karnataka,2020-01-07,1,14.46693,75.92694,1,1.6,2.9000000000000004,3.1,27.59,0.0,0.0,0.0,,588.0,0.901,26,17,0.0,11.0
UEI-IMD-FL-2020-0019,gopalganj,Bihar,2020-01-07,1,26.46734,84.44041,0,1.9,14.1,14.1,12.0,5.2,2.2,0.09,12.5,73.0,0.45,46,32,0.0,101.0
UEI-IMD-FL-2020-0042,davangere,Karnataka,2020-01-08,1,14.46693,75.92694,1,4.2,5.0,5.7,28.459999999999997,0.0,0.0,0.0,,588.0,0.901,27,17,0.0,11.0
UEI-IMD-FL-2020-0016,dhemaji,Assam,2020-01-08,1,27.48333,94.58333,0,19.599999999999998,32.7,37.900000000000006,10.440000000000001,0.3,2.3,1.88,30.6,109.0,1.081,138,37,0.0,11.0
UEI-IMD-FL-2020-0016,chirang,Assam,2020-01-08,1,29.87368,79.81931,0,21.200000000000003,48.400000000000006,48.400000000000006,9.06,10.1,0.0,1.25,26.3,1202.0,33.243,38,21,0.0,11.0
UEI-IMD-FL-2020-0042,bijapur,Karnataka,2020-01-08,1,16.82442,75.71537,0,0.6,1.5,5.5,28.59,0.0,0.1,0.03,50.0,599.0,0.991,30,18,0.0,11.0
UEI-IMD-FL-2020-0016,biswanath,Assam,2020-01-08,1,26.72577,93.14659,0,9.5,17.099999999999998,19.9,11.35,1.1,1.3,0.25,31.6,81.0,0.541,34,21,0.0,11.0
UEI-IMD-FL-2020-0042,dharwad,Karnataka,2020-01-08,1,15.46005,75.00778,0,1.3,2.2,2.9000000000000004,27.050000000000004,0.0,0.0,0.25,0.0,728.0,1.712,48,28,0.0,11.0
UEI-IMD-FL-2020-0042,chitradurga,Karnataka,2020-01-08,1,14.22262,76.40038,1,4.5,6.1,6.3,25.810000000000002,0.0,0.0,0.0,,738.0,1.892,30,19,0.0,11.0
UEI-IMD-FL-2020-0042,ballari,Karnataka,2020-01-08,1,15.14205,76.92398,0,4.8,6.3,6.4,24.24,0.0,0.0,0.25,0.0,454.0,0.721,55,29,0.0,11.0
UEI-IMD-FL-2020-0042,belagavi,Karnataka,2020-01-08,1,15.85212,74.50447,0,3.1,3.2,5.800000000000001,25.06,0.1,0.0,0.47,-11.3,762.0,1.441,54,28,0.0,11.0
UEI-IMD-FL-2020-0043,belagavi,Karnataka,2020-01-09,1,15.85212,74.50447,0,3.3000000000000003,3.4000000000000004,4.7,24.55,0.0,0.0,0.47,-6.0,762.0,1.441,55,28,0.0,11.0
UEI-IMD-FL-2020-0043,dharwad,Karnataka,2020-01-09,1,15.46005,75.00778,0,1.3,1.9,2.8,27.120000000000005,0.0,0.0,0.25,0.0,728.0,1.712,49,28,0.0,11.0
UEI-IMD-FL-2020-0043,ballari,Karnataka,2020-01-09,1,15.14205,76.92398,0,2.4,6.199999999999999,6.4,24.94,0.0,0.0,0.25,0.0,454.0,0.721,56,29,0.0,11.0
UEI-IMD-FL-2020-0043,bijapur,Karnataka,2020-01-09,1,16.82442,75.71537,0,0.5,1.2999999999999998,5.5,28.580000000000002,0.1,0.0,0.03,50.0,599.0,0.991,31,18,0.0,11.0
UEI-IMD-FL-2020-0043,chitradurga,Karnataka,2020-01-09,1,14.22262,76.40038,1,4.5,5.5,6.3,26.490000000000002,0.0,0.0,0.0,,738.0,1.892,31,19,0.0,11.0
UEI-IMD-FL-2020-0043,davangere,Karnataka,2020-01-09,1,14.46693,75.92694,1,4.2,4.5,5.7,28.95,0.0,0.0,0.0,,588.0,0.901,28,17,0.0,11.0
UEI-IMD-FL-2020-0017,biswanath,Assam,2020-01-09,1,26.72577,93.14659,0,1.7,17.099999999999998,19.3,11.459999999999999,1.3,0.0,0.25,31.6,81.0,0.541,35,21,0.0,11.0
UEI-IMD-FL-2020-0017,dhemaji,Assam,2020-01-09,1,27.48333,94.58333,0,0.7,32.7,37.900000000000006,9.91,2.3,0.0,1.69,19.0,109.0,1.081,139,37,0.0,11.0
UEI-IMD-FL-2020-0017,barpeta,Assam,2020-01-09,1,26.32293,91.00632,0,0.8,9.9,15.500000000000004,14.23,1.0,0.0,1.16,7.4,46.0,0.36,97,39,0.0,11.0
UEI-IMD-FL-2020-0074,beed,Maharashtra,2020-03-01,1,18.98921,75.75634,1,0.0,0.0,0.0,40.65,0.0,0.0,0.0,,510.0,0.631,39,28,0.0,559.0
UEI-IMD-FL-2020-0034,chatra,Jharkhand,2020-03-13,1,24.20645,84.87085,1,4.8999999999999995,11.2,17.400000000000002,27.99,25.2,2.1,0.0,,438.0,1.622,7,3,0.0,1251.0
UEI-IMD-FL-2020-0034,bokaro,Jharkhand,2020-03-13,1,23.66934,86.15161,0,7.699999999999999,25.0,26.700000000000003,27.909999999999997,15.2,8.1,0.03,-66.7,209.0,0.901,5,3,0.0,2768.0
UEI-IMD-FL-2020-0034,dhanbad,Jharkhand,2020-03-13,1,23.79759,86.42992,0,4.7,21.099999999999998,22.5,28.349999999999998,9.0,29.6,0.06,-50.0,242.0,1.351,2,1,0.0,4920.0
UEI-IMD-FL-2020-0035,gumla,Jharkhand,2020-04-09,1,23.04268,84.54429,0,3.8,3.8,3.8,40.7,0.0,0.0,0.06,0.0,648.0,0.811,4,3,0.0,3219.0
UEI-IMD-FL-2020-0120,bharatpur,Rajasthan,2020-05-07,1,20.99348,84.44053,0,4.4,4.4,29.2,43.730000000000004,0.0,0.0,0.72,-4.0,152.0,1.171,28,18,0.0,3535.0
UEI-IMD-FL-2020-0012,dhemaji,Assam,2020-05-24,1,27.48333,94.58333,0,77.19999999999999,79.9,137.8,20.21,98.1,102.2,23.04,195.8,109.0,1.081,140,37,0.0,135.0
UEI-IMD-FL-2020-0012,darrang,Assam,2020-05-24,1,26.63333,92.8,0,86.10000000000001,113.2,236.20000000000002,20.09,33.4,60.2,16825.74,87.5,70.0,0.36,87,43,0.0,137.0
UEI-IMD-FL-2020-0012,barpeta,Assam,2020-05-24,1,26.32293,91.00632,0,149.8,196.6,283.4,18.21,44.1,55.6,49.82,902.4,46.0,0.36,98,39,0.0,135.0
UEI-IMD-FL-2020-0061,alappuzha,Kerala,2020-06-08,1,9.49004,76.3264,0,69.0,134.0,230.29999999999995,18.2,4.4,8.2,2.91,79.6,7.0,0.631,98,37,0.0,213.0
UEI-IMD-FL-2020-0029,chamba,Himachal Pradesh,2020-06-23,1,32.55531,76.12647,0,2.0,2.1,3.0,39.690000000000005,36.0,0.6,5.73,-10.2,946.0,24.685,63,29,0.0,311.0
UEI-IMD-FL-2020-0029,bilaspur,Himachal Pradesh,2020-06-23,1,31.33027,76.75663,0,1.8,2.0,2.0,38.58,2.3,0.1,0.73,1.4,506.0,14.054,57,29,0.0,311.0
UEI-IMD-FL-2020-0135,bara banki,Uttar Pradesh,2020-06-24,1,26.92384,81.17927,0,76.89999999999999,165.70000000000002,168.0,18.72,32.6,2.0,0.8,95.1,122.0,0.631,61,32,0.0,272.0
UEI-IMD-FL-2020-0135,deoria,Uttar Pradesh,2020-06-24,1,26.50167,83.77936,0,29.2,97.00000000000001,196.89999999999998,21.4,31.6,29.8,0.34,277.8,77.0,0.09,49,30,0.0,272.0
UEI-IMD-FL-2020-0135,bhadohi,Uttar Pradesh,2020-06-24,1,25.39526,82.5703,0,27.6,113.0,139.2,18.39,10.5,8.2,12.74,156.3,92.0,0.721,22,14,0.0,1172.0
UEI-IMD-FL-2020-0055,alappuzha,Kerala,2020-07-07,1,9.49004,76.3264,0,22.3,54.6,140.70000000000002,19.67,1.7,12.6,2.77,-20.2,7.0,0.631,99,38,0.0,28.0
UEI-IMD-FL-2020-0138,dehradun,Uttarakhand,2020-07-14,1,30.32443,78.03392,0,14.9,62.9,143.29999999999998,25.34,10.8,6.3,0.75,-71.8,660.0,2.072,23,14,0.0,291.0
UEI-IMD-FL-2020-0117,bargarh,Odisha,2020-07-22,1,21.33348,83.61905,0,28.8,69.5,137.40000000000003,25.56,42.6,2.6,1.36,-8.1,178.0,1.171,29,20,0.0,257.0
UEI-IMD-FL-2020-0117,baleshwar,Odisha,2020-07-22,1,21.49266,86.93348,0,19.3,33.900000000000006,77.8,31.400000000000002,21.1,6.1,184.78,-19.2,20.0,1.171,50,30,0.0,257.0
UEI-IMD-FL-2020-0117,dhenkanal,Odisha,2020-07-22,1,20.65744,85.59693,0,39.3,68.5,130.3,27.62,24.3,6.7,1.84,38.3,73.0,3.333,25,18,0.0,257.0
UEI-IMD-FL-2020-0117,deogarh,Odisha,2020-07-22,1,21.53827,84.73337,0,41.2,83.8,172.1,24.549999999999997,13.1,15.8,5.5,5.0,215.0,6.577,18,13,0.0,257.0
UEI-IMD-FL-2020-0117,cuttack,Odisha,2020-07-22,1,20.46497,85.87927,0,26.6,56.5,125.89999999999999,29.369999999999997,18.8,14.2,4225.69,15.1,27.0,0.18,55,31,0.0,257.0
UEI-IMD-FL-2020-0117,bargarh,Odisha,2020-07-22,1,21.33348,83.61905,0,28.8,69.5,137.40000000000003,25.56,42.6,2.6,1.36,-8.1,178.0,1.171,29,20,0.0,257.0
UEI-IMD-FL-2020-0117,bhadrak,Odisha,2020-07-22,1,21.05447,86.5156,0,44.599999999999994,74.9,119.1,28.07,25.2,16.0,1.9,17.3,17.0,0.36,31,19,0.0,257.0
UEI-IMD-FL-2020-0018,darbhanga,Bihar,2020-07-25,1,26.15216,85.89707,0,62.400000000000006,225.1,318.2,13.239999999999998,5.3,17.7,2.39,44.8,51.0,0.18,64,38,0.0,199.0
UEI-IMD-FL-2020-0136,azamgarh,Uttar Pradesh,2020-08-07,1,26.06832,83.18358,0,20.5,48.300000000000004,174.69999999999996,28.16,9.4,9.3,238.33,-11.1,81.0,0.27,49,33,0.0,698.0
UEI-IMD-FL-2020-0136,bahraich,Uttar Pradesh,2020-08-07,1,27.57429,81.59474,0,2.5,24.4,125.1,29.11,5.3,12.2,1.56,-49.2,128.0,0.27,70,37,0.0,532.0
UEI-IMD-FL-2020-0136,basti,Uttar Pradesh,2020-08-07,1,20.25185,84.38419,0,31.400000000000002,59.39999999999999,86.39999999999999,22.439999999999998,6.0,9.8,1.69,19.0,636.0,5.045,52,29,0.0,532.0
UEI-IMD-FL-2020-0136,deoria,Uttar Pradesh,2020-08-07,1,26.50167,83.77936,0,12.7,58.0,143.2,29.880000000000003,5.1,13.1,1.8,-28.6,77.0,0.09,50,31,0.0,43.0
UEI-IMD-FL-2020-0136,gonda,Uttar Pradesh,2020-08-07,1,21.64469,84.54816,0,75.6,140.6,173.1,19.41,9.6,7.5,12.3,95.5,321.0,6.937,64,35,0.0,532.0
UEI-IMD-FL-2020-0136,ballia,Uttar Pradesh,2020-08-07,1,25.42139,86.31445,0,29.8,69.1,163.8,28.339999999999996,5.8,4.7,1.31,-28.8,43.0,0.45,59,35,0.0,316.0
UEI-IMD-FL-2020-0136,balrampur,Uttar Pradesh,2020-08-07,1,19.93878,83.204,0,26.700000000000003,68.9,85.2,22.56,17.6,14.4,16.82,1164.7,263.0,0.811,33,20,0.0,532.0
UEI-IMD-FL-2020-0136,ayodhya,Uttar Pradesh,2020-08-07,1,21.63333,86.6,0,56.8,105.6,115.39999999999999,22.97,8.0,18.8,90.41,69.1,53.0,1.712,53,32,0.0,532.0
UEI-IMD-FL-2020-0136,bara banki,Uttar Pradesh,2020-08-07,1,26.92384,81.17927,0,6.800000000000001,47.20000000000001,131.5,27.07,3.0,11.6,1.88,-26.6,122.0,0.631,62,33,0.0,43.0
UEI-IMD-FL-2020-0136,gorakhpur,Uttar Pradesh,2020-08-07,1,19.23351,83.10413,0,20.099999999999998,58.4,83.30000000000001,21.61,7.1,4.1,2.36,-7.5,858.0,6.757,60,35,0.0,822.0
UEI-IMD-FL-2020-0122,bharatpur,Rajasthan,2020-08-15,1,20.99348,84.44053,0,71.6,107.0,357.8,22.699999999999996,58.8,3.7,6.52,-16.9,152.0,1.171,29,19,0.0,99.0
UEI-IMD-FL-2020-0122,alwar,Rajasthan,2020-08-15,1,27.56246,76.625,0,49.599999999999994,96.8,122.1,22.119999999999997,2.0,6.7,3.81,100.5,272.0,0.631,35,25,0.0,365.0
UEI-IMD-FL-2020-0137,bara banki,Uttar Pradesh,2020-08-17,1,26.92384,81.17927,0,34.6,110.00000000000001,146.59999999999997,21.509999999999998,2.5,11.2,2.48,31.9,122.0,0.631,63,33,0.0,11.0
UEI-IMD-FL-2020-0137,gorakhpur,Uttar Pradesh,2020-08-17,1,19.23351,83.10413,0,64.30000000000001,123.1,158.10000000000002,15.98,2.1,7.5,13.03,337.2,858.0,6.757,61,36,0.0,11.0
UEI-IMD-FL-2020-0137,gonda,Uttar Pradesh,2020-08-17,1,21.64469,84.54816,0,192.0,233.1,362.19999999999993,18.89,5.2,17.5,14.38,4.5,321.0,6.937,65,36,0.0,11.0
UEI-IMD-FL-2020-0137,deoria,Uttar Pradesh,2020-08-17,1,26.50167,83.77936,0,12.299999999999999,68.5,110.30000000000001,25.180000000000003,3.7,3.7,1.55,-10.9,77.0,0.09,51,31,0.0,11.0
UEI-IMD-FL-2020-0137,basti,Uttar Pradesh,2020-08-17,1,20.25185,84.38419,0,42.099999999999994,62.8,123.30000000000001,21.630000000000003,12.5,12.2,2.95,79.9,636.0,5.045,53,30,0.0,11.0
UEI-IMD-FL-2020-0137,balrampur,Uttar Pradesh,2020-08-17,1,19.93878,83.204,0,81.7,108.0,183.5,19.77,8.2,23.2,48.77,289.5,263.0,0.811,34,21,0.0,11.0
UEI-IMD-FL-2020-0137,ballia,Uttar Pradesh,2020-08-17,1,25.42139,86.31445,0,9.8,33.900000000000006,87.49999999999999,27.82,4.2,2.4,0.91,-24.2,43.0,0.45,60,36,0.0,11.0
UEI-IMD-FL-2020-0137,bahraich,Uttar Pradesh,2020-08-17,1,27.57429,81.59474,0,12.5,69.9,91.60000000000001,24.48,0.7,26.9,1.59,-17.2,128.0,0.27,71,38,0.0,11.0
UEI-IMD-FL-2020-0137,azamgarh,Uttar Pradesh,2020-08-17,1,26.06832,83.18358,0,14.299999999999999,101.7,149.69999999999996,25.22,3.5,6.1,228.61,7.7,81.0,0.27,50,34,0.0,11.0
UEI-IMD-FL-2020-0137,ayodhya,Uttar Pradesh,2020-08-17,1,21.63333,86.6,0,28.7,61.7,154.1,25.54,2.1,50.4,70.12,-20.4,53.0,1.712,54,33,0.0,11.0
UEI-IMD-FL-2020-0123,banswara,Rajasthan,2020-08-21,1,23.54109,74.4425,0,61.7,231.59999999999997,478.1000000000001,12.04,60.5,231.8,0.75,33.9,226.0,1.351,24,17,0.0,1134.0
UEI-IMD-FL-2020-0024,ahmedabad,Gujarat,2020-08-23,1,23.02579,72.58727,0,31.8,86.8,318.50000000000006,14.849999999999998,52.8,4.8,12.71,252.1,53.0,0.631,47,30,0.0,320.0
UEI-IMD-FL-2020-0024,bhavnagar,Gujarat,2020-08-23,1,21.76287,72.15331,0,28.8,60.099999999999994,161.4,17.299999999999997,3.8,1.9,715.14,361.5,23.0,1.171,35,24,0.0,412.0
UEI-IMD-FL-2020-0140,chamoli,Uttarakhand,2020-08-24,1,30.40271,79.33303,0,8.4,95.50000000000001,216.59999999999997,20.970000000000002,17.7,1.3,390.74,-12.3,1102.0,40.18,28,17,0.0,260.0
UEI-IMD-FL-2020-0021,bilaspur,Chhattisgarh,2020-08-25,1,31.33027,76.75663,0,6.0,64.8,150.3,22.480000000000004,30.9,38.6,4.15,15.6,506.0,14.054,58,30,0.0,62.0
UEI-IMD-FL-2020-0070,ashoknagar,Madhya Pradesh,2020-08-27,1,24.57578,77.73123,0,4.7,58.199999999999996,141.50000000000003,22.979999999999997,27.4,37.3,2.76,-12.7,507.0,1.351,10,8,0.0,3329.0
UEI-IMD-FL-2020-0070,balaghat,Madhya Pradesh,2020-08-27,1,21.8156,80.18845,0,9.9,61.6,242.9,22.270000000000003,141.3,30.7,6.31,-24.9,316.0,1.081,22,16,0.0,5109.0
UEI-IMD-FL-2020-0070,barwani,Madhya Pradesh,2020-08-27,1,22.03232,74.89982,0,5.4,122.5,212.7,19.88,3.8,13.9,0.6,27.7,183.0,1.171,11,10,0.0,5135.0
UEI-IMD-FL-2020-0070,betul,Madhya Pradesh,2020-08-27,1,21.90056,77.90229,0,5.8,144.8,279.5,21.02,30.1,101.7,4.5,1.8,644.0,0.991,19,15,0.0,1841.0
UEI-IMD-FL-2020-0070,bhopal,Madhya Pradesh,2020-08-27,1,23.25469,77.40289,0,3.8000000000000003,408.0,529.2,18.72,17.1,89.9,3.51,-17.6,525.0,1.982,41,22,0.0,375.0
UEI-IMD-FL-2020-0070,chhatarpur,Madhya Pradesh,2020-08-27,1,19.7246,83.40138,0,125.4,161.9,246.3,19.759999999999998,0.3,1.4,8.2,14.4,410.0,1.081,13,11,0.0,4453.0
UEI-IMD-FL-2020-0070,chhindwara,Madhya Pradesh,2020-08-27,1,22.05697,78.93958,0,7.1,128.20000000000002,310.3,23.369999999999997,154.9,120.2,3.07,-29.7,690.0,1.712,28,21,0.0,705.0
UEI-IMD-FL-2020-0070,dhar,Madhya Pradesh,2020-08-27,1,20.82177,82.69849,0,87.5,136.60000000000002,336.4,18.7,29.5,1.9,81.22,497.6,292.0,1.081,16,13,0.0,3728.0
UEI-IMD-FL-2020-0070,dewas,Madhya Pradesh,2020-08-27,1,22.96585,76.05526,0,10.0,213.90000000000003,302.50000000000006,20.32,5.8,39.6,4.4,134.0,546.0,0.901,15,13,0.0,6227.0
UEI-IMD-FL-2020-0025,bhavnagar,Gujarat,2020-08-28,1,21.76287,72.15331,0,6.4,83.7,180.50000000000003,23.15,10.9,130.9,199.45,187.1,23.0,1.171,36,25,0.0,11.0
UEI-IMD-FL-2020-0025,botad,Gujarat,2020-08-28,1,22.16917,71.66671,0,4.800000000000001,161.4,222.10000000000002,20.75,13.1,44.9,5.21,93.7,88.0,0.541,23,16,0.0,597.0
UEI-IMD-FL-2020-0089,chandrapur,Maharashtra,2020-08-28,1,19.95076,79.29523,0,17.6,34.8,137.0,24.21,2.4,0.5,5.55,25.9,184.0,1.261,53,31,0.0,507.0
UEI-IMD-FL-2020-0089,bhandara,Maharashtra,2020-08-28,1,21.16817,79.64885,0,41.5,123.30000000000001,267.40000000000003,23.810000000000002,36.0,1.0,3257.37,3.3,257.0,0.27,52,30,0.0,596.0
UEI-IMD-FL-2020-0026,ahmedabad,Gujarat,2020-08-29,1,23.02579,72.58727,0,15.9,163.3,256.4,20.0,101.1,26.8,5.75,22.6,53.0,0.631,48,31,0.0,11.0
UEI-IMD-FL-2020-0026,botad,Gujarat,2020-08-29,1,22.16917,71.66671,0,8.8,156.70000000000002,221.8,21.28,44.9,10.3,5.0,105.8,88.0,0.541,24,17,0.0,11.0
UEI-IMD-FL-2020-0026,bharuch,Gujarat,2020-08-29,1,21.69482,72.9805,0,18.4,83.7,196.9,20.42,53.4,14.0,33.99,25.3,15.0,1.441,46,28,0.0,599.0
UEI-IMD-FL-2020-0026,amreli,Gujarat,2020-08-29,1,21.59983,71.21169,0,7.699999999999999,85.3,167.6,19.349999999999998,53.6,10.8,1.13,79.4,123.0,0.721,35,24,0.0,418.0
UEI-IMD-FL-2020-0057,alappuzha,Kerala,2020-09-07,1,9.49004,76.3264,0,44.099999999999994,105.1,122.9,21.42,12.7,14.3,2.04,51.1,7.0,0.631,100,38,0.0,61.0
UEI-IMD-FL-2020-0003,chittoor,Andhra Pradesh,2020-09-12,1,13.21055,79.0956,0,57.1,69.4,149.2,29.080000000000002,12.2,2.6,2.01,1.5,320.0,1.712,17,13,0.0,1763.0
UEI-IMD-FL-2020-0096,aurangabad,Maharashtra,2020-09-18,1,19.87757,75.34226,0,28.2,49.8,109.50000000000001,20.620000000000005,6.6,8.3,2.44,-3.2,587.0,0.631,75,42,0.0,259.0
UEI-IMD-FL-2020-0096,beed,Maharashtra,2020-09-18,1,18.98921,75.75634,0,48.199999999999996,66.1,120.1,21.610000000000003,11.3,18.8,0.41,24.2,510.0,0.631,40,29,0.0,200.0
UEI-IMD-FL-2020-0096,ahmednagar,Maharashtra,2020-09-18,1,23.59893,72.96602,0,15.100000000000001,51.099999999999994,54.29999999999999,24.17,0.0,2.4,0.78,-25.7,145.0,2.432,30,21,0.0,259.0
UEI-IMD-FL-2020-0096,dharashiv,Maharashtra,2020-09-18,1,18.18158,76.03889,0,51.9,70.6,124.69999999999999,20.63,24.7,25.9,1.39,131.7,665.0,2.072,30,24,0.0,259.0
UEI-IMD-FL-2020-0073,chhindwara,Madhya Pradesh,2020-09-22,1,22.05697,78.93958,0,28.3,51.7,115.6,25.639999999999997,10.9,3.7,2.17,48.6,690.0,1.712,29,22,0.0,25.0
UEI-IMD-FL-2020-0073,alirajpur,Madhya Pradesh,2020-09-22,1,22.30393,74.35568,0,15.4,55.1,125.1,21.439999999999998,8.0,0.8,4.98,-10.3,292.0,1.802,11,10,0.0,406.0
UEI-IMD-FL-2020-0073,dhar,Madhya Pradesh,2020-09-22,1,20.82177,82.69849,0,108.0,122.39999999999999,167.2,24.950000000000003,2.5,1.2,30.26,1059.4,292.0,1.081,17,14,0.0,25.0
UEI-IMD-FL-2020-0076,gondia,Maharashtra,2020-10-04,1,21.46026,80.19205,0,0.0,3.8,90.50000000000001,30.87,1.1,3.4,1.28,-91.7,319.0,1.441,30,23,0.0,633.0
UEI-IMD-FL-2020-0076,bhandara,Maharashtra,2020-10-04,1,21.16817,79.64885,0,0.0,16.0,106.30000000000001,30.039999999999996,0.0,2.6,81.6,-91.4,257.0,0.27,53,31,0.0,36.0
UEI-IMD-FL-2020-0102,beed,Maharashtra,2020-10-09,1,18.98921,75.75634,0,0.1,0.5,23.300000000000004,30.020000000000003,6.5,38.5,0.37,-35.1,510.0,0.631,41,29,0.0,20.0
UEI-IMD-FL-2020-0102,akola,Maharashtra,2020-10-09,1,20.70957,76.9981,0,3.0999999999999996,3.0999999999999996,11.2,31.1,13.1,9.0,0.64,-14.7,285.0,0.36,51,32,0.0,382.0
UEI-IMD-FL-2020-0102,aurangabad,Maharashtra,2020-10-09,1,19.87757,75.34226,0,1.0,1.4,11.799999999999999,31.229999999999997,6.8,12.9,0.99,-16.1,587.0,0.631,76,42,0.0,20.0
UEI-IMD-FL-2020-0102,dharashiv,Maharashtra,2020-10-09,1,18.18158,76.03889,0,0.8,1.3,35.49999999999999,31.749999999999996,12.0,18.3,0.43,-47.6,665.0,2.072,31,24,0.0,20.0
UEI-IMD-FL-2020-0104,dharashiv,Maharashtra,2020-10-13,1,18.18158,76.03889,0,33.5,39.60000000000001,41.0,23.9,67.3,4.0,0.96,81.1,665.0,2.072,32,24,0.0,11.0
UEI-IMD-FL-2020-0104,beed,Maharashtra,2020-10-13,1,18.98921,75.75634,0,51.8,57.5,57.9,22.990000000000002,48.8,4.9,0.48,6.7,510.0,0.631,42,29,0.0,11.0
UEI-IMD-FL-2020-0105,dharashiv,Maharashtra,2020-10-14,1,18.18158,76.03889,0,27.8,45.900000000000006,47.1,21.89,4.0,0.9,1.33,177.1,665.0,2.072,33,24,0.0,11.0
UEI-IMD-FL-2020-0105,beed,Maharashtra,2020-10-14,1,18.98921,75.75634,0,46.3,58.5,58.9,20.59,4.9,1.5,0.58,41.5,510.0,0.631,43,29,0.0,11.0
UEI-IMD-FL-2020-0105,ahmednagar,Maharashtra,2020-10-14,1,23.59893,72.96602,0,0.0,0.0,0.6,36.900000000000006,0.0,0.0,0.09,-25.0,145.0,2.432,31,21,0.0,25.0
UEI-IMD-FL-2020-0107,beed,Maharashtra,2020-10-15,1,18.98921,75.75634,0,56.599999999999994,107.3,107.69999999999999,19.08,1.5,4.8,0.87,123.1,510.0,0.631,44,29,0.0,11.0
UEI-IMD-FL-2020-0027,botad,Gujarat,2020-10-21,1,22.16917,71.66671,0,9.3,15.5,15.5,34.82,0.3,0.0,0.47,27.0,88.0,0.541,25,17,0.0,52.0
UEI-IMD-FL-2020-0027,bhavnagar,Gujarat,2020-10-21,1,21.76287,72.15331,0,8.0,11.4,11.4,33.370000000000005,0.6,0.0,6.14,10.4,23.0,1.171,37,25,0.0,53.0
UEI-IMD-FL-2020-0060,alappuzha,Kerala,2020-12-07,1,9.49004,76.3264,0,23.9,32.9,39.3,19.310000000000002,4.7,1.3,0.43,79.2,7.0,0.631,101,38,0.0,90.0
UEI-IMD-FL-2020-0071,dhar,Madhya Pradesh,2020-12-08,1,20.82177,82.69849,0,0.0,0.0,1.2,25.780000000000005,0.0,0.0,0.67,-5.6,292.0,1.081,18,14,0.0,76.0
UEI-IMD-FL-2020-0071,burhanpur,Madhya Pradesh,2020-12-08,1,21.30868,76.23026,0,0.0,0.0,0.0,26.75,0.0,0.0,21.18,-7.4,249.0,1.892,16,15,0.0,483.0
UEI-IMD-FL-2021-0306,chamoli,Uttarakhand,2021-02-06,1,30.40271,79.33303,0,8.9,8.9,9.0,16.3,0.0,0.0,31.06,0.5,1102.0,40.18,29,18,0.0,165.0
UEI-IMD-FL-2021-0145,dharashiv,Maharashtra,2021-02-17,1,18.18158,76.03889,0,0.0,0.0,0.0,37.02,0.0,11.1,0.03,0.0,665.0,2.072,34,24,0.0,125.0
UEI-IMD-FL-2021-0145,akola,Maharashtra,2021-02-17,1,20.70957,76.9981,0,0.0,0.0,0.0,32.61,3.3,0.0,0.31,10.7,285.0,0.36,52,33,0.0,130.0
UEI-IMD-FL-2021-0145,aurangabad,Maharashtra,2021-02-17,1,19.87757,75.34226,0,0.0,0.0,0.0,37.169999999999995,1.8,0.9,0.91,0.0,587.0,0.631,77,42,0.0,130.0
UEI-IMD-FL-2021-0145,beed,Maharashtra,2021-02-17,1,18.98921,75.75634,1,0.0,0.0,0.0,37.32,0.3,5.3,0.0,,510.0,0.631,45,29,0.0,124.0
UEI-IMD-FL-2021-0147,ahmednagar,Maharashtra,2021-03-18,1,23.59893,72.96602,0,0.0,0.0,0.0,46.83,0.0,0.0,0.03,0.0,145.0,2.432,32,21,0.0,154.0
UEI-IMD-FL-2021-0147,akola,Maharashtra,2021-03-18,1,20.70957,76.9981,0,0.0,0.0,0.0,41.6,3.2,0.0,0.28,0.0,285.0,0.36,53,34,0.0,28.0
UEI-IMD-FL-2021-0147,aurangabad,Maharashtra,2021-03-18,1,19.87757,75.34226,0,0.0,0.0,0.0,44.7,0.0,0.4,0.91,0.0,587.0,0.631,78,43,0.0,28.0
UEI-IMD-FL-2021-0049,davangere,Karnataka,2021-04-10,1,14.46693,75.92694,1,0.0,0.0,0.2,43.75,0.0,0.0,0.25,,588.0,0.901,29,17,0.0,456.0
UEI-IMD-FL-2021-0148,ahmednagar,Maharashtra,2021-04-13,1,23.59893,72.96602,0,0.0,0.0,0.0,55.67999999999999,0.0,0.0,0.03,0.0,145.0,2.432,33,22,0.0,25.0
UEI-IMD-FL-2021-0148,aurangabad,Maharashtra,2021-04-13,1,19.87757,75.34226,0,0.4,0.4,0.4,45.58,0.5,0.0,1.09,9.0,587.0,0.631,79,43,0.0,25.0
UEI-IMD-FL-2021-0324,anantnag,Jammu & Kashmir,2021-05-05,1,33.73068,75.15418,0,0.3,0.8999999999999999,28.3,31.810000000000006,4.4,0.9,3.35,-5.1,1602.0,8.108,31,20,0.0,723.0
UEI-IMD-FL-2021-0150,beed,Maharashtra,2021-05-08,1,18.98921,75.75634,1,1.2,6.6000000000000005,7.2,42.050000000000004,0.5,0.1,0.0,,510.0,0.631,46,30,0.0,79.0
UEI-IMD-FL-2021-0150,dharashiv,Maharashtra,2021-05-08,1,18.18158,76.03889,0,4.1,7.9,9.5,36.7,1.0,0.6,0.03,0.0,665.0,2.072,35,25,0.0,79.0
UEI-IMD-FL-2021-0008,dhemaji,Assam,2021-05-31,1,27.48333,94.58333,0,11.1,52.1,169.99999999999997,29.710000000000004,10.0,29.3,10.72,13.2,109.0,1.081,141,37,0.0,371.0
UEI-IMD-FL-2021-0008,bongaigaon,Assam,2021-05-31,1,26.47703,90.55815,0,7.2,68.50000000000001,127.4,26.509999999999998,23.0,19.4,5.84,1068.0,59.0,0.36,58,32,0.0,509.0
UEI-IMD-FL-2021-0155,beed,Maharashtra,2021-06-08,1,18.98921,75.75634,1,10.100000000000001,15.700000000000001,21.5,28.68,2.8,10.5,0.03,,510.0,0.631,47,30,0.0,30.0
UEI-IMD-FL-2021-0249,bikaner,Rajasthan,2021-06-19,1,28.01762,73.31495,0,0.8,4.4,4.4,52.2,0.0,0.1,0.09,50.0,232.0,0.901,29,18,0.0,2159.0
UEI-IMD-FL-2021-0031,gopalganj,Bihar,2021-06-27,1,26.46734,84.44041,0,70.5,237.7,428.29999999999995,21.18,4.3,16.3,2.25,18.4,73.0,0.45,47,33,0.0,536.0
UEI-IMD-FL-2021-0158,dharashiv,Maharashtra,2021-07-08,1,18.18158,76.03889,0,19.6,20.4,50.2,32.79,14.4,21.8,0.23,283.3,665.0,2.072,36,25,0.0,60.0
UEI-IMD-FL-2021-0033,amreli,Gujarat,2021-07-09,1,21.59983,71.21169,0,0.4,0.5,6.799999999999999,44.19,4.4,13.6,0.02,0.0,123.0,0.721,36,25,0.0,313.0
UEI-IMD-FL-2021-0161,ahmednagar,Maharashtra,2021-07-11,1,23.59893,72.96602,0,2.4,3.3,7.1,40.91,21.6,2.9,0.06,100.0,145.0,2.432,34,22,0.0,88.0
UEI-IMD-FL-2021-0039,chamba,Himachal Pradesh,2021-07-18,1,32.55531,76.12647,0,6.199999999999999,118.0,126.10000000000001,23.069999999999997,25.4,1.8,7.05,126.7,946.0,24.685,64,30,0.0,389.0
UEI-IMD-FL-2021-0328,anantnag,Jammu & Kashmir,2021-07-18,1,33.73068,75.15418,0,0.0,80.39999999999999,81.8,30.28,9.5,19.5,2.78,-5.4,1602.0,8.108,32,21,0.0,73.0
UEI-IMD-FL-2021-0055,dharwad,Karnataka,2021-07-21,1,15.46005,75.00778,0,54.4,130.9,231.5,13.700000000000001,16.1,6.2,8.53,78.5,728.0,1.712,50,28,0.0,558.0
UEI-IMD-FL-2021-0052,dharwad,Karnataka,2021-07-21,1,15.46005,75.00778,0,54.4,130.9,231.5,13.700000000000001,16.1,6.2,8.53,78.5,728.0,1.712,50,28,0.0,558.0
UEI-IMD-FL-2021-0050,belagavi,Karnataka,2021-07-21,1,15.85212,74.50447,0,101.8,195.10000000000002,359.6,11.309999999999999,16.5,16.8,24.23,21.2,762.0,1.441,56,28,0.0,558.0
UEI-IMD-FL-2021-0055,belagavi,Karnataka,2021-07-21,1,15.85212,74.50447,0,101.8,195.10000000000002,359.6,11.309999999999999,16.5,16.8,24.23,21.2,762.0,1.441,56,28,0.0,558.0
UEI-IMD-FL-2021-0194,amravati,Maharashtra,2021-07-21,1,20.93333,77.75,0,20.5,50.6,128.5,28.83,100.6,20.7,3.22,1912.5,342.0,0.721,65,35,0.0,923.0
UEI-IMD-FL-2021-0179,chandrapur,Maharashtra,2021-07-21,1,19.95076,79.29523,0,14.7,32.7,120.0,28.870000000000005,39.2,44.6,4.22,155.8,184.0,1.261,54,32,0.0,326.0
UEI-IMD-FL-2021-0194,akola,Maharashtra,2021-07-21,1,20.70957,76.9981,0,15.7,31.8,151.40000000000003,28.53,36.0,7.4,1.88,35.3,285.0,0.36,54,34,0.0,124.0
UEI-IMD-FL-2021-0041,chamba,Himachal Pradesh,2021-07-26,1,32.55531,76.12647,0,30.1,61.400000000000006,176.80000000000004,21.62,8.9,35.6,7.47,4.0,946.0,24.685,65,31,0.0,11.0
UEI-IMD-FL-2021-0329,anantnag,Jammu & Kashmir,2021-07-27,1,33.73068,75.15418,0,0.0,21.1,35.8,29.85,20.1,7.0,4.43,-43.1,1602.0,8.108,33,21,0.0,11.0
UEI-IMD-FL-2021-0331,anantnag,Jammu & Kashmir,2021-07-29,1,33.73068,75.15418,0,24.200000000000003,24.5,54.800000000000004,31.109999999999996,10.3,1.5,5.31,13.5,1602.0,8.108,34,21,0.0,11.0
UEI-IMD-FL-2021-0289,gonda,Uttar Pradesh,2021-07-31,1,21.64469,84.54816,0,82.19999999999999,142.10000000000002,247.3,17.16,3.2,1.7,10.3,92.5,321.0,6.937,66,36,0.0,347.0
UEI-IMD-FL-2021-0289,chitrakoot,Uttar Pradesh,2021-07-31,1,25.21473,80.91645,0,169.1,235.8,347.3,19.33,59.3,3.8,2.14,4180.0,137.0,0.901,26,16,0.0,1096.0
UEI-IMD-FL-2021-0289,banda,Uttar Pradesh,2021-07-31,1,21.41522,83.68574,0,54.800000000000004,99.5,242.79999999999995,20.72,3.4,2.6,4.92,17.4,176.0,0.45,29,20,0.0,1299.0
UEI-IMD-FL-2021-0289,budaun,Uttar Pradesh,2021-07-31,1,28.03811,79.12668,0,78.19999999999999,93.6,387.4000000000001,22.98,27.3,6.8,3.09,137.7,176.0,0.631,32,21,0.0,966.0
UEI-IMD-FL-2021-0289,ballia,Uttar Pradesh,2021-07-31,1,25.42139,86.31445,0,50.900000000000006,75.39999999999999,134.0,25.51,2.1,8.8,1.03,77.6,43.0,0.45,61,36,0.0,347.0
UEI-IMD-FL-2021-0289,baghpat,Uttar Pradesh,2021-07-31,1,28.94485,77.21865,0,34.6,66.2,275.0,21.38,3.3,12.0,0.69,527.3,228.0,1.171,25,16,0.0,1839.0
UEI-IMD-FL-2021-0139,ashoknagar,Madhya Pradesh,2021-07-31,1,24.57578,77.73123,0,42.6,204.1,278.3,14.809999999999999,27.4,109.1,7.28,405.6,507.0,1.351,11,9,0.0,337.0
UEI-IMD-FL-2021-0133,bhind,Madhya Pradesh,2021-07-31,1,26.56671,78.78728,0,200.10000000000002,262.8,406.4,22.450000000000003,19.1,27.6,1.55,6.9,155.0,0.36,14,13,0.0,1209.0
UEI-IMD-FL-2021-0139,bhind,Madhya Pradesh,2021-07-31,1,26.56671,78.78728,0,200.10000000000002,262.8,406.4,22.450000000000003,19.1,27.6,1.55,6.9,155.0,0.36,14,13,0.0,1209.0
UEI-IMD-FL-2021-0139,datia,Madhya Pradesh,2021-07-31,1,25.67312,78.45908,0,92.9,140.0,248.0,20.68,19.6,113.5,0.06,20.0,249.0,1.171,11,10,0.0,5447.0
UEI-IMD-FL-2021-0251,bundi,Rajasthan,2021-08-04,1,21.78062,83.91393,0,5.700000000000001,92.60000000000001,209.29999999999998,20.79,0.6,4.8,177.24,-3.0,205.0,1.351,27,18,0.0,688.0
UEI-IMD-FL-2021-0032,begusarai,Bihar,2021-08-06,1,25.41853,86.13389,0,35.9,67.10000000000001,137.10000000000002,22.75,9.2,15.6,1.34,4.7,45.0,0.18,49,30,0.0,678.0
UEI-IMD-FL-2021-0032,bhagalpur,Bihar,2021-08-06,1,25.24446,86.97183,0,42.599999999999994,87.2,176.89999999999998,20.63,20.2,10.4,78.25,140.8,51.0,1.532,53,33,0.0,676.0
UEI-IMD-FL-2021-0032,bhojpur,Bihar,2021-08-06,1,21.65118,84.40641,0,3.9000000000000004,42.6,178.7,20.540000000000003,9.5,7.3,14.1,-6.2,279.0,2.703,49,30,0.0,678.0
UEI-IMD-FL-2021-0032,darbhanga,Bihar,2021-08-06,1,26.15216,85.89707,0,37.400000000000006,76.8,150.29999999999998,23.28,8.3,17.4,1.48,10.4,51.0,0.18,65,38,0.0,376.0
UEI-IMD-FL-2021-0032,buxar,Bihar,2021-08-06,1,25.57548,83.98043,0,5.7,58.199999999999996,88.60000000000001,25.17,21.4,29.8,0.52,-7.1,68.0,1.441,36,22,0.0,638.0
UEI-IMD-FL-2021-0014,barpeta,Assam,2021-08-24,1,26.32293,91.00632,0,31.7,42.4,109.69999999999999,23.92,17.2,22.6,21.39,-36.5,46.0,0.36,99,39,0.0,456.0
UEI-IMD-FL-2021-0014,dhubri,Assam,2021-08-24,1,26.01856,89.98564,0,46.8,64.3,230.9,22.040000000000003,35.6,53.6,36642.77,0.7,34.0,0.901,82,40,0.0,594.0
UEI-IMD-FL-2021-0014,dhemaji,Assam,2021-08-24,1,27.48333,94.58333,0,63.0,103.1,185.1,13.86,5.8,20.3,24.76,73.9,109.0,1.081,142,38,0.0,84.0
UEI-IMD-FL-2021-0014,chirang,Assam,2021-08-24,1,29.87368,79.81931,0,14.499999999999998,51.3,75.59999999999998,24.29,5.1,22.9,10.99,20.0,1202.0,33.243,39,21,0.0,593.0
UEI-IMD-FL-2021-0014,bongaigaon,Assam,2021-08-24,1,26.47703,90.55815,0,66.89999999999999,132.89999999999998,365.79999999999995,19.03,43.2,29.3,4.11,-12.7,59.0,0.36,59,33,0.0,84.0
UEI-IMD-FL-2021-0014,biswanath,Assam,2021-08-24,1,26.72577,93.14659,0,26.4,95.7,179.10000000000002,18.59,7.8,25.3,5.17,-61.5,81.0,0.541,36,21,0.0,592.0
UEI-IMD-FL-2021-0009,barpeta,Assam,2021-08-29,1,26.32293,91.00632,0,75.6,129.2,160.1,18.13,4.7,1.9,22.88,12.5,46.0,0.36,100,40,0.0,11.0
UEI-IMD-FL-2021-0009,biswanath,Assam,2021-08-29,1,26.72577,93.14659,0,44.6,102.89999999999999,188.29999999999998,14.419999999999998,18.0,8.5,8.71,55.3,81.0,0.541,37,22,0.0,11.0
UEI-IMD-FL-2021-0009,chirang,Assam,2021-08-29,1,29.87368,79.81931,0,69.69999999999999,92.1,136.6,17.56,25.4,5.9,16.82,58.5,1202.0,33.243,40,22,0.0,11.0
UEI-IMD-FL-2021-0009,darrang,Assam,2021-08-29,1,26.63333,92.8,0,38.3,86.99999999999999,185.7,15.649999999999999,37.9,8.0,41019.4,61.8,70.0,0.36,88,43,0.0,461.0
UEI-IMD-FL-2021-0009,dhemaji,Assam,2021-08-29,1,27.48333,94.58333,0,55.699999999999996,147.6,216.60000000000005,12.110000000000001,2.8,4.6,31.89,77.5,109.0,1.081,143,38,0.0,11.0
UEI-IMD-FL-2021-0009,dhubri,Assam,2021-08-29,1,26.01856,89.98564,0,88.1,178.4,222.4,16.700000000000003,5.2,3.9,56622.9,55.6,34.0,0.901,83,41,0.0,11.0
UEI-IMD-FL-2021-0010,barpeta,Assam,2021-08-29,1,26.32293,91.00632,0,75.6,129.2,160.1,18.13,4.7,1.9,22.88,12.5,46.0,0.36,100,40,0.0,11.0
UEI-IMD-FL-2021-0200,ahmednagar,Maharashtra,2021-08-30,1,23.59893,72.96602,0,2.4,7.900000000000001,32.8,29.939999999999998,19.6,29.1,0.08,166.7,145.0,2.432,35,22,0.0,49.0
UEI-IMD-FL-2021-0200,beed,Maharashtra,2021-08-30,1,18.98921,75.75634,0,7.199999999999999,10.0,107.5,29.5,22.0,8.3,0.05,-16.7,510.0,0.631,48,30,0.0,82.0
UEI-IMD-FL-2021-0202,beed,Maharashtra,2021-08-30,1,18.98921,75.75634,0,7.199999999999999,10.0,107.5,29.5,22.0,8.3,0.05,-16.7,510.0,0.631,48,30,0.0,82.0
UEI-IMD-FL-2021-0201,ahmednagar,Maharashtra,2021-08-30,1,23.59893,72.96602,0,2.4,7.900000000000001,32.8,29.939999999999998,19.6,29.1,0.08,166.7,145.0,2.432,35,22,0.0,49.0
UEI-IMD-FL-2021-0200,aurangabad,Maharashtra,2021-08-30,1,19.87757,75.34226,0,2.9000000000000004,4.1,121.00000000000001,29.26,48.5,8.2,5.7,379.0,587.0,0.631,80,43,0.0,138.0
UEI-IMD-FL-2021-0012,dhemaji,Assam,2021-08-30,1,27.48333,94.58333,0,38.8,136.6,216.20000000000005,11.93,4.6,3.1,27.77,25.8,109.0,1.081,144,38,0.0,11.0
UEI-IMD-FL-2021-0012,darrang,Assam,2021-08-30,1,26.63333,92.8,0,33.6,97.29999999999998,195.4,14.220000000000002,8.0,25.9,37324.02,49.3,70.0,0.36,89,44,0.0,11.0
UEI-IMD-FL-2021-0012,chirang,Assam,2021-08-30,1,29.87368,79.81931,0,53.0,93.5,140.7,17.900000000000002,5.9,3.2,17.2,63.7,1202.0,33.243,41,22,0.0,11.0
UEI-IMD-FL-2021-0012,bongaigaon,Assam,2021-08-30,1,26.47703,90.55815,0,53.5,193.49999999999997,316.5,14.04,4.8,19.9,4.3,3.6,59.0,0.36,60,33,0.0,11.0
UEI-IMD-FL-2021-0012,biswanath,Assam,2021-08-30,1,26.72577,93.14659,0,25.4,96.1,191.2,13.25,8.5,6.5,7.81,47.4,81.0,0.541,38,22,0.0,11.0
UEI-IMD-FL-2021-0012,barpeta,Assam,2021-08-30,1,26.32293,91.00632,0,63.0,132.0,162.1,16.61,1.9,6.4,21.49,0.5,46.0,0.36,102,40,0.0,11.0
UEI-IMD-FL-2021-0012,dhubri,Assam,2021-08-30,1,26.01856,89.98564,0,52.0,184.5,230.5,15.99,3.9,20.0,53087.44,45.5,34.0,0.901,84,41,0.0,11.0
UEI-IMD-FL-2021-0016,barpeta,Assam,2021-08-31,1,26.32293,91.00632,0,22.2,116.8,159.2,17.110000000000003,6.4,8.2,20.18,-5.7,46.0,0.36,103,40,0.0,11.0
UEI-IMD-FL-2021-0015,dhubri,Assam,2021-08-31,1,26.01856,89.98564,0,27.2,160.79999999999998,225.09999999999997,16.31,20.0,20.5,48639.7,32.7,34.0,0.901,85,41,0.0,11.0
UEI-IMD-FL-2021-0204,akola,Maharashtra,2021-08-31,1,20.70957,76.9981,0,138.2,139.5,233.2,29.619999999999997,8.6,7.1,1.43,90.7,285.0,0.36,55,34,0.0,40.0
UEI-IMD-FL-2021-0214,aurangabad,Maharashtra,2021-08-31,1,19.87757,75.34226,0,13.1,15.2,131.60000000000002,27.200000000000003,8.2,2.1,3.21,202.8,587.0,0.631,81,43,0.0,11.0
UEI-IMD-FL-2021-0015,barpeta,Assam,2021-08-31,1,26.32293,91.00632,0,22.2,116.8,159.2,17.110000000000003,6.4,8.2,20.18,-5.7,46.0,0.36,103,40,0.0,11.0
UEI-IMD-FL-2021-0015,bongaigaon,Assam,2021-08-31,1,26.47703,90.55815,0,37.3,170.6,303.5,14.690000000000001,19.9,26.5,3.94,-4.1,59.0,0.36,61,33,0.0,11.0
UEI-IMD-FL-2021-0015,dhemaji,Assam,2021-08-31,1,27.48333,94.58333,0,27.099999999999998,103.49999999999999,206.60000000000002,12.84,3.1,3.1,25.24,1.9,109.0,1.081,145,38,0.0,11.0
UEI-IMD-FL-2021-0015,chirang,Assam,2021-08-31,1,29.87368,79.81931,0,59.5,113.29999999999998,164.6,16.75,3.2,1.0,16.62,51.2,1202.0,33.243,42,22,0.0,11.0
UEI-IMD-FL-2021-0015,darrang,Assam,2021-08-31,1,26.63333,92.8,0,57.4,122.5,220.0,14.540000000000003,25.9,17.4,33264.94,32.4,70.0,0.36,90,44,0.0,11.0
UEI-IMD-FL-2021-0015,biswanath,Assam,2021-08-31,1,26.72577,93.14659,0,27.7,101.99999999999999,197.70000000000002,14.03,6.5,6.8,7.05,36.4,81.0,0.541,39,22,0.0,11.0
UEI-IMD-FL-2021-0018,dhubri,Assam,2021-09-01,1,26.01856,89.98564,0,26.599999999999998,150.29999999999998,223.0,17.32,20.5,4.0,44257.83,16.1,34.0,0.901,86,41,0.0,11.0
UEI-IMD-FL-2021-0018,dhemaji,Assam,2021-09-01,1,27.48333,94.58333,0,10.799999999999999,72.3,200.20000000000002,14.049999999999997,3.1,0.2,23.32,-15.8,109.0,1.081,146,38,0.0,11.0
UEI-IMD-FL-2021-0018,darrang,Assam,2021-09-01,1,26.63333,92.8,0,59.9,107.6,218.7,15.32,17.4,1.4,30689.22,8.9,70.0,0.36,91,44,0.0,11.0
UEI-IMD-FL-2021-0018,chirang,Assam,2021-09-01,1,29.87368,79.81931,0,37.5,112.30000000000001,170.4,18.049999999999997,1.0,2.0,16.5,32.7,1202.0,33.243,43,22,0.0,11.0
UEI-IMD-FL-2021-0018,bongaigaon,Assam,2021-09-01,1,26.47703,90.55815,0,35.9,147.20000000000002,290.29999999999995,16.32,26.5,5.0,3.97,-32.0,59.0,0.36,62,33,0.0,11.0
UEI-IMD-FL-2021-0018,biswanath,Assam,2021-09-01,1,26.72577,93.14659,0,32.6,85.0,200.29999999999998,15.07,6.8,0.2,6.36,4.3,81.0,0.541,40,22,0.0,11.0
UEI-IMD-FL-2021-0018,barpeta,Assam,2021-09-01,1,26.32293,91.00632,0,16.599999999999998,109.4,157.79999999999998,18.14,8.2,1.1,20.28,-15.3,46.0,0.36,105,40,0.0,11.0
UEI-IMD-FL-2021-0021,dhubri,Assam,2021-09-02,1,26.01856,89.98564,0,29.1,134.7,238.6,17.470000000000002,4.0,1.6,41303.77,-11.1,34.0,0.901,87,41,0.0,11.0
UEI-IMD-FL-2021-0021,dhemaji,Assam,2021-09-02,1,27.48333,94.58333,0,10.5,69.59999999999998,192.8,15.32,0.2,1.8,21.54,-44.4,109.0,1.081,147,38,0.0,11.0
UEI-IMD-FL-2021-0021,darrang,Assam,2021-09-02,1,26.63333,92.8,0,71.8,124.1,197.1,17.37,1.4,3.4,29173.28,-25.2,70.0,0.36,92,44,0.0,11.0
UEI-IMD-FL-2021-0021,chirang,Assam,2021-09-02,1,29.87368,79.81931,0,34.5,110.39999999999999,164.9,17.88,2.0,0.8,15.94,25.1,1202.0,33.243,44,22,0.0,11.0
UEI-IMD-FL-2021-0021,bongaigaon,Assam,2021-09-02,1,26.47703,90.55815,0,41.099999999999994,123.9,286.69999999999993,17.08,5.0,1.8,3.7,-50.9,59.0,0.36,63,33,0.0,11.0
UEI-IMD-FL-2021-0021,biswanath,Assam,2021-09-02,1,26.72577,93.14659,0,33.0,83.7,164.1,16.439999999999998,0.2,0.3,5.78,-29.0,81.0,0.541,41,22,0.0,11.0
UEI-IMD-FL-2021-0021,barpeta,Assam,2021-09-02,1,26.32293,91.00632,0,13.0,98.60000000000001,160.4,19.049999999999997,1.1,2.3,20.63,-23.0,46.0,0.36,106,40,0.0,11.0
UEI-IMD-FL-2021-0023,barpeta,Assam,2021-09-03,1,26.32293,91.00632,0,16.5,84.20000000000002,166.49999999999997,20.269999999999996,2.3,1.8,19.75,-25.2,46.0,0.36,107,40,0.0,11.0
UEI-IMD-FL-2021-0023,biswanath,Assam,2021-09-03,1,26.72577,93.14659,0,21.8,65.2,161.0,17.73,0.3,1.6,5.31,-52.3,81.0,0.541,42,22,0.0,11.0
UEI-IMD-FL-2021-0023,bongaigaon,Assam,2021-09-03,1,26.47703,90.55815,0,51.2,121.1,297.9,18.75,1.8,7.0,3.4,-53.4,59.0,0.36,64,33,0.0,11.0
UEI-IMD-FL-2021-0023,chirang,Assam,2021-09-03,1,29.87368,79.81931,0,10.100000000000001,88.50000000000001,155.5,20.549999999999997,0.8,0.3,15.18,17.7,1202.0,33.243,45,22,0.0,11.0
UEI-IMD-FL-2021-0023,darrang,Assam,2021-09-03,1,26.63333,92.8,0,51.3,122.80000000000001,204.20000000000002,18.61,3.4,3.5,27668.41,-39.0,70.0,0.36,93,44,0.0,11.0
UEI-IMD-FL-2021-0023,dhemaji,Assam,2021-09-03,1,27.48333,94.58333,0,10.799999999999999,52.4,189.6,18.130000000000003,1.8,0.0,19.99,-51.3,109.0,1.081,148,38,0.0,11.0
UEI-IMD-FL-2021-0023,dhubri,Assam,2021-09-03,1,26.01856,89.98564,0,44.4,101.6,254.99999999999997,18.85,1.6,6.6,39173.18,-34.2,34.0,0.901,88,41,0.0,11.0
UEI-IMD-FL-2021-0025,bongaigaon,Assam,2021-09-04,1,26.47703,90.55815,0,51.4,93.5,293.7,20.91,7.0,18.4,3.14,-45.0,59.0,0.36,65,33,0.0,11.0
UEI-IMD-FL-2021-0025,dhemaji,Assam,2021-09-04,1,27.48333,94.58333,0,6.4,38.1,177.49999999999997,20.93,0.0,0.9,18.59,-50.6,109.0,1.081,149,38,0.0,11.0
UEI-IMD-FL-2021-0025,darrang,Assam,2021-09-04,1,26.63333,92.8,0,44.699999999999996,110.10000000000002,192.8,21.619999999999997,3.5,5.0,26423.09,-38.9,70.0,0.36,94,44,0.0,11.0
UEI-IMD-FL-2021-0025,chirang,Assam,2021-09-04,1,29.87368,79.81931,0,6.2,71.60000000000001,139.89999999999998,22.78,0.3,2.4,14.38,1.0,1202.0,33.243,46,22,0.0,11.0
UEI-IMD-FL-2021-0025,barpeta,Assam,2021-09-04,1,26.32293,91.00632,0,15.7,39.800000000000004,166.1,22.749999999999996,1.8,35.0,18.05,-26.7,46.0,0.36,108,40,0.0,11.0
UEI-IMD-FL-2021-0205,beed,Maharashtra,2021-09-05,1,18.98921,75.75634,1,48.5,91.19999999999999,100.19999999999999,22.79,12.4,60.6,0.2,,510.0,0.631,50,30,0.0,11.0
UEI-IMD-FL-2021-0206,beed,Maharashtra,2021-09-05,1,18.98921,75.75634,1,48.5,91.19999999999999,100.19999999999999,22.79,12.4,60.6,0.2,,510.0,0.631,50,30,0.0,11.0
UEI-IMD-FL-2021-0028,darrang,Assam,2021-09-05,1,26.63333,92.8,0,22.199999999999996,108.0,195.00000000000003,23.7,5.0,26.2,25408.74,-38.1,70.0,0.36,95,44,0.0,11.0
UEI-IMD-FL-2021-0206,dharashiv,Maharashtra,2021-09-05,1,18.18158,76.03889,0,37.8,69.1,78.9,21.42,7.8,40.8,0.53,488.9,665.0,2.072,37,25,0.0,58.0
UEI-IMD-FL-2021-0028,barpeta,Assam,2021-09-05,1,26.32293,91.00632,0,11.599999999999998,34.599999999999994,163.79999999999998,24.08,35.0,59.2,16.46,-28.1,46.0,0.36,109,40,0.0,11.0
UEI-IMD-FL-2021-0028,chirang,Assam,2021-09-05,1,29.87368,79.81931,0,3.8,44.5,136.60000000000002,25.38,2.4,17.0,13.66,-18.8,1202.0,33.243,47,22,0.0,11.0
UEI-IMD-FL-2021-0028,dhemaji,Assam,2021-09-05,1,27.48333,94.58333,0,5.1000000000000005,19.0,166.6,23.400000000000002,0.9,1.0,17.32,-45.7,109.0,1.081,150,38,0.0,11.0
UEI-IMD-FL-2021-0208,akola,Maharashtra,2021-09-06,1,20.70957,76.9981,0,46.8,201.89999999999998,213.39999999999998,22.05,31.3,7.7,1.68,52.7,285.0,0.36,56,34,0.0,11.0
UEI-IMD-FL-2021-0207,beed,Maharashtra,2021-09-06,1,18.98921,75.75634,0,59.8,104.69999999999999,114.69999999999999,22.880000000000003,60.6,47.2,0.25,400.0,510.0,0.631,52,30,0.0,11.0
UEI-IMD-FL-2021-0207,akola,Maharashtra,2021-09-06,1,20.70957,76.9981,0,46.8,201.89999999999998,213.39999999999998,22.05,31.3,7.7,1.68,52.7,285.0,0.36,56,34,0.0,11.0
UEI-IMD-FL-2021-0207,beed,Maharashtra,2021-09-06,1,18.98921,75.75634,0,59.8,104.69999999999999,114.69999999999999,22.880000000000003,60.6,47.2,0.25,400.0,510.0,0.631,52,30,0.0,11.0
UEI-IMD-FL-2021-0210,gondia,Maharashtra,2021-09-06,1,21.46026,80.19205,0,22.900000000000002,46.6,74.2,26.79,6.2,11.2,5.31,-56.7,319.0,1.441,31,24,0.0,336.0
UEI-IMD-FL-2021-0209,beed,Maharashtra,2021-09-06,1,18.98921,75.75634,0,59.8,104.69999999999999,114.69999999999999,22.880000000000003,60.6,47.2,0.25,400.0,510.0,0.631,52,30,0.0,11.0
UEI-IMD-FL-2021-0207,aurangabad,Maharashtra,2021-09-06,1,19.87757,75.34226,0,46.4,116.3,120.4,20.49,41.5,28.6,2.6,-54.4,587.0,0.631,82,43,0.0,11.0
UEI-IMD-FL-2021-0029,chirang,Assam,2021-09-06,1,29.87368,79.81931,0,3.0999999999999996,38.599999999999994,132.10000000000002,25.57,17.0,17.4,12.96,-24.7,1202.0,33.243,48,22,0.0,11.0
UEI-IMD-FL-2021-0029,darrang,Assam,2021-09-06,1,26.63333,92.8,0,8.3,97.5,194.8,25.82,26.2,4.9,25643.84,-31.3,70.0,0.36,96,44,0.0,11.0
UEI-IMD-FL-2021-0029,dhemaji,Assam,2021-09-06,1,27.48333,94.58333,0,2.0,15.6,152.19999999999996,25.619999999999997,1.0,1.9,16.3,-41.3,109.0,1.081,151,38,0.0,11.0
UEI-IMD-FL-2021-0207,gondia,Maharashtra,2021-09-06,1,21.46026,80.19205,0,22.900000000000002,46.6,74.2,26.79,6.2,11.2,5.31,-56.7,319.0,1.441,31,24,0.0,336.0
UEI-IMD-FL-2021-0034,ahmedabad,Gujarat,2021-09-06,1,23.02579,72.58727,0,7.6,83.0,89.6,22.19,4.5,17.6,1.77,-40.0,53.0,0.631,49,31,0.0,372.0
UEI-IMD-FL-2021-0207,dharashiv,Maharashtra,2021-09-06,1,18.18158,76.03889,0,57.3,81.30000000000001,99.19999999999999,21.32,40.8,14.7,0.66,288.2,665.0,2.072,38,25,0.0,11.0
UEI-IMD-FL-2021-0207,akola,Maharashtra,2021-09-06,1,20.70957,76.9981,0,46.8,201.89999999999998,213.39999999999998,22.05,31.3,7.7,1.68,52.7,285.0,0.36,56,34,0.0,11.0
UEI-IMD-FL-2021-0246,cuttack,Odisha,2021-09-11,1,20.46497,85.87927,0,20.2,62.2,114.5,23.96,77.1,116.9,3757.37,33.1,27.0,0.18,56,32,0.0,415.0
UEI-IMD-FL-2021-0246,dhenkanal,Odisha,2021-09-11,1,20.65744,85.59693,0,16.299999999999997,67.7,129.0,23.72,51.1,176.9,0.41,-6.8,73.0,3.333,26,19,0.0,415.0
UEI-IMD-FL-2021-0290,chitrakoot,Uttar Pradesh,2021-09-13,1,25.21473,80.91645,0,27.900000000000002,57.39999999999999,94.39999999999999,25.96,15.4,38.0,0.11,-47.6,137.0,0.901,27,17,0.0,43.0
UEI-IMD-FL-2021-0292,bara banki,Uttar Pradesh,2021-09-14,1,26.92384,81.17927,0,14.6,39.7,72.19999999999999,25.610000000000003,22.3,166.8,0.9,3.4,122.0,0.631,64,33,0.0,392.0
UEI-IMD-FL-2021-0293,bareilly,Uttar Pradesh,2021-09-14,1,28.36678,79.43167,0,12.2,29.800000000000004,52.199999999999996,25.98,0.4,26.5,1.55,1.3,177.0,0.36,37,25,0.0,1145.0
UEI-IMD-FL-2021-0291,ballia,Uttar Pradesh,2021-09-14,1,25.42139,86.31445,0,11.899999999999999,27.199999999999996,61.0,28.539999999999996,24.6,1.4,0.69,-11.5,43.0,0.45,62,37,0.0,44.0
UEI-IMD-FL-2021-0299,bara banki,Uttar Pradesh,2021-09-14,1,26.92384,81.17927,0,14.6,39.7,72.19999999999999,25.610000000000003,22.3,166.8,0.9,3.4,122.0,0.631,64,33,0.0,392.0
UEI-IMD-FL-2021-0305,basti,Uttar Pradesh,2021-09-17,1,20.25185,84.38419,0,49.599999999999994,221.3,291.3999999999999,18.75,3.1,11.6,2.47,502.4,636.0,5.045,54,30,0.0,395.0
UEI-IMD-FL-2021-0218,gondia,Maharashtra,2021-09-19,1,21.46026,80.19205,0,33.8,199.0,284.40000000000003,15.99,38.5,8.7,30.33,205.1,319.0,1.441,33,25,0.0,12.0
UEI-IMD-FL-2021-0218,bhandara,Maharashtra,2021-09-19,1,21.16817,79.64885,0,18.4,114.30000000000001,246.0,17.59,18.4,7.6,2348.63,153.7,257.0,0.27,54,31,0.0,349.0
UEI-IMD-FL-2021-0219,chandrapur,Maharashtra,2021-09-19,1,19.95076,79.29523,0,7.300000000000001,29.799999999999997,130.5,22.57,5.7,13.2,0.83,-66.4,184.0,1.261,55,33,0.0,59.0
UEI-IMD-FL-2021-0218,chandrapur,Maharashtra,2021-09-19,1,19.95076,79.29523,0,7.300000000000001,29.799999999999997,130.5,22.57,5.7,13.2,0.83,-66.4,184.0,1.261,55,33,0.0,59.0
UEI-IMD-FL-2021-0223,amravati,Maharashtra,2021-09-27,1,20.93333,77.75,0,15.8,39.50000000000001,69.5,19.78,27.1,1.0,1.57,8.3,342.0,0.721,66,36,0.0,67.0
UEI-IMD-FL-2021-0223,aurangabad,Maharashtra,2021-09-27,1,19.87757,75.34226,0,37.0,85.1,114.79999999999998,17.12,96.2,4.8,4.06,126.8,587.0,0.631,83,43,0.0,20.0
UEI-IMD-FL-2021-0229,dharashiv,Maharashtra,2021-09-27,1,18.18158,76.03889,0,9.0,64.8,85.99999999999999,14.919999999999998,40.4,2.8,1.59,160.7,665.0,2.072,39,25,0.0,20.0
UEI-IMD-FL-2021-0223,beed,Maharashtra,2021-09-27,1,18.98921,75.75634,0,20.799999999999997,98.8,115.8,16.17,43.8,1.7,1.23,53.7,510.0,0.631,55,30,0.0,20.0
UEI-IMD-FL-2021-0225,beed,Maharashtra,2021-09-27,1,18.98921,75.75634,0,20.799999999999997,98.8,115.8,16.17,43.8,1.7,1.23,53.7,510.0,0.631,55,30,0.0,20.0
UEI-IMD-FL-2021-0224,aurangabad,Maharashtra,2021-09-27,1,19.87757,75.34226,0,37.0,85.1,114.79999999999998,17.12,96.2,4.8,4.06,126.8,587.0,0.631,83,43,0.0,20.0
UEI-IMD-FL-2021-0223,dharashiv,Maharashtra,2021-09-27,1,18.18158,76.03889,0,9.0,64.8,85.99999999999999,14.919999999999998,40.4,2.8,1.59,160.7,665.0,2.072,39,25,0.0,20.0
UEI-IMD-FL-2021-0232,beed,Maharashtra,2021-10-01,1,18.98921,75.75634,0,46.5,86.7,165.09999999999997,18.79,4.6,3.6,1.45,25.0,510.0,0.631,57,30,0.0,11.0
UEI-IMD-FL-2021-0232,aurangabad,Maharashtra,2021-10-01,1,19.87757,75.34226,0,102.4,146.10000000000002,195.50000000000003,18.59,6.4,2.1,2.37,11.3,587.0,0.631,85,43,0.0,11.0
UEI-IMD-FL-2021-0056,belagavi,Karnataka,2021-10-02,1,15.85212,74.50447,0,18.1,38.9,93.1,20.03,4.0,3.1,1.6,33.3,762.0,1.441,58,29,0.0,72.0
UEI-IMD-FL-2021-0235,aurangabad,Maharashtra,2021-10-05,1,19.87757,75.34226,0,10.2,119.2,204.0,21.28,6.4,1.1,1.76,-61.9,587.0,0.631,86,43,0.0,11.0
UEI-IMD-FL-2021-0239,ahmednagar,Maharashtra,2021-10-08,1,23.59893,72.96602,0,0.2,1.6,72.5,27.68,0.8,0.3,0.24,-55.6,145.0,2.432,37,22,0.0,38.0
UEI-IMD-FL-2021-0237,ahmednagar,Maharashtra,2021-10-08,1,23.59893,72.96602,0,0.2,1.6,72.5,27.68,0.8,0.3,0.24,-55.6,145.0,2.432,37,22,0.0,38.0
UEI-IMD-FL-2021-0238,dharashiv,Maharashtra,2021-10-08,1,18.18158,76.03889,0,12.400000000000002,41.7,116.7,25.540000000000003,3.6,15.7,1.07,-32.7,665.0,2.072,41,25,0.0,11.0
UEI-IMD-FL-2021-0086,alappuzha,Kerala,2021-10-08,1,9.49004,76.3264,0,40.89999999999999,87.9,198.4,21.029999999999998,15.8,13.1,1.85,-11.5,7.0,0.631,102,38,0.0,304.0
UEI-IMD-FL-2021-0239,dharashiv,Maharashtra,2021-10-08,1,18.18158,76.03889,0,12.400000000000002,41.7,116.7,25.540000000000003,3.6,15.7,1.07,-32.7,665.0,2.072,41,25,0.0,11.0
UEI-IMD-FL-2021-0109,alappuzha,Kerala,2021-10-10,1,9.49004,76.3264,0,26.5,81.6,214.8,19.87,24.9,40.0,2.12,3.4,7.0,0.631,103,39,0.0,11.0
UEI-IMD-FL-2021-0108,alappuzha,Kerala,2021-10-10,1,9.49004,76.3264,0,26.5,81.6,214.8,19.87,24.9,40.0,2.12,3.4,7.0,0.631,103,39,0.0,11.0
UEI-IMD-FL-2021-0099,alappuzha,Kerala,2021-10-15,1,9.49004,76.3264,0,48.4,110.1,198.0,18.669999999999998,47.4,13.9,2.77,49.7,7.0,0.631,105,39,0.0,11.0
UEI-IMD-FL-2021-0098,alappuzha,Kerala,2021-10-15,1,9.49004,76.3264,0,48.4,110.1,198.0,18.669999999999998,47.4,13.9,2.77,49.7,7.0,0.631,105,39,0.0,11.0
UEI-IMD-FL-2021-0312,chamoli,Uttarakhand,2021-10-15,1,30.40271,79.33303,0,0.0,0.0,18.7,26.490000000000002,0.0,0.6,145.55,-17.5,1102.0,40.18,30,19,0.0,250.0
UEI-IMD-FL-2021-0312,bageshwar,Uttarakhand,2021-10-15,1,29.83738,79.77161,0,0.0,0.8,24.4,26.369999999999997,0.0,0.0,0.99,-28.3,885.0,14.865,10,7,0.0,677.0
UEI-IMD-FL-2021-0312,almora,Uttarakhand,2021-10-15,1,29.59713,79.65911,0,0.0,1.1,10.6,25.28,0.0,0.7,10.43,-23.4,1604.0,20.901,19,15,0.0,979.0
UEI-IMD-FL-2021-0312,champawat,Uttarakhand,2021-10-15,1,29.33501,80.07783,0,0.0,4.3,26.3,24.38,0.0,2.0,2.28,-21.6,1637.0,27.117,7,5,0.0,4838.0
UEI-IMD-FL-2021-0118,alappuzha,Kerala,2021-11-04,1,9.49004,76.3264,0,78.7,129.49999999999997,198.6,17.12,25.9,2.4,2.43,-27.0,7.0,0.631,107,39,0.0,19.0
UEI-IMD-FL-2021-0260,chennai,Tamil Nadu,2021-11-05,1,13.08784,80.27847,2,52.0,117.9,158.6,16.78,17.9,58.3,,,15.0,0.901,54,33,0.0,997.0
UEI-IMD-FL-2021-0269,chennai,Tamil Nadu,2021-11-06,1,13.08784,80.27847,2,68.6,127.80000000000001,174.6,16.61,58.3,12.8,,,15.0,0.901,55,34,0.0,11.0
UEI-IMD-FL-2021-0003,chittoor,Andhra Pradesh,2021-11-07,1,13.21055,79.0956,0,50.400000000000006,94.9,122.69999999999999,15.98,6.4,4.1,86.7,557.3,320.0,1.712,18,14,0.0,420.0
UEI-IMD-FL-2021-0119,alappuzha,Kerala,2021-11-12,1,9.49004,76.3264,0,13.2,55.7,198.39999999999998,19.75,28.0,53.5,2.16,-12.9,7.0,0.631,108,39,0.0,11.0
UEI-IMD-FL-2021-0058,chitradurga,Karnataka,2021-11-14,1,14.22262,76.40038,0,33.2,35.400000000000006,59.0,18.11,10.3,16.2,0.66,6500.0,738.0,1.892,32,19,0.0,674.0
UEI-IMD-FL-2021-0125,alappuzha,Kerala,2021-11-14,1,9.49004,76.3264,0,39.9,63.599999999999994,221.69999999999996,18.32,42.4,19.8,3.65,60.1,7.0,0.631,109,39,0.0,11.0
UEI-IMD-FL-2021-0276,chennai,Tamil Nadu,2021-12-29,1,13.08784,80.27847,2,1.0,1.0,1.0,26.990000000000002,11.7,17.3,,,15.0,0.901,56,34,0.0,52.0
UEI-IMD-FL-2022-0825,bundi,Rajasthan,2021-12-31,1,21.78062,83.91393,0,35.0,35.0,35.0,17.990000000000002,0.0,0.0,20.09,16.5,205.0,1.351,28,19,0.0,148.0
UEI-IMD-FL-2022-0825,alwar,Rajasthan,2021-12-31,1,27.56246,76.625,0,0.0,10.9,10.9,14.309999999999999,0.0,0.0,0.78,21.9,272.0,0.631,36,26,0.0,502.0
UEI-IMD-FL-2022-0825,banswara,Rajasthan,2021-12-31,1,23.54109,74.4425,0,12.2,12.2,12.2,20.22,0.0,0.0,0.03,0.0,226.0,1.351,25,18,0.0,496.0
UEI-IMD-FL-2022-0825,baran,Rajasthan,2021-12-31,1,20.40714,85.83496,0,12.4,14.8,14.8,18.860000000000003,0.0,0.0,1.62,-8.5,27.0,0.541,25,16,0.0,837.0
UEI-IMD-FL-2022-0825,barmer,Rajasthan,2021-12-31,1,25.74572,71.39211,0,1.3,1.5,1.5,20.459999999999997,0.0,0.0,0.09,0.0,207.0,3.874,23,16,0.0,1255.0
UEI-IMD-FL-2022-0825,bhilwara,Rajasthan,2021-12-31,1,25.34707,74.64081,0,16.4,16.4,16.4,17.35,0.0,0.0,0.11,83.3,419.0,0.901,24,19,0.0,840.0
UEI-IMD-FL-2022-0825,bikaner,Rajasthan,2021-12-31,1,28.01762,73.31495,0,4.8,5.2,5.2,15.939999999999998,0.0,0.0,0.14,180.0,232.0,0.901,30,19,0.0,194.0
UEI-IMD-FL-2022-0825,churu,Rajasthan,2021-12-31,1,28.30415,74.96718,0,0.0,7.3,7.7,15.04,0.0,0.0,0.03,50.0,292.0,0.631,19,14,0.0,4180.0
UEI-IMD-FL-2022-0825,dausa,Rajasthan,2021-12-31,1,26.89,76.33584,0,6.1,13.899999999999999,13.899999999999999,14.83,0.0,0.0,0.31,10.7,348.0,6.937,14,12,0.0,2699.0
UEI-IMD-FL-2022-0825,dholpur,Rajasthan,2021-12-31,1,20.70376,84.48351,0,8.2,8.299999999999999,8.299999999999999,19.62,0.0,0.0,908.91,-5.2,84.0,0.991,20,15,0.0,837.0
UEI-IMD-FL-2022-0598,bhandara,Maharashtra,2022-01-07,1,21.16817,79.64885,0,0.0,0.0,29.400000000000002,21.99,2.4,9.6,15.98,-35.1,257.0,0.27,55,32,0.0,109.0
UEI-IMD-FL-2022-0599,chandrapur,Maharashtra,2022-01-07,1,19.95076,79.29523,0,0.0,0.0,13.2,23.13,1.0,5.0,0.09,-25.0,184.0,1.261,57,33,0.0,109.0
UEI-IMD-FL-2022-0601,gondia,Maharashtra,2022-01-07,1,21.46026,80.19205,0,0.0,0.0,31.900000000000002,21.6,1.1,6.0,0.53,-60.4,319.0,1.441,34,25,0.0,109.0
UEI-IMD-FL-2022-0597,amravati,Maharashtra,2022-01-07,1,20.93333,77.75,0,0.0,0.0,6.3999999999999995,23.179999999999996,3.9,5.6,0.06,-25.0,342.0,0.721,67,36,0.0,101.0
UEI-IMD-FL-2022-1105,cooch behar,West Bengal,2022-04-02,1,26.32539,89.44508,0,35.099999999999994,45.7,52.39999999999999,20.32,28.9,11.4,93.84,17.2,49.0,0.541,31,24,0.0,993.0
UEI-IMD-FL-2022-0487,dharwad,Karnataka,2022-04-30,1,15.46005,75.00778,0,1.3,1.5,14.299999999999999,41.03,0.0,0.0,0.25,0.0,728.0,1.712,52,29,0.0,282.0
UEI-IMD-FL-2022-0488,dharwad,Karnataka,2022-05-03,1,15.46005,75.00778,0,0.0,1.5,1.5,40.9,2.2,0.1,0.22,-12.0,728.0,1.712,53,30,0.0,11.0
UEI-IMD-FL-2022-0079,dhemaji,Assam,2022-05-11,1,27.48333,94.58333,0,51.7,73.5,122.4,30.700000000000003,26.2,93.4,11.85,-43.9,109.0,1.081,152,38,0.0,246.0
UEI-IMD-FL-2022-0016,changlang,Arunachal Pradesh,2022-05-12,1,27.13177,95.73486,0,99.4,126.9,184.29999999999998,28.330000000000002,34.3,30.3,58.84,49.8,367.0,21.802,20,17,0.0,1336.0
UEI-IMD-FL-2022-0014,changlang,Arunachal Pradesh,2022-05-12,1,27.13177,95.73486,0,99.4,126.9,184.29999999999998,28.330000000000002,34.3,30.3,58.84,49.8,367.0,21.802,20,17,0.0,1336.0
UEI-IMD-FL-2022-0087,dhemaji,Assam,2022-05-13,1,27.48333,94.58333,0,134.1,136.29999999999998,204.0,28.03,62.7,57.7,28.11,66.2,109.0,1.081,153,39,0.0,11.0
UEI-IMD-FL-2022-0097,darrang,Assam,2022-05-14,1,26.63333,92.8,0,121.7,153.0,193.60000000000002,25.270000000000003,37.6,91.8,20182.66,79.1,70.0,0.36,97,44,0.0,249.0
UEI-IMD-FL-2022-0098,dhemaji,Assam,2022-05-14,1,27.48333,94.58333,0,178.0,229.7,295.7,24.310000000000002,57.7,23.9,44.71,190.1,109.0,1.081,154,39,0.0,11.0
UEI-IMD-FL-2022-1107,cooch behar,West Bengal,2022-05-14,1,26.32539,89.44508,0,91.8,114.1,154.0,27.89,95.0,107.5,177.24,40.9,49.0,0.541,32,25,0.0,41.0
UEI-IMD-FL-2022-0092,baksa,Assam,2022-05-14,1,28.7643,78.00321,0,0.0,0.3,7.7,44.69,0.0,0.0,0.12,0.0,217.0,0.541,32,20,0.0,857.0
UEI-IMD-FL-2022-0093,baksa,Assam,2022-05-14,1,28.7643,78.00321,0,0.0,0.3,7.7,44.69,0.0,0.0,0.12,0.0,217.0,0.541,32,20,0.0,857.0
UEI-IMD-FL-2022-0094,biswanath,Assam,2022-05-14,1,26.72577,93.14659,0,182.1,207.9,236.9,23.72,80.6,68.8,11.91,1127.8,81.0,0.541,43,22,0.0,252.0
UEI-IMD-FL-2022-0110,baksa,Assam,2022-05-14,1,28.7643,78.00321,0,0.0,0.3,7.7,44.69,0.0,0.0,0.12,0.0,217.0,0.541,32,20,0.0,857.0
UEI-IMD-FL-2022-0112,baksa,Assam,2022-05-15,1,28.7643,78.00321,0,0.0,0.3,7.699999999999999,44.83,0.0,1.1,0.12,0.0,217.0,0.541,35,21,0.0,11.0
UEI-IMD-FL-2022-0136,baksa,Assam,2022-05-15,1,28.7643,78.00321,0,0.0,0.3,7.699999999999999,44.83,0.0,1.1,0.12,0.0,217.0,0.541,35,21,0.0,11.0
UEI-IMD-FL-2022-0119,dhemaji,Assam,2022-05-15,1,27.48333,94.58333,0,182.3,292.4,352.8,20.84,23.9,87.2,42.45,200.2,109.0,1.081,155,39,0.0,11.0
UEI-IMD-FL-2022-0118,darrang,Assam,2022-05-15,1,26.63333,92.8,0,133.89999999999998,184.3,209.39999999999998,22.520000000000003,91.8,104.1,25762.2,142.7,70.0,0.36,98,45,0.0,11.0
UEI-IMD-FL-2022-0115,bongaigaon,Assam,2022-05-15,1,26.47703,90.55815,0,194.7,216.89999999999998,238.0,23.18,88.3,52.7,7.97,442.2,59.0,0.36,66,33,0.0,252.0
UEI-IMD-FL-2022-0114,biswanath,Assam,2022-05-15,1,26.72577,93.14659,0,199.6,248.7,266.90000000000003,20.71,68.8,105.3,18.63,1947.3,81.0,0.541,44,23,0.0,11.0
UEI-IMD-FL-2022-0113,barpeta,Assam,2022-05-15,1,26.32293,91.00632,0,202.4,215.1,253.29999999999998,23.67,73.8,110.5,42.85,393.7,46.0,0.36,110,40,0.0,251.0
UEI-IMD-FL-2022-0140,baksa,Assam,2022-05-16,1,28.7643,78.00321,0,0.0,0.0,7.2,45.33,1.1,0.0,0.12,0.0,217.0,0.541,37,21,0.0,11.0
UEI-IMD-FL-2022-0143,bongaigaon,Assam,2022-05-16,1,26.47703,90.55815,0,280.1,368.09999999999997,383.59999999999997,19.279999999999998,52.7,65.9,14.7,965.2,59.0,0.36,67,34,0.0,11.0
UEI-IMD-FL-2022-0139,baksa,Assam,2022-05-16,1,28.7643,78.00321,0,0.0,0.0,7.2,45.33,1.1,0.0,0.12,0.0,217.0,0.541,37,21,0.0,11.0
UEI-IMD-FL-2022-0141,barpeta,Assam,2022-05-16,1,26.32293,91.00632,0,387.1,415.4,448.4,19.57,110.5,45.2,60.94,668.5,46.0,0.36,111,41,0.0,11.0
UEI-IMD-FL-2022-0147,dhemaji,Assam,2022-05-16,1,27.48333,94.58333,0,213.8,349.9,410.5,17.25,87.2,72.3,37.02,182.8,109.0,1.081,156,39,0.0,11.0
UEI-IMD-FL-2022-0146,darrang,Assam,2022-05-16,1,26.63333,92.8,0,134.0,206.70000000000002,246.99999999999997,19.299999999999997,104.1,40.8,26180.85,156.5,70.0,0.36,99,45,0.0,11.0
UEI-IMD-FL-2022-0142,biswanath,Assam,2022-05-16,1,26.72577,93.14659,0,187.7,320.0,347.5,17.61,105.3,52.0,15.29,1657.5,81.0,0.541,45,23,0.0,11.0
UEI-IMD-FL-2022-0495,davangere,Karnataka,2022-05-16,1,14.46693,75.92694,1,7.8999999999999995,22.000000000000004,25.099999999999998,29.47,2.9,15.2,0.03,,588.0,0.901,30,18,0.0,400.0
UEI-IMD-FL-2022-0164,baksa,Assam,2022-05-16,1,28.7643,78.00321,0,0.0,0.0,7.2,45.33,1.1,0.0,0.12,0.0,217.0,0.541,37,21,0.0,11.0
UEI-IMD-FL-2022-0166,barpeta,Assam,2022-05-17,1,26.32293,91.00632,0,343.7,483.40000000000003,516.6,15.93,45.2,48.7,81.79,986.2,46.0,0.36,112,41,0.0,11.0
UEI-IMD-FL-2022-0166,biswanath,Assam,2022-05-17,1,26.72577,93.14659,0,191.0,382.8,412.59999999999997,14.260000000000002,52.0,23.9,20.88,2477.8,81.0,0.541,46,23,0.0,11.0
UEI-IMD-FL-2022-0166,bongaigaon,Assam,2022-05-17,1,26.47703,90.55815,0,279.7,454.59999999999997,467.9,15.639999999999997,65.9,47.3,12.68,867.9,59.0,0.36,68,34,0.0,11.0
UEI-IMD-FL-2022-0166,darrang,Assam,2022-05-17,1,26.63333,92.8,0,162.7,291.29999999999995,337.0,16.169999999999998,40.8,25.5,26914.34,163.0,70.0,0.36,100,45,0.0,11.0
UEI-IMD-FL-2022-0166,dhemaji,Assam,2022-05-17,1,27.48333,94.58333,0,144.3,371.79999999999995,417.99999999999994,13.380000000000003,72.3,37.5,46.86,281.9,109.0,1.081,157,39,0.0,11.0
UEI-IMD-FL-2022-0166,baksa,Assam,2022-05-17,1,28.7643,78.00321,0,0.0,0.0,6.3999999999999995,44.36,0.0,0.0,0.12,0.0,217.0,0.541,40,21,0.0,11.0
UEI-IMD-FL-2022-0166,baksa,Assam,2022-05-17,1,28.7643,78.00321,0,0.0,0.0,6.3999999999999995,44.36,0.0,0.0,0.12,0.0,217.0,0.541,40,21,0.0,11.0
UEI-IMD-FL-2022-0384,darbhanga,Bihar,2022-05-18,1,26.15216,85.89707,0,0.0,2.0,22.6,37.19,6.6,0.0,0.28,0.0,51.0,0.18,66,39,0.0,284.0
UEI-IMD-FL-2022-0168,barpeta,Assam,2022-05-18,1,26.32293,91.00632,0,384.6,593.5,618.7,13.760000000000002,48.7,107.1,76.45,902.0,46.0,0.36,113,41,0.0,11.0
UEI-IMD-FL-2022-0168,biswanath,Assam,2022-05-18,1,26.72577,93.14659,0,254.7,478.4,508.6,12.470000000000002,23.9,10.6,16.82,1443.1,81.0,0.541,47,23,0.0,11.0
UEI-IMD-FL-2022-0168,bongaigaon,Assam,2022-05-18,1,26.47703,90.55815,0,292.2,496.3,516.9,13.74,47.3,108.2,8.84,590.6,59.0,0.36,69,34,0.0,11.0
UEI-IMD-FL-2022-0168,darrang,Assam,2022-05-18,1,26.63333,92.8,0,233.5,388.5,421.0,14.85,25.5,6.4,29375.49,161.2,70.0,0.36,101,45,0.0,11.0
UEI-IMD-FL-2022-0168,dhemaji,Assam,2022-05-18,1,27.48333,94.58333,0,168.8,409.49999999999994,482.99999999999994,11.940000000000001,37.5,1.1,48.66,310.6,109.0,1.081,158,39,0.0,11.0
UEI-IMD-FL-2022-0168,dhubri,Assam,2022-05-18,1,26.01856,89.98564,0,221.8,419.7,429.3,15.92,86.3,66.7,40085.69,222.9,34.0,0.901,89,41,0.0,256.0
UEI-IMD-FL-2022-0172,biswanath,Assam,2022-05-19,1,26.72577,93.14659,0,226.1,506.3,556.2,12.49,10.6,16.7,14.49,794.4,81.0,0.541,48,23,0.0,11.0
UEI-IMD-FL-2022-0172,barpeta,Assam,2022-05-19,1,26.32293,91.00632,0,229.5,632.2,663.9000000000001,13.09,107.1,58.0,75.56,671.8,46.0,0.36,114,41,0.0,11.0
UEI-IMD-FL-2022-0172,baksa,Assam,2022-05-19,1,28.7643,78.00321,0,1.1,1.1,1.4000000000000001,43.660000000000004,0.0,0.1,0.12,0.0,217.0,0.541,42,21,0.0,11.0
UEI-IMD-FL-2022-0172,bongaigaon,Assam,2022-05-19,1,26.47703,90.55815,0,206.9,552.8,582.8,13.000000000000002,108.2,24.1,10.91,445.5,59.0,0.36,70,34,0.0,11.0
UEI-IMD-FL-2022-0615,akola,Maharashtra,2022-05-19,1,20.70957,76.9981,0,0.0,0.0,0.0,56.0,0.0,0.0,0.31,0.0,285.0,0.36,59,34,0.0,254.0
UEI-IMD-FL-2022-0616,aurangabad,Maharashtra,2022-05-19,1,19.87757,75.34226,0,0.0,0.0,0.0,55.05,0.0,0.0,0.97,0.0,587.0,0.631,87,43,0.0,225.0
UEI-IMD-FL-2022-0172,dhemaji,Assam,2022-05-19,1,27.48333,94.58333,0,183.39999999999998,423.4,533.4999999999999,13.010000000000002,1.1,19.4,53.33,252.9,109.0,1.081,159,39,0.0,11.0
UEI-IMD-FL-2022-0172,dhubri,Assam,2022-05-19,1,26.01856,89.98564,0,128.4,425.29999999999995,446.5,14.579999999999998,66.7,63.6,41113.96,187.8,34.0,0.901,90,42,0.0,11.0
UEI-IMD-FL-2022-0172,darrang,Assam,2022-05-19,1,26.63333,92.8,0,236.7,408.2,460.59999999999997,15.030000000000001,6.4,18.2,30198.52,131.7,70.0,0.36,102,45,0.0,11.0
UEI-IMD-FL-2022-0176,biswanath,Assam,2022-05-20,1,26.72577,93.14659,0,181.20000000000002,437.7,580.1,12.430000000000001,16.7,3.0,12.06,132.4,81.0,0.541,49,23,0.0,11.0
UEI-IMD-FL-2022-0176,darrang,Assam,2022-05-20,1,26.63333,92.8,0,170.39999999999998,396.2,486.09999999999997,14.69,18.2,2.1,28640.77,90.1,70.0,0.36,103,45,0.0,11.0
UEI-IMD-FL-2022-0176,dhemaji,Assam,2022-05-20,1,27.48333,94.58333,0,197.0,434.70000000000005,570.9999999999999,11.309999999999999,19.4,10.5,46.64,65.9,109.0,1.081,160,39,0.0,11.0
UEI-IMD-FL-2022-0176,dhubri,Assam,2022-05-20,1,26.01856,89.98564,0,139.5,477.7,532.6999999999999,14.21,63.6,7.2,41208.73,128.6,34.0,0.901,91,42,0.0,11.0
UEI-IMD-FL-2022-0176,barpeta,Assam,2022-05-20,1,26.32293,91.00632,0,204.39999999999998,665.3000000000002,712.6000000000001,12.85,58.0,17.3,72.28,242.1,46.0,0.36,115,41,0.0,11.0
UEI-IMD-FL-2022-0180,dhubri,Assam,2022-05-21,1,26.01856,89.98564,0,170.39999999999998,463.2,597.6,15.370000000000001,7.2,2.5,39901.48,65.2,34.0,0.901,92,42,0.0,11.0
UEI-IMD-FL-2022-0180,darrang,Assam,2022-05-21,1,26.63333,92.8,0,72.7,339.49999999999994,492.49999999999994,16.96,2.1,12.2,25584.86,26.8,70.0,0.36,104,45,0.0,11.0
UEI-IMD-FL-2022-0180,barpeta,Assam,2022-05-21,1,26.32293,91.00632,0,201.0,655.2,816.7000000000002,14.8,17.3,8.9,93.62,105.5,46.0,0.36,116,41,0.0,11.0
UEI-IMD-FL-2022-0948,agra,Uttar Pradesh,2022-05-22,1,20.49255,82.63422,1,0.3,2.8999999999999995,10.2,42.69,0.0,0.7,0.0,,277.0,1.081,37,21,0.0,1295.0
UEI-IMD-FL-2022-0184,barpeta,Assam,2022-05-22,1,26.32293,91.00632,0,213.8,643.6,858.7000000000002,15.120000000000001,8.9,0.0,76.27,78.0,46.0,0.36,117,41,0.0,11.0
UEI-IMD-FL-2022-0184,darrang,Assam,2022-05-22,1,26.63333,92.8,0,50.099999999999994,324.4,508.69999999999993,17.35,12.2,1.6,22907.68,-11.1,70.0,0.36,105,45,0.0,11.0
UEI-IMD-FL-2022-0026,changlang,Arunachal Pradesh,2022-05-23,1,27.13177,95.73486,0,23.6,153.60000000000002,379.8,14.59,2.3,47.5,58.29,-55.8,367.0,21.802,22,18,0.0,11.0
UEI-IMD-FL-2022-0187,darrang,Assam,2022-05-23,1,26.63333,92.8,0,26.700000000000003,288.9,495.6,20.14,1.6,3.2,20940.13,-20.0,70.0,0.36,106,45,0.0,11.0
UEI-IMD-FL-2022-0187,barpeta,Assam,2022-05-23,1,26.32293,91.00632,0,182.4,460.59999999999997,876.0000000000001,18.020000000000003,0.0,4.5,59.12,-3.0,46.0,0.36,118,41,0.0,11.0
UEI-IMD-FL-2022-0205,darrang,Assam,2022-06-12,1,26.63333,92.8,0,86.8,148.70000000000002,287.49999999999994,23.560000000000002,65.2,78.9,30059.77,54.5,70.0,0.36,107,45,0.0,19.0
UEI-IMD-FL-2022-0205,dhemaji,Assam,2022-06-12,1,27.48333,94.58333,0,91.60000000000001,158.5,258.59999999999997,18.83,43.9,11.7,22.77,77.9,109.0,1.081,161,39,0.0,22.0
UEI-IMD-FL-2022-0208,baksa,Assam,2022-06-13,1,28.7643,78.00321,0,0.0,0.0,0.0,59.75,0.0,0.0,0.12,0.0,217.0,0.541,43,21,0.0,24.0
UEI-IMD-FL-2022-0207,dhemaji,Assam,2022-06-13,1,27.48333,94.58333,0,73.89999999999999,163.8,271.8,18.05,11.7,60.7,27.58,119.8,109.0,1.081,162,39,0.0,11.0
UEI-IMD-FL-2022-0207,darrang,Assam,2022-06-13,1,26.63333,92.8,0,116.60000000000001,185.5,337.9,22.11,78.9,75.8,31621.78,61.4,70.0,0.36,108,45,0.0,11.0
UEI-IMD-FL-2022-0207,chirang,Assam,2022-06-13,1,29.87368,79.81931,0,0.0,0.0,0.7,43.97,0.0,0.0,0.85,0.0,1202.0,33.243,49,22,0.0,279.0
UEI-IMD-FL-2022-0207,bongaigaon,Assam,2022-06-13,1,26.47703,90.55815,0,253.1,415.0,677.5000000000001,16.15,150.9,115.4,13.06,124.8,59.0,0.36,71,34,0.0,24.0
UEI-IMD-FL-2022-0207,baksa,Assam,2022-06-13,1,28.7643,78.00321,0,0.0,0.0,0.0,59.75,0.0,0.0,0.12,0.0,217.0,0.541,43,21,0.0,24.0
UEI-IMD-FL-2022-0207,baksa,Assam,2022-06-13,1,28.7643,78.00321,0,0.0,0.0,0.0,59.75,0.0,0.0,0.12,0.0,217.0,0.541,43,21,0.0,24.0
UEI-IMD-FL-2022-0209,baksa,Assam,2022-06-14,1,28.7643,78.00321,0,0.0,0.0,0.0,62.53,0.0,3.9,0.12,0.0,217.0,0.541,46,21,0.0,11.0
UEI-IMD-FL-2022-0209,dhubri,Assam,2022-06-14,1,26.01856,89.98564,0,181.3,365.5,514.3,14.13,90.3,114.0,48527.84,82.0,34.0,0.901,93,42,0.0,23.0
UEI-IMD-FL-2022-0209,dhemaji,Assam,2022-06-14,1,27.48333,94.58333,0,80.4,202.6,308.59999999999997,16.12,60.7,28.1,29.83,138.8,109.0,1.081,163,39,0.0,11.0
UEI-IMD-FL-2022-0209,darrang,Assam,2022-06-14,1,26.63333,92.8,0,143.60000000000002,240.60000000000002,395.99999999999994,21.450000000000003,75.8,96.0,32209.68,58.9,70.0,0.36,109,45,0.0,11.0
UEI-IMD-FL-2022-0209,chirang,Assam,2022-06-14,1,29.87368,79.81931,0,0.0,0.0,0.0,44.519999999999996,0.0,4.0,0.85,0.0,1202.0,33.243,50,23,0.0,11.0
UEI-IMD-FL-2022-0209,bongaigaon,Assam,2022-06-14,1,26.47703,90.55815,0,334.6,468.0,791.3000000000001,14.720000000000002,115.4,303.4,18.82,271.2,59.0,0.36,72,34,0.0,11.0
UEI-IMD-FL-2022-0209,biswanath,Assam,2022-06-14,1,26.72577,93.14659,0,108.6,188.3,293.7,20.89,83.5,89.4,26.23,452.2,81.0,0.541,50,23,0.0,24.0
UEI-IMD-FL-2022-0209,barpeta,Assam,2022-06-14,1,26.32293,91.00632,0,304.1,451.1,556.4000000000001,14.99,106.2,149.5,78.62,76.7,46.0,0.36,119,41,0.0,21.0
UEI-IMD-FL-2022-0209,baksa,Assam,2022-06-14,1,28.7643,78.00321,0,0.0,0.0,0.0,62.53,0.0,3.9,0.12,0.0,217.0,0.541,46,21,0.0,11.0
UEI-IMD-FL-2022-0215,dhubri,Assam,2022-06-15,1,26.01856,89.98564,0,246.5,453.9,630.3,11.84,114.0,59.7,53950.05,87.5,34.0,0.901,94,42,0.0,11.0
UEI-IMD-FL-2022-0214,baksa,Assam,2022-06-15,1,28.7643,78.00321,0,0.0,0.0,0.0,66.08,3.9,4.1,0.12,0.0,217.0,0.541,48,21,0.0,11.0
UEI-IMD-FL-2022-0213,baksa,Assam,2022-06-15,1,28.7643,78.00321,0,0.0,0.0,0.0,66.08,3.9,4.1,0.12,0.0,217.0,0.541,48,21,0.0,11.0
UEI-IMD-FL-2022-0213,baksa,Assam,2022-06-15,1,28.7643,78.00321,0,0.0,0.0,0.0,66.08,3.9,4.1,0.12,0.0,217.0,0.541,48,21,0.0,11.0
UEI-IMD-FL-2022-0213,biswanath,Assam,2022-06-15,1,26.72577,93.14659,0,145.9,228.5,346.09999999999997,19.2,89.4,91.3,35.48,504.4,81.0,0.541,51,23,0.0,11.0
UEI-IMD-FL-2022-0213,bongaigaon,Assam,2022-06-15,1,26.47703,90.55815,0,330.5,580.4,932.8,12.950000000000003,303.4,98.9,19.23,227.6,59.0,0.36,73,34,0.0,11.0
UEI-IMD-FL-2022-0213,chirang,Assam,2022-06-15,1,29.87368,79.81931,0,0.0,0.0,0.0,44.6,4.0,0.4,0.85,0.0,1202.0,33.243,51,23,0.0,11.0
UEI-IMD-FL-2022-0213,darrang,Assam,2022-06-15,1,26.63333,92.8,0,195.8,310.79999999999995,467.19999999999993,19.21,96.0,102.3,35562.14,52.1,70.0,0.36,110,45,0.0,11.0
UEI-IMD-FL-2022-0213,dhemaji,Assam,2022-06-15,1,27.48333,94.58333,0,68.9,185.6,307.3,15.25,28.1,43.8,52.09,304.7,109.0,1.081,164,39,0.0,11.0
UEI-IMD-FL-2022-0213,dhubri,Assam,2022-06-15,1,26.01856,89.98564,0,246.5,453.9,630.3,11.84,114.0,59.7,53950.05,87.5,34.0,0.901,94,42,0.0,11.0
UEI-IMD-FL-2022-0213,barpeta,Assam,2022-06-15,1,26.32293,91.00632,0,354.0,537.0,666.2,13.16,149.5,94.7,108.14,178.6,46.0,0.36,120,41,0.0,11.0
UEI-IMD-FL-2022-0222,barpeta,Assam,2022-06-16,1,26.32293,91.00632,0,377.3,602.0,770.0,11.780000000000001,94.7,23.6,155.68,356.8,46.0,0.36,121,41,0.0,11.0
UEI-IMD-FL-2022-0223,darrang,Assam,2022-06-16,1,26.63333,92.8,0,219.90000000000003,358.40000000000003,518.3,17.56,102.3,39.5,41685.93,56.3,70.0,0.36,111,45,0.0,11.0
UEI-IMD-FL-2022-0226,baksa,Assam,2022-06-16,1,28.7643,78.00321,0,0.0,0.0,0.0,65.67,4.1,3.4,0.12,0.0,217.0,0.541,51,21,0.0,11.0
UEI-IMD-FL-2022-0221,baksa,Assam,2022-06-16,1,28.7643,78.00321,0,0.0,0.0,0.0,65.67,4.1,3.4,0.12,0.0,217.0,0.541,51,21,0.0,11.0
UEI-IMD-FL-2022-0221,baksa,Assam,2022-06-16,1,28.7643,78.00321,0,0.0,0.0,0.0,65.67,4.1,3.4,0.12,0.0,217.0,0.541,51,21,0.0,11.0
UEI-IMD-FL-2022-0221,barpeta,Assam,2022-06-16,1,26.32293,91.00632,0,377.3,602.0,770.0,11.780000000000001,94.7,23.6,155.68,356.8,46.0,0.36,121,41,0.0,11.0
UEI-IMD-FL-2022-0221,biswanath,Assam,2022-06-16,1,26.72577,93.14659,0,210.9,298.9,416.5,17.700000000000003,91.3,48.9,40.4,473.9,81.0,0.541,52,23,0.0,11.0
UEI-IMD-FL-2022-0221,bongaigaon,Assam,2022-06-16,1,26.47703,90.55815,0,383.29999999999995,670.0,1031.4,11.610000000000001,98.9,90.2,24.59,150.7,59.0,0.36,74,34,0.0,11.0
UEI-IMD-FL-2022-0221,chirang,Assam,2022-06-16,1,29.87368,79.81931,0,0.0,0.0,0.0,44.4,0.4,0.2,0.85,0.0,1202.0,33.243,52,23,0.0,11.0
UEI-IMD-FL-2022-0221,darrang,Assam,2022-06-16,1,26.63333,92.8,0,219.90000000000003,358.40000000000003,518.3,17.56,102.3,39.5,41685.93,56.3,70.0,0.36,111,45,0.0,11.0
UEI-IMD-FL-2022-0221,dhemaji,Assam,2022-06-16,1,27.48333,94.58333,0,116.3,221.2,356.3,14.069999999999997,43.8,32.4,67.71,310.4,109.0,1.081,165,39,0.0,11.0
UEI-IMD-FL-2022-0221,dhubri,Assam,2022-06-16,1,26.01856,89.98564,0,275.1,519.9,717.3,11.2,59.7,36.4,61800.63,78.2,34.0,0.901,96,42,0.0,11.0
UEI-IMD-FL-2022-0230,baksa,Assam,2022-06-16,1,28.7643,78.00321,0,0.0,0.0,0.0,65.67,4.1,3.4,0.12,0.0,217.0,0.541,51,21,0.0,11.0
UEI-IMD-FL-2022-0233,baksa,Assam,2022-06-17,1,28.7643,78.00321,0,3.9,3.9,3.9,64.15,3.4,0.8,0.12,0.0,217.0,0.541,55,21,0.0,11.0
UEI-IMD-FL-2022-0234,baksa,Assam,2022-06-17,1,28.7643,78.00321,0,3.9,3.9,3.9,64.15,3.4,0.8,0.12,0.0,217.0,0.541,55,21,0.0,11.0
UEI-IMD-FL-2022-0235,barpeta,Assam,2022-06-17,1,26.32293,91.00632,0,366.5,734.0,913.0999999999999,10.33,23.6,20.3,127.53,148.9,46.0,0.36,123,41,0.0,11.0
UEI-IMD-FL-2022-0242,baksa,Assam,2022-06-17,1,28.7643,78.00321,0,3.9,3.9,3.9,64.15,3.4,0.8,0.12,0.0,217.0,0.541,55,21,0.0,11.0
UEI-IMD-FL-2022-0233,baksa,Assam,2022-06-17,1,28.7643,78.00321,0,3.9,3.9,3.9,64.15,3.4,0.8,0.12,0.0,217.0,0.541,55,21,0.0,11.0
UEI-IMD-FL-2022-0233,barpeta,Assam,2022-06-17,1,26.32293,91.00632,0,366.5,734.0,913.0999999999999,10.33,23.6,20.3,127.53,148.9,46.0,0.36,123,41,0.0,11.0
UEI-IMD-FL-2022-0233,biswanath,Assam,2022-06-17,1,26.72577,93.14659,0,233.1,366.9,477.6,15.559999999999999,48.9,13.7,35.31,104.8,81.0,0.541,53,23,0.0,11.0
UEI-IMD-FL-2022-0233,bongaigaon,Assam,2022-06-17,1,26.47703,90.55815,0,569.7,939.8,1314.3,10.83,90.2,37.2,18.01,16.6,59.0,0.36,75,34,0.0,11.0
UEI-IMD-FL-2022-0233,darrang,Assam,2022-06-17,1,26.63333,92.8,0,250.7,432.50000000000006,572.2,14.91,39.5,18.2,46130.76,62.6,70.0,0.36,113,45,0.0,11.0
UEI-IMD-FL-2022-0233,dhemaji,Assam,2022-06-17,1,27.48333,94.58333,0,100.5,218.29999999999998,361.2,13.189999999999998,32.4,25.3,63.12,143.0,109.0,1.081,166,39,0.0,11.0
UEI-IMD-FL-2022-0233,chirang,Assam,2022-06-17,1,29.87368,79.81931,0,4.0,4.0,4.0,43.39,0.2,0.1,0.85,0.0,1202.0,33.243,53,23,0.0,11.0
UEI-IMD-FL-2022-0233,dhubri,Assam,2022-06-17,1,26.01856,89.98564,0,323.4,584.8,818.3999999999999,10.959999999999999,36.4,25.2,70144.56,78.7,34.0,0.901,97,42,0.0,11.0
UEI-IMD-FL-2022-0245,baksa,Assam,2022-06-18,1,28.7643,78.00321,0,8.0,8.0,8.0,60.160000000000004,0.8,0.6,0.12,0.0,217.0,0.541,59,21,0.0,11.0
UEI-IMD-FL-2022-0245,baksa,Assam,2022-06-18,1,28.7643,78.00321,0,8.0,8.0,8.0,60.160000000000004,0.8,0.6,0.12,0.0,217.0,0.541,59,21,0.0,11.0
UEI-IMD-FL-2022-0245,barpeta,Assam,2022-06-18,1,26.32293,91.00632,0,350.4,765.3000000000001,1001.4000000000001,9.32,20.3,5.6,107.14,81.7,46.0,0.36,125,41,0.0,11.0
UEI-IMD-FL-2022-0245,biswanath,Assam,2022-06-18,1,26.72577,93.14659,0,264.2,433.00000000000006,551.8,13.560000000000002,13.7,7.2,25.3,85.8,81.0,0.541,54,23,0.0,11.0
UEI-IMD-FL-2022-0245,bongaigaon,Assam,2022-06-18,1,26.47703,90.55815,0,517.6999999999999,1003.1999999999999,1358.1,9.68,37.2,39.3,14.7,-15.1,59.0,0.36,76,34,0.0,11.0
UEI-IMD-FL-2022-0245,chirang,Assam,2022-06-18,1,29.87368,79.81931,0,4.4,4.4,4.4,41.980000000000004,0.1,10.8,0.85,0.0,1202.0,33.243,54,23,0.0,11.0
UEI-IMD-FL-2022-0245,darrang,Assam,2022-06-18,1,26.63333,92.8,0,274.1,496.6,644.0999999999999,12.87,18.2,15.3,45184.62,57.0,70.0,0.36,114,45,0.0,11.0
UEI-IMD-FL-2022-0245,dhemaji,Assam,2022-06-18,1,27.48333,94.58333,0,132.60000000000002,224.7,367.50000000000006,12.57,25.3,16.5,49.82,105.1,109.0,1.081,167,39,0.0,11.0
UEI-IMD-FL-2022-0245,dhubri,Assam,2022-06-18,1,26.01856,89.98564,0,264.0,564.4,857.1,10.58,25.2,28.6,73619.73,76.6,34.0,0.901,98,42,0.0,11.0
UEI-IMD-FL-2022-0257,dhubri,Assam,2022-06-18,1,26.01856,89.98564,0,264.0,564.4,857.1,10.58,25.2,28.6,73619.73,76.6,34.0,0.901,98,42,0.0,11.0
UEI-IMD-FL-2022-0257,baksa,Assam,2022-06-18,1,28.7643,78.00321,0,8.0,8.0,8.0,60.160000000000004,0.8,0.6,0.12,0.0,217.0,0.541,59,21,0.0,11.0
UEI-IMD-FL-2022-0257,barpeta,Assam,2022-06-18,1,26.32293,91.00632,0,350.4,765.3000000000001,1001.4000000000001,9.32,20.3,5.6,107.14,81.7,46.0,0.36,125,41,0.0,11.0
UEI-IMD-FL-2022-0257,biswanath,Assam,2022-06-18,1,26.72577,93.14659,0,264.2,433.00000000000006,551.8,13.560000000000002,13.7,7.2,25.3,85.8,81.0,0.541,54,23,0.0,11.0
UEI-IMD-FL-2022-0257,bongaigaon,Assam,2022-06-18,1,26.47703,90.55815,0,517.6999999999999,1003.1999999999999,1358.1,9.68,37.2,39.3,14.7,-15.1,59.0,0.36,76,34,0.0,11.0
UEI-IMD-FL-2022-0257,chirang,Assam,2022-06-18,1,29.87368,79.81931,0,4.4,4.4,4.4,41.980000000000004,0.1,10.8,0.85,0.0,1202.0,33.243,54,23,0.0,11.0
UEI-IMD-FL-2022-0257,darrang,Assam,2022-06-18,1,26.63333,92.8,0,274.1,496.6,644.0999999999999,12.87,18.2,15.3,45184.62,57.0,70.0,0.36,114,45,0.0,11.0
UEI-IMD-FL-2022-0257,dhemaji,Assam,2022-06-18,1,27.48333,94.58333,0,132.60000000000002,224.7,367.50000000000006,12.57,25.3,16.5,49.82,105.1,109.0,1.081,167,39,0.0,11.0
UEI-IMD-FL-2022-0257,baksa,Assam,2022-06-18,1,28.7643,78.00321,0,8.0,8.0,8.0,60.160000000000004,0.8,0.6,0.12,0.0,217.0,0.541,59,21,0.0,11.0
UEI-IMD-FL-2022-0256,biswanath,Assam,2022-06-18,1,26.72577,93.14659,0,264.2,433.00000000000006,551.8,13.560000000000002,13.7,7.2,25.3,85.8,81.0,0.541,54,23,0.0,11.0
UEI-IMD-FL-2022-0256,baksa,Assam,2022-06-18,1,28.7643,78.00321,0,8.0,8.0,8.0,60.160000000000004,0.8,0.6,0.12,0.0,217.0,0.541,59,21,0.0,11.0
UEI-IMD-FL-2022-0256,baksa,Assam,2022-06-18,1,28.7643,78.00321,0,8.0,8.0,8.0,60.160000000000004,0.8,0.6,0.12,0.0,217.0,0.541,59,21,0.0,11.0
UEI-IMD-FL-2022-0254,baksa,Assam,2022-06-18,1,28.7643,78.00321,0,8.0,8.0,8.0,60.160000000000004,0.8,0.6,0.12,0.0,217.0,0.541,59,21,0.0,11.0
UEI-IMD-FL-2022-0256,barpeta,Assam,2022-06-18,1,26.32293,91.00632,0,350.4,765.3000000000001,1001.4000000000001,9.32,20.3,5.6,107.14,81.7,46.0,0.36,125,41,0.0,11.0
UEI-IMD-FL-2022-0247,darrang,Assam,2022-06-18,1,26.63333,92.8,0,274.1,496.6,644.0999999999999,12.87,18.2,15.3,45184.62,57.0,70.0,0.36,114,45,0.0,11.0
UEI-IMD-FL-2022-0256,bongaigaon,Assam,2022-06-18,1,26.47703,90.55815,0,517.6999999999999,1003.1999999999999,1358.1,9.68,37.2,39.3,14.7,-15.1,59.0,0.36,76,34,0.0,11.0
UEI-IMD-FL-2022-0256,dhubri,Assam,2022-06-18,1,26.01856,89.98564,0,264.0,564.4,857.1,10.58,25.2,28.6,73619.73,76.6,34.0,0.901,98,42,0.0,11.0
UEI-IMD-FL-2022-0256,dhemaji,Assam,2022-06-18,1,27.48333,94.58333,0,132.60000000000002,224.7,367.50000000000006,12.57,25.3,16.5,49.82,105.1,109.0,1.081,167,39,0.0,11.0
UEI-IMD-FL-2022-0256,darrang,Assam,2022-06-18,1,26.63333,92.8,0,274.1,496.6,644.0999999999999,12.87,18.2,15.3,45184.62,57.0,70.0,0.36,114,45,0.0,11.0
UEI-IMD-FL-2022-0256,chirang,Assam,2022-06-18,1,29.87368,79.81931,0,4.4,4.4,4.4,41.980000000000004,0.1,10.8,0.85,0.0,1202.0,33.243,54,23,0.0,11.0
UEI-IMD-FL-2022-0265,dhemaji,Assam,2022-06-19,1,27.48333,94.58333,0,104.30000000000001,233.9,392.40000000000003,10.860000000000001,16.5,2.9,40.5,77.9,109.0,1.081,170,39,0.0,11.0
UEI-IMD-FL-2022-0262,baksa,Assam,2022-06-19,1,28.7643,78.00321,0,11.4,11.4,11.4,54.96,0.6,5.8,0.12,0.0,217.0,0.541,66,21,0.0,11.0
UEI-IMD-FL-2022-0265,baksa,Assam,2022-06-19,1,28.7643,78.00321,0,11.4,11.4,11.4,54.96,0.6,5.8,0.12,0.0,217.0,0.541,66,21,0.0,11.0
UEI-IMD-FL-2022-0265,baksa,Assam,2022-06-19,1,28.7643,78.00321,0,11.4,11.4,11.4,54.96,0.6,5.8,0.12,0.0,217.0,0.541,66,21,0.0,11.0
UEI-IMD-FL-2022-0265,barpeta,Assam,2022-06-19,1,26.32293,91.00632,0,267.8,728.0000000000001,976.0000000000001,8.95,5.6,1.8,87.31,67.2,46.0,0.36,128,41,0.0,11.0
UEI-IMD-FL-2022-0265,biswanath,Assam,2022-06-19,1,26.72577,93.14659,0,229.6,459.0,587.6999999999999,11.870000000000001,7.2,2.9,20.13,93.9,81.0,0.541,57,23,0.0,11.0
UEI-IMD-FL-2022-0265,bongaigaon,Assam,2022-06-19,1,26.47703,90.55815,0,492.49999999999994,938.4,1355.3,9.84,39.3,10.7,12.87,-3.6,59.0,0.36,79,34,0.0,11.0
UEI-IMD-FL-2022-0265,chirang,Assam,2022-06-19,1,29.87368,79.81931,0,4.6000000000000005,4.6000000000000005,4.6000000000000005,39.83,10.8,2.7,0.85,0.0,1202.0,33.243,57,23,0.0,11.0
UEI-IMD-FL-2022-0265,darrang,Assam,2022-06-19,1,26.63333,92.8,0,237.8,509.40000000000003,658.0999999999999,11.73,15.3,7.0,40270.71,34.0,70.0,0.36,118,45,0.0,11.0
UEI-IMD-FL-2022-0265,dhubri,Assam,2022-06-19,1,26.01856,89.98564,0,210.1,546.9,834.6999999999999,11.64,28.6,27.1,67763.13,55.6,34.0,0.901,101,42,0.0,11.0
UEI-IMD-FL-2022-0258,dhemaji,Assam,2022-06-19,1,27.48333,94.58333,0,104.30000000000001,233.9,392.40000000000003,10.860000000000001,16.5,2.9,40.5,77.9,109.0,1.081,170,39,0.0,11.0
UEI-IMD-FL-2022-0259,darrang,Assam,2022-06-19,1,26.63333,92.8,0,237.8,509.40000000000003,658.0999999999999,11.73,15.3,7.0,40270.71,34.0,70.0,0.36,118,45,0.0,11.0
UEI-IMD-FL-2022-0258,dhubri,Assam,2022-06-19,1,26.01856,89.98564,0,210.1,546.9,834.6999999999999,11.64,28.6,27.1,67763.13,55.6,34.0,0.901,101,42,0.0,11.0
UEI-IMD-FL-2022-0258,chirang,Assam,2022-06-19,1,29.87368,79.81931,0,4.6000000000000005,4.6000000000000005,4.6000000000000005,39.83,10.8,2.7,0.85,0.0,1202.0,33.243,57,23,0.0,11.0
UEI-IMD-FL-2022-0258,darrang,Assam,2022-06-19,1,26.63333,92.8,0,237.8,509.40000000000003,658.0999999999999,11.73,15.3,7.0,40270.71,34.0,70.0,0.36,118,45,0.0,11.0
UEI-IMD-FL-2022-0258,baksa,Assam,2022-06-19,1,28.7643,78.00321,0,11.4,11.4,11.4,54.96,0.6,5.8,0.12,0.0,217.0,0.541,66,21,0.0,11.0
UEI-IMD-FL-2022-0258,barpeta,Assam,2022-06-19,1,26.32293,91.00632,0,267.8,728.0000000000001,976.0000000000001,8.95,5.6,1.8,87.31,67.2,46.0,0.36,128,41,0.0,11.0
UEI-IMD-FL-2022-0258,biswanath,Assam,2022-06-19,1,26.72577,93.14659,0,229.6,459.0,587.6999999999999,11.870000000000001,7.2,2.9,20.13,93.9,81.0,0.541,57,23,0.0,11.0
UEI-IMD-FL-2022-0258,bongaigaon,Assam,2022-06-19,1,26.47703,90.55815,0,492.49999999999994,938.4,1355.3,9.84,39.3,10.7,12.87,-3.6,59.0,0.36,79,34,0.0,11.0
UEI-IMD-FL-2022-0258,baksa,Assam,2022-06-19,1,28.7643,78.00321,0,11.4,11.4,11.4,54.96,0.6,5.8,0.12,0.0,217.0,0.541,66,21,0.0,11.0
UEI-IMD-FL-2022-0266,dhemaji,Assam,2022-06-20,1,27.48333,94.58333,0,101.49999999999999,245.9,409.7,10.63,2.9,3.0,35.39,28.3,109.0,1.081,172,39,0.0,11.0
UEI-IMD-FL-2022-0266,dhubri,Assam,2022-06-20,1,26.01856,89.98564,0,121.3,510.4,856.6,13.05,27.1,1.9,59291.5,30.9,34.0,0.901,103,42,0.0,11.0
UEI-IMD-FL-2022-0266,barpeta,Assam,2022-06-20,1,26.32293,91.00632,0,138.60000000000002,665.4,988.9000000000001,10.24,1.8,0.7,73.13,36.2,46.0,0.36,130,41,0.0,11.0
UEI-IMD-FL-2022-0266,chirang,Assam,2022-06-20,1,29.87368,79.81931,0,0.7000000000000001,4.7,4.7,37.97,2.7,0.5,0.85,0.0,1202.0,33.243,59,23,0.0,11.0
UEI-IMD-FL-2022-0266,bongaigaon,Assam,2022-06-20,1,26.47703,90.55815,0,226.3,913.0,1328.0,9.95,10.7,7.5,10.83,-17.1,59.0,0.36,81,34,0.0,11.0
UEI-IMD-FL-2022-0266,biswanath,Assam,2022-06-20,1,26.72577,93.14659,0,153.89999999999998,454.2,588.8,12.15,2.9,5.0,17.11,76.6,81.0,0.541,59,23,0.0,11.0
UEI-IMD-FL-2022-0266,baksa,Assam,2022-06-20,1,28.7643,78.00321,0,8.3,12.200000000000001,12.200000000000001,49.470000000000006,5.8,0.1,0.12,0.0,217.0,0.541,71,21,0.0,11.0
UEI-IMD-FL-2022-0266,baksa,Assam,2022-06-20,1,28.7643,78.00321,0,8.3,12.200000000000001,12.200000000000001,49.470000000000006,5.8,0.1,0.12,0.0,217.0,0.541,71,21,0.0,11.0
UEI-IMD-FL-2022-0266,darrang,Assam,2022-06-20,1,26.63333,92.8,0,160.0,475.90000000000003,661.4000000000001,12.79,7.0,2.1,36390.49,15.1,70.0,0.36,121,45,0.0,11.0
UEI-IMD-FL-2022-0267,barpeta,Assam,2022-06-20,1,26.32293,91.00632,0,138.60000000000002,665.4,988.9000000000001,10.24,1.8,0.7,73.13,36.2,46.0,0.36,130,41,0.0,11.0
UEI-IMD-FL-2022-0580,chhindwara,Madhya Pradesh,2022-06-21,1,22.05697,78.93958,0,56.8,95.8,114.00000000000001,28.34,1.3,6.5,0.56,366.7,690.0,1.712,30,22,0.0,636.0
UEI-IMD-FL-2022-0276,baksa,Assam,2022-06-21,1,28.7643,78.00321,0,4.8,12.8,12.8,44.31,0.1,0.0,0.12,0.0,217.0,0.541,73,21,0.0,11.0
UEI-IMD-FL-2022-0275,dhubri,Assam,2022-06-21,1,26.01856,89.98564,0,90.19999999999999,473.29999999999995,838.8000000000001,13.879999999999999,1.9,14.3,52965.34,9.1,34.0,0.901,104,42,0.0,11.0
UEI-IMD-FL-2022-0273,barpeta,Assam,2022-06-21,1,26.32293,91.00632,0,49.50000000000001,510.70000000000005,961.8000000000002,12.439999999999998,0.7,3.6,66.3,-15.7,46.0,0.36,132,41,0.0,11.0
UEI-IMD-FL-2022-0272,baksa,Assam,2022-06-21,1,28.7643,78.00321,0,4.8,12.8,12.8,44.31,0.1,0.0,0.12,0.0,217.0,0.541,73,21,0.0,11.0
UEI-IMD-FL-2022-0271,baksa,Assam,2022-06-21,1,28.7643,78.00321,0,4.8,12.8,12.8,44.31,0.1,0.0,0.12,0.0,217.0,0.541,73,21,0.0,11.0
UEI-IMD-FL-2022-0271,baksa,Assam,2022-06-21,1,28.7643,78.00321,0,4.8,12.8,12.8,44.31,0.1,0.0,0.12,0.0,217.0,0.541,73,21,0.0,11.0
UEI-IMD-FL-2022-0271,barpeta,Assam,2022-06-21,1,26.32293,91.00632,0,49.50000000000001,510.70000000000005,961.8000000000002,12.439999999999998,0.7,3.6,66.3,-15.7,46.0,0.36,132,41,0.0,11.0
UEI-IMD-FL-2022-0271,biswanath,Assam,2022-06-21,1,26.72577,93.14659,0,69.8,394.19999999999993,582.5,14.22,5.0,15.0,14.85,-43.4,81.0,0.541,60,23,0.0,11.0
UEI-IMD-FL-2022-0271,chirang,Assam,2022-06-21,1,29.87368,79.81931,0,11.100000000000001,15.5,15.5,35.32,0.5,0.2,0.85,0.0,1202.0,33.243,60,23,0.0,11.0
UEI-IMD-FL-2022-0271,bongaigaon,Assam,2022-06-21,1,26.47703,90.55815,0,166.7,835.3000000000001,1303.3,11.540000000000001,7.5,16.7,9.62,-48.9,59.0,0.36,82,34,0.0,11.0
UEI-IMD-FL-2022-0271,dhemaji,Assam,2022-06-21,1,27.48333,94.58333,0,74.2,218.50000000000003,421.1,12.26,3.0,10.3,31.96,7.1,109.0,1.081,173,39,0.0,11.0
UEI-IMD-FL-2022-0271,dhubri,Assam,2022-06-21,1,26.01856,89.98564,0,90.19999999999999,473.29999999999995,838.8000000000001,13.879999999999999,1.9,14.3,52965.34,9.1,34.0,0.901,104,42,0.0,11.0
UEI-IMD-FL-2022-0271,darrang,Assam,2022-06-21,1,26.63333,92.8,0,73.0,426.0,666.6,15.55,2.1,13.2,33961.54,5.4,70.0,0.36,122,45,0.0,11.0
UEI-IMD-FL-2022-0956,amethi,Uttar Pradesh,2022-06-22,1,26.15696,81.80519,0,1.1,15.400000000000002,15.400000000000002,50.38999999999999,0.6,2.9,0.16,33.3,104.0,0.27,29,16,0.0,1216.0
UEI-IMD-FL-2022-0277,baksa,Assam,2022-06-22,1,28.7643,78.00321,0,7.199999999999999,18.6,18.6,38.76,0.0,0.0,0.12,0.0,217.0,0.541,77,21,0.0,11.0
UEI-IMD-FL-2022-0277,baksa,Assam,2022-06-22,1,28.7643,78.00321,0,7.199999999999999,18.6,18.6,38.76,0.0,0.0,0.12,0.0,217.0,0.541,77,21,0.0,11.0
UEI-IMD-FL-2022-0277,barpeta,Assam,2022-06-22,1,26.32293,91.00632,0,27.7,401.70000000000005,938.7,14.649999999999999,3.6,1.5,60.09,-44.4,46.0,0.36,134,41,0.0,11.0
UEI-IMD-FL-2022-0277,biswanath,Assam,2022-06-22,1,26.72577,93.14659,0,23.799999999999997,336.8999999999999,565.4000000000001,15.719999999999999,15.0,11.9,13.35,-62.4,81.0,0.541,61,23,0.0,11.0
UEI-IMD-FL-2022-0277,bongaigaon,Assam,2022-06-22,1,26.47703,90.55815,0,87.2,695.1,1275.5,13.290000000000001,16.7,8.7,8.77,-54.4,59.0,0.36,83,34,0.0,11.0
UEI-IMD-FL-2022-0277,chirang,Assam,2022-06-22,1,29.87368,79.81931,0,13.600000000000001,18.2,18.2,33.42,0.2,0.0,0.85,0.0,1202.0,33.243,61,23,0.0,11.0
UEI-IMD-FL-2022-0277,dhemaji,Assam,2022-06-22,1,27.48333,94.58333,0,44.699999999999996,209.70000000000005,395.3,14.16,10.3,22.1,29.2,-43.9,109.0,1.081,174,39,0.0,11.0
UEI-IMD-FL-2022-0280,dhubri,Assam,2022-06-22,1,26.01856,89.98564,0,80.9,381.3,835.2,15.57,14.3,2.2,48751.87,-9.6,34.0,0.901,106,42,0.0,11.0
UEI-IMD-FL-2022-0278,barpeta,Assam,2022-06-22,1,26.32293,91.00632,0,27.7,401.70000000000005,938.7,14.649999999999999,3.6,1.5,60.09,-44.4,46.0,0.36,134,41,0.0,11.0
UEI-IMD-FL-2022-0277,darrang,Assam,2022-06-22,1,26.63333,92.8,0,40.5,354.1,664.9,18.11,13.2,19.0,32061.7,-9.8,70.0,0.36,123,45,0.0,11.0
UEI-IMD-FL-2022-0277,dhubri,Assam,2022-06-22,1,26.01856,89.98564,0,80.9,381.3,835.2,15.57,14.3,2.2,48751.87,-9.6,34.0,0.901,106,42,0.0,11.0
UEI-IMD-FL-2022-0628,aurangabad,Maharashtra,2022-06-23,1,19.87757,75.34226,0,23.599999999999998,32.7,68.2,33.63,14.0,3.3,2.75,183.5,587.0,0.631,88,44,0.0,34.0
UEI-IMD-FL-2022-0957,azamgarh,Uttar Pradesh,2022-06-23,1,26.06832,83.18358,0,5.5,15.4,15.9,42.05,8.0,11.3,10.72,10.6,81.0,0.27,51,34,0.0,674.0
UEI-IMD-FL-2022-0284,biswanath,Assam,2022-06-23,1,26.72577,93.14659,0,15.1,258.4,557.3000000000001,18.75,11.9,12.9,12.3,-69.6,81.0,0.541,62,23,0.0,11.0
UEI-IMD-FL-2022-0284,barpeta,Assam,2022-06-23,1,26.32293,91.00632,0,8.1,296.20000000000005,898.2,18.0,1.5,0.5,54.34,-65.1,46.0,0.36,136,41,0.0,11.0
UEI-IMD-FL-2022-0284,dhemaji,Assam,2022-06-23,1,27.48333,94.58333,0,22.4,152.00000000000003,373.2,17.619999999999997,22.1,19.8,27.84,-58.9,109.0,1.081,175,39,0.0,11.0
UEI-IMD-FL-2022-0284,dhubri,Assam,2022-06-23,1,26.01856,89.98564,0,57.6,292.9,812.8000000000001,18.35,2.2,1.1,46343.68,-25.0,34.0,0.901,108,42,0.0,11.0
UEI-IMD-FL-2022-0284,baksa,Assam,2022-06-23,1,28.7643,78.00321,0,6.499999999999999,18.700000000000003,18.700000000000003,35.42,0.0,0.0,0.12,0.0,217.0,0.541,79,21,0.0,11.0
UEI-IMD-FL-2022-0284,baksa,Assam,2022-06-23,1,28.7643,78.00321,0,6.499999999999999,18.700000000000003,18.700000000000003,35.42,0.0,0.0,0.12,0.0,217.0,0.541,79,21,0.0,11.0
UEI-IMD-FL-2022-0284,darrang,Assam,2022-06-23,1,26.63333,92.8,0,24.400000000000002,280.40000000000003,638.8000000000001,21.49,19.0,28.5,31694.67,-24.0,70.0,0.36,124,45,0.0,11.0
UEI-IMD-FL-2022-0285,barpeta,Assam,2022-06-23,1,26.32293,91.00632,0,8.1,296.20000000000005,898.2,18.0,1.5,0.5,54.34,-65.1,46.0,0.36,136,41,0.0,11.0
UEI-IMD-FL-2022-0287,darrang,Assam,2022-06-23,1,26.63333,92.8,0,24.400000000000002,280.40000000000003,638.8000000000001,21.49,19.0,28.5,31694.67,-24.0,70.0,0.36,124,45,0.0,11.0
UEI-IMD-FL-2022-0284,chirang,Assam,2022-06-23,1,29.87368,79.81931,0,14.0,18.7,18.7,32.849999999999994,0.0,1.4,0.85,0.0,1202.0,33.243,62,23,0.0,11.0
UEI-IMD-FL-2022-0289,biswanath,Assam,2022-06-24,1,26.72577,93.14659,0,22.9,183.99999999999997,550.9,21.169999999999998,12.9,18.9,11.59,-67.2,81.0,0.541,63,23,0.0,11.0
UEI-IMD-FL-2022-0290,barpeta,Assam,2022-06-24,1,26.32293,91.00632,0,6.1,150.3,884.3000000000001,21.67,0.5,3.1,49.82,-60.9,46.0,0.36,138,41,0.0,11.0
UEI-IMD-FL-2022-0292,darrang,Assam,2022-06-24,1,26.63333,92.8,0,22.299999999999997,197.6,630.1,24.46,28.5,18.6,32884.18,-28.7,70.0,0.36,126,45,0.0,11.0
UEI-IMD-FL-2022-0293,dhubri,Assam,2022-06-24,1,26.01856,89.98564,0,43.3,193.20000000000002,778.0,22.1,1.1,5.8,46130.76,-34.2,34.0,0.901,109,42,0.0,11.0
UEI-IMD-FL-2022-0289,dhubri,Assam,2022-06-24,1,26.01856,89.98564,0,43.3,193.20000000000002,778.0,22.1,1.1,5.8,46130.76,-34.2,34.0,0.901,109,42,0.0,11.0
UEI-IMD-FL-2022-0289,dhemaji,Assam,2022-06-24,1,27.48333,94.58333,0,16.200000000000003,134.2,352.5,19.409999999999997,19.8,24.4,26.48,-58.0,109.0,1.081,176,39,0.0,11.0
UEI-IMD-FL-2022-0289,baksa,Assam,2022-06-24,1,28.7643,78.00321,0,5.8999999999999995,14.799999999999999,18.700000000000003,36.53,0.0,0.1,0.12,0.0,217.0,0.541,81,21,0.0,11.0
UEI-IMD-FL-2022-0289,baksa,Assam,2022-06-24,1,28.7643,78.00321,0,5.8999999999999995,14.799999999999999,18.700000000000003,36.53,0.0,0.1,0.12,0.0,217.0,0.541,81,21,0.0,11.0
UEI-IMD-FL-2022-0289,barpeta,Assam,2022-06-24,1,26.32293,91.00632,0,6.1,150.3,884.3000000000001,21.67,0.5,3.1,49.82,-60.9,46.0,0.36,138,41,0.0,11.0
UEI-IMD-FL-2022-0289,darrang,Assam,2022-06-24,1,26.63333,92.8,0,22.299999999999997,197.6,630.1,24.46,28.5,18.6,32884.18,-28.7,70.0,0.36,126,45,0.0,11.0
UEI-IMD-FL-2022-0289,chirang,Assam,2022-06-24,1,29.87368,79.81931,0,3.4000000000000004,14.899999999999999,18.9,33.09,1.4,4.8,0.81,-4.7,1202.0,33.243,63,23,0.0,11.0
UEI-IMD-FL-2022-0296,dhemaji,Assam,2022-06-25,1,27.48333,94.58333,0,35.400000000000006,112.5,337.20000000000005,20.869999999999997,24.4,14.3,25.0,-49.8,109.0,1.081,177,39,0.0,11.0
UEI-IMD-FL-2022-0296,darrang,Assam,2022-06-25,1,26.63333,92.8,0,34.3,114.3,610.9000000000001,27.91,18.6,6.5,34354.78,-24.0,70.0,0.36,128,45,0.0,11.0
UEI-IMD-FL-2022-0296,barpeta,Assam,2022-06-25,1,26.32293,91.00632,0,5.8,57.10000000000001,822.4000000000001,25.36,3.1,12.3,46.21,-56.9,46.0,0.36,140,41,0.0,11.0
UEI-IMD-FL-2022-0296,baksa,Assam,2022-06-25,1,28.7643,78.00321,0,0.1,10.7,18.700000000000003,39.76,0.1,0.1,0.12,0.0,217.0,0.541,83,21,0.0,11.0
UEI-IMD-FL-2022-0296,baksa,Assam,2022-06-25,1,28.7643,78.00321,0,0.1,10.7,18.700000000000003,39.76,0.1,0.1,0.12,0.0,217.0,0.541,83,21,0.0,11.0
UEI-IMD-FL-2022-0296,chirang,Assam,2022-06-25,1,29.87368,79.81931,0,0.7,14.5,18.9,33.47,4.8,4.4,0.81,-4.7,1202.0,33.243,64,23,0.0,11.0
UEI-IMD-FL-2022-0303,chirang,Assam,2022-06-26,1,29.87368,79.81931,0,1.5999999999999999,15.700000000000001,20.299999999999997,34.019999999999996,4.4,12.3,0.83,-2.4,1202.0,33.243,65,23,0.0,11.0
UEI-IMD-FL-2022-0304,dhubri,Assam,2022-06-26,1,26.01856,89.98564,0,17.6,100.4,647.3,26.85,26.9,50.5,47532.53,-29.9,34.0,0.901,111,42,0.0,11.0
UEI-IMD-FL-2022-0301,baksa,Assam,2022-06-26,1,28.7643,78.00321,0,0.0,7.299999999999999,18.7,41.02,0.1,2.2,0.12,0.0,217.0,0.541,85,21,0.0,11.0
UEI-IMD-FL-2022-0301,barpeta,Assam,2022-06-26,1,26.32293,91.00632,0,5.6,34.0,762.0000000000001,26.749999999999996,12.3,38.0,42.75,-51.0,46.0,0.36,141,41,0.0,11.0
UEI-IMD-FL-2022-0301,biswanath,Assam,2022-06-26,1,26.72577,93.14659,0,39.8,68.6,527.5999999999999,24.66,5.3,38.0,10.22,-49.2,81.0,0.541,64,23,0.0,11.0
UEI-IMD-FL-2022-0301,bongaigaon,Assam,2022-06-26,1,26.47703,90.55815,0,65.69999999999999,160.4,1098.8,23.619999999999997,29.5,58.6,6.73,-47.7,59.0,0.36,84,34,0.0,11.0
UEI-IMD-FL-2022-0301,chirang,Assam,2022-06-26,1,29.87368,79.81931,0,1.5999999999999999,15.700000000000001,20.299999999999997,34.019999999999996,4.4,12.3,0.83,-2.4,1202.0,33.243,65,23,0.0,11.0
UEI-IMD-FL-2022-0301,baksa,Assam,2022-06-26,1,28.7643,78.00321,0,0.0,7.299999999999999,18.7,41.02,0.1,2.2,0.12,0.0,217.0,0.541,85,21,0.0,11.0
UEI-IMD-FL-2022-0301,dhemaji,Assam,2022-06-26,1,27.48333,94.58333,0,52.2,99.89999999999999,333.80000000000007,21.6,14.3,88.6,24.0,-40.7,109.0,1.081,178,39,0.0,11.0
UEI-IMD-FL-2022-0301,dhubri,Assam,2022-06-26,1,26.01856,89.98564,0,17.6,100.4,647.3,26.85,26.9,50.5,47532.53,-29.9,34.0,0.901,111,42,0.0,11.0
UEI-IMD-FL-2022-0301,darrang,Assam,2022-06-26,1,26.63333,92.8,0,60.7,103.3,612.7,28.919999999999998,6.5,62.9,34993.53,-13.1,70.0,0.36,129,45,0.0,11.0
UEI-IMD-FL-2022-0306,dhubri,Assam,2022-06-27,1,26.01856,89.98564,0,9.1,81.0,591.4,27.669999999999995,50.5,47.8,48639.7,-18.0,34.0,0.901,113,42,0.0,11.0
UEI-IMD-FL-2022-0306,dhemaji,Assam,2022-06-27,1,27.48333,94.58333,0,66.30000000000001,99.0,344.9,22.5,88.6,23.5,30.92,-12.6,109.0,1.081,179,39,0.0,11.0
UEI-IMD-FL-2022-0306,chirang,Assam,2022-06-27,1,29.87368,79.81931,0,6.199999999999999,20.4,25.099999999999998,33.12,12.3,19.3,0.95,11.8,1202.0,33.243,67,23,0.0,11.0
UEI-IMD-FL-2022-0306,biswanath,Assam,2022-06-27,1,26.72577,93.14659,0,43.7,73.8,527.9999999999999,25.17,38.0,4.6,9.72,-43.2,81.0,0.541,65,23,0.0,11.0
UEI-IMD-FL-2022-0306,barpeta,Assam,2022-06-27,1,26.32293,91.00632,0,5.1,16.8,682.2,28.47,38.0,23.4,39.83,-45.5,46.0,0.36,142,41,0.0,11.0
UEI-IMD-FL-2022-0306,baksa,Assam,2022-06-27,1,28.7643,78.00321,0,0.1,6.599999999999999,18.800000000000004,43.959999999999994,2.2,0.4,0.12,0.0,217.0,0.541,87,21,0.0,11.0
UEI-IMD-FL-2022-0306,darrang,Assam,2022-06-27,1,26.63333,92.8,0,66.1,103.69999999999999,579.6000000000001,29.150000000000002,62.9,7.5,36981.81,1.6,70.0,0.36,130,45,0.0,11.0
UEI-IMD-FL-2022-0308,biswanath,Assam,2022-06-27,1,26.72577,93.14659,0,43.7,73.8,527.9999999999999,25.17,38.0,4.6,9.72,-43.2,81.0,0.541,65,23,0.0,11.0
UEI-IMD-FL-2022-0307,barpeta,Assam,2022-06-27,1,26.32293,91.00632,0,5.1,16.8,682.2,28.47,38.0,23.4,39.83,-45.5,46.0,0.36,142,41,0.0,11.0
UEI-IMD-FL-2022-0306,baksa,Assam,2022-06-27,1,28.7643,78.00321,0,0.1,6.599999999999999,18.800000000000004,43.959999999999994,2.2,0.4,0.12,0.0,217.0,0.541,87,21,0.0,11.0
UEI-IMD-FL-2022-0310,chirang,Assam,2022-06-27,1,29.87368,79.81931,0,6.199999999999999,20.4,25.099999999999998,33.12,12.3,19.3,0.95,11.8,1202.0,33.243,67,23,0.0,11.0
UEI-IMD-FL-2022-0311,darrang,Assam,2022-06-27,1,26.63333,92.8,0,66.1,103.69999999999999,579.6000000000001,29.150000000000002,62.9,7.5,36981.81,1.6,70.0,0.36,130,45,0.0,11.0
UEI-IMD-FL-2022-0312,dhemaji,Assam,2022-06-27,1,27.48333,94.58333,0,66.30000000000001,99.0,344.9,22.5,88.6,23.5,30.92,-12.6,109.0,1.081,179,39,0.0,11.0
UEI-IMD-FL-2022-0317,baksa,Assam,2022-06-28,1,28.7643,78.00321,0,0.2,6.099999999999999,18.900000000000006,45.54,0.4,17.5,0.12,0.0,217.0,0.541,89,21,0.0,11.0
UEI-IMD-FL-2022-0318,barpeta,Assam,2022-06-28,1,26.32293,91.00632,0,15.9,23.5,534.2,28.379999999999995,23.4,4.6,43.67,-34.1,46.0,0.36,144,41,0.0,11.0
UEI-IMD-FL-2022-0319,biswanath,Assam,2022-06-28,1,26.72577,93.14659,0,37.099999999999994,71.89999999999999,466.0999999999999,23.84,4.6,33.2,9.45,-36.4,81.0,0.541,67,23,0.0,11.0
UEI-IMD-FL-2022-0320,dhemaji,Assam,2022-06-28,1,27.48333,94.58333,0,58.5,96.8,315.3,22.270000000000003,23.5,8.2,33.43,4.6,109.0,1.081,181,39,0.0,11.0
UEI-IMD-FL-2022-0317,chirang,Assam,2022-06-28,1,29.87368,79.81931,0,10.6,14.000000000000002,29.5,32.66,19.3,24.8,1.36,60.0,1202.0,33.243,69,23,0.0,11.0
UEI-IMD-FL-2022-0317,baksa,Assam,2022-06-28,1,28.7643,78.00321,0,0.2,6.099999999999999,18.900000000000006,45.54,0.4,17.5,0.12,0.0,217.0,0.541,89,21,0.0,11.0
UEI-IMD-FL-2022-0317,barpeta,Assam,2022-06-28,1,26.32293,91.00632,0,15.9,23.5,534.2,28.379999999999995,23.4,4.6,43.67,-34.1,46.0,0.36,144,41,0.0,11.0
UEI-IMD-FL-2022-0317,biswanath,Assam,2022-06-28,1,26.72577,93.14659,0,37.099999999999994,71.89999999999999,466.0999999999999,23.84,4.6,33.2,9.45,-36.4,81.0,0.541,67,23,0.0,11.0
UEI-IMD-FL-2022-0317,darrang,Assam,2022-06-28,1,26.63333,92.8,0,53.6,94.9,520.9,27.619999999999997,7.5,37.5,40549.84,19.4,70.0,0.36,132,45,0.0,11.0
UEI-IMD-FL-2022-0317,dhemaji,Assam,2022-06-28,1,27.48333,94.58333,0,58.5,96.8,315.3,22.270000000000003,23.5,8.2,33.43,4.6,109.0,1.081,181,39,0.0,11.0
UEI-IMD-FL-2022-0444,chamba,Himachal Pradesh,2022-06-28,1,32.55531,76.12647,0,0.7,13.9,24.799999999999997,32.25,1.3,4.3,2.58,-1.5,946.0,24.685,66,31,0.0,336.0
UEI-IMD-FL-2022-0325,baksa,Assam,2022-06-29,1,28.7643,78.00321,0,2.4000000000000004,2.5,21.1,47.14,17.5,1.4,0.14,16.7,217.0,0.541,91,21,0.0,11.0
UEI-IMD-FL-2022-0326,barpeta,Assam,2022-06-29,1,26.32293,91.00632,0,53.4,59.7,461.40000000000003,26.09,4.6,39.8,44.39,-26.1,46.0,0.36,146,41,0.0,11.0
UEI-IMD-FL-2022-0325,barpeta,Assam,2022-06-29,1,26.32293,91.00632,0,53.4,59.7,461.40000000000003,26.09,4.6,39.8,44.39,-26.1,46.0,0.36,146,41,0.0,11.0
UEI-IMD-FL-2022-0325,biswanath,Assam,2022-06-29,1,26.72577,93.14659,0,62.2,107.0,443.9,21.560000000000002,33.2,18.4,9.62,-27.9,81.0,0.541,69,23,0.0,11.0
UEI-IMD-FL-2022-0325,chirang,Assam,2022-06-29,1,29.87368,79.81931,0,21.5,23.6,41.8,32.04,24.8,4.1,2.66,212.9,1202.0,33.243,70,23,0.0,11.0
UEI-IMD-FL-2022-0325,darrang,Assam,2022-06-29,1,26.63333,92.8,0,88.0,150.8,504.90000000000003,24.240000000000002,37.5,18.2,40737.04,27.1,70.0,0.36,133,45,0.0,11.0
UEI-IMD-FL-2022-0325,dhemaji,Assam,2022-06-29,1,27.48333,94.58333,0,127.3,182.5,392.19999999999993,19.700000000000003,8.2,7.2,31.58,8.2,109.0,1.081,183,39,0.0,11.0
UEI-IMD-FL-2022-0325,baksa,Assam,2022-06-29,1,28.7643,78.00321,0,2.4000000000000004,2.5,21.1,47.14,17.5,1.4,0.14,16.7,217.0,0.541,91,21,0.0,11.0
UEI-IMD-FL-2022-0325,dhubri,Assam,2022-06-29,1,26.01856,89.98564,0,83.19999999999999,102.7,484.0,26.109999999999996,10.4,7.6,55974.78,14.8,34.0,0.901,114,42,0.0,11.0
UEI-IMD-FL-2022-0332,baksa,Assam,2022-06-30,1,28.7643,78.00321,0,2.7,2.8000000000000003,21.5,46.74999999999999,1.4,1.6,0.2,66.7,217.0,0.541,93,21,0.0,11.0
UEI-IMD-FL-2022-0332,darrang,Assam,2022-06-30,1,26.63333,92.8,0,76.9,156.20000000000002,436.6,20.819999999999997,18.2,12.9,36981.81,16.7,70.0,0.36,134,45,0.0,11.0
UEI-IMD-FL-2022-0332,chirang,Assam,2022-06-30,1,29.87368,79.81931,0,36.0,42.400000000000006,61.099999999999994,29.83,4.1,4.6,5.03,491.8,1202.0,33.243,71,23,0.0,11.0
UEI-IMD-FL-2022-0332,biswanath,Assam,2022-06-30,1,26.72577,93.14659,0,47.9,106.6,364.99999999999994,18.799999999999997,18.4,11.7,9.28,-24.6,81.0,0.541,70,23,0.0,11.0
UEI-IMD-FL-2022-0332,barpeta,Assam,2022-06-30,1,26.32293,91.00632,0,73.69999999999999,82.4,378.6,23.78,39.8,7.6,41.95,-22.8,46.0,0.36,148,41,0.0,11.0
UEI-IMD-FL-2022-0332,dhemaji,Assam,2022-06-30,1,27.48333,94.58333,0,126.39999999999999,203.0,355.0,17.25,7.2,3.7,30.19,8.4,109.0,1.081,184,39,0.0,11.0
UEI-IMD-FL-2022-0332,baksa,Assam,2022-06-30,1,28.7643,78.00321,0,2.7,2.8000000000000003,21.5,46.74999999999999,1.4,1.6,0.2,66.7,217.0,0.541,93,21,0.0,11.0
UEI-IMD-FL-2022-0334,dhemaji,Assam,2022-07-01,1,27.48333,94.58333,0,120.3,200.89999999999998,335.09999999999997,16.92,3.7,18.0,27.84,5.1,109.0,1.081,185,39,0.0,11.0
UEI-IMD-FL-2022-0334,darrang,Assam,2022-07-01,1,26.63333,92.8,0,107.9,180.5,378.1,21.080000000000002,12.9,21.9,33883.43,3.0,70.0,0.36,135,45,0.0,11.0
UEI-IMD-FL-2022-0334,biswanath,Assam,2022-07-01,1,26.72577,93.14659,0,75.80000000000001,124.8,308.8,19.19,11.7,19.3,8.79,-24.2,81.0,0.541,71,23,0.0,11.0
UEI-IMD-FL-2022-0334,barpeta,Assam,2022-07-01,1,26.32293,91.00632,0,66.0,83.39999999999999,233.70000000000002,23.29,7.6,2.4,39.09,-21.5,46.0,0.36,149,41,0.0,11.0
UEI-IMD-FL-2022-0334,baksa,Assam,2022-07-01,1,28.7643,78.00321,0,20.1,20.3,35.099999999999994,40.67,1.6,9.8,0.22,83.3,217.0,0.541,95,21,0.0,11.0
UEI-IMD-FL-2022-0334,chirang,Assam,2022-07-01,1,29.87368,79.81931,0,56.400000000000006,67.0,81.89999999999999,27.130000000000003,4.6,21.5,6.26,672.8,1202.0,33.243,72,23,0.0,11.0
UEI-IMD-FL-2022-0334,baksa,Assam,2022-07-01,1,28.7643,78.00321,0,20.1,20.3,35.099999999999994,40.67,1.6,9.8,0.22,83.3,217.0,0.541,95,21,0.0,11.0
UEI-IMD-FL-2022-0798,bikaner,Rajasthan,2022-07-01,1,28.01762,73.31495,0,0.0,0.0,19.500000000000004,60.08,15.8,8.7,0.64,190.9,232.0,0.901,31,20,0.0,181.0
UEI-IMD-FL-2022-0339,biswanath,Assam,2022-07-02,1,26.72577,93.14659,0,56.2,131.29999999999998,235.9,18.54,19.3,22.4,8.27,-24.2,81.0,0.541,72,23,0.0,11.0
UEI-IMD-FL-2022-0339,darrang,Assam,2022-07-02,1,26.63333,92.8,0,63.2,179.7,294.0,20.740000000000002,21.9,12.7,31840.96,-7.3,70.0,0.36,136,45,0.0,11.0
UEI-IMD-FL-2022-0339,baksa,Assam,2022-07-02,1,28.7643,78.00321,0,19.299999999999997,21.7,32.4,36.620000000000005,9.8,1.9,0.22,83.3,217.0,0.541,97,21,0.0,11.0
UEI-IMD-FL-2022-0339,barpeta,Assam,2022-07-02,1,26.32293,91.00632,0,67.8,121.69999999999999,178.8,21.21,2.4,1.0,35.98,-22.1,46.0,0.36,150,41,0.0,11.0
UEI-IMD-FL-2022-0339,baksa,Assam,2022-07-02,1,28.7643,78.00321,0,19.299999999999997,21.7,32.4,36.620000000000005,9.8,1.9,0.22,83.3,217.0,0.541,97,21,0.0,11.0
UEI-IMD-FL-2022-0339,chirang,Assam,2022-07-02,1,29.87368,79.81931,0,48.2,71.1,85.6,26.08,21.5,1.8,6.53,706.2,1202.0,33.243,73,23,0.0,11.0
UEI-IMD-FL-2022-0341,baksa,Assam,2022-07-03,1,28.7643,78.00321,0,20.5,23.3,30.6,34.72,1.9,0.4,0.22,83.3,217.0,0.541,99,21,0.0,11.0
UEI-IMD-FL-2022-0341,barpeta,Assam,2022-07-03,1,26.32293,91.00632,0,52.0,128.79999999999998,162.79999999999998,22.409999999999997,1.0,4.3,33.12,-22.5,46.0,0.36,151,41,0.0,11.0
UEI-IMD-FL-2022-0341,biswanath,Assam,2022-07-03,1,26.72577,93.14659,0,63.3,130.1,198.70000000000002,21.27,22.4,4.3,7.81,-23.6,81.0,0.541,73,23,0.0,11.0
UEI-IMD-FL-2022-0341,chirang,Assam,2022-07-03,1,29.87368,79.81931,0,33.5,74.29999999999998,89.99999999999999,25.509999999999998,1.8,1.8,6.76,714.5,1202.0,33.243,74,23,0.0,11.0
UEI-IMD-FL-2022-0341,darrang,Assam,2022-07-03,1,26.63333,92.8,0,68.60000000000001,164.1,267.4,22.439999999999998,12.7,5.6,30689.22,-12.3,70.0,0.36,137,45,0.0,11.0
UEI-IMD-FL-2022-0341,baksa,Assam,2022-07-03,1,28.7643,78.00321,0,20.5,23.3,30.6,34.72,1.9,0.4,0.22,83.3,217.0,0.541,99,21,0.0,11.0
UEI-IMD-FL-2022-0345,dhemaji,Assam,2022-07-04,1,27.48333,94.58333,0,28.9,163.49999999999997,262.5,22.950000000000003,2.9,23.4,23.43,-24.2,109.0,1.081,186,39,0.0,11.0
UEI-IMD-FL-2022-0345,baksa,Assam,2022-07-04,1,28.7643,78.00321,0,12.8,33.0,39.599999999999994,32.69,0.4,6.7,0.22,83.3,217.0,0.541,101,21,0.0,11.0
UEI-IMD-FL-2022-0345,chirang,Assam,2022-07-04,1,29.87368,79.81931,0,30.2,90.99999999999999,111.39999999999998,25.630000000000003,1.8,10.8,7.02,638.9,1202.0,33.243,75,23,0.0,11.0
UEI-IMD-FL-2022-0345,biswanath,Assam,2022-07-04,1,26.72577,93.14659,0,49.4,130.5,204.29999999999998,21.939999999999998,4.3,17.8,7.34,-24.5,81.0,0.541,74,23,0.0,11.0
UEI-IMD-FL-2022-0345,barpeta,Assam,2022-07-04,1,26.32293,91.00632,0,49.8,128.09999999999997,144.89999999999998,21.94,4.3,5.7,30.62,-23.1,46.0,0.36,152,41,0.0,11.0
UEI-IMD-FL-2022-0345,baksa,Assam,2022-07-04,1,28.7643,78.00321,0,12.8,33.0,39.599999999999994,32.69,0.4,6.7,0.22,83.3,217.0,0.541,101,21,0.0,11.0
UEI-IMD-FL-2022-0345,darrang,Assam,2022-07-04,1,26.63333,92.8,0,53.0,167.4,271.09999999999997,22.79,5.6,20.1,29784.16,-19.5,70.0,0.36,138,45,0.0,11.0
UEI-IMD-FL-2022-0348,baksa,Assam,2022-07-05,1,28.7643,78.00321,0,13.3,34.800000000000004,40.9,31.28,6.7,4.1,0.2,66.7,217.0,0.541,103,21,0.0,11.0
UEI-IMD-FL-2022-0348,chirang,Assam,2022-07-05,1,29.87368,79.81931,0,27.900000000000002,88.4,102.39999999999999,26.03,10.8,11.5,7.79,472.8,1202.0,33.243,76,23,0.0,11.0
UEI-IMD-FL-2022-0348,darrang,Assam,2022-07-05,1,26.63333,92.8,0,47.5,173.6,268.5,24.130000000000003,20.1,0.1,28706.82,-29.2,70.0,0.36,139,45,0.0,11.0
UEI-IMD-FL-2022-0348,baksa,Assam,2022-07-05,1,28.7643,78.00321,0,13.3,34.800000000000004,40.9,31.28,6.7,4.1,0.2,66.7,217.0,0.541,103,21,0.0,11.0
UEI-IMD-FL-2022-0350,baksa,Assam,2022-07-06,1,28.7643,78.00321,0,12.100000000000001,33.0,35.5,30.549999999999997,4.1,0.0,0.19,35.7,217.0,0.541,105,21,0.0,11.0
UEI-IMD-FL-2022-0456,bilaspur,Himachal Pradesh,2022-07-06,1,31.33027,76.75663,0,34.4,145.6,154.4,23.809999999999995,0.4,10.7,0.52,-21.2,506.0,14.054,59,30,0.0,679.0
UEI-IMD-FL-2022-0350,baksa,Assam,2022-07-06,1,28.7643,78.00321,0,12.100000000000001,33.0,35.5,30.549999999999997,4.1,0.0,0.19,35.7,217.0,0.541,105,21,0.0,11.0
UEI-IMD-FL-2022-0350,chirang,Assam,2022-07-06,1,29.87368,79.81931,0,25.1,77.9,101.49999999999999,26.02,11.5,10.0,8.82,231.6,1202.0,33.243,77,23,0.0,11.0
UEI-IMD-FL-2022-0355,baksa,Assam,2022-07-07,1,28.7643,78.00321,0,9.0,39.300000000000004,42.1,28.610000000000003,0.0,3.6,0.17,-15.0,217.0,0.541,107,21,0.0,11.0
UEI-IMD-FL-2022-0355,chirang,Assam,2022-07-07,1,29.87368,79.81931,0,14.4,69.39999999999999,111.79999999999998,26.5,10.0,32.0,8.98,78.5,1202.0,33.243,78,23,0.0,11.0
UEI-IMD-FL-2022-0355,baksa,Assam,2022-07-07,1,28.7643,78.00321,0,9.0,39.300000000000004,42.1,28.610000000000003,0.0,3.6,0.17,-15.0,217.0,0.541,107,21,0.0,11.0
UEI-IMD-FL-2022-1123,anantnag,Jammu & Kashmir,2022-07-07,1,33.73068,75.15418,0,1.5000000000000002,2.8,2.8,36.76,0.0,0.2,1.86,14.8,1602.0,8.108,35,21,0.0,342.0
UEI-IMD-FL-2022-0357,baksa,Assam,2022-07-08,1,28.7643,78.00321,0,11.2,25.9,46.2,32.35,3.6,5.1,0.16,-27.3,217.0,0.541,109,21,0.0,11.0
UEI-IMD-FL-2022-0357,biswanath,Assam,2022-07-08,1,26.72577,93.14659,0,22.3,94.1,218.9,30.939999999999998,6.3,8.6,5.56,-36.7,81.0,0.541,75,23,0.0,11.0
UEI-IMD-FL-2022-0357,chirang,Assam,2022-07-08,1,29.87368,79.81931,0,24.1,56.099999999999994,123.09999999999998,27.71,32.0,37.6,9.3,48.6,1202.0,33.243,79,23,0.0,11.0
UEI-IMD-FL-2022-0357,baksa,Assam,2022-07-08,1,28.7643,78.00321,0,11.2,25.9,46.2,32.35,3.6,5.1,0.16,-27.3,217.0,0.541,109,21,0.0,11.0
UEI-IMD-FL-2022-0419,ahmedabad,Gujarat,2022-07-10,1,23.02579,72.58727,0,188.10000000000002,235.70000000000002,294.5,24.63,54.6,5.0,3.67,32.0,53.0,0.631,50,32,0.0,306.0
UEI-IMD-FL-2022-0419,chota udaipur,Gujarat,2022-07-10,1,22.30401,74.0158,1,61.3,98.5,144.20000000000002,22.45,22.9,37.3,0.02,,144.0,0.901,12,8,0.0,3209.0
UEI-IMD-FL-2022-0387,bijapur,Chhattisgarh,2022-07-10,1,16.82442,75.71537,0,39.3,56.2,92.39999999999999,21.28,5.9,9.8,0.3,500.0,599.0,0.991,32,18,0.0,912.0
UEI-IMD-FL-2022-0421,chota udaipur,Gujarat,2022-07-10,1,22.30401,74.0158,1,61.3,98.5,144.20000000000002,22.45,22.9,37.3,0.02,,144.0,0.901,12,8,0.0,3209.0
UEI-IMD-FL-2022-0422,dangs,Gujarat,2022-07-10,1,26.31191,84.60651,0,4.9,16.5,145.5,38.690000000000005,0.3,0.0,0.47,-48.9,67.0,0.36,24,17,0.0,1279.0
UEI-IMD-FL-2022-0420,ahmedabad,Gujarat,2022-07-10,1,23.02579,72.58727,0,188.10000000000002,235.70000000000002,294.5,24.63,54.6,5.0,3.67,32.0,53.0,0.631,50,32,0.0,306.0
UEI-IMD-FL-2022-0359,chirang,Assam,2022-07-10,1,29.87368,79.81931,0,53.5,89.4,163.7,24.790000000000003,18.9,25.0,11.13,64.6,1202.0,33.243,80,23,0.0,11.0
UEI-IMD-FL-2022-0359,baksa,Assam,2022-07-10,1,28.7643,78.00321,0,7.699999999999999,26.5,49.8,33.26,0.4,5.8,0.22,0.0,217.0,0.541,111,21,0.0,11.0
UEI-IMD-FL-2022-0431,amreli,Gujarat,2022-07-11,1,21.59983,71.21169,0,24.1,63.39999999999999,94.69999999999999,17.25,33.1,16.9,0.41,1950.0,123.0,0.721,37,26,0.0,366.0
UEI-IMD-FL-2022-0430,dangs,Gujarat,2022-07-11,1,26.31191,84.60651,0,4.5,6.2,144.4,40.64000000000001,0.0,0.3,0.45,-40.0,67.0,0.36,25,18,0.0,11.0
UEI-IMD-FL-2022-0430,amreli,Gujarat,2022-07-11,1,21.59983,71.21169,0,24.1,63.39999999999999,94.69999999999999,17.25,33.1,16.9,0.41,1950.0,123.0,0.721,37,26,0.0,366.0
UEI-IMD-FL-2022-0432,bharuch,Gujarat,2022-07-11,1,21.69482,72.9805,0,96.8,174.10000000000002,238.0,18.94,14.4,24.8,25.73,9796.2,15.0,1.441,47,29,0.0,680.0
UEI-IMD-FL-2022-0430,bharuch,Gujarat,2022-07-11,1,21.69482,72.9805,0,96.8,174.10000000000002,238.0,18.94,14.4,24.8,25.73,9796.2,15.0,1.441,47,29,0.0,680.0
UEI-IMD-FL-2022-0433,dangs,Gujarat,2022-07-11,1,26.31191,84.60651,0,4.5,6.2,144.4,40.64000000000001,0.0,0.3,0.45,-40.0,67.0,0.36,25,18,0.0,11.0
UEI-IMD-FL-2022-0360,baksa,Assam,2022-07-11,1,28.7643,78.00321,0,8.7,21.799999999999997,54.800000000000004,32.51,5.8,0.2,0.2,-9.1,217.0,0.541,112,21,0.0,11.0
UEI-IMD-FL-2022-0880,adilabad,Telangana,2022-07-11,1,19.67203,78.5359,0,169.5,278.09999999999997,320.0,15.219999999999999,55.7,157.4,6.24,2613.0,255.0,1.081,23,15,0.0,2500.0
UEI-IMD-FL-2022-0360,chirang,Assam,2022-07-11,1,29.87368,79.81931,0,79.6,105.5,196.5,24.939999999999998,25.0,5.7,10.69,52.3,1202.0,33.243,81,23,0.0,11.0
UEI-IMD-FL-2022-0801,banswara,Rajasthan,2022-07-12,1,23.54109,74.4425,0,31.6,91.80000000000001,174.2,19.840000000000003,25.0,20.4,0.14,55.6,226.0,1.351,26,19,0.0,192.0
UEI-IMD-FL-2022-0362,chirang,Assam,2022-07-12,1,29.87368,79.81931,0,88.5,122.6,211.0,25.57,5.7,14.3,11.05,41.8,1202.0,33.243,82,23,0.0,11.0
UEI-IMD-FL-2022-0362,baksa,Assam,2022-07-12,1,28.7643,78.00321,0,9.1,20.299999999999997,55.10000000000001,32.74,0.2,15.4,0.19,-5.0,217.0,0.541,113,21,0.0,11.0
UEI-IMD-FL-2022-0364,chirang,Assam,2022-07-13,1,29.87368,79.81931,0,81.5,145.8,223.7,24.79,14.3,4.8,11.59,31.4,1202.0,33.243,83,23,0.0,11.0
UEI-IMD-FL-2022-0390,dhamtari,Chhattisgarh,2022-07-13,1,20.70718,81.54874,0,80.9,144.9,244.40000000000006,21.08,28.1,3.6,6.36,251.4,323.0,0.27,2,2,0.0,4327.0
UEI-IMD-FL-2022-0364,baksa,Assam,2022-07-13,1,28.7643,78.00321,0,11.3,25.7,58.7,31.84,15.4,0.9,0.19,0.0,217.0,0.541,114,21,0.0,11.0
UEI-IMD-FL-2022-0902,adilabad,Telangana,2022-07-14,1,19.67203,78.5359,0,298.3,474.6,595.6999999999999,12.149999999999999,27.3,3.1,61.37,7870.1,255.0,1.081,24,16,0.0,11.0
UEI-IMD-FL-2022-0392,balod,Chhattisgarh,2022-07-14,1,20.73081,81.20578,0,99.20000000000002,170.50000000000003,307.0,20.709999999999997,10.9,13.1,18.1,800.5,329.0,1.351,0,0,35.77,36500.0
UEI-IMD-FL-2022-0393,bijapur,Chhattisgarh,2022-07-14,1,16.82442,75.71537,0,47.300000000000004,97.0,134.9,14.899999999999999,1.4,2.5,0.37,131.2,599.0,0.991,33,19,0.0,11.0
UEI-IMD-FL-2022-0552,alappuzha,Kerala,2022-07-15,1,9.49004,76.3264,0,21.5,49.6,158.29999999999998,21.740000000000002,9.7,2.3,3.66,-22.1,7.0,0.631,110,39,0.0,242.0
UEI-IMD-FL-2022-0366,biswanath,Assam,2022-07-16,1,26.72577,93.14659,0,8.7,54.19999999999999,133.20000000000002,36.41,26.1,5.2,4.08,-22.6,81.0,0.541,76,23,0.0,11.0
UEI-IMD-FL-2022-0366,baksa,Assam,2022-07-16,1,28.7643,78.00321,0,16.5,31.4,55.9,32.7,13.0,3.5,0.2,0.0,217.0,0.541,115,21,0.0,11.0
UEI-IMD-FL-2022-0368,baksa,Assam,2022-07-18,1,28.7643,78.00321,0,15.0,36.8,58.6,34.65,5.2,17.9,0.19,-5.0,217.0,0.541,116,21,0.0,11.0
UEI-IMD-FL-2022-0679,amravati,Maharashtra,2022-07-18,1,20.93333,77.75,0,67.5,194.10000000000002,295.49999999999994,16.22,0.5,0.5,8.08,19.5,342.0,0.721,68,37,0.0,191.0
UEI-IMD-FL-2022-0805,banswara,Rajasthan,2022-07-19,1,23.54109,74.4425,0,60.5,151.5,243.3,20.32,2.2,2.2,0.22,57.1,226.0,1.351,27,19,0.0,11.0
UEI-IMD-FL-2022-0964,banda,Uttar Pradesh,2022-07-20,1,21.41522,83.68574,0,23.3,145.0,274.2,24.490000000000002,8.4,28.8,1.08,92.9,176.0,0.45,30,21,0.0,353.0
UEI-IMD-FL-2022-0808,alwar,Rajasthan,2022-07-24,1,27.56246,76.625,0,38.3,73.0,107.3,26.64,9.3,4.8,2.27,-31.8,272.0,0.631,37,27,0.0,204.0
UEI-IMD-FL-2022-0811,bikaner,Rajasthan,2022-07-27,1,28.01762,73.31495,0,29.1,54.0,126.8,29.780000000000005,0.9,0.0,0.81,55.8,232.0,0.901,32,20,0.0,25.0
UEI-IMD-FL-2022-0972,banda,Uttar Pradesh,2022-07-29,1,21.41522,83.68574,0,20.9,107.09999999999998,181.70000000000002,24.339999999999996,6.9,2.4,1.12,3.7,176.0,0.45,31,22,0.0,11.0
UEI-IMD-FL-2022-0812,bikaner,Rajasthan,2022-07-31,1,28.01762,73.31495,0,1.2,35.699999999999996,100.4,29.869999999999997,2.5,0.4,0.25,-78.1,232.0,0.901,33,20,0.0,11.0
UEI-IMD-FL-2022-0565,alappuzha,Kerala,2022-08-01,1,9.49004,76.3264,0,33.3,39.400000000000006,103.00000000000001,25.73,33.6,42.5,2.16,-24.5,7.0,0.631,111,40,0.0,16.0
UEI-IMD-FL-2022-0581,chhatarpur,Madhya Pradesh,2022-08-03,1,19.7246,83.40138,0,16.299999999999997,68.10000000000001,166.9,28.270000000000003,0.0,1.0,3.14,-19.3,410.0,1.081,14,12,0.0,705.0
UEI-IMD-FL-2022-0685,amravati,Maharashtra,2022-08-03,1,20.93333,77.75,0,1.5,9.699999999999998,89.6,29.64,23.4,33.6,3.33,-24.3,342.0,0.721,69,37,0.0,15.0
UEI-IMD-FL-2022-0979,bara banki,Uttar Pradesh,2022-08-06,1,26.92384,81.17927,0,42.1,80.60000000000001,163.3,23.98,9.1,2.1,1.89,133.3,122.0,0.631,66,34,0.0,325.0
UEI-IMD-FL-2022-0514,belagavi,Karnataka,2022-08-07,1,15.85212,74.50447,0,69.2,110.8,181.2,20.37,16.5,21.2,6.41,72.3,762.0,1.441,59,29,0.0,308.0
UEI-IMD-FL-2022-0461,chamba,Himachal Pradesh,2022-08-07,1,32.55531,76.12647,0,25.4,44.4,135.3,24.279999999999998,16.2,0.5,14.28,-14.1,946.0,24.685,67,32,0.0,39.0
UEI-IMD-FL-2022-0688,amravati,Maharashtra,2022-08-07,1,20.93333,77.75,0,70.6,75.89999999999999,120.0,30.489999999999995,19.6,30.0,3.4,-7.4,342.0,0.721,70,37,0.0,11.0
UEI-IMD-FL-2022-0691,amravati,Maharashtra,2022-08-08,1,20.93333,77.75,0,59.800000000000004,87.39999999999999,112.19999999999999,28.599999999999998,30.0,50.9,3.38,-7.9,342.0,0.721,71,37,0.0,11.0
UEI-IMD-FL-2022-0692,chandrapur,Maharashtra,2022-08-08,1,19.95076,79.29523,0,30.799999999999997,68.4,159.29999999999998,26.98,48.6,26.2,4.89,176.3,184.0,1.261,58,34,0.0,212.0
UEI-IMD-FL-2022-0464,chamba,Himachal Pradesh,2022-08-10,1,32.55531,76.12647,0,22.9,48.8,143.4,25.07,51.0,0.4,13.79,-10.9,946.0,24.685,68,32,0.0,11.0
UEI-IMD-FL-2022-0468,chamba,Himachal Pradesh,2022-08-18,1,32.55531,76.12647,0,35.800000000000004,96.7,145.5,19.94,7.9,21.6,14.0,3.6,946.0,24.685,69,32,0.0,11.0
UEI-IMD-FL-2022-1099,dehradun,Uttarakhand,2022-08-18,1,30.32443,78.03392,0,4.2,40.5,102.5,23.04,34.1,66.5,2.77,-46.1,660.0,2.072,24,15,0.0,764.0
UEI-IMD-FL-2022-0775,baleshwar,Odisha,2022-08-18,1,21.49266,86.93348,0,13.7,113.80000000000001,263.2,24.069999999999997,94.6,25.6,214.28,89.1,20.0,1.171,51,31,0.0,756.0
UEI-IMD-FL-2022-0986,chitrakoot,Uttar Pradesh,2022-08-19,1,25.21473,80.91645,0,2.3,86.20000000000002,137.8,28.029999999999998,29.6,41.4,0.03,0.0,137.0,0.901,28,17,0.0,339.0
UEI-IMD-FL-2022-0816,dholpur,Rajasthan,2022-08-19,1,20.70376,84.48351,0,15.1,127.39999999999998,327.40000000000003,20.5,33.6,6.1,24716.25,66.0,84.0,0.991,21,16,0.0,230.0
UEI-IMD-FL-2022-0819,dholpur,Rajasthan,2022-08-21,1,20.70376,84.48351,0,63.3,137.4,333.70000000000005,20.19,7.4,0.0,15921.09,20.2,84.0,0.991,22,16,0.0,11.0
UEI-IMD-FL-2022-0817,baran,Rajasthan,2022-08-21,1,20.40714,85.83496,0,82.0,190.20000000000002,342.2999999999999,25.279999999999998,0.0,6.9,52.46,-69.7,27.0,0.541,26,17,0.0,232.0
UEI-IMD-FL-2022-0818,bundi,Rajasthan,2022-08-21,1,21.78062,83.91393,0,129.4,239.7,419.69999999999993,20.44,1.6,0.0,243.91,190.0,205.0,1.351,29,20,0.0,232.0
UEI-IMD-FL-2022-0995,ballia,Uttar Pradesh,2022-08-26,1,25.42139,86.31445,0,26.5,83.5,103.69999999999999,29.120000000000005,12.3,28.0,0.28,27.3,43.0,0.45,63,37,0.0,345.0
UEI-IMD-FL-2022-1102,dehradun,Uttarakhand,2022-08-27,1,30.32443,78.03392,0,5.2,75.2,136.89999999999995,25.47,7.9,16.2,2.81,-62.7,660.0,2.072,25,16,0.0,11.0
UEI-IMD-FL-2022-0997,bareilly,Uttar Pradesh,2022-08-28,1,28.36678,79.43167,0,1.9,13.1,62.59999999999999,30.21,0.6,0.3,0.8,-37.5,177.0,0.36,38,26,0.0,347.0
UEI-IMD-FL-2022-0517,vijayapura,Karnataka,2022-08-29,1,16.82442,75.71537,0,13.1,18.400000000000002,28.5,31.3,7.8,16.9,0.02,-33.3,599.0,0.991,34,19,0.0,45.0
UEI-IMD-FL-2022-0515,dharwad,Karnataka,2022-08-29,1,15.46005,75.00778,0,16.7,27.5,41.00000000000001,25.05,9.8,13.6,0.42,40.0,728.0,1.712,54,30,0.0,117.0
UEI-IMD-FL-2022-0397,bijapur,Chhattisgarh,2022-09-01,1,16.82442,75.71537,0,31.2,44.8,53.699999999999996,30.610000000000003,1.5,0.9,0.32,966.7,599.0,0.991,34,19,0.0,48.0
UEI-IMD-FL-2022-0704,amravati,Maharashtra,2022-09-03,1,20.93333,77.75,0,16.4,29.9,45.0,29.61,15.1,5.8,3.1,-13.6,342.0,0.721,72,37,0.0,25.0
UEI-IMD-FL-2022-0706,ahmednagar,Maharashtra,2022-09-05,1,23.59893,72.96602,0,3.3,7.0,119.8,29.750000000000004,1.5,0.0,0.52,-39.5,145.0,2.432,39,22,0.0,331.0
UEI-IMD-FL-2022-0520,belagavi,Karnataka,2022-09-05,1,15.85212,74.50447,0,15.4,62.4,85.60000000000001,26.070000000000004,29.1,33.8,2.5,135.8,762.0,1.441,60,30,0.0,28.0
UEI-IMD-FL-2022-0525,belagavi,Karnataka,2022-09-08,1,15.85212,74.50447,0,69.6,90.39999999999999,145.60000000000002,23.49,13.6,17.0,9.47,76.4,762.0,1.441,61,30,0.0,11.0
UEI-IMD-FL-2022-0528,vijayapura,Karnataka,2022-09-08,1,16.82442,75.71537,0,43.9,54.3,99.1,27.130000000000003,8.7,7.8,1.01,215.6,599.0,0.991,35,19,0.0,11.0
UEI-IMD-FL-2022-0708,akola,Maharashtra,2022-09-10,1,20.70957,76.9981,0,33.1,60.300000000000004,89.3,26.15,59.2,27.8,1.54,-0.6,285.0,0.36,60,35,0.0,113.0
UEI-IMD-FL-2022-0713,gondia,Maharashtra,2022-09-10,1,21.46026,80.19205,0,8.5,52.2,94.39999999999998,25.23,20.4,15.1,7.41,-28.6,319.0,1.441,35,26,0.0,245.0
UEI-IMD-FL-2022-0711,chandrapur,Maharashtra,2022-09-10,1,19.95076,79.29523,0,30.099999999999998,45.2,70.2,26.72,47.7,52.7,1.3,217.1,184.0,1.261,59,34,0.0,32.0
UEI-IMD-FL-2022-0710,bhandara,Maharashtra,2022-09-10,1,21.16817,79.64885,0,7.500000000000001,37.10000000000001,89.4,26.27,39.6,20.3,531.11,-39.9,257.0,0.27,56,33,0.0,245.0
UEI-IMD-FL-2022-0529,belagavi,Karnataka,2022-09-10,1,15.85212,74.50447,0,51.8,95.6,152.3,21.490000000000002,19.0,9.5,12.68,105.2,762.0,1.441,62,30,0.0,11.0
UEI-IMD-FL-2022-0709,amravati,Maharashtra,2022-09-10,1,20.93333,77.75,0,32.599999999999994,54.89999999999999,84.8,26.07,60.8,23.6,2.75,-11.3,342.0,0.721,73,37,0.0,11.0
UEI-IMD-FL-2022-0530,belagavi,Karnataka,2022-09-11,1,15.85212,74.50447,0,35.0,108.5,167.39999999999998,18.77,9.5,5.5,18.23,359.2,762.0,1.441,63,30,0.0,11.0
UEI-IMD-FL-2022-0584,betul,Madhya Pradesh,2022-09-14,1,21.90056,77.90229,0,71.80000000000001,88.19999999999999,124.6,22.050000000000004,19.0,19.9,8.48,3.0,644.0,0.991,20,16,0.0,747.0
UEI-IMD-FL-2022-0584,balaghat,Madhya Pradesh,2022-09-14,1,21.8156,80.18845,0,86.5,126.2,178.0,23.979999999999997,13.6,14.5,5.21,164.5,316.0,1.081,23,17,0.0,747.0
UEI-IMD-FL-2022-0584,anuppur,Madhya Pradesh,2022-09-14,1,23.10344,81.69083,0,61.3,88.39999999999999,136.7,25.230000000000004,7.6,15.8,94.5,-24.9,501.0,1.622,8,7,0.0,9913.0
UEI-IMD-FL-2022-0590,chhatarpur,Madhya Pradesh,2022-09-14,1,19.7246,83.40138,0,15.799999999999999,73.1,131.10000000000002,21.97,0.8,0.7,3.74,1.4,410.0,1.081,15,13,0.0,41.0
UEI-IMD-FL-2022-0589,burhanpur,Madhya Pradesh,2022-09-14,1,21.30868,76.23026,0,62.9,76.4,128.6,24.68,8.7,27.7,1226.44,78.8,249.0,1.892,17,16,0.0,644.0
UEI-IMD-FL-2022-0588,betul,Madhya Pradesh,2022-09-14,1,21.90056,77.90229,0,71.80000000000001,88.19999999999999,124.6,22.050000000000004,19.0,19.9,8.48,3.0,644.0,0.991,20,16,0.0,747.0
UEI-IMD-FL-2022-0586,balaghat,Madhya Pradesh,2022-09-14,1,21.8156,80.18845,0,86.5,126.2,178.0,23.979999999999997,13.6,14.5,5.21,164.5,316.0,1.081,23,17,0.0,747.0
UEI-IMD-FL-2022-0585,anuppur,Madhya Pradesh,2022-09-14,1,23.10344,81.69083,0,61.3,88.39999999999999,136.7,25.230000000000004,7.6,15.8,94.5,-24.9,501.0,1.622,8,7,0.0,9913.0
UEI-IMD-FL-2022-0584,chhatarpur,Madhya Pradesh,2022-09-14,1,19.7246,83.40138,0,15.799999999999999,73.1,131.10000000000002,21.97,0.8,0.7,3.74,1.4,410.0,1.081,15,13,0.0,41.0
UEI-IMD-FL-2022-0584,burhanpur,Madhya Pradesh,2022-09-14,1,21.30868,76.23026,0,62.9,76.4,128.6,24.68,8.7,27.7,1226.44,78.8,249.0,1.892,17,16,0.0,644.0
UEI-IMD-FL-2022-0584,barwani,Madhya Pradesh,2022-09-14,1,22.03232,74.89982,0,57.9,70.6,119.19999999999999,28.04,28.7,17.5,0.57,26.7,183.0,1.171,12,11,0.0,747.0
UEI-IMD-FL-2022-0587,barwani,Madhya Pradesh,2022-09-14,1,22.03232,74.89982,0,57.9,70.6,119.19999999999999,28.04,28.7,17.5,0.57,26.7,183.0,1.171,12,11,0.0,747.0
UEI-IMD-FL-2022-1013,bareilly,Uttar Pradesh,2022-09-15,1,28.36678,79.43167,0,10.7,11.899999999999999,19.8,30.810000000000002,29.9,2.2,0.73,49.0,177.0,0.36,39,27,0.0,17.0
UEI-IMD-FL-2022-0370,dhemaji,Assam,2022-09-15,1,27.48333,94.58333,0,89.2,111.2,349.4,24.779999999999998,7.4,11.8,8.62,-28.5,109.0,1.081,187,39,0.0,72.0
UEI-IMD-FL-2022-1006,banda,Uttar Pradesh,2022-09-15,1,21.41522,83.68574,0,63.300000000000004,105.9,147.0,22.9,1.8,9.0,2.76,2.2,176.0,0.45,32,22,0.0,47.0
UEI-IMD-FL-2022-1017,deoria,Uttar Pradesh,2022-09-16,1,26.50167,83.77936,0,123.2,157.4,194.79999999999998,21.47,24.3,12.3,1.7,109.9,77.0,0.09,52,31,0.0,759.0
UEI-IMD-FL-2022-1020,deoria,Uttar Pradesh,2022-09-18,1,26.50167,83.77936,0,94.7,190.00000000000003,214.8,17.970000000000002,11.0,13.4,1.88,126.5,77.0,0.09,53,32,0.0,11.0
UEI-IMD-FL-2022-1019,bara banki,Uttar Pradesh,2022-09-18,1,26.92384,81.17927,0,143.0,194.29999999999998,202.29999999999998,21.009999999999998,14.5,17.9,2.88,260.0,122.0,0.631,67,35,0.0,42.0
UEI-IMD-FL-2022-0724,gondia,Maharashtra,2022-09-19,1,21.46026,80.19205,0,12.4,77.30000000000001,164.4,22.62,19.9,21.6,24.41,486.8,319.0,1.441,36,26,0.0,11.0
UEI-IMD-FL-2022-0722,bhandara,Maharashtra,2022-09-19,1,21.16817,79.64885,0,14.6,97.89999999999999,163.3,22.76,12.4,37.7,1484.94,348.8,257.0,0.27,57,33,0.0,11.0
UEI-IMD-FL-2022-1027,baghpat,Uttar Pradesh,2022-09-20,1,28.94485,77.21865,0,0.3,38.099999999999994,42.0,27.549999999999997,4.8,31.0,0.08,100.0,228.0,1.171,26,17,0.0,415.0
UEI-IMD-FL-2022-1031,deoria,Uttar Pradesh,2022-09-20,1,26.50167,83.77936,0,47.6,186.20000000000002,230.70000000000002,16.599999999999998,7.1,13.6,1.92,104.3,77.0,0.09,54,32,0.0,11.0
UEI-IMD-FL-2022-1028,balrampur,Uttar Pradesh,2022-09-20,1,19.93878,83.204,0,94.1,107.1,191.4,28.740000000000002,15.1,10.3,19.75,17.7,263.0,0.811,35,21,0.0,763.0
UEI-IMD-FL-2022-1030,chandauli,Uttar Pradesh,2022-09-20,1,25.25803,83.26825,0,27.1,120.29999999999998,173.29999999999998,19.14,7.9,13.6,2.24,71.0,82.0,0.541,24,15,0.0,1514.0
UEI-IMD-FL-2022-1029,bulandshahr,Uttar Pradesh,2022-09-20,1,28.40392,77.85773,0,6.1,35.6,43.099999999999994,27.34,9.1,59.5,0.08,60.0,209.0,1.171,31,20,0.0,1516.0
UEI-IMD-FL-2022-1024,agra,Uttar Pradesh,2022-09-20,1,20.49255,82.63422,0,44.9,52.400000000000006,183.2,27.589999999999996,9.1,11.6,1.67,-57.9,277.0,1.081,38,22,0.0,120.0
UEI-IMD-FL-2022-1025,aligarh,Uttar Pradesh,2022-09-20,1,27.88145,78.07464,0,10.299999999999999,46.0,48.7,26.000000000000004,25.0,43.0,1.48,29.8,191.0,0.27,29,19,0.0,1488.0
UEI-IMD-FL-2022-1026,amethi,Uttar Pradesh,2022-09-20,1,26.15696,81.80519,0,21.0,204.0,222.7,19.659999999999997,44.6,22.0,6.71,432.5,104.0,0.27,30,17,0.0,89.0
UEI-IMD-FL-2022-1035,gorakhpur,Uttar Pradesh,2022-09-20,1,19.23351,83.10413,0,19.0,25.0,93.7,23.560000000000002,2.1,4.9,5.24,-52.0,858.0,6.757,62,36,0.0,763.0
UEI-IMD-FL-2022-1103,dehradun,Uttarakhand,2022-09-21,1,30.32443,78.03392,0,3.7,17.0,32.400000000000006,17.95,0.4,9.2,2.52,85.3,660.0,2.072,26,16,0.0,24.0
UEI-IMD-FL-2022-0477,chamba,Himachal Pradesh,2022-09-24,1,32.55531,76.12647,0,13.600000000000001,17.2,23.000000000000004,24.27,94.2,0.1,10.53,-11.1,946.0,24.685,70,32,0.0,36.0
UEI-IMD-FL-2022-1045,bara banki,Uttar Pradesh,2022-09-28,1,26.92384,81.17927,0,12.700000000000001,91.3,305.7,21.38,0.0,0.1,2.24,-6.7,122.0,0.631,68,35,0.0,11.0
UEI-IMD-FL-2022-0726,amravati,Maharashtra,2022-10-04,1,20.93333,77.75,0,0.1,3.1,8.799999999999999,32.68,12.5,20.3,2.47,-21.6,342.0,0.721,74,37,0.0,23.0
UEI-IMD-FL-2022-1048,ayodhya,Uttar Pradesh,2022-10-04,1,21.63333,86.6,0,31.0,71.4,112.1,24.79,15.4,12.9,38.72,-23.0,53.0,1.712,55,33,0.0,777.0
UEI-IMD-FL-2022-1051,gonda,Uttar Pradesh,2022-10-05,1,21.64469,84.54816,0,22.5,36.199999999999996,68.8,22.52,2.6,3.0,8.04,-8.3,321.0,6.937,67,37,0.0,430.0
UEI-IMD-FL-2022-1055,amethi,Uttar Pradesh,2022-10-06,1,26.15696,81.80519,0,31.5,32.3,72.5,25.630000000000003,8.3,10.5,3.21,-29.6,104.0,0.27,31,17,0.0,15.0
UEI-IMD-FL-2022-1056,banda,Uttar Pradesh,2022-10-06,1,21.41522,83.68574,0,35.5,41.3,67.0,24.859999999999996,5.1,3.7,2.06,-13.1,176.0,0.45,33,22,0.0,20.0
UEI-IMD-FL-2022-1071,gorakhpur,Uttar Pradesh,2022-10-08,1,19.23351,83.10413,0,16.9,32.5,63.900000000000006,17.55,4.1,1.9,1.16,54.7,858.0,6.757,63,37,0.0,17.0
UEI-IMD-FL-2022-1109,central,Delhi,2022-10-08,1,12.91552,77.65248,0,13.4,19.9,31.2,22.97,10.1,10.8,4.32,-48.1,899.0,1.712,15,8,0.0,9218.0
UEI-IMD-FL-2022-1067,bulandshahr,Uttar Pradesh,2022-10-08,1,28.40392,77.85773,0,5.800000000000001,8.0,41.500000000000014,26.66,87.7,16.6,0.09,28.6,209.0,1.171,32,21,0.0,17.0
UEI-IMD-FL-2022-0371,darrang,Assam,2022-10-09,1,26.63333,92.8,0,50.4,109.1,145.4,20.13,37.2,36.2,18835.49,17.5,70.0,0.36,140,45,0.0,95.0
UEI-IMD-FL-2022-0372,dhemaji,Assam,2022-10-09,1,27.48333,94.58333,0,102.80000000000001,163.5,174.49999999999997,17.25,74.6,68.5,9.14,57.9,109.0,1.081,188,39,0.0,23.0
UEI-IMD-FL-2022-0373,dhubri,Assam,2022-10-09,1,26.01856,89.98564,0,22.5,53.599999999999994,98.00000000000003,21.21,29.5,21.5,22180.98,5.0,34.0,0.901,115,42,0.0,101.0
UEI-IMD-FL-2022-1076,basti,Uttar Pradesh,2022-10-09,1,20.25185,84.38419,0,17.7,40.7,54.900000000000006,16.5,0.4,17.0,1.12,-3.4,636.0,5.045,55,31,0.0,386.0
UEI-IMD-FL-2022-1082,gonda,Uttar Pradesh,2022-10-10,1,21.64469,84.54816,0,5.0,24.2,53.7,20.440000000000005,10.9,7.4,7.28,-10.3,321.0,6.937,68,38,0.0,11.0
UEI-IMD-FL-2022-1081,ballia,Uttar Pradesh,2022-10-10,1,25.42139,86.31445,0,7.699999999999999,81.99999999999999,131.8,22.85,9.3,5.1,0.85,32.8,43.0,0.45,64,38,0.0,44.0
UEI-IMD-FL-2022-1080,ayodhya,Uttar Pradesh,2022-10-10,1,21.63333,86.6,0,21.9,101.50000000000001,159.3,19.67,2.2,3.6,39.93,3.4,53.0,1.712,56,34,0.0,11.0
UEI-IMD-FL-2022-1088,gonda,Uttar Pradesh,2022-10-12,1,21.64469,84.54816,0,16.2,24.200000000000003,60.39999999999999,22.110000000000003,1.8,6.2,7.02,-12.7,321.0,6.937,69,38,0.0,11.0
UEI-IMD-FL-2022-1092,gonda,Uttar Pradesh,2022-10-14,1,21.64469,84.54816,0,20.1,29.099999999999998,59.099999999999994,22.119999999999997,0.7,1.1,6.98,-11.1,321.0,6.937,70,38,0.0,11.0
UEI-IMD-FL-2022-0740,dharashiv,Maharashtra,2022-10-16,1,18.18158,76.03889,0,7.8,50.900000000000006,75.4,21.98,13.1,3.6,0.77,71.1,665.0,2.072,43,25,0.0,372.0
UEI-IMD-FL-2022-0733,beed,Maharashtra,2022-10-16,1,18.98921,75.75634,0,17.3,64.5,89.39999999999999,22.36,10.7,13.4,0.62,77.1,510.0,0.631,58,30,0.0,379.0
UEI-IMD-FL-2022-0735,gondia,Maharashtra,2022-10-16,1,21.46026,80.19205,0,6.5,53.2,122.79999999999998,23.910000000000004,6.9,9.3,15.0,-42.7,319.0,1.441,37,26,0.0,26.0
UEI-IMD-FL-2022-0731,akola,Maharashtra,2022-10-16,1,20.70957,76.9981,0,1.9000000000000001,35.99999999999999,93.19999999999999,25.36,1.4,8.7,1.25,15.7,285.0,0.36,61,35,0.0,35.0
UEI-IMD-FL-2022-0732,aurangabad,Maharashtra,2022-10-16,1,19.87757,75.34226,0,17.8,58.599999999999994,101.6,24.34,9.4,6.2,1.76,37.5,587.0,0.631,89,44,0.0,114.0
UEI-IMD-FL-2022-1094,bara banki,Uttar Pradesh,2022-10-17,1,26.92384,81.17927,0,0.0,59.2,211.39999999999998,22.34,0.0,0.0,2.46,-31.7,122.0,0.631,69,35,0.0,18.0
UEI-IMD-FL-2022-0745,ahmednagar,Maharashtra,2022-10-19,1,23.59893,72.96602,0,0.0,0.0,69.7,34.53,0.0,0.0,0.08,-38.5,145.0,2.432,40,23,0.0,43.0
UEI-IMD-FL-2022-0746,beed,Maharashtra,2022-10-19,1,18.98921,75.75634,0,28.4,63.59999999999999,116.5,20.21,7.5,6.5,0.63,80.0,510.0,0.631,59,31,0.0,11.0
UEI-IMD-FL-2022-1097,bara banki,Uttar Pradesh,2022-10-27,1,26.92384,81.17927,0,0.0,0.0,0.1,26.4,0.0,0.0,1.23,-38.5,122.0,0.631,70,35,0.0,11.0
UEI-IMD-FL-2022-0836,chennai,Tamil Nadu,2022-10-31,1,13.08784,80.27847,2,6.3,8.6,57.800000000000004,34.65,80.2,23.9,,,15.0,0.901,57,34,0.0,305.0
UEI-IMD-FL-2023-0410,aurangabad,Maharashtra,2023-03-13,1,19.87757,75.34226,0,0.0,3.0,3.0,39.9,0.0,2.9,0.91,0.0,587.0,0.631,90,44,0.0,147.0
UEI-IMD-FL-2023-0258,dahod,Gujarat,2023-03-16,1,23.03621,77.48981,1,1.4,1.4,1.9,37.49,8.3,1.4,0.0,,465.0,1.532,13,9,0.0,2479.0
UEI-IMD-FL-2023-0362,alirajpur,Madhya Pradesh,2023-03-16,1,22.30393,74.35568,0,0.0,0.0,0.0,37.18,0.9,1.3,0.25,-10.7,292.0,1.802,12,11,0.0,904.0
UEI-IMD-FL-2023-0363,betul,Madhya Pradesh,2023-03-16,1,21.90056,77.90229,0,1.4000000000000001,1.4000000000000001,7.699999999999999,39.52,2.8,13.0,0.12,0.0,644.0,0.991,22,17,0.0,182.0
UEI-IMD-FL-2023-0364,bhopal,Madhya Pradesh,2023-03-16,1,23.25469,77.40289,0,2.7,2.7,6.9,37.07,1.9,1.2,0.25,0.0,525.0,1.982,42,23,0.0,930.0
UEI-IMD-FL-2023-0365,damoh,Madhya Pradesh,2023-03-16,1,23.83312,79.4419,0,1.6,1.6,6.300000000000001,36.43,0.2,0.3,0.06,0.0,377.0,0.811,17,15,0.0,2442.0
UEI-IMD-FL-2023-0366,dhar,Madhya Pradesh,2023-03-16,1,20.82177,82.69849,0,0.0,0.0,0.0,39.85000000000001,0.5,0.0,0.5,0.0,292.0,1.081,19,14,0.0,827.0
UEI-IMD-FL-2023-0251,bemetara,Chhattisgarh,2023-03-18,1,21.71556,81.53423,1,3.9,4.0,4.0,38.87,3.0,0.1,0.0,,291.0,0.991,1,1,0.0,2058.0
UEI-IMD-FL-2023-0419,ahmednagar,Maharashtra,2023-04-06,1,23.59893,72.96602,0,0.0,7.4,7.9,42.13,0.0,0.0,0.03,0.0,145.0,2.432,41,23,0.0,168.0
UEI-IMD-FL-2023-0421,amravati,Maharashtra,2023-04-06,1,20.93333,77.75,0,0.0,0.2,0.2,47.440000000000005,1.1,0.8,0.03,0.0,342.0,0.721,75,37,0.0,183.0
UEI-IMD-FL-2023-0420,akola,Maharashtra,2023-04-06,1,20.70957,76.9981,0,0.0,0.4,0.4,46.25,1.5,1.4,0.31,10.7,285.0,0.36,62,35,0.0,171.0
UEI-IMD-FL-2023-0431,akola,Maharashtra,2023-04-08,1,20.70957,76.9981,0,1.5,1.5,1.9,45.589999999999996,0.5,0.0,0.34,21.4,285.0,0.36,63,36,0.0,11.0
UEI-IMD-FL-2023-0430,ahmednagar,Maharashtra,2023-04-08,1,23.59893,72.96602,0,0.0,0.0,7.6000000000000005,45.010000000000005,0.0,0.0,0.03,0.0,145.0,2.432,42,24,0.0,11.0
UEI-IMD-FL-2023-0515,ajmer,Rajasthan,2023-06-18,1,26.4521,74.63867,0,22.1,22.1,22.3,45.86000000000001,24.2,1.3,2.55,2733.3,482.0,10.27,39,28,0.0,1402.0
UEI-IMD-FL-2023-0516,dholpur,Rajasthan,2023-06-18,1,20.70376,84.48351,0,0.2,1.0,5.5,51.370000000000005,0.3,0.0,0.91,-6.2,84.0,0.991,23,16,0.0,300.0
UEI-IMD-FL-2023-0019,chirang,Assam,2023-06-20,1,29.87368,79.81931,0,0.6000000000000001,1.0999999999999999,7.199999999999999,38.71,2.0,2.4,0.81,-2.4,1202.0,33.243,84,23,0.0,341.0
UEI-IMD-FL-2023-0022,dhubri,Assam,2023-06-20,1,26.01856,89.98564,0,255.29999999999998,494.1,571.4,16.150000000000002,52.0,44.8,49202.95,69.8,34.0,0.901,116,42,0.0,253.0
UEI-IMD-FL-2023-0021,dhemaji,Assam,2023-06-20,1,27.48333,94.58333,0,44.599999999999994,324.9,448.3999999999999,19.6,26.3,32.4,38.45,73.0,109.0,1.081,189,39,0.0,253.0
UEI-IMD-FL-2023-0020,darrang,Assam,2023-06-20,1,26.63333,92.8,0,219.2,464.2,639.9999999999999,16.59,38.7,38.0,28706.82,25.3,70.0,0.36,141,45,0.0,253.0
UEI-IMD-FL-2023-0018,bongaigaon,Assam,2023-06-20,1,26.47703,90.55815,0,529.5,921.5,1090.3,13.929999999999998,162.4,46.3,28.72,2487.4,59.0,0.36,85,34,0.0,358.0
UEI-IMD-FL-2023-0017,biswanath,Assam,2023-06-20,1,26.72577,93.14659,0,262.7,521.5,691.4,16.48,50.0,45.3,19.14,766.1,81.0,0.541,77,23,0.0,338.0
UEI-IMD-FL-2023-0016,barpeta,Assam,2023-06-20,1,26.32293,91.00632,0,421.8,696.3,895.0,13.979999999999999,64.4,26.6,165.34,281.3,46.0,0.36,153,41,0.0,350.0
UEI-IMD-FL-2023-0015,baksa,Assam,2023-06-20,1,28.7643,78.00321,0,7.3,7.5,7.8999999999999995,50.470000000000006,10.3,14.3,0.19,58.3,217.0,0.541,117,21,0.0,336.0
UEI-IMD-FL-2023-0014,baksa,Assam,2023-06-20,1,28.7643,78.00321,0,7.3,7.5,7.8999999999999995,50.470000000000006,10.3,14.3,0.19,58.3,217.0,0.541,117,21,0.0,336.0
UEI-IMD-FL-2023-0035,baksa,Assam,2023-06-20,1,28.7643,78.00321,0,7.3,7.5,7.8999999999999995,50.470000000000006,10.3,14.3,0.19,58.3,217.0,0.541,117,21,0.0,336.0
UEI-IMD-FL-2023-0041,chirang,Assam,2023-06-21,1,29.87368,79.81931,0,1.5,2.0999999999999996,3.5,36.580000000000005,2.4,6.2,0.81,-2.4,1202.0,33.243,85,24,0.0,11.0
UEI-IMD-FL-2023-0053,baksa,Assam,2023-06-21,1,28.7643,78.00321,0,11.8,12.0,12.399999999999999,46.760000000000005,14.3,11.9,0.17,41.7,217.0,0.541,120,22,0.0,11.0
UEI-IMD-FL-2023-0042,darrang,Assam,2023-06-21,1,26.63333,92.8,0,132.3,439.90000000000003,684.9999999999999,15.610000000000001,38.0,4.9,31044.6,25.3,70.0,0.36,142,46,0.0,11.0
UEI-IMD-FL-2023-0037,baksa,Assam,2023-06-21,1,28.7643,78.00321,0,11.8,12.0,12.399999999999999,46.760000000000005,14.3,11.9,0.17,41.7,217.0,0.541,120,22,0.0,11.0
UEI-IMD-FL-2023-0036,baksa,Assam,2023-06-21,1,28.7643,78.00321,0,11.8,12.0,12.399999999999999,46.760000000000005,14.3,11.9,0.17,41.7,217.0,0.541,120,22,0.0,11.0
UEI-IMD-FL-2023-0040,bongaigaon,Assam,2023-06-21,1,26.47703,90.55815,0,621.3,1054.6,1266.9,11.51,46.3,34.0,24.59,321.1,59.0,0.36,86,35,0.0,11.0
UEI-IMD-FL-2023-0039,biswanath,Assam,2023-06-21,1,26.72577,93.14659,0,148.39999999999998,468.4,720.6,15.680000000000001,45.3,1.9,17.24,229.0,81.0,0.541,78,24,0.0,11.0
UEI-IMD-FL-2023-0038,barpeta,Assam,2023-06-21,1,26.32293,91.00632,0,403.09999999999997,773.0,996.8000000000002,10.82,26.6,7.6,163.82,120.4,46.0,0.36,154,42,0.0,11.0
UEI-IMD-FL-2023-0043,dhemaji,Assam,2023-06-21,1,27.48333,94.58333,0,52.8,322.4,466.1,17.84,32.4,11.6,41.85,-8.1,109.0,1.081,190,40,0.0,11.0
UEI-IMD-FL-2023-0044,dhubri,Assam,2023-06-21,1,26.01856,89.98564,0,270.7,561.7,662.4,13.600000000000001,44.8,2.0,50233.29,65.6,34.0,0.901,117,43,0.0,11.0
UEI-IMD-FL-2023-0057,barpeta,Assam,2023-06-22,1,26.32293,91.00632,0,328.29999999999995,741.1,1050.8000000000002,10.700000000000001,7.6,1.1,126.64,114.2,46.0,0.36,155,42,0.0,11.0
UEI-IMD-FL-2023-0058,chirang,Assam,2023-06-22,1,29.87368,79.81931,0,3.2,3.6,5.2,36.150000000000006,6.2,4.8,0.81,-2.4,1202.0,33.243,86,24,0.0,11.0
UEI-IMD-FL-2023-0059,darrang,Assam,2023-06-22,1,26.63333,92.8,0,98.7,401.8,722.3,15.32,4.9,11.3,32959.98,-5.4,70.0,0.36,143,46,0.0,11.0
UEI-IMD-FL-2023-0060,dhubri,Assam,2023-06-22,1,26.01856,89.98564,0,247.9,538.5,710.3000000000001,13.58,2.0,0.3,50814.93,25.6,34.0,0.901,118,43,0.0,11.0
UEI-IMD-FL-2023-0055,baksa,Assam,2023-06-22,1,28.7643,78.00321,0,16.8,22.2,22.700000000000003,41.27,11.9,9.6,0.19,58.3,217.0,0.541,123,22,0.0,11.0
UEI-IMD-FL-2023-0069,baksa,Assam,2023-06-22,1,28.7643,78.00321,0,16.8,22.2,22.700000000000003,41.27,11.9,9.6,0.19,58.3,217.0,0.541,123,22,0.0,11.0
UEI-IMD-FL-2023-0056,baksa,Assam,2023-06-22,1,28.7643,78.00321,0,16.8,22.2,22.700000000000003,41.27,11.9,9.6,0.19,58.3,217.0,0.541,123,22,0.0,11.0
UEI-IMD-FL-2023-0074,dhubri,Assam,2023-06-23,1,26.01856,89.98564,0,188.3,480.90000000000003,751.9,14.600000000000001,0.3,4.0,48527.84,-8.2,34.0,0.901,119,43,0.0,11.0
UEI-IMD-FL-2023-0073,darrang,Assam,2023-06-23,1,26.63333,92.8,0,121.7,421.1,758.7,13.86,11.3,24.1,30689.22,-22.4,70.0,0.36,144,46,0.0,11.0
UEI-IMD-FL-2023-0072,barpeta,Assam,2023-06-23,1,26.32293,91.00632,0,198.70000000000002,704.4,1058.0,11.65,1.1,7.7,93.84,68.3,46.0,0.36,156,42,0.0,11.0
UEI-IMD-FL-2023-0071,baksa,Assam,2023-06-23,1,28.7643,78.00321,0,29.1,36.400000000000006,37.0,36.57,9.6,37.0,0.19,58.3,217.0,0.541,126,22,0.0,11.0
UEI-IMD-FL-2023-0070,baksa,Assam,2023-06-23,1,28.7643,78.00321,0,29.1,36.400000000000006,37.0,36.57,9.6,37.0,0.19,58.3,217.0,0.541,126,22,0.0,11.0
UEI-IMD-FL-2023-0084,baksa,Assam,2023-06-23,1,28.7643,78.00321,0,29.1,36.400000000000006,37.0,36.57,9.6,37.0,0.19,58.3,217.0,0.541,126,22,0.0,11.0
UEI-IMD-FL-2023-0085,baksa,Assam,2023-06-24,1,28.7643,78.00321,0,36.5,48.300000000000004,48.9,32.5,37.0,21.0,0.17,41.7,217.0,0.541,129,22,0.0,11.0
UEI-IMD-FL-2023-0086,baksa,Assam,2023-06-24,1,28.7643,78.00321,0,36.5,48.300000000000004,48.9,32.5,37.0,21.0,0.17,41.7,217.0,0.541,129,22,0.0,11.0
UEI-IMD-FL-2023-0087,barpeta,Assam,2023-06-24,1,26.32293,91.00632,0,98.6,628.1,1013.6,13.91,7.7,35.5,74.51,-1.2,46.0,0.36,157,42,0.0,11.0
UEI-IMD-FL-2023-0088,darrang,Assam,2023-06-24,1,26.63333,92.8,0,81.60000000000001,345.79999999999995,733.1999999999999,17.25,24.1,20.2,27288.77,-27.2,70.0,0.36,145,46,0.0,11.0
UEI-IMD-FL-2023-0095,baksa,Assam,2023-06-24,1,28.7643,78.00321,0,36.5,48.300000000000004,48.9,32.5,37.0,21.0,0.17,41.7,217.0,0.541,129,22,0.0,11.0
UEI-IMD-FL-2023-0099,biswanath,Assam,2023-06-25,1,26.72577,93.14659,0,52.199999999999996,250.6,732.1999999999999,19.950000000000003,23.6,20.4,9.5,-66.0,81.0,0.541,79,24,0.0,11.0
UEI-IMD-FL-2023-0106,baksa,Assam,2023-06-25,1,28.7643,78.00321,0,35.800000000000004,57.900000000000006,58.5,29.630000000000003,21.0,18.0,0.22,57.1,217.0,0.541,132,22,0.0,11.0
UEI-IMD-FL-2023-0100,darrang,Assam,2023-06-25,1,26.63333,92.8,0,54.2,225.20000000000002,680.4,19.990000000000002,20.2,19.2,25940.8,-22.4,70.0,0.36,146,46,0.0,11.0
UEI-IMD-FL-2023-0097,baksa,Assam,2023-06-25,1,28.7643,78.00321,0,35.800000000000004,57.900000000000006,58.5,29.630000000000003,21.0,18.0,0.22,57.1,217.0,0.541,132,22,0.0,11.0
UEI-IMD-FL-2023-0096,baksa,Assam,2023-06-25,1,28.7643,78.00321,0,35.800000000000004,57.900000000000006,58.5,29.630000000000003,21.0,18.0,0.22,57.1,217.0,0.541,132,22,0.0,11.0
UEI-IMD-FL-2023-0098,barpeta,Assam,2023-06-25,1,26.32293,91.00632,0,35.300000000000004,502.80000000000007,953.0,15.639999999999999,35.5,33.7,63.42,-35.5,46.0,0.36,158,42,0.0,11.0
UEI-IMD-FL-2023-0109,biswanath,Assam,2023-06-26,1,26.72577,93.14659,0,29.5,188.39999999999998,678.5999999999999,22.859999999999996,20.4,16.2,8.91,-59.1,81.0,0.541,80,24,0.0,11.0
UEI-IMD-FL-2023-0108,barpeta,Assam,2023-06-26,1,26.32293,91.00632,0,16.4,371.3,930.8000000000002,19.28,33.7,22.5,62.97,-60.7,46.0,0.36,159,42,0.0,11.0
UEI-IMD-FL-2023-0107,baksa,Assam,2023-06-26,1,28.7643,78.00321,0,58.5,89.6,95.1,26.16,18.0,1.9,0.31,63.2,217.0,0.541,135,22,0.0,11.0
UEI-IMD-FL-2023-0118,baksa,Assam,2023-06-26,1,28.7643,78.00321,0,58.5,89.6,95.1,26.16,18.0,1.9,0.31,63.2,217.0,0.541,135,22,0.0,11.0
UEI-IMD-FL-2023-0111,dhemaji,Assam,2023-06-26,1,27.48333,94.58333,0,41.7,141.79999999999998,449.3,23.93,31.5,27.4,28.65,-9.9,109.0,1.081,191,40,0.0,11.0
UEI-IMD-FL-2023-0110,darrang,Assam,2023-06-26,1,26.63333,92.8,0,40.300000000000004,177.0,634.6,23.140000000000004,19.2,5.6,26060.53,-11.1,70.0,0.36,147,46,0.0,11.0
UEI-IMD-FL-2023-0348,alappuzha,Kerala,2023-07-02,1,9.49004,76.3264,0,29.799999999999997,103.60000000000002,143.39999999999998,23.61,32.8,73.1,1.95,62.5,7.0,0.631,112,40,0.0,334.0
UEI-IMD-FL-2023-0503,amritsar,Punjab,2023-07-04,1,31.62234,74.87534,0,3.4000000000000004,11.700000000000003,26.3,35.82,45.2,4.4,1.01,-22.9,246.0,1.171,47,30,0.0,1274.0
UEI-IMD-FL-2023-0503,barnala,Punjab,2023-07-04,1,30.37451,75.5487,0,1.7000000000000002,12.799999999999999,18.600000000000005,35.24,13.9,3.9,0.09,-71.0,237.0,0.541,22,15,0.0,1274.0
UEI-IMD-FL-2023-0503,bathinda,Punjab,2023-07-04,1,30.20747,74.93893,0,9.4,11.200000000000001,21.799999999999997,37.42,22.7,1.4,0.08,-68.0,223.0,1.532,40,24,0.0,1274.0
UEI-IMD-FL-2023-0337,belagavi,Karnataka,2023-07-04,1,15.85212,74.50447,0,16.2,37.800000000000004,56.400000000000006,18.12,23.9,20.7,9.02,440.1,762.0,1.441,64,30,0.0,295.0
UEI-IMD-FL-2023-0337,chikkamagaluru,Karnataka,2023-07-04,1,13.32231,75.774,0,9.5,23.4,97.4,22.39,29.7,20.5,0.63,950.0,1042.0,1.351,20,17,0.0,1671.0
UEI-IMD-FL-2023-0337,davangere,Karnataka,2023-07-04,1,14.46693,75.92694,1,11.5,22.9,58.3,31.369999999999997,3.3,33.5,0.03,,588.0,0.901,31,19,0.0,413.0
UEI-IMD-FL-2023-0337,chitradurga,Karnataka,2023-07-04,1,14.22262,76.40038,1,3.8000000000000003,7.300000000000001,24.399999999999995,32.75,9.7,21.0,0.02,,738.0,1.892,33,20,0.0,596.0
UEI-IMD-FL-2023-0337,dharwad,Karnataka,2023-07-04,1,15.46005,75.00778,0,12.6,23.8,34.4,24.79,7.5,14.7,1.12,211.1,728.0,1.712,55,30,0.0,308.0
UEI-IMD-FL-2023-0337,vijayapura,Karnataka,2023-07-04,1,16.82442,75.71537,0,5.2,13.0,32.0,37.75,5.9,1.3,0.11,120.0,599.0,0.991,35,19,0.0,305.0
UEI-IMD-FL-2023-0338,chikkamagaluru,Karnataka,2023-07-04,1,13.32231,75.774,0,9.5,23.4,97.4,22.39,29.7,20.5,0.63,950.0,1042.0,1.351,20,17,0.0,1671.0
UEI-IMD-FL-2023-0337,ballari,Karnataka,2023-07-04,1,15.14205,76.92398,0,3.0000000000000004,6.8,19.3,42.449999999999996,10.8,1.5,1.03,110.2,454.0,0.721,57,29,0.0,1271.0
UEI-IMD-FL-2023-0119,baksa,Assam,2023-07-04,1,28.7643,78.00321,0,8.1,45.9,154.5,30.799999999999997,2.7,4.4,0.17,-39.3,217.0,0.541,137,22,0.0,11.0
UEI-IMD-FL-2023-0120,biswanath,Assam,2023-07-04,1,26.72577,93.14659,0,49.5,102.6,280.20000000000005,25.75,14.7,42.3,6.82,-15.8,81.0,0.541,81,24,0.0,11.0
UEI-IMD-FL-2023-0121,dhemaji,Assam,2023-07-04,1,27.48333,94.58333,0,86.4,163.49999999999997,313.59999999999997,25.170000000000005,6.4,43.5,31.21,3.9,109.0,1.081,192,40,0.0,11.0
UEI-IMD-FL-2023-0505,bathinda,Punjab,2023-07-04,1,30.20747,74.93893,0,9.4,11.200000000000001,21.799999999999997,37.42,22.7,1.4,0.08,-68.0,223.0,1.532,40,24,0.0,1274.0
UEI-IMD-FL-2023-0504,amritsar,Punjab,2023-07-04,1,31.62234,74.87534,0,3.4000000000000004,11.700000000000003,26.3,35.82,45.2,4.4,1.01,-22.9,246.0,1.171,47,30,0.0,1274.0
UEI-IMD-FL-2023-0558,bareilly,Uttar Pradesh,2023-07-06,1,28.36678,79.43167,0,4.7,58.8,134.29999999999998,27.72,25.1,12.5,2.09,115.5,177.0,0.36,40,27,0.0,293.0
UEI-IMD-FL-2023-0556,budaun,Uttar Pradesh,2023-07-06,1,28.03811,79.12668,0,1.3,27.7,96.0,29.369999999999997,36.7,35.1,0.58,190.0,176.0,0.631,33,22,0.0,704.0
UEI-IMD-FL-2023-0557,bareilly,Uttar Pradesh,2023-07-06,1,28.36678,79.43167,0,4.7,58.8,134.29999999999998,27.72,25.1,12.5,2.09,115.5,177.0,0.36,40,27,0.0,293.0
UEI-IMD-FL-2023-0275,ambala,Haryana,2023-07-07,1,19.80917,83.07542,1,90.4,103.4,172.60000000000002,33.3,6.0,0.1,1.4,,271.0,10.901,32,21,0.0,4748.0
UEI-IMD-FL-2023-0276,bhiwani,Haryana,2023-07-07,1,28.79304,76.13968,0,4.0,7.2,45.199999999999996,38.18,31.5,21.4,0.36,38.5,223.0,0.45,19,11,0.0,5047.0
UEI-IMD-FL-2023-0596,chandigarh,Chandigarh,2023-07-08,1,30.73629,76.7884,0,5.2,7.3,70.9,35.21,69.6,20.0,4.28,1845.5,350.0,0.541,18,14,0.0,5419.0
UEI-IMD-FL-2023-0532,ajmer,Rajasthan,2023-07-08,1,26.4521,74.63867,0,4.2,5.0,53.4,33.940000000000005,18.7,7.9,1.01,146.3,482.0,10.27,40,29,0.0,19.0
UEI-IMD-FL-2023-0296,chamba,Himachal Pradesh,2023-07-08,1,32.55531,76.12647,0,14.1,20.7,56.199999999999996,29.96,148.8,41.9,61.09,850.1,946.0,24.685,71,32,0.0,286.0
UEI-IMD-FL-2023-0561,bijnor,Uttar Pradesh,2023-07-11,1,29.373,78.13636,0,74.69999999999999,114.70000000000002,192.0,25.81,19.7,44.1,0.53,140.9,240.0,0.901,30,19,0.0,1751.0
UEI-IMD-FL-2023-0446,akola,Maharashtra,2023-07-11,1,20.70957,76.9981,0,43.0,112.5,152.09999999999997,27.32,23.5,8.9,1.39,162.3,285.0,0.36,64,36,0.0,93.0
UEI-IMD-FL-2023-0401,dhar,Madhya Pradesh,2023-07-13,1,20.82177,82.69849,0,26.799999999999997,98.69999999999999,160.80000000000004,29.17,24.2,20.1,11.11,292.6,292.0,1.081,20,15,0.0,118.0
UEI-IMD-FL-2023-0400,barwani,Madhya Pradesh,2023-07-13,1,22.03232,74.89982,0,56.5,111.49999999999999,183.9,25.680000000000003,13.4,15.7,0.19,-62.0,183.0,1.171,14,12,0.0,301.0
UEI-IMD-FL-2023-0125,barpeta,Assam,2023-07-15,1,26.32293,91.00632,0,72.60000000000001,112.10000000000001,233.3,23.750000000000004,35.8,48.3,34.48,-4.2,46.0,0.36,160,42,0.0,18.0
UEI-IMD-FL-2023-0126,biswanath,Assam,2023-07-15,1,26.72577,93.14659,0,85.3,161.8,308.40000000000003,23.05,20.6,15.4,6.23,-18.6,81.0,0.541,82,24,0.0,11.0
UEI-IMD-FL-2023-0127,bongaigaon,Assam,2023-07-15,1,26.47703,90.55815,0,84.7,179.0,368.7,21.439999999999998,2.7,15.9,5.24,1.9,59.0,0.36,87,35,0.0,23.0
UEI-IMD-FL-2023-0128,chirang,Assam,2023-07-15,1,29.87368,79.81931,0,36.5,105.5,193.9,27.740000000000002,7.4,12.8,4.62,87.0,1202.0,33.243,87,24,0.0,22.0
UEI-IMD-FL-2023-0129,darrang,Assam,2023-07-15,1,26.63333,92.8,0,93.6,175.0,372.1,26.01,28.6,16.7,32884.18,1.4,70.0,0.36,148,46,0.0,18.0
UEI-IMD-FL-2023-0565,baghpat,Uttar Pradesh,2023-07-15,1,28.94485,77.21865,0,29.900000000000002,116.99999999999999,145.20000000000005,23.88,19.1,8.2,0.11,-31.2,228.0,1.171,27,18,0.0,297.0
UEI-IMD-FL-2023-0566,balrampur,Uttar Pradesh,2023-07-15,1,19.93878,83.204,0,16.9,51.5,132.6,30.899999999999995,45.2,45.8,7.17,173.7,263.0,0.811,36,22,0.0,297.0
UEI-IMD-FL-2023-0130,dhemaji,Assam,2023-07-15,1,27.48333,94.58333,0,63.7,142.5,301.90000000000003,21.190000000000005,42.7,10.3,30.48,2.4,109.0,1.081,193,40,0.0,11.0
UEI-IMD-FL-2023-0581,chamoli,Uttarakhand,2023-07-15,1,30.40271,79.33303,0,19.299999999999997,25.999999999999996,85.3,25.79,8.1,6.8,278.25,55.9,1102.0,40.18,31,19,0.0,637.0
UEI-IMD-FL-2023-0447,chandrapur,Maharashtra,2023-07-17,1,19.95076,79.29523,0,57.8,88.69999999999999,140.9,24.25,44.0,24.5,9.35,2297.4,184.0,1.261,60,34,0.0,309.0
UEI-IMD-FL-2023-0145,dhemaji,Assam,2023-07-17,1,27.48333,94.58333,0,96.0,167.8,299.5,21.19,0.1,0.0,29.27,6.9,109.0,1.081,194,40,0.0,11.0
UEI-IMD-FL-2023-0142,barpeta,Assam,2023-07-17,1,26.32293,91.00632,0,69.1,151.39999999999998,229.3,21.399999999999995,0.0,4.0,36.84,11.8,46.0,0.36,161,42,0.0,11.0
UEI-IMD-FL-2023-0143,chirang,Assam,2023-07-17,1,29.87368,79.81931,0,32.1,86.7,185.70000000000002,27.98,32.5,3.6,5.24,105.5,1202.0,33.243,88,24,0.0,11.0
UEI-IMD-FL-2023-0144,darrang,Assam,2023-07-17,1,26.63333,92.8,0,52.0,176.79999999999998,355.1,24.93,0.0,0.0,34118.29,14.6,70.0,0.36,149,46,0.0,11.0
UEI-IMD-FL-2023-0452,chandrapur,Maharashtra,2023-07-18,1,19.95076,79.29523,0,57.3,113.0,165.1,22.7,24.5,47.8,16.82,1689.4,184.0,1.261,61,35,0.0,11.0
UEI-IMD-FL-2023-0569,amroha,Uttar Pradesh,2023-07-18,1,28.90314,78.46984,0,34.3,89.00000000000001,208.79999999999998,27.39,3.6,0.0,10.64,31.7,218.0,0.45,28,19,0.0,1815.0
UEI-IMD-FL-2023-0449,akola,Maharashtra,2023-07-18,1,20.70957,76.9981,0,24.3,86.7,199.20000000000002,24.009999999999998,16.7,14.7,3.62,160.4,285.0,0.36,65,36,0.0,11.0
UEI-IMD-FL-2023-0450,amravati,Maharashtra,2023-07-18,1,20.93333,77.75,0,32.2,101.2,193.30000000000004,21.13,9.8,13.3,2.55,1400.0,342.0,0.721,76,38,0.0,102.0
UEI-IMD-FL-2023-0525,bikaner,Rajasthan,2023-07-19,1,28.01762,73.31495,0,6.0,25.0,87.5,45.550000000000004,1.5,19.1,0.17,-54.1,232.0,0.901,34,20,0.0,352.0
UEI-IMD-FL-2023-0464,amravati,Maharashtra,2023-07-20,1,20.93333,77.75,0,51.0,90.7,206.80000000000004,21.33,32.6,31.7,3.33,505.5,342.0,0.721,77,38,0.0,11.0
UEI-IMD-FL-2023-0267,ahmedabad,Gujarat,2023-07-20,1,23.02579,72.58727,0,52.4,77.0,269.7,26.04,4.9,36.1,4.28,164.2,53.0,0.631,52,33,0.0,374.0
UEI-IMD-FL-2023-0268,bharuch,Gujarat,2023-07-20,1,21.69482,72.9805,0,43.8,98.79999999999998,214.50000000000003,22.5,18.2,50.2,62.68,372.7,15.0,1.441,49,30,0.0,373.0
UEI-IMD-FL-2023-0269,bhavnagar,Gujarat,2023-07-20,1,21.76287,72.15331,0,40.5,80.8,168.80000000000004,24.78,18.9,51.7,1537.15,10508.4,23.0,1.171,38,25,0.0,1001.0
UEI-IMD-FL-2023-0467,gondia,Maharashtra,2023-07-20,1,21.46026,80.19205,0,67.7,184.29999999999998,312.59999999999997,22.83,54.2,25.5,77.16,159.3,319.0,1.441,38,26,0.0,276.0
UEI-IMD-FL-2023-0463,akola,Maharashtra,2023-07-20,1,20.70957,76.9981,0,44.8,84.8,196.9,23.569999999999997,11.3,22.5,2.31,99.1,285.0,0.36,66,36,0.0,11.0
UEI-IMD-FL-2023-0597,dadra and nagar haveli,Dadar&Nagar Haveli,2023-07-20,1,32.4983,74.68715,0,56.4,102.9,173.0,30.419999999999998,7.9,15.7,0.55,-14.1,263.0,0.27,1,1,0.0,17155.0
UEI-IMD-FL-2023-0475,chandrapur,Maharashtra,2023-07-22,1,19.95076,79.29523,0,137.89999999999998,239.2,320.29999999999995,15.829999999999998,6.2,16.7,22.23,1148.9,184.0,1.261,62,35,0.0,11.0
UEI-IMD-FL-2023-0473,amravati,Maharashtra,2023-07-22,1,20.93333,77.75,0,55.7,118.19999999999999,239.40000000000003,18.509999999999998,3.9,12.0,6.94,984.4,342.0,0.721,78,38,0.0,11.0
UEI-IMD-FL-2023-0472,akola,Maharashtra,2023-07-22,1,20.70957,76.9981,0,42.7,91.60000000000001,196.99999999999997,21.040000000000003,15.3,7.0,8.14,521.4,285.0,0.36,67,36,0.0,11.0
UEI-IMD-FL-2023-0346,vijayapura,Karnataka,2023-07-24,1,16.82442,75.71537,0,16.6,69.6,80.89999999999999,17.82,36.0,34.3,0.5,525.0,599.0,0.991,35,19,0.0,325.0
UEI-IMD-FL-2023-0528,bikaner,Rajasthan,2023-07-25,1,28.01762,73.31495,0,15.3,37.099999999999994,61.0,38.37,10.8,5.8,1.33,731.3,232.0,0.901,35,21,0.0,11.0
UEI-IMD-FL-2023-0256,bijapur,Chhattisgarh,2023-07-26,1,16.82442,75.71537,0,48.8,97.2,123.6,17.9,29.7,4.3,0.64,20.8,599.0,0.991,35,19,0.0,327.0
UEI-IMD-FL-2023-0477,amravati,Maharashtra,2023-07-26,1,20.93333,77.75,0,20.9,108.30000000000001,210.5,22.659999999999997,10.6,4.7,3.14,54.7,342.0,0.721,79,38,0.0,11.0
UEI-IMD-FL-2023-0405,alirajpur,Madhya Pradesh,2023-07-29,1,22.30393,74.35568,0,31.1,62.3,116.1,24.61,4.0,3.1,4.66,-9.9,292.0,1.802,13,12,0.0,134.0
UEI-IMD-FL-2023-0573,bareilly,Uttar Pradesh,2023-08-06,1,28.36678,79.43167,0,21.0,56.699999999999996,109.7,27.36,3.6,6.8,2.11,-1.4,177.0,0.36,42,28,0.0,30.0
UEI-IMD-FL-2023-0156,dhemaji,Assam,2023-08-06,1,27.48333,94.58333,0,50.8,63.2,206.99999999999997,28.67,30.7,42.8,39.64,98.3,109.0,1.081,195,40,0.0,19.0
UEI-IMD-FL-2023-0162,darrang,Assam,2023-08-09,1,26.63333,92.8,0,96.9,186.8,302.4,26.520000000000003,15.8,17.9,26914.34,22.7,70.0,0.36,150,46,0.0,22.0
UEI-IMD-FL-2023-0163,dhemaji,Assam,2023-08-09,1,27.48333,94.58333,0,89.4,151.3,250.2,24.83,24.4,12.3,38.99,127.2,109.0,1.081,196,40,0.0,11.0
UEI-IMD-FL-2023-0169,darrang,Assam,2023-08-11,1,26.63333,92.8,0,31.1,191.40000000000003,274.3,24.669999999999998,45.1,25.2,24830.33,-2.5,70.0,0.36,151,46,0.0,11.0
UEI-IMD-FL-2023-0170,dhemaji,Assam,2023-08-11,1,27.48333,94.58333,0,83.19999999999999,159.5,247.20000000000002,22.959999999999997,25.8,5.3,38.99,7.6,109.0,1.081,197,40,0.0,11.0
UEI-IMD-FL-2023-0168,chirang,Assam,2023-08-11,1,29.87368,79.81931,0,25.299999999999997,63.2,129.99999999999997,21.200000000000003,12.5,42.7,11.68,6.5,1202.0,33.243,89,24,0.0,24.0
UEI-IMD-FL-2023-0178,dhemaji,Assam,2023-08-12,1,27.48333,94.58333,0,52.7,152.1,238.70000000000002,23.769999999999996,5.3,9.7,39.83,26.1,109.0,1.081,198,40,0.0,11.0
UEI-IMD-FL-2023-0177,darrang,Assam,2023-08-12,1,26.63333,92.8,0,47.6,158.20000000000002,262.9,25.65,25.2,5.1,24209.28,0.7,70.0,0.36,152,46,0.0,11.0
UEI-IMD-FL-2023-0176,chirang,Assam,2023-08-12,1,29.87368,79.81931,0,32.2,62.800000000000004,122.69999999999997,22.799999999999997,42.7,55.7,11.5,3.5,1202.0,33.243,90,24,0.0,11.0
UEI-IMD-FL-2023-0590,dehradun,Uttarakhand,2023-08-13,1,30.32443,78.03392,0,33.6,58.2,105.39999999999999,22.79,65.4,0.9,4.66,18.9,660.0,2.072,27,16,0.0,325.0
UEI-IMD-FL-2023-0592,chamoli,Uttarakhand,2023-08-14,1,30.40271,79.33303,0,128.8,189.10000000000002,270.20000000000005,22.35,5.9,0.9,336.29,2.1,1102.0,40.18,32,20,0.0,29.0
UEI-IMD-FL-2023-0485,gondia,Maharashtra,2023-08-18,1,21.46026,80.19205,0,37.0,40.4,69.0,33.080000000000005,28.4,12.1,5.73,-71.7,319.0,1.441,39,27,0.0,28.0
UEI-IMD-FL-2023-0500,baleshwar,Odisha,2023-08-19,1,21.49266,86.93348,0,86.30000000000001,144.1,192.89999999999998,25.82,4.2,2.2,362.08,16.5,20.0,1.171,52,32,0.0,365.0
UEI-IMD-FL-2023-0385,bhopal,Madhya Pradesh,2023-08-20,1,23.25469,77.40289,0,57.6,64.3,82.30000000000001,25.41,3.4,4.2,3.34,118.3,525.0,1.982,43,24,0.0,156.0
UEI-IMD-FL-2023-0384,ashoknagar,Madhya Pradesh,2023-08-20,1,24.57578,77.73123,0,42.3,46.5,62.0,28.569999999999997,3.8,4.1,2.44,-6.5,507.0,1.351,12,10,0.0,749.0
UEI-IMD-FL-2023-0326,bilaspur,Himachal Pradesh,2023-08-22,1,31.33027,76.75663,0,5.5,9.7,133.5,29.8,39.6,23.3,5.37,-21.6,506.0,14.054,60,31,0.0,411.0
UEI-IMD-FL-2023-0633,chamoli,Uttarakhand,2023-08-25,1,30.40271,79.33303,0,56.6,95.4,298.1,25.45,5.2,4.9,358.75,4.5,1102.0,40.18,33,20,0.0,11.0
UEI-IMD-FL-2023-0184,biswanath,Assam,2023-08-26,1,26.72577,93.14659,0,27.6,101.8,213.79999999999998,17.66,33.9,27.5,7.13,-25.5,81.0,0.541,83,24,0.0,41.0
UEI-IMD-FL-2023-0199,baksa,Assam,2023-08-26,1,28.7643,78.00321,0,71.29999999999998,96.69999999999999,110.79999999999998,28.17,0.0,0.3,0.77,352.9,217.0,0.541,138,22,0.0,52.0
UEI-IMD-FL-2023-0185,chirang,Assam,2023-08-26,1,29.87368,79.81931,0,23.700000000000003,69.5,197.1,22.340000000000003,0.7,2.9,13.49,8.8,1202.0,33.243,91,24,0.0,13.0
UEI-IMD-FL-2023-0188,dhubri,Assam,2023-08-26,1,26.01856,89.98564,0,79.0,133.3,267.5,20.060000000000002,24.2,12.7,36981.81,13.8,34.0,0.901,120,43,0.0,63.0
UEI-IMD-FL-2023-0186,darrang,Assam,2023-08-26,1,26.63333,92.8,0,58.5,137.29999999999998,300.09999999999997,18.31,47.5,24.5,28839.32,28.8,70.0,0.36,153,46,0.0,13.0
UEI-IMD-FL-2023-0187,dhemaji,Assam,2023-08-26,1,27.48333,94.58333,0,82.60000000000001,224.7,335.6,14.690000000000001,61.3,42.0,50.17,103.6,109.0,1.081,199,40,0.0,13.0
UEI-IMD-FL-2023-0201,barpeta,Assam,2023-08-29,1,26.32293,91.00632,0,91.1,198.70000000000002,298.7,15.530000000000001,0.0,2.7,63.42,70.9,46.0,0.36,162,42,0.0,42.0
UEI-IMD-FL-2023-0207,dhubri,Assam,2023-08-29,1,26.01856,89.98564,0,72.8,176.29999999999998,287.1,15.34,0.1,0.7,54574.79,75.4,34.0,0.901,121,43,0.0,11.0
UEI-IMD-FL-2023-0206,dhemaji,Assam,2023-08-29,1,27.48333,94.58333,0,186.6,311.0,481.4,13.4,0.0,4.2,66.61,97.4,109.0,1.081,200,40,0.0,11.0
UEI-IMD-FL-2023-0205,darrang,Assam,2023-08-29,1,26.63333,92.8,0,108.2,193.89999999999998,332.90000000000003,15.879999999999999,0.0,0.0,43450.03,79.9,70.0,0.36,154,46,0.0,11.0
UEI-IMD-FL-2023-0204,chirang,Assam,2023-08-29,1,29.87368,79.81931,0,4.9,59.0,91.1,22.39,0.0,1.0,12.24,10.0,1202.0,33.243,92,24,0.0,11.0
UEI-IMD-FL-2023-0203,bongaigaon,Assam,2023-08-29,1,26.47703,90.55815,0,146.20000000000002,260.7,385.79999999999995,13.54,0.2,1.1,5.0,25.6,59.0,0.36,88,35,0.0,44.0
UEI-IMD-FL-2023-0202,biswanath,Assam,2023-08-29,1,26.72577,93.14659,0,97.9,141.7,285.59999999999997,15.5,0.0,0.8,22.39,130.3,81.0,0.541,84,24,0.0,11.0
UEI-IMD-FL-2023-0220,barpeta,Assam,2023-08-31,1,26.32293,91.00632,0,16.0,186.3,294.2,20.009999999999998,2.0,7.5,53.08,40.3,46.0,0.36,163,42,0.0,11.0
UEI-IMD-FL-2023-0221,biswanath,Assam,2023-08-31,1,26.72577,93.14659,0,38.2,134.89999999999998,259.3,20.560000000000002,1.3,5.8,8.14,45.9,81.0,0.541,85,24,0.0,11.0
UEI-IMD-FL-2023-0222,chirang,Assam,2023-08-31,1,29.87368,79.81931,0,3.8,16.9,87.7,27.67,0.7,1.0,11.08,-21.8,1202.0,33.243,93,24,0.0,11.0
UEI-IMD-FL-2023-0224,dhemaji,Assam,2023-08-31,1,27.48333,94.58333,0,42.0,268.5,427.8,18.53,3.6,3.8,26.54,-39.9,109.0,1.081,201,40,0.0,11.0
UEI-IMD-FL-2023-0225,dhubri,Assam,2023-08-31,1,26.01856,89.98564,0,15.899999999999999,135.5,255.49999999999997,21.040000000000003,3.1,18.5,46772.53,29.7,34.0,0.901,122,43,0.0,11.0
UEI-IMD-FL-2023-0223,darrang,Assam,2023-08-31,1,26.63333,92.8,0,25.9,158.8,305.2,20.83,2.0,3.1,30689.22,18.6,70.0,0.36,155,46,0.0,11.0
UEI-IMD-FL-2023-0241,darrang,Assam,2023-09-01,1,26.63333,92.8,0,1.4,136.5,288.4,23.349999999999998,3.1,0.0,27163.4,6.4,70.0,0.36,156,46,0.0,11.0
UEI-IMD-FL-2023-0240,chirang,Assam,2023-09-01,1,29.87368,79.81931,0,1.9,9.4,80.10000000000001,29.97,1.0,5.0,10.61,-18.1,1202.0,33.243,94,24,0.0,11.0
UEI-IMD-FL-2023-0239,biswanath,Assam,2023-09-01,1,26.72577,93.14659,0,11.5,122.5,248.79999999999998,23.080000000000002,5.8,0.3,7.11,13.9,81.0,0.541,86,24,0.0,11.0
UEI-IMD-FL-2023-0238,barpeta,Assam,2023-09-01,1,26.32293,91.00632,0,11.2,165.5,277.99999999999994,22.08,7.5,8.5,45.99,15.5,46.0,0.36,164,42,0.0,11.0
UEI-IMD-FL-2023-0630,anand,Gujarat,2023-09-07,1,24.44813,76.35522,0,9.899999999999999,10.1,15.1,37.11,17.5,1.9,0.04,0.0,329.0,0.27,15,10,0.0,2435.0
UEI-IMD-FL-2023-0631,chandrapur,Maharashtra,2023-09-08,1,19.95076,79.29523,0,89.30000000000001,126.4,131.2,22.23,1.4,15.9,7.95,4084.2,184.0,1.261,63,35,0.0,47.0
UEI-IMD-FL-2023-0640,deoria,Uttar Pradesh,2023-09-09,1,26.50167,83.77936,0,36.1,44.3,53.0,29.519999999999996,28.5,1.8,0.65,4.8,77.0,0.09,55,32,0.0,353.0
UEI-IMD-FL-2023-0639,budaun,Uttar Pradesh,2023-09-09,1,28.03811,79.12668,0,6.9,9.799999999999999,10.2,31.89,42.2,19.6,0.16,-67.3,176.0,0.631,34,23,0.0,64.0
UEI-IMD-FL-2023-0637,amethi,Uttar Pradesh,2023-09-09,1,26.15696,81.80519,0,8.9,21.5,25.5,33.13,34.0,27.8,0.68,-35.2,104.0,0.27,32,17,0.0,337.0
NEG-adilabad-2022-03-04,adilabad,,2022-03-04,0,19.67203,78.5359,1,0.0,0.0,0.0,38.480000000000004,0.0,0.0,0.0,,255.0,1.081,23,15,0.0,2371.0
NEG-adilabad-2016-04-01,adilabad,,2016-04-01,0,19.67203,78.5359,1,0.0,0.5,0.8,49.32,0.0,0.0,0.0,,255.0,1.081,23,15,0.0,208.0
NEG-adilabad-2015-04-13,adilabad,,2015-04-13,0,19.67203,78.5359,1,29.9,31.599999999999998,31.8,40.73000000000001,13.8,3.9,0.06,,255.0,1.081,22,14,0.0,219.0
NEG-adilabad-2023-04-26,adilabad,,2023-04-26,0,19.67203,78.5359,1,2.8,3.5999999999999996,4.0,42.85999999999999,0.4,7.5,0.03,,255.0,1.081,25,16,0.0,285.0
NEG-adilabad-2018-01-31,adilabad,,2018-01-31,0,19.67203,78.5359,0,0.0,0.0,0.0,31.280000000000005,0.0,0.0,0.0,-100.0,255.0,1.081,23,15,0.0,878.0
NEG-adilabad-2017-09-30,adilabad,,2017-09-30,0,19.67203,78.5359,0,0.7,2.0999999999999996,42.50000000000001,29.179999999999996,0.3,7.0,0.16,-91.0,255.0,1.081,23,15,0.0,755.0
NEG-adilabad-2017-07-03,adilabad,,2017-07-03,0,19.67203,78.5359,0,41.5,57.8,80.1,25.330000000000002,1.2,1.2,0.09,50.0,255.0,1.081,23,15,0.0,666.0
NEG-adilabad-2016-07-25,adilabad,,2016-07-25,0,19.67203,78.5359,0,19.900000000000002,43.800000000000004,130.9,16.78,17.8,25.3,3.32,34.4,255.0,1.081,23,15,0.0,323.0
NEG-adilabad-2023-04-05,adilabad,,2023-04-05,0,19.67203,78.5359,0,0.0,0.0,0.0,46.08,0.0,8.9,0.03,0.0,255.0,1.081,25,16,0.0,264.0
NEG-agra-2016-02-24,agra,,2016-02-24,0,20.49255,82.63422,1,0.0,0.0,0.1,35.74999999999999,0.0,3.9,0.0,,277.0,1.081,30,19,0.0,119.0
NEG-agra-2022-08-03,agra,,2022-08-03,0,20.49255,82.63422,0,26.0,69.3,151.5,27.33,2.8,2.8,1.31,-57.9,277.0,1.081,38,22,0.0,72.0
NEG-agra-2023-04-22,agra,,2023-04-22,0,20.49255,82.63422,1,0.2,0.2,3.0,48.519999999999996,0.1,0.1,0.0,,277.0,1.081,39,22,0.0,213.0
NEG-agra-2021-02-11,agra,,2021-02-11,0,20.49255,82.63422,1,0.0,0.0,0.2,33.419999999999995,0.0,0.0,0.0,,277.0,1.081,37,21,0.0,830.0
NEG-agra-2015-12-23,agra,,2015-12-23,0,20.49255,82.63422,0,3.2,6.8,19.4,19.7,1.3,0.0,0.04,-20.0,277.0,1.081,30,19,0.0,56.0
NEG-agra-2021-08-15,agra,,2021-08-15,0,20.49255,82.63422,0,9.5,14.9,34.800000000000004,31.39,13.3,12.7,0.55,292.9,277.0,1.081,37,21,0.0,1015.0
NEG-agra-2019-09-25,agra,,2019-09-25,0,20.49255,82.63422,0,34.4,52.400000000000006,101.39999999999999,26.99,4.8,1.2,2.81,680.6,277.0,1.081,37,21,0.0,325.0
NEG-agra-2015-05-11,agra,,2015-05-11,0,20.49255,82.63422,1,0.9,1.8,4.4,45.370000000000005,0.4,2.6,0.0,,277.0,1.081,29,18,0.0,1708.0
NEG-agra-2015-05-03,agra,,2015-05-03,0,20.49255,82.63422,1,1.0,5.0,24.7,46.86999999999999,0.4,0.5,0.0,,277.0,1.081,29,18,0.0,1700.0
NEG-agra-2016-01-19,agra,,2016-01-19,0,20.49255,82.63422,1,0.0,0.0,0.0,26.799999999999997,4.7,0.0,0.0,,277.0,1.081,30,19,0.0,83.0
NEG-agra-2017-06-14,agra,,2017-06-14,0,20.49255,82.63422,1,23.9,34.900000000000006,48.300000000000004,31.91,20.7,27.3,0.03,,277.0,1.081,31,20,0.0,331.0
NEG-agra-2017-08-10,agra,,2017-08-10,0,20.49255,82.63422,0,38.5,49.900000000000006,67.6,21.57,4.9,0.9,1.62,268.2,277.0,1.081,31,20,0.0,388.0
NEG-agra-2020-08-31,agra,,2020-08-31,0,20.49255,82.63422,0,8.1,153.49999999999997,225.9,21.950000000000003,0.1,10.9,3.24,343.8,277.0,1.081,37,21,0.0,666.0
NEG-agra-2021-10-01,agra,,2021-10-01,0,20.49255,82.63422,0,14.700000000000001,41.400000000000006,82.80000000000001,21.19,8.6,1.4,2.89,265.8,277.0,1.081,37,21,0.0,1062.0
NEG-agra-2015-04-19,agra,,2015-04-19,0,20.49255,82.63422,1,2.4,26.1,32.5,31.64,0.0,0.0,0.0,,277.0,1.081,29,18,0.0,1686.0
NEG-agra-2021-04-17,agra,,2021-04-17,0,20.49255,82.63422,1,0.0,0.0,0.0,41.25,0.0,0.0,0.0,,277.0,1.081,37,21,0.0,895.0
NEG-agra-2017-03-25,agra,,2017-03-25,0,20.49255,82.63422,1,0.0,0.0,0.0,47.32,0.0,0.0,0.0,,277.0,1.081,31,20,0.0,250.0
NEG-agra-2023-01-11,agra,,2023-01-11,0,20.49255,82.63422,0,0.0,1.1,1.1,25.060000000000002,0.0,0.0,0.05,-16.7,277.0,1.081,39,22,0.0,112.0
NEG-agra-2022-04-15,agra,,2022-04-15,0,20.49255,82.63422,1,0.0,0.0,0.0,45.629999999999995,0.0,0.0,0.0,,277.0,1.081,37,21,0.0,1258.0
NEG-agra-2022-11-12,agra,,2022-11-12,0,20.49255,82.63422,0,0.0,0.0,0.0,27.840000000000003,0.0,0.0,0.12,-14.3,277.0,1.081,39,22,0.0,52.0
NEG-agra-2021-02-10,agra,,2021-02-10,0,20.49255,82.63422,1,0.0,0.0,0.2,33.75999999999999,0.0,0.0,0.0,,277.0,1.081,37,21,0.0,829.0
NEG-agra-2019-09-15,agra,,2019-09-15,0,20.49255,82.63422,0,24.6,65.2,284.5,21.740000000000002,10.7,1.6,0.96,-89.9,277.0,1.081,37,21,0.0,315.0
NEG-agra-2017-06-21,agra,,2017-06-21,0,20.49255,82.63422,0,6.8,56.3,91.19999999999999,33.22,11.1,11.9,0.33,1000.0,277.0,1.081,31,20,0.0,338.0
NEG-agra-2020-01-14,agra,,2020-01-14,0,20.49255,82.63422,0,0.0,15.8,28.200000000000003,21.240000000000002,0.0,0.0,0.06,-33.3,277.0,1.081,37,21,0.0,436.0
NEG-agra-2021-08-10,agra,,2021-08-10,0,20.49255,82.63422,0,11.7,20.2,116.7,27.11,0.6,1.4,0.11,-87.6,277.0,1.081,37,21,0.0,1010.0
NEG-agra-2018-02-13,agra,,2018-02-13,0,20.49255,82.63422,0,0.4,0.4,0.4,28.93,0.0,0.0,0.0,-100.0,277.0,1.081,32,21,0.0,36.0
NEG-agra-2015-01-27,agra,,2015-01-27,0,20.49255,82.63422,1,0.0,0.0,0.0,29.22,0.0,0.0,0.0,,277.0,1.081,29,18,0.0,1604.0
NEG-agra-2023-07-06,agra,,2023-07-06,0,20.49255,82.63422,0,29.299999999999997,33.1,236.2,34.01,12.3,9.8,0.19,-84.8,277.0,1.081,39,22,0.0,288.0
NEG-agra-2016-10-15,agra,,2016-10-15,0,20.49255,82.63422,0,0.0,40.5,119.19999999999999,23.84,0.0,0.0,0.24,-93.6,277.0,1.081,31,20,0.0,89.0
NEG-agra-2022-10-30,agra,,2022-10-30,0,20.49255,82.63422,0,0.0,0.0,8.1,31.230000000000004,0.0,0.0,0.16,-11.1,277.0,1.081,39,22,0.0,39.0
NEG-ahmedabad-2018-10-25,ahmedabad,,2018-10-25,0,23.02579,72.58727,0,0.0,0.0,0.0,34.64,0.0,0.0,1.31,6.5,53.0,0.631,46,29,0.0,104.0
NEG-ahmedabad-2018-02-12,ahmedabad,,2018-02-12,0,23.02579,72.58727,0,0.0,0.6000000000000001,0.6000000000000001,27.949999999999996,0.0,0.0,1.28,0.0,53.0,0.631,45,28,0.0,402.0
NEG-ahmedabad-2016-09-28,ahmedabad,,2016-09-28,0,23.02579,72.58727,0,0.0,0.1,2.4,35.01,0.0,0.0,1.32,-2.2,53.0,0.631,44,27,0.0,119.0
NEG-ahmedabad-2017-05-31,ahmedabad,,2017-05-31,0,23.02579,72.58727,0,0.0,0.1,1.4000000000000001,58.22,0.0,1.4,1.4,0.0,53.0,0.631,45,28,0.0,145.0
NEG-ahmedabad-2018-10-10,ahmedabad,,2018-10-10,0,23.02579,72.58727,0,0.0,0.0,0.0,34.93,0.0,0.0,1.3,-1.5,53.0,0.631,46,29,0.0,89.0
NEG-ahmedabad-2016-02-23,ahmedabad,,2016-02-23,0,23.02579,72.58727,0,0.0,0.0,0.0,35.01,0.0,0.0,1.2,0.0,53.0,0.631,43,26,0.0,255.0
NEG-ahmedabad-2016-01-15,ahmedabad,,2016-01-15,0,23.02579,72.58727,0,0.0,0.0,0.0,28.44,0.0,0.0,1.09,0.0,53.0,0.631,43,26,0.0,216.0
NEG-ahmedabad-2019-04-06,ahmedabad,,2019-04-06,0,23.02579,72.58727,0,0.0,0.0,0.0,51.84,0.0,0.0,1.44,15.2,53.0,0.631,46,29,0.0,267.0
NEG-ahmedabad-2016-02-01,ahmedabad,,2016-02-01,0,23.02579,72.58727,0,0.0,0.0,0.0,29.26,0.0,0.0,1.2,10.1,53.0,0.631,43,26,0.0,233.0
NEG-ahmedabad-2019-01-10,ahmedabad,,2019-01-10,0,23.02579,72.58727,0,0.0,0.0,0.0,27.259999999999998,0.0,0.0,1.09,0.0,53.0,0.631,46,29,0.0,181.0
NEG-ahmedabad-2018-11-09,ahmedabad,,2018-11-09,0,23.02579,72.58727,0,0.0,0.0,0.0,34.04,0.0,0.0,1.28,0.0,53.0,0.631,46,29,0.0,119.0
NEG-ahmedabad-2021-10-08,ahmedabad,,2021-10-08,0,23.02579,72.58727,0,0.1,1.2000000000000002,106.59999999999998,29.11,1.5,0.2,1.39,-44.2,53.0,0.631,50,32,0.0,31.0
NEG-ahmedabad-2017-12-19,ahmedabad,,2017-12-19,0,23.02579,72.58727,0,0.0,0.0,15.100000000000001,27.27,0.0,0.0,1.11,-4.3,53.0,0.631,45,28,0.0,347.0
NEG-ahmedabad-2015-06-27,ahmedabad,,2015-06-27,0,23.02579,72.58727,0,25.1,35.2,41.0,30.340000000000003,0.0,0.0,1.75,19.0,53.0,0.631,43,26,0.0,14.0
NEG-ahmedabad-2023-03-08,ahmedabad,,2023-03-08,0,23.02579,72.58727,0,0.8,0.8,0.8,43.879999999999995,0.0,0.0,1.28,0.0,53.0,0.631,52,33,0.0,240.0
NEG-ahmedabad-2020-02-25,ahmedabad,,2020-02-25,0,23.02579,72.58727,0,0.0,0.0,0.0,38.900000000000006,0.0,0.0,1.26,0.0,53.0,0.631,47,30,0.0,140.0
NEG-ahmedabad-2021-01-05,ahmedabad,,2021-01-05,0,23.02579,72.58727,0,0.0,0.0,0.0,27.26,0.0,0.0,1.09,-2.7,53.0,0.631,49,31,0.0,128.0
NEG-ahmedabad-2019-03-31,ahmedabad,,2019-03-31,0,23.02579,72.58727,0,0.0,0.0,0.0,51.879999999999995,0.0,0.0,1.25,0.0,53.0,0.631,46,29,0.0,261.0
NEG-ahmedabad-2015-11-19,ahmedabad,,2015-11-19,0,23.02579,72.58727,0,0.0,0.0,0.0,34.410000000000004,0.0,0.0,1.26,0.0,53.0,0.631,43,26,0.0,159.0
NEG-ahmedabad-2021-03-11,ahmedabad,,2021-03-11,0,23.02579,72.58727,0,0.0,0.0,0.0,45.01,0.0,0.0,1.25,0.0,53.0,0.631,49,31,0.0,193.0
NEG-ahmedabad-2018-04-15,ahmedabad,,2018-04-15,0,23.02579,72.58727,0,0.30000000000000004,0.4,0.5,46.88999999999999,0.0,0.0,1.4,0.0,53.0,0.631,45,28,0.0,464.0
NEG-ahmedabad-2022-01-18,ahmedabad,,2022-01-18,0,23.02579,72.58727,0,0.0,0.0,4.8999999999999995,25.220000000000002,0.0,0.0,1.09,-2.7,53.0,0.631,50,32,0.0,133.0
NEG-ahmedabad-2021-12-08,ahmedabad,,2021-12-08,0,23.02579,72.58727,0,0.2,4.3,4.3,21.32,0.0,0.0,1.14,-12.3,53.0,0.631,50,32,0.0,92.0
NEG-ahmedabad-2019-01-21,ahmedabad,,2019-01-21,0,23.02579,72.58727,0,0.0,0.0,0.0,29.53,0.0,0.0,1.09,0.0,53.0,0.631,46,29,0.0,192.0
NEG-ahmedabad-2021-06-22,ahmedabad,,2021-06-22,0,23.02579,72.58727,0,109.6,129.70000000000002,130.20000000000002,28.530000000000005,6.3,0.1,2.13,47.9,53.0,0.631,49,31,0.0,296.0
NEG-ahmedabad-2017-02-26,ahmedabad,,2017-02-26,0,23.02579,72.58727,0,0.0,0.0,0.0,39.0,0.0,0.0,1.28,0.0,53.0,0.631,45,28,0.0,51.0
NEG-ahmedabad-2022-11-25,ahmedabad,,2022-11-25,0,23.02579,72.58727,0,0.0,0.0,0.0,32.82,0.0,0.0,1.28,0.0,53.0,0.631,52,33,0.0,137.0
NEG-ahmedabad-2015-10-12,ahmedabad,,2015-10-12,0,23.02579,72.58727,0,0.0,0.0,0.0,37.61,0.0,0.0,1.17,-3.3,53.0,0.631,43,26,0.0,121.0
NEG-ahmedabad-2015-07-07,ahmedabad,,2015-07-07,0,23.02579,72.58727,0,0.30000000000000004,0.30000000000000004,29.500000000000004,45.769999999999996,0.1,0.1,1.25,-15.0,53.0,0.631,43,26,0.0,24.0
NEG-ahmedabad-2022-06-01,ahmedabad,,2022-06-01,0,23.02579,72.58727,0,0.1,0.2,0.2,55.63,0.0,0.0,1.44,0.0,53.0,0.631,50,32,0.0,267.0
NEG-ahmedabad-2017-07-22,ahmedabad,,2017-07-22,0,23.02579,72.58727,0,26.5,153.40000000000003,250.79999999999995,19.0,48.4,164.0,15.79,-47.8,53.0,0.631,45,28,0.0,197.0
NEG-ahmedabad-2023-09-02,ahmedabad,,2023-09-02,0,23.02579,72.58727,0,0.3,1.5,3.9,38.1,0.5,0.0,1.23,-8.2,53.0,0.631,53,34,0.0,43.0
NEG-ahmedabad-2018-03-31,ahmedabad,,2018-03-31,0,23.02579,72.58727,0,0.0,0.0,0.0,51.190000000000005,0.0,0.0,1.28,0.0,53.0,0.631,45,28,0.0,449.0
NEG-ahmednagar-2015-11-23,ahmednagar,,2015-11-23,0,23.59893,72.96602,0,0.0,0.0,0.0,34.199999999999996,0.0,0.0,0.03,0.0,145.0,2.432,28,19,0.0,531.0
NEG-ahmednagar-2017-08-11,ahmednagar,,2017-08-11,0,23.59893,72.96602,0,4.2,9.799999999999999,36.9,22.86,5.3,4.2,5.41,-20.8,145.0,2.432,29,20,0.0,406.0
NEG-ahmednagar-2016-02-18,ahmednagar,,2016-02-18,0,23.59893,72.96602,0,0.0,0.0,0.0,33.33,0.0,0.0,0.03,0.0,145.0,2.432,28,19,0.0,618.0
NEG-ahmednagar-2019-04-06,ahmednagar,,2019-04-06,0,23.59893,72.96602,0,0.0,0.0,0.0,49.26,0.0,0.0,0.03,0.0,145.0,2.432,29,20,0.0,1009.0
NEG-ahmednagar-2018-02-12,ahmednagar,,2018-02-12,0,23.59893,72.96602,0,0.0,0.6,0.6,28.28,0.0,0.0,0.03,0.0,145.0,2.432,29,20,0.0,591.0
NEG-ahmednagar-2020-02-01,ahmednagar,,2020-02-01,0,23.59893,72.96602,0,0.0,0.0,0.0,26.840000000000003,0.0,0.0,0.03,50.0,145.0,2.432,30,21,0.0,29.0
NEG-ahmednagar-2022-02-16,ahmednagar,,2022-02-16,0,23.59893,72.96602,0,0.0,0.0,0.0,32.38,0.0,0.0,0.03,0.0,145.0,2.432,39,22,0.0,130.0
NEG-ahmednagar-2019-02-03,ahmednagar,,2019-02-03,0,23.59893,72.96602,0,0.0,0.0,0.0,28.680000000000003,0.0,0.0,0.03,0.0,145.0,2.432,29,20,0.0,947.0
NEG-ahmednagar-2016-10-28,ahmednagar,,2016-10-28,0,23.59893,72.96602,0,0.0,0.0,0.0,30.56,0.0,0.0,0.05,0.0,145.0,2.432,29,20,0.0,119.0
NEG-ahmednagar-2019-02-25,ahmednagar,,2019-02-25,0,23.59893,72.96602,0,0.0,0.0,0.0,33.65,0.2,0.0,0.03,0.0,145.0,2.432,29,20,0.0,969.0
NEG-ahmednagar-2018-12-26,ahmednagar,,2018-12-26,0,23.59893,72.96602,0,0.0,0.0,0.0,24.25,0.0,0.0,0.02,0.0,145.0,2.432,29,20,0.0,908.0
NEG-ahmednagar-2017-05-08,ahmednagar,,2017-05-08,0,23.59893,72.96602,0,0.0,0.0,0.30000000000000004,55.49,0.0,0.0,0.03,0.0,145.0,2.432,29,20,0.0,311.0
NEG-ahmednagar-2022-07-08,ahmednagar,,2022-07-08,0,23.59893,72.96602,0,93.8,155.0,170.10000000000002,24.27,26.5,39.2,0.34,1033.3,145.0,2.432,39,22,0.0,272.0
NEG-ahmednagar-2017-12-29,ahmednagar,,2017-12-29,0,23.59893,72.96602,0,0.0,0.0,0.0,27.25,0.0,0.0,0.06,-25.0,145.0,2.432,29,20,0.0,546.0
NEG-ahmednagar-2022-11-14,ahmednagar,,2022-11-14,0,23.59893,72.96602,0,0.0,0.0,0.0,30.190000000000005,0.0,0.0,0.05,0.0,145.0,2.432,41,23,0.0,25.0
NEG-ahmednagar-2022-04-08,ahmednagar,,2022-04-08,0,23.59893,72.96602,0,0.0,0.0,0.0,53.53999999999999,0.0,0.0,0.03,0.0,145.0,2.432,39,22,0.0,181.0
NEG-ahmednagar-2015-10-20,ahmednagar,,2015-10-20,0,23.59893,72.96602,0,0.0,0.0,0.0,34.39,0.1,0.0,0.02,0.0,145.0,2.432,28,19,0.0,497.0
NEG-ahmednagar-2021-10-31,ahmednagar,,2021-10-31,0,23.59893,72.96602,0,0.0,0.8,0.8,31.159999999999997,0.0,0.0,0.05,-16.7,145.0,2.432,39,22,0.0,22.0
NEG-ahmednagar-2022-02-13,ahmednagar,,2022-02-13,0,23.59893,72.96602,0,0.0,0.0,0.0,31.32,0.0,0.0,0.03,0.0,145.0,2.432,39,22,0.0,127.0
NEG-ahmednagar-2016-12-01,ahmednagar,,2016-12-01,0,23.59893,72.96602,0,0.0,0.0,0.0,28.78,0.0,0.0,0.02,-33.3,145.0,2.432,29,20,0.0,153.0
NEG-ahmednagar-2020-12-27,ahmednagar,,2020-12-27,0,23.59893,72.96602,0,0.0,0.0,0.0,26.170000000000005,0.0,0.0,0.03,0.0,145.0,2.432,32,21,0.0,73.0
NEG-ahmednagar-2023-03-06,ahmednagar,,2023-03-06,0,23.59893,72.96602,0,0.0,0.0,0.0,42.52,0.0,0.0,0.03,0.0,145.0,2.432,41,23,0.0,137.0
NEG-ahmednagar-2017-09-29,ahmednagar,,2017-09-29,0,23.59893,72.96602,0,0.0,0.0,16.7,30.54,0.0,0.0,1.26,-26.3,145.0,2.432,29,20,0.0,455.0
NEG-ahmednagar-2016-10-31,ahmednagar,,2016-10-31,0,23.59893,72.96602,0,0.0,0.0,0.0,31.93,0.0,0.0,0.04,-20.0,145.0,2.432,29,20,0.0,122.0
NEG-ahmednagar-2020-03-08,ahmednagar,,2020-03-08,0,23.59893,72.96602,0,0.5,0.5,0.5,38.63,0.0,0.0,0.03,0.0,145.0,2.432,30,21,0.0,65.0
NEG-ahmednagar-2019-04-04,ahmednagar,,2019-04-04,0,23.59893,72.96602,0,0.0,0.0,0.0,48.03,0.0,0.0,0.03,0.0,145.0,2.432,29,20,0.0,1007.0
NEG-ahmednagar-2018-01-10,ahmednagar,,2018-01-10,0,23.59893,72.96602,0,0.0,0.0,0.0,27.080000000000002,0.0,0.0,0.05,-16.7,145.0,2.432,29,20,0.0,558.0
NEG-ahmednagar-2022-03-06,ahmednagar,,2022-03-06,0,23.59893,72.96602,0,0.0,0.0,0.0,41.52,0.0,0.0,0.03,0.0,145.0,2.432,39,22,0.0,148.0
NEG-ahmednagar-2022-09-19,ahmednagar,,2022-09-19,0,23.59893,72.96602,0,2.1,47.3,73.1,25.149999999999995,0.0,0.0,0.26,-33.3,145.0,2.432,40,23,0.0,13.0
NEG-ahmednagar-2021-03-31,ahmednagar,,2021-03-31,0,23.59893,72.96602,0,0.0,0.0,0.0,53.77,0.0,0.0,0.03,0.0,145.0,2.432,33,22,0.0,12.0
NEG-ahmednagar-2017-06-18,ahmednagar,,2017-06-18,0,23.59893,72.96602,0,0.4,1.7999999999999998,13.5,51.96,0.5,0.2,0.03,0.0,145.0,2.432,29,20,0.0,352.0
NEG-ahmednagar-2018-08-21,ahmednagar,,2018-08-21,0,23.59893,72.96602,0,22.799999999999997,62.1,91.89999999999999,20.28,26.3,5.6,0.2,150.0,145.0,2.432,29,20,0.0,781.0
NEG-ahmednagar-2023-08-14,ahmednagar,,2023-08-14,0,23.59893,72.96602,0,8.3,21.2,58.599999999999994,27.21,0.9,2.2,0.06,-25.0,145.0,2.432,43,24,0.0,127.0
NEG-ahmednagar-2023-09-14,ahmednagar,,2023-09-14,0,23.59893,72.96602,0,0.5,18.4,22.6,32.77,1.4,18.8,0.02,0.0,145.0,2.432,43,24,0.0,158.0
NEG-ahmednagar-2015-08-18,ahmednagar,,2015-08-18,0,23.59893,72.96602,0,11.500000000000002,34.0,37.99999999999999,19.93,1.9,1.7,0.56,-22.2,145.0,2.432,28,19,0.0,434.0
NEG-ahmednagar-2017-07-27,ahmednagar,,2017-07-27,0,23.59893,72.96602,0,723.0,1189.1,1546.5,9.94,8.2,4.9,19.42,7369.2,145.0,2.432,29,20,0.0,391.0
NEG-ahmednagar-2015-05-12,ahmednagar,,2015-05-12,0,23.59893,72.96602,0,0.0,0.0,0.0,57.46,0.0,0.0,0.03,0.0,145.0,2.432,28,19,0.0,336.0
NEG-ahmednagar-2018-07-16,ahmednagar,,2018-07-16,0,23.59893,72.96602,0,107.6,137.2,169.70000000000002,16.52,4.4,2.7,0.22,175.0,145.0,2.432,29,20,0.0,745.0
NEG-ahmednagar-2019-07-02,ahmednagar,,2019-07-02,0,23.59893,72.96602,0,0.9000000000000001,14.799999999999999,54.4,36.39,5.5,11.5,0.09,50.0,145.0,2.432,29,20,0.0,1096.0
NEG-ahmednagar-2018-01-01,ahmednagar,,2018-01-01,0,23.59893,72.96602,0,0.0,0.0,0.0,27.42,0.0,0.0,0.06,0.0,145.0,2.432,29,20,0.0,549.0
NEG-ahmednagar-2015-09-29,ahmednagar,,2015-09-29,0,23.59893,72.96602,0,0.0,4.6,23.700000000000003,29.009999999999998,0.0,0.0,0.05,-44.4,145.0,2.432,28,19,0.0,476.0
NEG-ahmednagar-2017-05-14,ahmednagar,,2017-05-14,0,23.59893,72.96602,0,0.2,0.2,0.30000000000000004,57.94,0.0,0.0,0.03,0.0,145.0,2.432,29,20,0.0,317.0
NEG-ahmednagar-2021-05-12,ahmednagar,,2021-05-12,0,23.59893,72.96602,0,0.0,0.0,0.4,56.02,0.0,0.0,0.03,0.0,145.0,2.432,34,22,0.0,28.0
NEG-ahmednagar-2023-01-19,ahmednagar,,2023-01-19,0,23.59893,72.96602,0,0.0,0.0,0.0,29.07,0.0,0.0,0.02,0.0,145.0,2.432,41,23,0.0,91.0
NEG-ahmednagar-2018-07-12,ahmednagar,,2018-07-12,0,23.59893,72.96602,0,16.1,21.7,61.10000000000001,29.59,13.4,25.7,0.19,137.5,145.0,2.432,29,20,0.0,741.0
NEG-ajmer-2017-05-20,ajmer,,2017-05-20,0,26.4521,74.63867,0,0.1,0.5,0.7000000000000001,67.67999999999999,0.1,0.1,0.12,33.3,482.0,10.27,37,27,0.0,668.0
NEG-ajmer-2022-05-08,ajmer,,2022-05-08,0,26.4521,74.63867,0,0.0,0.0,0.0,59.9,0.0,0.0,0.09,0.0,482.0,10.27,39,28,0.0,996.0
NEG-ajmer-2020-08-06,ajmer,,2020-08-06,0,26.4521,74.63867,0,6.0,33.0,55.4,30.580000000000002,5.8,5.8,0.2,-45.9,482.0,10.27,39,28,0.0,356.0
NEG-ajmer-2019-06-09,ajmer,,2019-06-09,0,26.4521,74.63867,0,0.0,0.0,0.0,67.37,0.0,0.0,0.09,0.0,482.0,10.27,38,28,0.0,152.0
NEG-ajmer-2022-03-18,ajmer,,2022-03-18,0,26.4521,74.63867,0,0.0,0.0,1.1,48.75,0.0,0.0,0.09,0.0,482.0,10.27,39,28,0.0,945.0
NEG-ajmer-2020-02-23,ajmer,,2020-02-23,0,26.4521,74.63867,0,0.0,0.0,0.0,36.449999999999996,0.0,0.0,0.08,0.0,482.0,10.27,39,28,0.0,191.0
NEG-ajmer-2016-08-08,ajmer,,2016-08-08,0,26.4521,74.63867,0,17.8,60.7,183.59999999999997,22.319999999999997,37.2,40.2,1.19,38.4,482.0,10.27,37,27,0.0,383.0
NEG-ajmer-2017-12-20,ajmer,,2017-12-20,0,26.4521,74.63867,0,0.0,0.0,1.7,23.96,0.0,0.0,0.08,-11.1,482.0,10.27,37,27,0.0,882.0
NEG-ajmer-2016-07-25,ajmer,,2016-07-25,0,26.4521,74.63867,0,2.2,2.3,97.79999999999998,37.53999999999999,13.5,13.1,0.3,-23.1,482.0,10.27,37,27,0.0,369.0
NEG-ajmer-2017-10-07,ajmer,,2017-10-07,0,26.4521,74.63867,0,0.0,0.0,0.7,45.699999999999996,0.0,0.0,0.09,0.0,482.0,10.27,37,27,0.0,808.0
NEG-ajmer-2023-05-10,ajmer,,2023-05-10,0,26.4521,74.63867,0,0.0,1.4,20.8,48.309999999999995,0.0,0.0,0.09,-52.6,482.0,10.27,39,28,0.0,1363.0
NEG-ajmer-2021-04-18,ajmer,,2021-04-18,0,26.4521,74.63867,0,0.2,0.2,0.2,52.300000000000004,0.0,0.0,0.09,0.0,482.0,10.27,39,28,0.0,611.0
NEG-ajmer-2021-01-16,ajmer,,2021-01-16,0,26.4521,74.63867,0,0.0,1.5,30.2,19.66,0.0,0.0,0.08,-27.3,482.0,10.27,39,28,0.0,519.0
NEG-ajmer-2017-12-12,ajmer,,2017-12-12,0,26.4521,74.63867,0,0.2,1.7,1.7,19.3,0.0,0.0,0.09,12.5,482.0,10.27,37,27,0.0,874.0
NEG-ajmer-2023-05-18,ajmer,,2023-05-18,0,26.4521,74.63867,0,0.0,0.0,0.8,58.44,0.0,0.0,0.12,33.3,482.0,10.27,39,28,0.0,1371.0
NEG-akola-2019-10-21,akola,,2019-10-21,0,20.70957,76.9981,0,24.1,24.1,30.4,24.2,5.1,1.4,1.06,45.2,285.0,0.36,51,32,0.0,28.0
NEG-akola-2019-06-24,akola,,2019-06-24,0,20.70957,76.9981,0,35.0,35.400000000000006,35.6,49.019999999999996,0.7,3.9,1.34,332.3,285.0,0.36,49,32,0.0,165.0
NEG-akola-2019-01-22,akola,,2019-01-22,0,20.70957,76.9981,0,0.0,0.0,0.0,27.6,0.0,0.0,0.25,0.0,285.0,0.36,49,32,0.0,12.0
NEG-akola-2017-06-17,akola,,2017-06-17,0,20.70957,76.9981,0,11.700000000000001,36.2,47.5,34.54,0.3,0.0,0.37,-60.6,285.0,0.36,46,30,0.0,324.0
NEG-akola-2020-09-18,akola,,2020-09-18,0,20.70957,76.9981,0,36.6,82.30000000000001,118.4,23.08,16.0,1.3,1.6,61.6,285.0,0.36,51,32,0.0,361.0
NEG-akola-2020-07-14,akola,,2020-07-14,0,20.70957,76.9981,0,8.2,31.7,62.800000000000004,29.119999999999997,43.9,11.6,0.89,29.0,285.0,0.36,51,32,0.0,295.0
NEG-akola-2016-01-08,akola,,2016-01-08,0,20.70957,76.9981,0,0.0,0.0,0.0,28.0,0.0,0.0,0.25,-3.8,285.0,0.36,44,29,0.0,155.0
NEG-akola-2023-06-23,akola,,2023-06-23,0,20.70957,76.9981,0,0.4,0.6000000000000001,0.6000000000000001,56.00000000000001,3.4,1.9,0.42,35.5,285.0,0.36,64,36,0.0,75.0
NEG-akola-2015-07-12,akola,,2015-07-12,0,20.70957,76.9981,0,3.4,3.4,3.4,39.6,0.0,0.0,0.31,0.0,285.0,0.36,43,28,0.0,750.0
NEG-akola-2016-03-25,akola,,2016-03-25,0,20.70957,76.9981,0,0.0,0.0,0.2,53.11000000000001,1.0,3.3,0.31,0.0,285.0,0.36,44,29,0.0,232.0
NEG-akola-2016-09-18,akola,,2016-09-18,0,20.70957,76.9981,0,51.800000000000004,61.6,62.9,19.77,4.0,6.5,1.19,101.7,285.0,0.36,46,30,0.0,52.0
NEG-akola-2022-01-14,akola,,2022-01-14,0,20.70957,76.9981,0,1.4,6.0,6.0,19.64,0.0,0.0,0.33,32.0,285.0,0.36,59,34,0.0,129.0
NEG-akola-2016-10-17,akola,,2016-10-17,0,20.70957,76.9981,0,0.0,0.0,17.3,29.309999999999995,0.0,0.0,0.59,-31.4,285.0,0.36,46,30,0.0,81.0
NEG-akola-2023-11-19,akola,,2023-11-19,0,20.70957,76.9981,0,0.0,0.0,0.0,28.63,0.0,0.0,0.28,0.0,285.0,0.36,68,36,0.0,119.0
NEG-akola-2022-08-19,akola,,2022-08-19,0,20.70957,76.9981,0,14.0,59.89999999999999,203.0,25.759999999999998,1.8,1.3,1.75,-61.3,285.0,0.36,60,35,0.0,91.0
NEG-akola-2015-09-18,akola,,2015-09-18,0,20.70957,76.9981,0,55.5,82.1,91.4,28.18,11.2,0.0,2.95,767.6,285.0,0.36,44,29,0.0,43.0
NEG-akola-2019-04-26,akola,,2019-04-26,0,20.70957,76.9981,0,0.0,0.0,0.4,50.67999999999999,0.0,0.0,0.31,0.0,285.0,0.36,49,32,0.0,106.0
NEG-akola-2019-04-13,akola,,2019-04-13,0,20.70957,76.9981,0,0.0,0.0,0.0,55.39,0.0,0.0,0.31,0.0,285.0,0.36,49,32,0.0,93.0
NEG-akola-2020-04-01,akola,,2020-04-01,0,20.70957,76.9981,0,0.4,4.2,4.6,35.6,0.0,0.0,0.37,-41.3,285.0,0.36,51,32,0.0,191.0
NEG-akola-2020-12-07,akola,,2020-12-07,0,20.70957,76.9981,0,0.0,0.0,1.0,25.599999999999998,0.0,0.0,0.26,-3.7,285.0,0.36,52,33,0.0,58.0
NEG-akola-2017-10-26,akola,,2017-10-26,0,20.70957,76.9981,0,0.0,1.2,7.499999999999999,29.799999999999997,0.0,0.0,0.3,-6.3,285.0,0.36,46,30,0.0,455.0
NEG-akola-2015-02-17,akola,,2015-02-17,0,20.70957,76.9981,0,0.0,4.9,4.9,30.400000000000002,0.0,0.0,0.31,0.0,285.0,0.36,43,28,0.0,605.0
NEG-akola-2022-08-18,akola,,2022-08-18,0,20.70957,76.9981,0,28.9,75.89999999999999,210.70000000000002,23.87,1.7,1.8,1.97,-74.9,285.0,0.36,60,35,0.0,90.0
NEG-akola-2023-01-31,akola,,2023-01-31,0,20.70957,76.9981,0,0.0,0.0,0.0,29.16,0.0,0.0,0.25,0.0,285.0,0.36,62,35,0.0,106.0
NEG-akola-2016-04-14,akola,,2016-04-14,0,20.70957,76.9981,0,0.0,0.0,1.0,54.44,0.0,0.0,0.31,-8.8,285.0,0.36,44,29,0.0,252.0
NEG-akola-2022-08-24,akola,,2022-08-24,0,20.70957,76.9981,0,7.3999999999999995,15.2,117.79999999999998,30.830000000000002,1.3,0.4,1.5,-37.2,285.0,0.36,60,35,0.0,96.0
NEG-akola-2021-01-08,akola,,2021-01-08,0,20.70957,76.9981,0,4.1,4.5,4.5,20.62,0.0,0.0,0.42,68.0,285.0,0.36,52,33,0.0,90.0
NEG-akola-2023-06-03,akola,,2023-06-03,0,20.70957,76.9981,0,0.0,0.0,0.2,57.71,1.8,0.0,0.31,0.0,285.0,0.36,64,36,0.0,55.0
NEG-akola-2017-12-28,akola,,2017-12-28,0,20.70957,76.9981,0,0.0,0.0,0.0,23.96,0.0,0.0,0.25,0.0,285.0,0.36,46,30,0.0,518.0
NEG-akola-2023-08-15,akola,,2023-08-15,0,20.70957,76.9981,0,2.9,6.7,16.6,35.01,0.2,1.0,0.74,-16.9,285.0,0.36,68,36,0.0,23.0
NEG-akola-2022-03-10,akola,,2022-03-10,0,20.70957,76.9981,0,1.5,1.5,1.5,34.54,0.0,0.0,0.28,0.0,285.0,0.36,59,34,0.0,184.0
NEG-akola-2018-10-25,akola,,2018-10-25,0,20.70957,76.9981,0,0.0,0.0,0.0,31.82,0.0,0.0,0.28,0.0,285.0,0.36,48,31,0.0,66.0
NEG-akola-2016-04-01,akola,,2016-04-01,0,20.70957,76.9981,0,0.0,4.3,4.3,50.400000000000006,0.0,0.0,0.34,9.7,285.0,0.36,44,29,0.0,239.0
NEG-akola-2018-04-17,akola,,2018-04-17,0,20.70957,76.9981,0,0.0,0.0,0.1,43.99,0.0,0.0,0.31,0.0,285.0,0.36,46,30,0.0,628.0
NEG-akola-2019-11-16,akola,,2019-11-16,0,20.70957,76.9981,0,0.0,0.3,24.7,24.96,0.0,0.0,0.52,-23.5,285.0,0.36,51,32,0.0,54.0
NEG-akola-2016-10-09,akola,,2016-10-09,0,20.70957,76.9981,0,11.200000000000001,29.1,95.49999999999999,20.969999999999995,0.0,0.0,0.98,-56.4,285.0,0.36,46,30,0.0,73.0
NEG-akola-2020-02-02,akola,,2020-02-02,0,20.70957,76.9981,0,0.0,0.1,0.6,27.549999999999997,0.3,0.3,0.3,20.0,285.0,0.36,51,32,0.0,132.0
NEG-akola-2015-01-14,akola,,2015-01-14,0,20.70957,76.9981,0,0.0,0.0,42.900000000000006,23.87,0.0,0.0,0.25,-16.7,285.0,0.36,43,28,0.0,571.0
NEG-akola-2023-02-05,akola,,2023-02-05,0,20.70957,76.9981,0,0.0,0.0,0.0,31.499999999999996,0.0,0.0,0.3,20.0,285.0,0.36,62,35,0.0,111.0
NEG-akola-2023-01-26,akola,,2023-01-26,0,20.70957,76.9981,0,0.0,0.0,0.0,28.610000000000003,0.0,0.0,0.25,0.0,285.0,0.36,62,35,0.0,101.0
NEG-akola-2017-12-14,akola,,2017-12-14,0,20.70957,76.9981,0,0.0,0.0,0.0,24.529999999999998,0.0,0.0,0.25,0.0,285.0,0.36,46,30,0.0,504.0
NEG-akola-2020-08-12,akola,,2020-08-12,0,20.70957,76.9981,0,91.9,103.6,145.70000000000002,22.310000000000002,18.7,8.6,1.44,69.4,285.0,0.36,51,32,0.0,324.0
NEG-akola-2017-01-01,akola,,2017-01-01,0,20.70957,76.9981,0,0.0,0.0,0.0,24.79,0.0,0.0,0.25,0.0,285.0,0.36,46,30,0.0,157.0
NEG-akola-2020-09-10,akola,,2020-09-10,0,20.70957,76.9981,0,18.599999999999998,30.0,70.39999999999999,29.830000000000002,12.7,6.2,0.83,29.7,285.0,0.36,51,32,0.0,353.0
NEG-akola-2016-03-11,akola,,2016-03-11,0,20.70957,76.9981,0,0.0,1.1,6.799999999999999,37.339999999999996,0.2,0.0,0.3,-3.2,285.0,0.36,44,29,0.0,218.0
NEG-akola-2022-01-05,akola,,2022-01-05,0,20.70957,76.9981,0,0.0,0.4,3.0000000000000004,20.79,0.0,0.0,0.25,-26.5,285.0,0.36,59,34,0.0,120.0
NEG-akola-2018-05-07,akola,,2018-05-07,0,20.70957,76.9981,0,0.0,0.0,0.0,56.82,0.0,0.0,0.31,0.0,285.0,0.36,46,30,0.0,648.0
NEG-akola-2022-03-02,akola,,2022-03-02,0,20.70957,76.9981,0,0.0,0.0,4.2,38.41,0.0,0.0,0.28,0.0,285.0,0.36,59,34,0.0,176.0
NEG-akola-2020-09-10,akola,,2020-09-10,0,20.70957,76.9981,0,18.599999999999998,30.0,70.39999999999999,29.830000000000002,12.7,6.2,0.83,29.7,285.0,0.36,51,32,0.0,353.0
NEG-akola-2021-10-30,akola,,2021-10-30,0,20.70957,76.9981,0,0.0,0.0,55.7,29.1,0.0,0.0,0.4,-31.0,285.0,0.36,59,34,0.0,53.0
NEG-akola-2017-03-25,akola,,2017-03-25,0,20.70957,76.9981,0,0.0,0.0,3.9,45.650000000000006,0.0,0.0,0.28,0.0,285.0,0.36,46,30,0.0,240.0
NEG-akola-2016-09-18,akola,,2016-09-18,0,20.70957,76.9981,0,51.800000000000004,61.6,62.9,19.77,4.0,6.5,1.19,101.7,285.0,0.36,46,30,0.0,52.0
NEG-akola-2019-03-12,akola,,2019-03-12,0,20.70957,76.9981,0,0.0,0.0,0.4,41.06,0.0,0.0,0.28,0.0,285.0,0.36,49,32,0.0,61.0
NEG-akola-2016-10-23,akola,,2016-10-23,0,20.70957,76.9981,0,0.0,0.0,0.6,31.1,0.0,0.0,0.47,-24.2,285.0,0.36,46,30,0.0,87.0
NEG-akola-2021-01-18,akola,,2021-01-18,0,20.70957,76.9981,0,0.0,0.0,4.7,26.369999999999997,0.0,0.0,0.25,-16.7,285.0,0.36,52,33,0.0,100.0
NEG-akola-2023-09-25,akola,,2023-09-25,0,20.70957,76.9981,0,23.2,34.1,102.19999999999999,26.94,8.8,5.4,0.99,-38.1,285.0,0.36,68,36,0.0,64.0
NEG-akola-2020-12-12,akola,,2020-12-12,0,20.70957,76.9981,0,0.0,0.0,1.0,25.06,1.8,0.0,0.26,0.0,285.0,0.36,52,33,0.0,63.0
NEG-akola-2015-01-03,akola,,2015-01-03,0,20.70957,76.9981,0,38.6,38.6,38.6,19.83,0.0,0.0,0.69,176.0,285.0,0.36,43,28,0.0,560.0
NEG-akola-2021-09-19,akola,,2021-09-19,0,20.70957,76.9981,0,4.9,34.4,125.80000000000001,22.509999999999998,6.2,14.2,0.68,-28.4,285.0,0.36,59,34,0.0,12.0
NEG-akola-2020-06-24,akola,,2020-06-24,0,20.70957,76.9981,0,5.300000000000001,10.7,84.69999999999999,28.150000000000002,0.3,15.8,0.34,-35.8,285.0,0.36,51,32,0.0,275.0
NEG-akola-2015-03-21,akola,,2015-03-21,0,20.70957,76.9981,0,0.2,2.2,23.099999999999998,36.48,0.0,0.0,0.28,-24.3,285.0,0.36,43,28,0.0,637.0
NEG-akola-2016-04-03,akola,,2016-04-03,0,20.70957,76.9981,0,0.0,3.3,4.3,51.650000000000006,0.0,0.0,0.34,0.0,285.0,0.36,44,29,0.0,241.0
NEG-akola-2019-01-26,akola,,2019-01-26,0,20.70957,76.9981,0,0.0,0.0,0.0,27.750000000000004,0.0,0.0,0.25,0.0,285.0,0.36,49,32,0.0,16.0
NEG-akola-2018-06-13,akola,,2018-06-13,0,20.70957,76.9981,0,13.1,17.6,23.3,43.15,0.0,0.5,0.31,-34.0,285.0,0.36,46,30,0.0,685.0
NEG-akola-2017-09-07,akola,,2017-09-07,0,20.70957,76.9981,0,2.7,4.5,75.9,31.0,9.1,8.1,0.41,-48.1,285.0,0.36,46,30,0.0,406.0
NEG-akola-2015-08-26,akola,,2015-08-26,0,20.70957,76.9981,0,1.5,1.9,67.5,30.18,4.0,1.7,0.39,-36.1,285.0,0.36,44,29,0.0,20.0
NEG-akola-2017-09-13,akola,,2017-09-13,0,20.70957,76.9981,0,20.5,40.6,44.4,27.279999999999998,7.3,18.5,1.55,287.5,285.0,0.36,46,30,0.0,412.0
NEG-akola-2021-05-12,akola,,2021-05-12,0,20.70957,76.9981,0,0.0,0.0,1.5,47.64,0.0,0.0,0.31,0.0,285.0,0.36,54,34,0.0,54.0
NEG-akola-2015-11-19,akola,,2015-11-19,0,20.70957,76.9981,0,0.0,0.0,0.0,31.279999999999998,0.0,0.0,0.29,0.0,285.0,0.36,44,29,0.0,105.0
NEG-akola-2015-12-17,akola,,2015-12-17,0,20.70957,76.9981,0,0.0,0.0,0.0,27.46,0.0,0.0,0.26,0.0,285.0,0.36,44,29,0.0,133.0
NEG-akola-2023-03-17,akola,,2023-03-17,0,20.70957,76.9981,0,4.3,4.3,8.5,38.06,8.4,0.1,0.34,21.4,285.0,0.36,62,35,0.0,151.0
NEG-akola-2020-06-13,akola,,2020-06-13,0,20.70957,76.9981,0,34.8,36.4,66.79999999999998,39.71000000000001,5.9,13.5,1.03,106.0,285.0,0.36,51,32,0.0,264.0
NEG-akola-2015-10-11,akola,,2015-10-11,0,20.70957,76.9981,0,0.0,0.0,3.8,34.56,0.0,0.0,0.3,-11.8,285.0,0.36,44,29,0.0,66.0
NEG-akola-2020-12-21,akola,,2020-12-21,0,20.70957,76.9981,0,0.0,0.2,3.2,21.45,0.0,0.0,0.26,0.0,285.0,0.36,52,33,0.0,72.0
NEG-akola-2023-08-03,akola,,2023-08-03,0,20.70957,76.9981,0,3.6000000000000005,18.500000000000004,102.0,30.53,1.0,1.6,1.28,-68.3,285.0,0.36,68,36,0.0,11.0
NEG-alappuzha-2016-05-30,alappuzha,,2016-05-30,0,9.49004,76.3264,0,44.6,88.60000000000001,197.5,20.37,36.5,39.1,1.53,112.5,7.0,0.631,86,33,0.0,174.0
NEG-alappuzha-2022-05-26,alappuzha,,2022-05-26,0,9.49004,76.3264,0,27.400000000000002,121.2,401.0999999999999,21.150000000000002,9.0,3.8,3.47,-51.7,7.0,0.631,110,39,0.0,192.0
NEG-alappuzha-2020-04-30,alappuzha,,2020-04-30,0,9.49004,76.3264,0,28.200000000000003,53.300000000000004,83.3,30.26,10.8,3.9,0.16,77.8,7.0,0.631,98,37,0.0,174.0
NEG-alappuzha-2021-03-01,alappuzha,,2021-03-01,0,9.49004,76.3264,0,3.9000000000000004,7.2,18.900000000000002,32.94,0.0,0.0,0.03,0.0,7.0,0.631,102,38,0.0,83.0
NEG-alappuzha-2016-11-07,alappuzha,,2016-11-07,0,9.49004,76.3264,0,20.9,85.5,107.0,20.25,0.0,0.5,0.9,40.6,7.0,0.631,87,34,0.0,144.0
NEG-alappuzha-2017-12-21,alappuzha,,2017-12-21,0,9.49004,76.3264,0,0.0,4.8999999999999995,20.2,29.22,0.0,0.1,0.36,-43.8,7.0,0.631,88,35,0.0,281.0
NEG-alappuzha-2017-05-17,alappuzha,,2017-05-17,0,9.49004,76.3264,0,27.700000000000003,87.0,154.1,26.13,29.4,10.3,0.16,-15.8,7.0,0.631,88,35,0.0,63.0
NEG-alappuzha-2021-01-17,alappuzha,,2021-01-17,0,9.49004,76.3264,0,2.0,52.6,85.1,18.95,0.0,0.0,0.63,75.0,7.0,0.631,102,38,0.0,40.0
NEG-alappuzha-2023-06-21,alappuzha,,2023-06-21,0,9.49004,76.3264,0,19.5,33.6,137.20000000000002,26.740000000000002,12.7,2.9,1.34,-36.5,7.0,0.631,112,40,0.0,323.0
NEG-alappuzha-2023-03-09,alappuzha,,2023-03-09,0,9.49004,76.3264,0,0.1,0.30000000000000004,4.7,39.089999999999996,0.0,0.0,0.03,0.0,7.0,0.631,112,40,0.0,219.0
NEG-alappuzha-2022-09-26,alappuzha,,2022-09-26,0,9.49004,76.3264,0,2.7,8.0,21.900000000000002,32.980000000000004,0.4,2.8,1.06,-37.6,7.0,0.631,112,40,0.0,55.0
NEG-alappuzha-2017-04-03,alappuzha,,2017-04-03,0,9.49004,76.3264,0,13.3,24.4,34.00000000000001,33.29,4.9,5.4,0.03,0.0,7.0,0.631,88,35,0.0,19.0
NEG-alappuzha-2022-12-30,alappuzha,,2022-12-30,0,9.49004,76.3264,0,1.3,6.7,7.0,29.25,0.0,0.0,0.19,-44.1,7.0,0.631,112,40,0.0,150.0
NEG-alappuzha-2018-06-30,alappuzha,,2018-06-30,0,9.49004,76.3264,0,29.5,67.9,138.8,20.43,11.2,10.1,4.28,4.6,7.0,0.631,90,36,0.0,32.0
NEG-alappuzha-2019-06-23,alappuzha,,2019-06-23,0,9.49004,76.3264,0,39.1,65.2,165.3,22.23,6.7,6.9,2.13,70.4,7.0,0.631,93,37,0.0,163.0
NEG-alappuzha-2022-04-15,alappuzha,,2022-04-15,0,9.49004,76.3264,0,35.1,109.9,133.8,24.070000000000004,2.4,8.0,1.34,2133.3,7.0,0.631,110,39,0.0,151.0
NEG-alappuzha-2019-03-10,alappuzha,,2019-03-10,0,9.49004,76.3264,0,7.9,62.800000000000004,70.4,29.43,4.4,0.5,0.03,-50.0,7.0,0.631,93,37,0.0,58.0
NEG-alappuzha-2019-11-30,alappuzha,,2019-11-30,0,9.49004,76.3264,0,4.8,11.7,44.300000000000004,26.760000000000005,25.0,1.3,0.92,-30.8,7.0,0.631,98,37,0.0,22.0
NEG-alappuzha-2020-10-20,alappuzha,,2020-10-20,0,9.49004,76.3264,0,6.8,35.8,105.1,23.96,1.7,3.2,1.56,-19.6,7.0,0.631,101,38,0.0,42.0
NEG-alappuzha-2020-01-24,alappuzha,,2020-01-24,0,9.49004,76.3264,0,0.6,3.5,6.799999999999999,32.06,0.0,0.4,0.02,-33.3,7.0,0.631,98,37,0.0,77.0
NEG-alappuzha-2016-05-10,alappuzha,,2016-05-10,0,9.49004,76.3264,0,19.299999999999997,33.2,47.599999999999994,33.85,8.6,33.0,0.09,50.0,7.0,0.631,86,33,0.0,154.0
NEG-alappuzha-2017-10-12,alappuzha,,2017-10-12,0,9.49004,76.3264,0,11.600000000000001,56.0,91.7,23.619999999999997,17.0,21.0,1.54,-6.7,7.0,0.631,88,35,0.0,211.0
NEG-alappuzha-2017-07-09,alappuzha,,2017-07-09,0,9.49004,76.3264,0,19.6,51.29999999999999,163.20000000000005,19.080000000000002,8.5,11.9,2.86,-25.3,7.0,0.631,88,35,0.0,116.0
NEG-alappuzha-2015-09-20,alappuzha,,2015-09-20,0,9.49004,76.3264,0,55.2,82.2,198.29999999999998,22.42,0.5,3.8,1.96,32.4,7.0,0.631,85,33,0.0,93.0
NEG-alappuzha-2018-10-16,alappuzha,,2018-10-16,0,9.49004,76.3264,0,19.0,44.39999999999999,142.50000000000003,21.240000000000002,4.2,4.6,1.09,9.0,7.0,0.631,90,36,0.0,140.0
NEG-alappuzha-2021-08-06,alappuzha,,2021-08-06,0,9.49004,76.3264,0,11.8,25.7,95.7,26.39,16.2,8.8,1.61,-21.8,7.0,0.631,102,38,0.0,241.0
NEG-alappuzha-2021-03-18,alappuzha,,2021-03-18,0,9.49004,76.3264,0,0.8,11.2,19.4,36.95,4.1,1.9,0.03,0.0,7.0,0.631,102,38,0.0,100.0
NEG-alappuzha-2017-07-31,alappuzha,,2017-07-31,0,9.49004,76.3264,0,25.0,36.8,95.0,27.37,5.2,3.7,1.26,-32.3,7.0,0.631,88,35,0.0,138.0
NEG-alappuzha-2021-08-07,alappuzha,,2021-08-07,0,9.49004,76.3264,0,22.6,35.5,97.30000000000001,25.54,8.8,8.2,1.86,-2.1,7.0,0.631,102,38,0.0,242.0
NEG-alappuzha-2017-06-21,alappuzha,,2017-06-21,0,9.49004,76.3264,0,15.3,48.900000000000006,131.2,22.339999999999996,5.3,11.0,2.86,-30.8,7.0,0.631,88,35,0.0,98.0
NEG-alappuzha-2015-01-30,alappuzha,,2015-01-30,0,9.49004,76.3264,0,0.1,0.1,3.4,31.439999999999998,0.0,0.0,0.03,0.0,7.0,0.631,77,32,0.0,182.0
NEG-alappuzha-2015-10-18,alappuzha,,2015-10-18,0,9.49004,76.3264,0,4.2,57.2,196.6,24.810000000000002,5.3,2.6,2.17,-35.0,7.0,0.631,85,33,0.0,121.0
NEG-alappuzha-2022-12-09,alappuzha,,2022-12-09,0,9.49004,76.3264,0,2.1,12.599999999999998,41.800000000000004,24.26,2.7,30.0,0.41,-21.2,7.0,0.631,112,40,0.0,129.0
NEG-alappuzha-2022-01-28,alappuzha,,2022-01-28,0,9.49004,76.3264,0,1.8,5.2,5.8,33.61,0.0,0.0,0.02,-33.3,7.0,0.631,110,39,0.0,74.0
NEG-alappuzha-2015-08-30,alappuzha,,2015-08-30,0,9.49004,76.3264,0,9.3,26.5,91.79999999999998,24.66,3.2,2.6,1.06,-36.5,7.0,0.631,85,33,0.0,72.0
NEG-alappuzha-2017-07-26,alappuzha,,2017-07-26,0,9.49004,76.3264,0,6.1000000000000005,51.30000000000001,89.5,25.439999999999998,7.6,13.2,1.59,-23.9,7.0,0.631,88,35,0.0,133.0
NEG-alappuzha-2015-10-04,alappuzha,,2015-10-04,0,9.49004,76.3264,0,24.1,94.60000000000001,151.0,21.400000000000002,27.1,9.7,2.35,46.0,7.0,0.631,85,33,0.0,107.0
NEG-alappuzha-2015-05-09,alappuzha,,2015-05-09,0,9.49004,76.3264,0,41.400000000000006,56.400000000000006,91.4,30.270000000000003,10.3,38.3,0.44,76.0,7.0,0.631,83,33,0.0,13.0
NEG-alappuzha-2018-09-15,alappuzha,,2018-09-15,0,9.49004,76.3264,0,2.2,3.6999999999999997,12.7,35.46,2.3,2.6,0.78,-43.9,7.0,0.631,90,36,0.0,109.0
NEG-alappuzha-2015-10-18,alappuzha,,2015-10-18,0,9.49004,76.3264,0,4.2,57.2,196.6,24.810000000000002,5.3,2.6,2.17,-35.0,7.0,0.631,85,33,0.0,121.0
NEG-alappuzha-2020-10-06,alappuzha,,2020-10-06,0,9.49004,76.3264,0,5.1,14.7,52.199999999999996,27.939999999999998,5.5,23.9,1.45,-36.7,7.0,0.631,101,38,0.0,28.0
NEG-alappuzha-2017-09-01,alappuzha,,2017-09-01,0,9.49004,76.3264,0,40.6,67.2,135.3,19.68,5.9,4.9,2.1,1.0,7.0,0.631,88,35,0.0,170.0
NEG-alappuzha-2018-02-14,alappuzha,,2018-02-14,0,9.49004,76.3264,0,4.1,31.8,34.699999999999996,30.520000000000003,0.0,0.0,0.12,300.0,7.0,0.631,89,36,0.0,37.0
NEG-alappuzha-2022-07-03,alappuzha,,2022-07-03,0,9.49004,76.3264,0,31.7,59.300000000000004,134.89999999999998,24.12,6.4,14.1,4.14,49.5,7.0,0.631,110,39,0.0,230.0
NEG-alappuzha-2017-05-27,alappuzha,,2017-05-27,0,9.49004,76.3264,0,45.8,118.39999999999999,200.0,18.41,23.9,18.1,1.19,250.0,7.0,0.631,88,35,0.0,73.0
NEG-alappuzha-2021-01-17,alappuzha,,2021-01-17,0,9.49004,76.3264,0,2.0,52.6,85.1,18.95,0.0,0.0,0.63,75.0,7.0,0.631,102,38,0.0,40.0
NEG-alappuzha-2023-02-10,alappuzha,,2023-02-10,0,9.49004,76.3264,0,0.4,9.6,14.1,31.199999999999996,0.0,0.0,0.06,-45.5,7.0,0.631,112,40,0.0,192.0
NEG-alappuzha-2021-05-27,alappuzha,,2021-05-27,0,9.49004,76.3264,0,48.2,84.3,268.2,21.0,5.0,9.0,4.06,41.5,7.0,0.631,102,38,0.0,170.0
NEG-alappuzha-2021-06-18,alappuzha,,2021-06-18,0,9.49004,76.3264,0,27.4,68.89999999999999,125.4,22.27,4.8,3.1,2.6,17.1,7.0,0.631,102,38,0.0,192.0
NEG-alappuzha-2020-04-20,alappuzha,,2020-04-20,0,9.49004,76.3264,0,6.7,16.8,41.1,34.03,6.9,12.3,0.06,100.0,7.0,0.631,98,37,0.0,164.0
NEG-alappuzha-2017-09-22,alappuzha,,2017-09-22,0,9.49004,76.3264,0,17.0,76.89999999999999,137.2,20.6,1.4,1.1,2.62,51.4,7.0,0.631,88,35,0.0,191.0
NEG-alappuzha-2023-10-19,alappuzha,,2023-10-19,0,9.49004,76.3264,0,55.4,135.0,164.0,22.310000000000002,4.4,8.1,2.8,21.7,7.0,0.631,113,41,0.0,108.0
NEG-alappuzha-2020-04-21,alappuzha,,2020-04-21,0,9.49004,76.3264,0,6.8,14.900000000000002,40.2,34.36,12.3,5.6,0.06,0.0,7.0,0.631,98,37,0.0,165.0
NEG-alappuzha-2017-02-18,alappuzha,,2017-02-18,0,9.49004,76.3264,0,0.0,2.4,5.9,39.03,0.0,0.0,0.03,0.0,7.0,0.631,87,34,0.0,247.0
NEG-alappuzha-2016-01-22,alappuzha,,2016-01-22,0,9.49004,76.3264,0,1.3,1.4000000000000001,1.4000000000000001,30.54,0.0,0.0,0.03,0.0,7.0,0.631,86,33,0.0,45.0
NEG-alappuzha-2016-02-02,alappuzha,,2016-02-02,0,9.49004,76.3264,0,0.0,0.8999999999999999,3.6000000000000005,32.45,0.0,0.0,0.06,100.0,7.0,0.631,86,33,0.0,56.0
NEG-alappuzha-2022-05-23,alappuzha,,2022-05-23,0,9.49004,76.3264,0,57.900000000000006,295.0,426.09999999999997,16.29,8.9,2.7,4.25,-28.0,7.0,0.631,110,39,0.0,189.0
NEG-alappuzha-2018-12-22,alappuzha,,2018-12-22,0,9.49004,76.3264,0,4.5,7.9,12.8,27.58,0.9,3.2,0.23,-45.2,7.0,0.631,92,36,0.0,35.0
NEG-alappuzha-2020-03-27,alappuzha,,2020-03-27,0,9.49004,76.3264,0,11.2,32.8,37.60000000000001,31.6,0.7,1.6,0.03,0.0,7.0,0.631,98,37,0.0,140.0
NEG-alappuzha-2023-03-06,alappuzha,,2023-03-06,0,9.49004,76.3264,0,0.2,4.6000000000000005,5.300000000000001,37.839999999999996,0.0,0.1,0.03,0.0,7.0,0.631,112,40,0.0,216.0
NEG-alappuzha-2015-08-10,alappuzha,,2015-08-10,0,9.49004,76.3264,0,28.4,88.1,138.1,21.72,6.8,7.3,2.3,-12.9,7.0,0.631,85,33,0.0,52.0
NEG-alappuzha-2022-04-30,alappuzha,,2022-04-30,0,9.49004,76.3264,0,14.3,18.3,55.4,32.09,17.1,5.4,0.41,-30.5,7.0,0.631,110,39,0.0,166.0
NEG-alappuzha-2022-03-31,alappuzha,,2022-03-31,0,9.49004,76.3264,0,21.4,30.8,47.599999999999994,30.959999999999997,4.3,8.4,0.03,0.0,7.0,0.631,110,39,0.0,136.0
NEG-alappuzha-2016-02-08,alappuzha,,2016-02-08,0,9.49004,76.3264,0,0.0,0.0,1.4,34.089999999999996,1.5,1.8,0.05,0.0,7.0,0.631,86,33,0.0,62.0
NEG-alappuzha-2015-09-06,alappuzha,,2015-09-06,0,9.49004,76.3264,0,25.4,37.3,63.8,27.49,14.1,9.2,1.06,0.0,7.0,0.631,85,33,0.0,79.0
NEG-alappuzha-2023-03-02,alappuzha,,2023-03-02,0,9.49004,76.3264,0,4.4,4.4,5.1000000000000005,38.050000000000004,0.0,0.0,0.03,0.0,7.0,0.631,112,40,0.0,212.0
NEG-alappuzha-2018-10-21,alappuzha,,2018-10-21,0,9.49004,76.3264,0,24.9,64.6,134.99999999999997,21.63,25.4,2.1,1.11,3.7,7.0,0.631,90,36,0.0,145.0
NEG-alappuzha-2023-12-24,alappuzha,,2023-12-24,0,9.49004,76.3264,0,0.3,44.099999999999994,70.60000000000001,21.78,0.0,0.0,2.01,131.0,7.0,0.631,113,41,0.0,174.0
NEG-alappuzha-2016-03-23,alappuzha,,2016-03-23,0,9.49004,76.3264,0,7.6,9.4,17.4,36.309999999999995,4.5,0.0,0.03,0.0,7.0,0.631,86,33,0.0,106.0
NEG-alappuzha-2017-10-15,alappuzha,,2017-10-15,0,9.49004,76.3264,0,48.6,67.2,120.4,20.84,6.8,10.8,2.08,14.9,7.0,0.631,88,35,0.0,214.0
NEG-alappuzha-2017-02-23,alappuzha,,2017-02-23,0,9.49004,76.3264,0,1.5999999999999999,1.5999999999999999,4.3999999999999995,38.39,1.7,0.1,0.03,0.0,7.0,0.631,87,34,0.0,252.0
NEG-alappuzha-2017-02-18,alappuzha,,2017-02-18,0,9.49004,76.3264,0,0.0,2.4,5.9,39.03,0.0,0.0,0.03,0.0,7.0,0.631,87,34,0.0,247.0
NEG-alappuzha-2021-01-05,alappuzha,,2021-01-05,0,9.49004,76.3264,0,4.8,33.2,35.9,26.32,7.6,5.9,0.2,66.7,7.0,0.631,102,38,0.0,28.0
NEG-alappuzha-2020-01-12,alappuzha,,2020-01-12,0,9.49004,76.3264,0,1.5,3.5,10.0,31.05,0.0,0.3,0.03,-66.7,7.0,0.631,98,37,0.0,65.0
NEG-alappuzha-2016-07-28,alappuzha,,2016-07-28,0,9.49004,76.3264,0,67.5,118.5,205.8,17.59,14.6,6.0,4.66,99.1,7.0,0.631,87,34,0.0,42.0
NEG-alappuzha-2019-09-25,alappuzha,,2019-09-25,0,9.49004,76.3264,0,27.2,50.0,102.30000000000001,22.509999999999998,24.9,0.8,2.94,10.5,7.0,0.631,95,37,0.0,37.0
NEG-alappuzha-2017-01-21,alappuzha,,2017-01-21,0,9.49004,76.3264,0,0.1,3.9,15.0,33.83,5.3,0.0,0.03,0.0,7.0,0.631,87,34,0.0,219.0
NEG-alappuzha-2018-02-14,alappuzha,,2018-02-14,0,9.49004,76.3264,0,4.1,31.8,34.699999999999996,30.520000000000003,0.0,0.0,0.12,300.0,7.0,0.631,89,36,0.0,37.0
NEG-alappuzha-2020-03-09,alappuzha,,2020-03-09,0,9.49004,76.3264,0,7.9,23.299999999999997,27.9,32.47,10.4,5.2,0.03,0.0,7.0,0.631,98,37,0.0,122.0
NEG-alappuzha-2017-10-20,alappuzha,,2017-10-20,0,9.49004,76.3264,0,41.60000000000001,91.50000000000001,142.79999999999998,16.84,35.8,3.8,1.9,7.3,7.0,0.631,88,35,0.0,219.0
NEG-alappuzha-2015-11-05,alappuzha,,2015-11-05,0,9.49004,76.3264,0,23.6,111.0,151.99999999999997,21.849999999999998,6.0,8.3,2.52,62.6,7.0,0.631,85,33,0.0,139.0
NEG-alappuzha-2019-12-21,alappuzha,,2019-12-21,0,9.49004,76.3264,0,4.6000000000000005,25.9,35.900000000000006,27.48,0.0,1.8,0.36,-18.2,7.0,0.631,98,37,0.0,43.0
NEG-alappuzha-2021-03-04,alappuzha,,2021-03-04,0,9.49004,76.3264,0,0.8,5.2,18.099999999999998,33.959999999999994,0.0,0.0,0.03,-50.0,7.0,0.631,102,38,0.0,86.0
NEG-alappuzha-2016-02-06,alappuzha,,2016-02-06,0,9.49004,76.3264,0,0.0,0.0,1.4,34.98,0.0,0.0,0.05,66.7,7.0,0.631,86,33,0.0,60.0
NEG-alappuzha-2015-07-27,alappuzha,,2015-07-27,0,9.49004,76.3264,0,68.0,183.0,314.4,15.390000000000002,2.4,0.6,3.76,16.0,7.0,0.631,85,33,0.0,38.0
NEG-alappuzha-2022-04-25,alappuzha,,2022-04-25,0,9.49004,76.3264,0,6.8,29.7,88.2,30.07,0.5,0.8,0.53,-34.6,7.0,0.631,110,39,0.0,161.0
NEG-alappuzha-2021-01-23,alappuzha,,2021-01-23,0,9.49004,76.3264,0,2.9,6.1000000000000005,62.6,28.66,0.5,0.1,0.26,-62.3,7.0,0.631,102,38,0.0,46.0
NEG-alappuzha-2016-01-18,alappuzha,,2016-01-18,0,9.49004,76.3264,0,0.1,0.1,0.1,29.559999999999995,0.0,0.0,0.03,-66.7,7.0,0.631,86,33,0.0,41.0
NEG-alappuzha-2023-06-14,alappuzha,,2023-06-14,0,9.49004,76.3264,0,63.1,103.6,169.5,22.279999999999998,4.5,2.4,2.11,276.8,7.0,0.631,112,40,0.0,316.0
NEG-alappuzha-2017-08-26,alappuzha,,2017-08-26,0,9.49004,76.3264,0,8.2,61.2,96.4,17.740000000000002,5.8,14.7,1.93,-0.5,7.0,0.631,88,35,0.0,164.0
NEG-alappuzha-2016-11-12,alappuzha,,2016-11-12,0,9.49004,76.3264,0,1.3,3.0,97.8,26.840000000000003,5.2,10.5,0.56,-48.6,7.0,0.631,87,34,0.0,149.0
NEG-alappuzha-2020-05-25,alappuzha,,2020-05-25,0,9.49004,76.3264,0,29.2,111.3,182.09999999999997,19.54,9.5,16.4,0.75,-44.0,7.0,0.631,98,37,0.0,199.0
NEG-alappuzha-2017-05-25,alappuzha,,2017-05-25,0,9.49004,76.3264,0,46.8,122.3,190.39999999999998,18.94,17.8,1.7,1.0,354.5,7.0,0.631,88,35,0.0,71.0
NEG-alappuzha-2019-07-01,alappuzha,,2019-07-01,0,9.49004,76.3264,0,11.2,33.9,107.30000000000001,26.080000000000002,8.2,5.8,1.28,-36.0,7.0,0.631,93,37,0.0,171.0
NEG-alappuzha-2015-08-29,alappuzha,,2015-08-29,0,9.49004,76.3264,0,10.2,34.7,97.29999999999998,23.53,3.4,3.2,1.16,-31.8,7.0,0.631,85,33,0.0,71.0
NEG-alappuzha-2016-11-05,alappuzha,,2016-11-05,0,9.49004,76.3264,0,45.599999999999994,94.8,114.10000000000001,20.310000000000002,0.0,0.3,1.09,137.0,7.0,0.631,87,34,0.0,142.0
NEG-alappuzha-2019-04-02,alappuzha,,2019-04-02,0,9.49004,76.3264,0,6.199999999999999,11.899999999999999,19.499999999999996,36.46,2.2,1.5,0.03,0.0,7.0,0.631,93,37,0.0,81.0
NEG-alappuzha-2015-01-09,alappuzha,,2015-01-09,0,9.49004,76.3264,0,1.9,1.9,7.7,27.89,0.0,0.0,0.14,-44.0,7.0,0.631,77,32,0.0,161.0
NEG-alappuzha-2019-05-19,alappuzha,,2019-05-19,0,9.49004,76.3264,0,6.8999999999999995,16.1,24.2,29.67,3.0,3.7,0.06,0.0,7.0,0.631,93,37,0.0,128.0
NEG-alappuzha-2017-12-22,alappuzha,,2017-12-22,0,9.49004,76.3264,0,0.1,2.1,18.200000000000003,30.33,0.1,0.8,0.33,-45.9,7.0,0.631,88,35,0.0,282.0
NEG-alappuzha-2023-10-17,alappuzha,,2023-10-17,0,9.49004,76.3264,0,43.5,111.29999999999998,126.0,22.15,18.5,5.2,2.98,23.7,7.0,0.631,113,41,0.0,106.0
NEG-alappuzha-2023-10-21,alappuzha,,2023-10-21,0,9.49004,76.3264,0,28.1,102.50000000000001,170.7,24.700000000000003,13.0,24.0,3.51,17.0,7.0,0.631,113,41,0.0,110.0
NEG-alappuzha-2020-02-07,alappuzha,,2020-02-07,0,9.49004,76.3264,0,3.5,9.5,11.3,32.89,1.4,0.2,0.05,66.7,7.0,0.631,98,37,0.0,91.0
NEG-alappuzha-2018-03-14,alappuzha,,2018-03-14,0,9.49004,76.3264,0,21.2,26.2,32.7,34.83,1.7,6.8,0.09,200.0,7.0,0.631,89,36,0.0,65.0
NEG-alappuzha-2022-10-24,alappuzha,,2022-10-24,0,9.49004,76.3264,0,11.899999999999999,76.80000000000001,114.9,19.810000000000002,0.3,0.0,1.95,209.5,7.0,0.631,112,40,0.0,83.0
NEG-alappuzha-2023-03-12,alappuzha,,2023-03-12,0,9.49004,76.3264,0,0.1,0.4,4.8,38.56999999999999,0.0,5.1,0.03,0.0,7.0,0.631,112,40,0.0,222.0
NEG-alappuzha-2023-10-14,alappuzha,,2023-10-14,0,9.49004,76.3264,0,65.1,68.2,165.49999999999997,26.409999999999997,14.6,6.0,3.0,1.7,7.0,0.631,113,41,0.0,103.0
NEG-alappuzha-2021-03-26,alappuzha,,2021-03-26,0,9.49004,76.3264,0,8.9,17.8,20.0,31.199999999999996,4.5,5.8,0.03,0.0,7.0,0.631,102,38,0.0,108.0
NEG-aligarh-2022-06-04,aligarh,,2022-06-04,0,27.88145,78.07464,0,0.0,0.2,12.8,50.92,0.0,0.0,1.19,-7.0,191.0,0.27,29,19,0.0,1380.0
NEG-aligarh-2023-01-21,aligarh,,2023-01-21,0,27.88145,78.07464,0,0.0,0.0,8.5,16.3,0.0,0.0,0.87,0.0,191.0,0.27,30,20,0.0,122.0
NEG-aligarh-2020-06-16,aligarh,,2020-06-16,0,27.88145,78.07464,0,1.7,1.7,3.7,43.18,0.0,0.0,1.19,0.0,191.0,0.27,29,19,0.0,662.0
NEG-aligarh-2016-09-26,aligarh,,2016-09-26,0,27.88145,78.07464,0,0.6,7.3,12.0,27.88,0.2,0.4,1.17,0.9,191.0,0.27,28,18,0.0,70.0
NEG-aligarh-2017-02-16,aligarh,,2017-02-16,0,27.88145,78.07464,0,0.0,0.0,1.3,23.6,0.0,0.0,1.0,0.0,191.0,0.27,28,18,0.0,213.0
NEG-aligarh-2018-04-30,aligarh,,2018-04-30,0,27.88145,78.07464,0,4.1000000000000005,4.1000000000000005,5.900000000000001,50.160000000000004,0.0,9.7,1.12,2.8,191.0,0.27,28,18,0.0,651.0
NEG-aligarh-2017-06-10,aligarh,,2017-06-10,0,27.88145,78.07464,0,3.6,3.9,8.2,54.67999999999999,0.1,0.0,1.22,2.5,191.0,0.27,28,18,0.0,327.0
NEG-aligarh-2015-08-28,aligarh,,2015-08-28,0,27.88145,78.07464,0,1.0,13.3,53.29999999999999,32.089999999999996,0.3,0.0,1.19,-11.2,191.0,0.27,26,16,0.0,2644.0
NEG-aligarh-2021-06-30,aligarh,,2021-06-30,0,27.88145,78.07464,0,0.3,0.8,4.9,42.87,0.0,0.0,1.19,-2.5,191.0,0.27,29,19,0.0,1041.0
NEG-aligarh-2023-04-02,aligarh,,2023-04-02,0,27.88145,78.07464,0,15.8,15.8,52.50000000000001,33.980000000000004,0.0,0.0,1.44,32.1,191.0,0.27,30,20,0.0,193.0
NEG-aligarh-2021-01-29,aligarh,,2021-01-29,0,27.88145,78.07464,0,0.0,0.0,0.3,17.19,0.0,0.0,0.87,-2.2,191.0,0.27,29,19,0.0,889.0
NEG-aligarh-2015-09-07,aligarh,,2015-09-07,0,27.88145,78.07464,0,0.0,0.2,2.9000000000000004,40.07,0.0,0.0,1.12,0.0,191.0,0.27,26,16,0.0,2654.0
NEG-alirajpur-2023-05-22,alirajpur,,2023-05-22,0,22.30393,74.35568,0,0.0,0.0,0.0,51.75,0.0,0.0,0.25,0.0,292.0,1.802,13,12,0.0,66.0
NEG-alirajpur-2018-07-08,alirajpur,,2018-07-08,0,22.30393,74.35568,0,19.5,41.7,130.7,26.88,4.6,43.8,0.41,32.3,292.0,1.802,10,9,0.0,4360.0
NEG-alirajpur-2015-08-23,alirajpur,,2015-08-23,0,22.30393,74.35568,0,1.9,4.1000000000000005,32.4,25.85,1.1,0.5,1.17,-41.5,292.0,1.802,10,9,0.0,3310.0
NEG-alirajpur-2015-07-25,alirajpur,,2015-07-25,0,22.30393,74.35568,0,23.9,102.80000000000001,104.5,12.08,22.8,32.4,0.72,188.0,292.0,1.802,10,9,0.0,3281.0
NEG-alirajpur-2021-07-20,alirajpur,,2021-07-20,0,22.30393,74.35568,0,11.9,35.1,80.0,28.419999999999998,5.4,4.1,0.3,-16.7,292.0,1.802,12,11,0.0,300.0
NEG-alirajpur-2020-05-06,alirajpur,,2020-05-06,0,22.30393,74.35568,0,0.0,0.0,0.0,55.9,0.0,0.0,0.31,-8.8,292.0,1.802,11,10,0.0,267.0
NEG-alirajpur-2020-08-21,alirajpur,,2020-08-21,0,22.30393,74.35568,0,55.9,122.4,213.5,12.77,63.3,33.0,3.73,23.5,292.0,1.802,11,10,0.0,374.0
NEG-alirajpur-2020-12-15,alirajpur,,2020-12-15,0,22.30393,74.35568,0,9.200000000000001,28.199999999999996,28.199999999999996,17.03,0.2,0.0,0.43,4.9,292.0,1.802,12,11,0.0,83.0
NEG-alirajpur-2016-10-06,alirajpur,,2016-10-06,0,22.30393,74.35568,0,32.6,61.300000000000004,76.19999999999999,20.42,0.9,0.9,4.31,3.6,292.0,1.802,10,9,0.0,3720.0
NEG-alirajpur-2015-08-21,alirajpur,,2015-08-21,0,22.30393,74.35568,0,0.5,4.0,30.900000000000002,23.830000000000002,0.7,0.4,1.38,-37.8,292.0,1.802,10,9,0.0,3308.0
NEG-alirajpur-2020-09-11,alirajpur,,2020-09-11,0,22.30393,74.35568,0,3.0,6.1,43.599999999999994,30.44,12.2,26.4,6.16,-23.6,292.0,1.802,11,10,0.0,395.0
NEG-alirajpur-2015-11-25,alirajpur,,2015-11-25,0,22.30393,74.35568,0,1.0,1.0,1.0,27.55,0.0,0.0,0.22,-4.3,292.0,1.802,10,9,0.0,3404.0
NEG-almora-2017-01-31,almora,,2017-01-31,0,29.59713,79.65911,0,0.0,20.8,22.5,16.240000000000002,0.0,0.0,2.09,1.5,1604.0,20.901,17,14,0.0,2021.0
NEG-almora-2015-10-08,almora,,2015-10-08,0,29.59713,79.65911,0,2.1,3.7,15.3,26.61,0.3,0.3,5.62,-19.9,1604.0,20.901,17,14,0.0,1540.0
NEG-almora-2021-09-03,almora,,2021-09-03,0,29.59713,79.65911,0,17.099999999999998,83.4,144.5,17.740000000000002,0.9,2.3,33.51,2.1,1604.0,20.901,19,15,0.0,937.0
NEG-almora-2015-10-06,almora,,2015-10-06,0,29.59713,79.65911,0,2.3,2.7,29.1,26.89,1.3,0.7,5.97,-20.5,1604.0,20.901,17,14,0.0,1538.0
NEG-almora-2022-07-28,almora,,2022-07-28,0,29.59713,79.65911,0,32.599999999999994,81.79999999999998,128.60000000000002,25.52,23.8,4.5,16.74,-13.2,1604.0,20.901,20,16,0.0,285.0
NEG-almora-2017-08-21,almora,,2017-08-21,0,29.59713,79.65911,0,40.2,50.099999999999994,118.10000000000004,22.06,3.0,3.4,19.75,-9.7,1604.0,20.901,17,14,0.0,2223.0
NEG-almora-2019-07-12,almora,,2019-07-12,0,29.59713,79.65911,0,30.6,81.3,95.00000000000001,19.72,9.6,15.1,9.79,170.4,1604.0,20.901,19,15,0.0,153.0
NEG-almora-2016-05-06,almora,,2016-05-06,0,29.59713,79.65911,0,33.8,34.3,36.5,35.87,13.6,11.3,1.97,0.0,1604.0,20.901,17,14,0.0,1751.0
NEG-almora-2021-05-22,almora,,2021-05-22,0,29.59713,79.65911,0,134.8,136.1,153.0,23.769999999999996,0.0,0.3,4.81,144.2,1604.0,20.901,19,15,0.0,833.0
NEG-alwar-2017-10-05,alwar,,2017-10-05,0,27.56246,76.625,0,0.0,0.0,0.3,41.77,0.0,0.0,0.77,-4.9,272.0,0.631,33,23,0.0,2948.0
NEG-alwar-2021-06-29,alwar,,2021-06-29,0,27.56246,76.625,0,0.2,0.2,7.3999999999999995,41.199999999999996,0.0,0.0,0.87,-4.4,272.0,0.631,36,26,0.0,317.0
NEG-alwar-2021-09-01,alwar,,2021-09-01,0,27.56246,76.625,0,10.0,10.0,58.3,32.1,8.9,11.1,4.68,333.3,272.0,0.631,36,26,0.0,381.0
NEG-alwar-2015-06-12,alwar,,2015-06-12,0,27.56246,76.625,0,0.8,0.8,2.4000000000000004,56.6,1.6,4.0,0.81,0.0,272.0,0.631,33,23,0.0,2102.0
NEG-alwar-2021-12-11,alwar,,2021-12-11,0,27.56246,76.625,0,0.0,1.7,1.9,18.099999999999998,0.0,0.0,0.64,-3.0,272.0,0.631,36,26,0.0,482.0
NEG-alwar-2015-12-02,alwar,,2015-12-02,0,27.56246,76.625,0,7.9,7.9,7.9,21.62,0.0,0.0,0.91,26.4,272.0,0.631,33,23,0.0,2275.0
NEG-alwar-2019-09-14,alwar,,2019-09-14,0,27.56246,76.625,0,1.0,9.600000000000001,44.400000000000006,28.02,4.0,0.0,1.0,-16.7,272.0,0.631,35,25,0.0,29.0
NEG-alwar-2022-05-16,alwar,,2022-05-16,0,27.56246,76.625,0,0.0,0.1,0.1,57.629999999999995,0.0,0.0,0.81,0.0,272.0,0.631,37,27,0.0,135.0
NEG-alwar-2021-07-18,alwar,,2021-07-18,0,27.56246,76.625,0,4.2,25.9,27.999999999999996,34.63,101.8,3.6,2.6,147.6,272.0,0.631,36,26,0.0,336.0
NEG-alwar-2021-05-04,alwar,,2021-05-04,0,27.56246,76.625,0,0.9,0.9,0.9,45.160000000000004,0.0,0.1,0.81,0.0,272.0,0.631,36,26,0.0,261.0
NEG-alwar-2020-11-11,alwar,,2020-11-11,0,27.56246,76.625,0,0.0,0.0,0.0,27.91,0.0,0.0,0.73,0.0,272.0,0.631,36,26,0.0,87.0
NEG-alwar-2018-07-19,alwar,,2018-07-19,0,27.56246,76.625,0,29.400000000000002,69.3,71.3,25.6,16.9,24.1,3.47,0.9,272.0,0.631,34,24,0.0,21.0
NEG-alwar-2017-12-04,alwar,,2017-12-04,0,27.56246,76.625,0,0.0,0.0,0.0,21.440000000000005,0.0,1.5,0.66,-5.7,272.0,0.631,33,23,0.0,3008.0
NEG-alwar-2017-04-16,alwar,,2017-04-16,0,27.56246,76.625,0,0.0,0.0,3.3,57.949999999999996,0.0,0.0,0.81,0.0,272.0,0.631,33,23,0.0,2776.0
NEG-alwar-2022-07-06,alwar,,2022-07-06,0,27.56246,76.625,0,7.0,53.0,53.099999999999994,31.29,8.1,0.0,1.33,46.2,272.0,0.631,37,27,0.0,186.0
NEG-ambala-2023-01-12,ambala,,2023-01-12,0,19.80917,83.07542,0,0.0,0.2,0.2,24.39,0.0,0.0,0.36,-35.7,271.0,10.901,32,21,0.0,4572.0
NEG-ambala-2018-07-10,ambala,,2018-07-10,0,19.80917,83.07542,1,20.9,39.699999999999996,86.60000000000001,25.98,5.4,12.0,2.42,,271.0,10.901,32,21,0.0,2925.0
NEG-ambala-2017-09-04,ambala,,2017-09-04,0,19.80917,83.07542,0,2.0,68.6,108.69999999999999,23.57,2.4,2.1,2.3,-94.3,271.0,10.901,32,21,0.0,2616.0
NEG-amethi-2017-12-23,amethi,,2017-12-23,0,26.15696,81.80519,0,0.0,0.0,0.0,17.810000000000002,0.0,0.0,0.16,0.0,104.0,0.27,22,14,0.0,258.0
NEG-amethi-2019-06-10,amethi,,2019-06-10,0,26.15696,81.80519,0,0.0,0.0,0.0,55.089999999999996,0.0,0.0,0.12,0.0,104.0,0.27,29,16,0.0,108.0
NEG-amethi-2016-06-20,amethi,,2016-06-20,0,26.15696,81.80519,0,7.2,16.5,16.8,43.75,10.5,12.6,0.17,41.7,104.0,0.27,21,13,0.0,2941.0
NEG-amethi-2022-07-14,amethi,,2022-07-14,0,26.15696,81.80519,0,0.8,2.0999999999999996,94.7,47.28,6.7,4.2,0.14,-36.4,104.0,0.27,30,17,0.0,21.0
NEG-amethi-2022-03-28,amethi,,2022-03-28,0,26.15696,81.80519,0,0.0,0.0,0.0,55.53999999999999,0.0,0.0,0.12,0.0,104.0,0.27,29,16,0.0,1130.0
NEG-amethi-2018-05-13,amethi,,2018-05-13,0,26.15696,81.80519,0,0.0,0.1,14.7,53.76,2.4,0.0,0.12,0.0,104.0,0.27,24,15,0.0,66.0
NEG-amethi-2020-02-16,amethi,,2020-02-16,0,26.15696,81.80519,0,0.0,0.0,0.0,25.839999999999996,0.0,0.0,0.2,0.0,104.0,0.27,29,16,0.0,359.0
NEG-amethi-2023-06-07,amethi,,2023-06-07,0,26.15696,81.80519,0,0.2,0.2,50.400000000000006,53.99,0.0,0.0,0.12,-25.0,104.0,0.27,32,17,0.0,243.0
NEG-amethi-2015-10-25,amethi,,2015-10-25,0,26.15696,81.80519,0,0.0,0.0,1.2000000000000002,34.88,0.2,0.0,0.17,-5.6,104.0,0.27,21,13,0.0,2702.0
NEG-amethi-2015-02-08,amethi,,2015-02-08,0,26.15696,81.80519,0,0.0,0.5,31.6,21.59,0.0,0.0,0.12,0.0,104.0,0.27,21,13,0.0,2443.0
NEG-amethi-2020-02-21,amethi,,2020-02-21,0,26.15696,81.80519,0,0.0,0.0,0.0,28.159999999999997,0.8,0.4,0.22,10.0,104.0,0.27,29,16,0.0,364.0
NEG-amethi-2021-12-19,amethi,,2021-12-19,0,26.15696,81.80519,0,0.0,0.0,0.0,19.4,0.0,0.0,0.19,-5.0,104.0,0.27,29,16,0.0,1031.0
NEG-amethi-2021-04-25,amethi,,2021-04-25,0,26.15696,81.80519,0,0.1,0.1,0.1,54.54,0.0,0.0,0.12,0.0,104.0,0.27,29,16,0.0,793.0
NEG-amethi-2016-02-14,amethi,,2016-02-14,0,26.15696,81.80519,0,0.0,1.1,1.1,26.31,0.1,1.3,0.11,0.0,104.0,0.27,21,13,0.0,2814.0
NEG-amethi-2015-10-28,amethi,,2015-10-28,0,26.15696,81.80519,0,0.2,0.2,0.6000000000000001,34.95,12.8,0.0,0.16,-5.9,104.0,0.27,21,13,0.0,2705.0
NEG-amethi-2021-01-11,amethi,,2021-01-11,0,26.15696,81.80519,0,0.1,0.1,0.1,17.66,0.0,0.0,0.19,0.0,104.0,0.27,29,16,0.0,689.0
NEG-amethi-2017-05-23,amethi,,2017-05-23,0,26.15696,81.80519,0,0.0,8.600000000000001,15.200000000000001,52.67,0.0,0.0,0.12,0.0,104.0,0.27,22,14,0.0,44.0
NEG-amethi-2020-09-03,amethi,,2020-09-03,0,26.15696,81.80519,0,13.1,27.0,73.69999999999999,27.910000000000004,0.8,0.9,2.18,-21.9,104.0,0.27,29,16,0.0,559.0
NEG-amethi-2017-12-22,amethi,,2017-12-22,0,26.15696,81.80519,0,0.0,0.0,0.0,18.63,0.0,0.0,0.16,-5.9,104.0,0.27,22,14,0.0,257.0
NEG-amethi-2016-06-26,amethi,,2016-06-26,0,26.15696,81.80519,0,7.8,40.00000000000001,53.900000000000006,30.350000000000005,5.1,0.1,0.17,21.4,104.0,0.27,21,13,0.0,2947.0
NEG-amethi-2018-11-30,amethi,,2018-11-30,0,26.15696,81.80519,0,0.0,0.0,0.0,20.82,0.0,0.0,0.19,0.0,104.0,0.27,28,15,0.0,95.0
NEG-amethi-2015-10-09,amethi,,2015-10-09,0,26.15696,81.80519,0,0.0,0.0,0.0,36.22,0.0,0.0,0.18,-5.3,104.0,0.27,21,13,0.0,2686.0
NEG-amethi-2017-09-27,amethi,,2017-09-27,0,26.15696,81.80519,0,3.9000000000000004,37.99999999999999,61.1,21.959999999999997,0.8,0.0,0.53,26.2,104.0,0.27,22,14,0.0,171.0
NEG-amethi-2016-10-08,amethi,,2016-10-08,0,26.15696,81.80519,0,57.400000000000006,61.6,114.69999999999999,24.419999999999998,2.5,0.1,2.3,10.6,104.0,0.27,21,13,0.0,3051.0
NEG-amethi-2019-11-30,amethi,,2019-11-30,0,26.15696,81.80519,0,0.0,0.0,0.0,20.14,0.0,0.0,0.25,-3.8,104.0,0.27,29,16,0.0,281.0
NEG-amethi-2021-02-03,amethi,,2021-02-03,0,26.15696,81.80519,0,0.0,0.0,0.0,20.25,0.0,0.6,0.19,11.8,104.0,0.27,29,16,0.0,712.0
NEG-amethi-2022-11-21,amethi,,2022-11-21,0,26.15696,81.80519,0,0.0,0.0,0.9,23.479999999999997,0.0,0.0,0.26,-16.1,104.0,0.27,32,17,0.0,45.0
NEG-amethi-2018-05-24,amethi,,2018-05-24,0,26.15696,81.80519,0,0.4,0.8,11.600000000000001,49.42,0.0,0.0,0.12,0.0,104.0,0.27,24,15,0.0,77.0
NEG-amethi-2021-11-10,amethi,,2021-11-10,0,26.15696,81.80519,0,0.0,0.0,0.0,24.74,0.0,0.0,0.27,3.8,104.0,0.27,29,16,0.0,992.0
NEG-amethi-2022-05-02,amethi,,2022-05-02,0,26.15696,81.80519,0,0.0,0.0,0.0,59.089999999999996,6.6,0.2,0.12,0.0,104.0,0.27,29,16,0.0,1165.0
NEG-amethi-2020-12-06,amethi,,2020-12-06,0,26.15696,81.80519,0,0.0,0.0,0.0,20.72,0.0,0.0,0.21,-8.7,104.0,0.27,29,16,0.0,653.0
NEG-amethi-2015-02-02,amethi,,2015-02-02,0,26.15696,81.80519,0,0.0,18.4,33.4,18.32,0.1,0.4,0.12,-29.4,104.0,0.27,21,13,0.0,2437.0
NEG-amethi-2021-03-21,amethi,,2021-03-21,0,26.15696,81.80519,0,0.0,0.0,0.30000000000000004,44.58,0.0,0.0,0.12,0.0,104.0,0.27,29,16,0.0,758.0
NEG-amethi-2018-05-11,amethi,,2018-05-11,0,26.15696,81.80519,0,0.1,0.1,14.7,50.660000000000004,0.0,7.7,0.12,0.0,104.0,0.27,24,15,0.0,64.0
NEG-amethi-2022-06-10,amethi,,2022-06-10,0,26.15696,81.80519,0,0.0,0.0,1.1,52.92,0.0,0.0,0.12,0.0,104.0,0.27,29,16,0.0,1204.0
NEG-amethi-2016-02-29,amethi,,2016-02-29,0,26.15696,81.80519,0,0.0,0.0,1.7000000000000002,33.76,0.0,0.0,0.11,0.0,104.0,0.27,21,13,0.0,2829.0
NEG-amravati-2017-12-19,amravati,,2017-12-19,0,20.93333,77.75,0,0.0,0.0,0.0,26.1,0.0,0.0,0.02,0.0,342.0,0.721,62,33,0.0,509.0
NEG-amravati-2016-04-17,amravati,,2016-04-17,0,20.93333,77.75,1,0.0,0.0,0.6000000000000001,55.040000000000006,0.0,0.0,0.0,,342.0,0.721,60,32,0.0,255.0
NEG-amravati-2016-03-14,amravati,,2016-03-14,0,20.93333,77.75,0,1.3,1.4000000000000001,9.0,39.010000000000005,0.0,0.0,0.03,50.0,342.0,0.721,60,32,0.0,221.0
NEG-amravati-2023-04-29,amravati,,2023-04-29,0,20.93333,77.75,0,13.5,15.700000000000001,16.099999999999998,42.38,13.4,1.2,0.06,100.0,342.0,0.721,76,38,0.0,22.0
NEG-amravati-2021-03-16,amravati,,2021-03-16,0,20.93333,77.75,1,0.0,0.0,0.0,43.15,0.0,0.0,0.0,,342.0,0.721,65,35,0.0,796.0
NEG-amravati-2016-09-28,amravati,,2016-09-28,0,20.93333,77.75,0,28.599999999999998,85.7,169.3,20.55,0.5,9.1,2.57,44.4,342.0,0.721,62,33,0.0,62.0
NEG-amravati-2018-01-20,amravati,,2018-01-20,0,20.93333,77.75,0,0.0,0.0,0.0,29.47,0.0,0.0,0.02,0.0,342.0,0.721,62,33,0.0,541.0
NEG-amravati-2018-02-28,amravati,,2018-02-28,0,20.93333,77.75,0,0.0,0.0,0.0,35.25,0.4,0.0,0.03,0.0,342.0,0.721,62,33,0.0,580.0
NEG-amravati-2021-10-13,amravati,,2021-10-13,0,20.93333,77.75,0,0.0,15.1,40.699999999999996,27.85,0.0,0.0,1.11,-22.9,342.0,0.721,67,36,0.0,15.0
NEG-amravati-2017-05-12,amravati,,2017-05-12,0,20.93333,77.75,1,0.9,1.5000000000000002,1.5000000000000002,53.49,0.1,0.0,0.0,,342.0,0.721,62,33,0.0,288.0
NEG-amravati-2023-01-18,amravati,,2023-01-18,0,20.93333,77.75,0,0.0,0.0,0.6000000000000001,27.139999999999997,0.0,0.0,0.09,-18.2,342.0,0.721,75,37,0.0,105.0
NEG-amravati-2018-11-05,amravati,,2018-11-05,0,20.93333,77.75,0,0.6,0.6,0.6,31.279999999999998,0.2,0.0,0.12,-14.3,342.0,0.721,64,34,0.0,29.0
NEG-amravati-2017-04-13,amravati,,2017-04-13,0,20.93333,77.75,1,0.0,0.0,0.0,58.28999999999999,0.0,0.0,0.0,,342.0,0.721,62,33,0.0,259.0
NEG-amravati-2022-02-10,amravati,,2022-02-10,0,20.93333,77.75,0,0.0,0.0,0.0,32.42,0.0,0.0,0.02,-33.3,342.0,0.721,68,37,0.0,33.0
NEG-amravati-2017-12-17,amravati,,2017-12-17,0,20.93333,77.75,0,0.0,0.0,0.0,26.589999999999996,0.0,0.0,0.02,0.0,342.0,0.721,62,33,0.0,507.0
NEG-amravati-2020-09-01,amravati,,2020-09-01,0,20.93333,77.75,0,30.9,75.19999999999999,127.6,22.0,0.1,0.4,2.77,32.5,342.0,0.721,65,35,0.0,600.0
NEG-amravati-2020-06-24,amravati,,2020-06-24,0,20.93333,77.75,0,14.4,20.4,148.7,27.09,4.8,8.2,0.05,-68.8,342.0,0.721,65,35,0.0,531.0
NEG-amravati-2017-10-25,amravati,,2017-10-25,0,20.93333,77.75,0,1.8,2.8,18.2,29.6,0.0,0.0,0.14,-58.8,342.0,0.721,62,33,0.0,454.0
NEG-amravati-2016-01-14,amravati,,2016-01-14,0,20.93333,77.75,0,0.0,0.0,0.0,26.19,0.0,0.0,0.02,0.0,342.0,0.721,60,32,0.0,161.0
NEG-amravati-2022-02-11,amravati,,2022-02-11,0,20.93333,77.75,0,0.0,0.0,0.0,32.28,0.0,0.0,0.02,-33.3,342.0,0.721,68,37,0.0,34.0
NEG-amravati-2019-10-01,amravati,,2019-10-01,0,20.93333,77.75,0,8.1,65.69999999999999,115.99999999999999,20.45,0.7,0.4,3.83,-3.5,342.0,0.721,65,35,0.0,264.0
NEG-amravati-2018-02-07,amravati,,2018-02-07,0,20.93333,77.75,1,0.0,0.0,0.0,33.42,0.0,0.0,0.0,,342.0,0.721,62,33,0.0,559.0
NEG-amravati-2015-06-30,amravati,,2015-06-30,0,20.93333,77.75,0,0.2,5.1,130.1,30.52,0.2,0.3,0.03,-90.3,342.0,0.721,59,31,0.0,698.0
NEG-amravati-2015-01-15,amravati,,2015-01-15,0,20.93333,77.75,0,0.0,0.0,56.2,24.139999999999997,0.0,0.0,0.02,-33.3,342.0,0.721,59,31,0.0,532.0
NEG-amravati-2023-08-25,amravati,,2023-08-25,0,20.93333,77.75,0,5.0,61.599999999999994,65.0,24.400000000000002,1.2,0.1,1.65,26.0,342.0,0.721,80,38,0.0,29.0
NEG-amravati-2016-06-19,amravati,,2016-06-19,0,20.93333,77.75,1,28.8,28.8,32.0,52.29,8.5,9.3,0.17,,342.0,0.721,60,32,0.0,318.0
NEG-amravati-2022-02-22,amravati,,2022-02-22,0,20.93333,77.75,0,0.1,1.2000000000000002,1.2000000000000002,32.22,0.0,0.0,0.0,-100.0,342.0,0.721,68,37,0.0,45.0
NEG-amravati-2017-12-08,amravati,,2017-12-08,0,20.93333,77.75,0,0.0,0.0,0.0,28.849999999999998,0.0,0.0,0.02,-33.3,342.0,0.721,62,33,0.0,498.0
NEG-amravati-2016-10-23,amravati,,2016-10-23,0,20.93333,77.75,0,0.0,0.0,1.2999999999999998,30.96,0.0,0.0,1.12,-28.7,342.0,0.721,62,33,0.0,87.0
NEG-amravati-2023-04-25,amravati,,2023-04-25,0,20.93333,77.75,0,0.0,0.2,0.8,48.13000000000001,5.6,5.5,0.03,0.0,342.0,0.721,76,38,0.0,18.0
NEG-amravati-2019-12-15,amravati,,2019-12-15,0,20.93333,77.75,0,2.3000000000000003,2.3000000000000003,2.3000000000000003,23.89,1.3,0.1,0.17,-10.5,342.0,0.721,65,35,0.0,339.0
NEG-amravati-2021-03-09,amravati,,2021-03-09,0,20.93333,77.75,0,0.0,0.0,0.0,42.709999999999994,0.0,0.0,0.0,-100.0,342.0,0.721,65,35,0.0,789.0
NEG-amravati-2022-11-30,amravati,,2022-11-30,0,20.93333,77.75,0,0.0,0.0,0.0,28.499999999999996,0.0,0.0,0.17,-37.0,342.0,0.721,75,37,0.0,56.0
NEG-amravati-2019-10-18,amravati,,2019-10-18,0,20.93333,77.75,0,0.0,0.30000000000000004,6.7,31.41,2.9,6.5,2.08,-21.8,342.0,0.721,65,35,0.0,281.0
NEG-amravati-2021-04-16,amravati,,2021-04-16,0,20.93333,77.75,0,0.1,0.4,0.4,43.9,0.0,0.0,0.03,0.0,342.0,0.721,65,35,0.0,827.0
NEG-amravati-2015-02-09,amravati,,2015-02-09,0,20.93333,77.75,1,0.0,0.0,0.0,31.080000000000002,0.0,0.7,0.0,,342.0,0.721,59,31,0.0,557.0
NEG-amravati-2016-04-03,amravati,,2016-04-03,0,20.93333,77.75,1,0.0,1.4,1.4,48.519999999999996,0.1,0.0,0.0,,342.0,0.721,60,32,0.0,241.0
NEG-amravati-2015-11-05,amravati,,2015-11-05,0,20.93333,77.75,0,0.2,0.7,1.8,26.21,0.0,0.0,0.07,-12.5,342.0,0.721,60,32,0.0,91.0
NEG-amravati-2016-09-02,amravati,,2016-09-02,0,20.93333,77.75,0,29.700000000000003,37.7,45.0,19.65,0.0,0.0,2.4,-12.7,342.0,0.721,62,33,0.0,36.0
NEG-amravati-2021-02-12,amravati,,2021-02-12,0,20.93333,77.75,0,0.0,0.0,0.0,34.35,0.0,0.0,0.03,-50.0,342.0,0.721,65,35,0.0,764.0
NEG-amravati-2015-05-28,amravati,,2015-05-28,0,20.93333,77.75,1,0.0,0.0,0.6,69.94999999999999,0.0,0.0,0.0,,342.0,0.721,59,31,0.0,665.0
NEG-amravati-2019-02-21,amravati,,2019-02-21,0,20.93333,77.75,1,0.0,0.1,0.1,35.370000000000005,0.0,0.0,0.0,,342.0,0.721,65,35,0.0,42.0
NEG-amravati-2021-03-13,amravati,,2021-03-13,0,20.93333,77.75,1,0.0,0.0,0.0,43.33,0.0,0.0,0.0,,342.0,0.721,65,35,0.0,793.0
NEG-amravati-2016-08-29,amravati,,2016-08-29,0,20.93333,77.75,0,6.6000000000000005,12.8,15.5,24.570000000000004,8.8,4.1,2.51,-19.6,342.0,0.721,62,33,0.0,32.0
NEG-amravati-2019-10-27,amravati,,2019-10-27,0,20.93333,77.75,0,10.0,22.3,33.0,16.51,2.4,0.6,2.26,11.3,342.0,0.721,65,35,0.0,290.0
NEG-amravati-2016-06-06,amravati,,2016-06-06,0,20.93333,77.75,1,0.0,0.0,0.0,56.87,0.0,0.8,0.0,,342.0,0.721,60,32,0.0,305.0
NEG-amravati-2015-06-21,amravati,,2015-06-21,0,20.93333,77.75,0,26.200000000000003,68.1,92.60000000000001,25.23,52.2,1.9,0.28,366.7,342.0,0.721,59,31,0.0,689.0
NEG-amravati-2018-06-16,amravati,,2018-06-16,0,20.93333,77.75,0,0.0,35.900000000000006,55.2,42.23,1.9,2.5,0.03,0.0,342.0,0.721,62,33,0.0,688.0
NEG-amravati-2019-02-02,amravati,,2019-02-02,0,20.93333,77.75,1,0.0,0.4,0.7,28.67,0.0,0.0,0.0,,342.0,0.721,65,35,0.0,23.0
NEG-amravati-2023-12-05,amravati,,2023-12-05,0,20.93333,77.75,0,0.0,35.0,74.0,16.990000000000002,0.2,0.8,0.11,-54.2,342.0,0.721,80,38,0.0,131.0
NEG-amravati-2015-06-13,amravati,,2015-06-13,0,20.93333,77.75,1,14.2,15.399999999999999,15.399999999999999,45.14,9.7,2.1,0.09,,342.0,0.721,59,31,0.0,681.0
NEG-amravati-2017-05-10,amravati,,2017-05-10,0,20.93333,77.75,1,1.0,1.4000000000000001,1.4000000000000001,54.42,0.1,0.1,0.0,,342.0,0.721,62,33,0.0,286.0
NEG-amravati-2017-10-19,amravati,,2017-10-19,0,20.93333,77.75,0,0.0,13.299999999999999,82.5,28.560000000000002,0.1,0.9,0.31,-41.5,342.0,0.721,62,33,0.0,448.0
NEG-amravati-2022-06-24,amravati,,2022-06-24,0,20.93333,77.75,0,21.5,90.3,128.70000000000002,28.74,0.0,1.9,0.12,100.0,342.0,0.721,68,37,0.0,167.0
NEG-amravati-2016-02-26,amravati,,2016-02-26,0,20.93333,77.75,0,0.0,0.0,0.0,36.55,0.7,1.2,0.02,0.0,342.0,0.721,60,32,0.0,204.0
NEG-amravati-2018-12-19,amravati,,2018-12-19,0,20.93333,77.75,0,0.0,0.0,3.9,26.440000000000005,0.0,0.0,0.06,0.0,342.0,0.721,64,34,0.0,73.0
NEG-amravati-2023-10-01,amravati,,2023-10-01,0,20.93333,77.75,0,14.799999999999999,45.900000000000006,58.7,27.230000000000004,0.0,0.0,1.1,-23.1,342.0,0.721,80,38,0.0,66.0
NEG-amravati-2021-04-12,amravati,,2021-04-12,0,20.93333,77.75,0,0.3,0.3,0.3,47.029999999999994,0.0,0.1,0.03,0.0,342.0,0.721,65,35,0.0,823.0
NEG-amravati-2019-07-23,amravati,,2019-07-23,0,20.93333,77.75,0,40.300000000000004,49.00000000000001,54.7,35.75,0.0,13.9,0.17,-15.0,342.0,0.721,65,35,0.0,194.0
NEG-amravati-2021-12-17,amravati,,2021-12-17,0,20.93333,77.75,0,0.0,0.0,0.3,26.41,0.0,0.0,0.08,-11.1,342.0,0.721,67,36,0.0,80.0
NEG-amravati-2023-05-28,amravati,,2023-05-28,0,20.93333,77.75,0,0.0,0.1,0.1,58.11,0.0,0.0,0.03,0.0,342.0,0.721,76,38,0.0,51.0
NEG-amravati-2016-09-25,amravati,,2016-09-25,0,20.93333,77.75,0,51.1,85.80000000000001,148.5,19.74,2.2,1.5,3.56,105.8,342.0,0.721,62,33,0.0,59.0
NEG-amravati-2017-08-27,amravati,,2017-08-27,0,20.93333,77.75,0,18.5,37.2,71.19999999999999,20.86,14.7,22.8,0.08,-33.3,342.0,0.721,62,33,0.0,395.0
NEG-amreli-2016-10-27,amreli,,2016-10-27,0,21.59983,71.21169,0,0.0,0.0,0.0,32.7,0.0,0.0,0.02,0.0,123.0,0.721,30,21,0.0,148.0
NEG-amreli-2023-12-21,amreli,,2023-12-21,0,21.59983,71.21169,0,0.0,0.0,0.0,30.390000000000004,0.0,0.0,0.01,0.0,123.0,0.721,39,27,0.0,527.0
NEG-amreli-2016-12-26,amreli,,2016-12-26,0,21.59983,71.21169,0,0.0,0.0,0.0,32.18,0.0,0.0,0.02,0.0,123.0,0.721,30,21,0.0,208.0
NEG-amreli-2019-08-16,amreli,,2019-08-16,0,21.59983,71.21169,0,4.6,207.20000000000005,269.59999999999997,21.74,1.4,0.9,0.03,-66.7,123.0,0.721,35,24,0.0,39.0
NEG-amreli-2015-04-12,amreli,,2015-04-12,0,21.59983,71.21169,1,0.0,0.0,0.0,46.66,0.0,0.2,0.0,,123.0,0.721,28,19,0.0,563.0
NEG-amreli-2023-04-05,amreli,,2023-04-05,0,21.59983,71.21169,1,0.0,1.6,4.4,44.25999999999999,0.0,0.0,0.0,,123.0,0.721,39,27,0.0,267.0
NEG-amreli-2018-09-22,amreli,,2018-09-22,0,21.59983,71.21169,0,9.2,10.7,14.100000000000001,37.02,0.7,0.4,0.02,0.0,123.0,0.721,33,23,0.0,67.0
NEG-amreli-2023-10-10,amreli,,2023-10-10,0,21.59983,71.21169,0,0.0,0.0,25.400000000000002,39.18,0.0,0.0,0.02,0.0,123.0,0.721,39,27,0.0,455.0
NEG-amreli-2019-08-14,amreli,,2019-08-14,0,21.59983,71.21169,0,9.4,204.40000000000003,356.8,21.470000000000002,1.4,3.4,0.05,66.7,123.0,0.721,35,24,0.0,37.0
NEG-amreli-2023-12-30,amreli,,2023-12-30,0,21.59983,71.21169,0,0.0,0.0,0.0,28.360000000000007,0.0,0.0,0.01,0.0,123.0,0.721,39,27,0.0,536.0
NEG-amreli-2023-03-30,amreli,,2023-03-30,0,21.59983,71.21169,1,0.0,2.8,8.2,43.35,0.0,0.0,0.0,,123.0,0.721,39,27,0.0,261.0
NEG-amreli-2017-10-13,amreli,,2017-10-13,0,21.59983,71.21169,0,25.6,25.6,25.6,36.58,0.0,0.0,0.04,0.0,123.0,0.721,31,22,0.0,280.0
NEG-amreli-2017-12-28,amreli,,2017-12-28,0,21.59983,71.21169,0,0.0,0.0,0.0,31.049999999999997,0.0,0.0,0.02,0.0,123.0,0.721,31,22,0.0,356.0
NEG-amreli-2016-10-14,amreli,,2016-10-14,0,21.59983,71.21169,0,0.0,17.1,63.900000000000006,26.65,0.0,0.0,0.02,-71.4,123.0,0.721,30,21,0.0,135.0
NEG-amreli-2023-10-31,amreli,,2023-10-31,0,21.59983,71.21169,0,0.0,0.0,0.0,39.919999999999995,0.0,0.0,0.01,0.0,123.0,0.721,39,27,0.0,476.0
NEG-amreli-2022-11-12,amreli,,2022-11-12,0,21.59983,71.21169,0,0.0,0.0,0.0,38.27,0.0,0.0,0.01,-50.0,123.0,0.721,39,27,0.0,123.0
NEG-amreli-2016-03-18,amreli,,2016-03-18,0,21.59983,71.21169,0,0.0,0.0,0.0,42.89,0.0,0.0,0.0,-100.0,123.0,0.721,29,20,0.0,279.0
NEG-amreli-2019-04-16,amreli,,2019-04-16,0,21.59983,71.21169,1,0.0,0.0,0.0,56.83,0.0,0.0,0.0,,123.0,0.721,34,24,0.0,98.0
NEG-amreli-2020-04-11,amreli,,2020-04-11,0,21.59983,71.21169,1,0.0,0.0,0.0,53.33,0.0,0.0,0.0,,123.0,0.721,35,24,0.0,278.0
NEG-amreli-2017-06-30,amreli,,2017-06-30,0,21.59983,71.21169,0,51.4,73.0,74.5,27.810000000000002,8.7,0.0,0.03,50.0,123.0,0.721,31,22,0.0,175.0
NEG-amreli-2017-03-28,amreli,,2017-03-28,0,21.59983,71.21169,1,0.0,0.0,0.0,51.21000000000001,0.0,0.0,0.0,,123.0,0.721,31,22,0.0,81.0
NEG-amreli-2020-02-29,amreli,,2020-02-29,0,21.59983,71.21169,1,0.0,0.0,0.0,43.33,0.0,0.0,0.02,,123.0,0.721,35,24,0.0,236.0
NEG-amreli-2018-12-03,amreli,,2018-12-03,0,21.59983,71.21169,0,0.0,0.0,0.0,31.59,0.0,0.0,0.02,0.0,123.0,0.721,33,23,0.0,139.0
NEG-amreli-2018-06-04,amreli,,2018-06-04,0,21.59983,71.21169,1,3.4,3.8,3.8,55.97999999999999,0.0,0.0,0.0,,123.0,0.721,31,22,0.0,514.0
NEG-amreli-2023-12-02,amreli,,2023-12-02,0,21.59983,71.21169,0,0.0,38.4,38.4,26.499999999999996,4.3,0.0,0.02,100.0,123.0,0.721,39,27,0.0,508.0
NEG-amreli-2017-07-21,amreli,,2017-07-21,0,21.59983,71.21169,0,15.9,47.3,54.7,19.509999999999998,17.6,14.0,0.06,200.0,123.0,0.721,31,22,0.0,196.0
NEG-amreli-2017-07-02,amreli,,2017-07-02,0,21.59983,71.21169,0,52.0,90.9,93.5,21.32,0.6,0.3,0.03,50.0,123.0,0.721,31,22,0.0,177.0
NEG-amreli-2015-04-07,amreli,,2015-04-07,0,21.59983,71.21169,1,0.0,0.0,0.2,50.19,0.0,0.0,0.0,,123.0,0.721,28,19,0.0,558.0
NEG-amreli-2022-05-27,amreli,,2022-05-27,0,21.59983,71.21169,1,0.1,0.2,0.2,56.21,0.1,0.2,0.0,,123.0,0.721,37,26,0.0,321.0
NEG-amreli-2017-03-02,amreli,,2017-03-02,0,21.59983,71.21169,1,0.0,0.0,0.0,46.85,0.0,0.0,0.0,,123.0,0.721,31,22,0.0,55.0
NEG-amreli-2019-06-21,amreli,,2019-06-21,0,21.59983,71.21169,1,3.2,24.7,50.20000000000001,34.46,0.4,0.1,0.0,,123.0,0.721,34,24,0.0,164.0
NEG-amreli-2018-09-06,amreli,,2018-09-06,0,21.59983,71.21169,0,3.4999999999999996,11.500000000000002,17.799999999999997,26.659999999999997,0.8,0.2,0.02,0.0,123.0,0.721,33,23,0.0,51.0
NEG-amreli-2018-02-15,amreli,,2018-02-15,0,21.59983,71.21169,1,0.0,0.0,0.0,36.03,0.0,0.0,0.0,,123.0,0.721,31,22,0.0,405.0
NEG-amritsar-2015-10-12,amritsar,,2015-10-12,0,31.62234,74.87534,0,0.0,0.0,0.0,29.770000000000003,1.6,9.1,0.57,-1.7,246.0,1.171,42,27,0.0,41.0
NEG-amritsar-2023-09-03,amritsar,,2023-09-03,0,31.62234,74.87534,0,0.0,8.5,20.7,33.89,0.0,0.1,0.65,-38.7,246.0,1.171,49,31,0.0,60.0
NEG-amritsar-2018-02-17,amritsar,,2018-02-17,0,31.62234,74.87534,0,0.0,49.4,49.4,17.37,0.0,0.0,0.66,24.5,246.0,1.171,42,27,0.0,900.0
NEG-amritsar-2018-12-09,amritsar,,2018-12-09,0,31.62234,74.87534,0,0.2,0.2,0.2,13.3,8.0,0.3,0.49,0.0,246.0,1.171,43,28,0.0,77.0
NEG-amritsar-2022-03-12,amritsar,,2022-03-12,0,31.62234,74.87534,0,0.0,0.0,56.0,24.400000000000006,0.0,0.0,0.53,-15.9,246.0,1.171,47,30,0.0,795.0
NEG-amritsar-2020-09-17,amritsar,,2020-09-17,0,31.62234,74.87534,0,0.0,0.0,22.700000000000003,34.44,0.0,0.0,0.64,-22.9,246.0,1.171,47,30,0.0,254.0
NEG-amritsar-2019-06-26,amritsar,,2019-06-26,0,31.62234,74.87534,0,3.2,3.2,8.8,39.02,0.0,0.0,0.66,11.9,246.0,1.171,46,29,0.0,70.0
NEG-amritsar-2022-08-15,amritsar,,2022-08-15,0,31.62234,74.87534,0,5.1,16.4,51.3,30.55,0.0,0.4,0.85,-17.5,246.0,1.171,47,30,0.0,951.0
NEG-amritsar-2021-01-05,amritsar,,2021-01-05,0,31.62234,74.87534,0,25.9,25.9,30.4,10.149999999999999,5.4,0.0,3.66,520.3,246.0,1.171,47,30,0.0,364.0
NEG-amritsar-2015-04-24,amritsar,,2015-04-24,0,31.62234,74.87534,0,0.0,0.0,4.7,43.129999999999995,0.0,0.0,0.59,-18.1,246.0,1.171,41,26,0.0,232.0
NEG-amritsar-2016-04-17,amritsar,,2016-04-17,0,31.62234,74.87534,0,0.8,1.1,3.8,45.7,1.6,0.2,0.59,0.0,246.0,1.171,42,27,0.0,229.0
NEG-amritsar-2017-12-05,amritsar,,2017-12-05,0,31.62234,74.87534,0,0.0,0.0,0.0,15.33,0.0,0.0,0.47,-11.3,246.0,1.171,42,27,0.0,826.0
NEG-amritsar-2017-01-01,amritsar,,2017-01-01,0,31.62234,74.87534,0,0.0,0.7,0.7,15.379999999999999,0.0,0.0,0.49,0.0,246.0,1.171,42,27,0.0,488.0
NEG-amritsar-2021-07-06,amritsar,,2021-07-06,0,31.62234,74.87534,0,1.3,1.4,2.3,46.800000000000004,0.0,0.0,0.58,0.0,246.0,1.171,47,30,0.0,546.0
NEG-amritsar-2017-12-23,amritsar,,2017-12-23,0,31.62234,74.87534,0,0.0,0.0,21.8,15.889999999999999,0.0,0.0,0.49,-16.9,246.0,1.171,42,27,0.0,844.0
NEG-amritsar-2015-06-06,amritsar,,2015-06-06,0,31.62234,74.87534,0,3.7,11.399999999999999,14.2,42.68,0.0,0.0,0.66,17.9,246.0,1.171,41,26,0.0,275.0
NEG-amritsar-2016-03-20,amritsar,,2016-03-20,0,31.62234,74.87534,0,7.1000000000000005,16.3,70.50000000000001,23.470000000000002,0.0,0.0,0.72,-64.2,246.0,1.171,42,27,0.0,201.0
NEG-amritsar-2021-09-09,amritsar,,2021-09-09,0,31.62234,74.87534,0,3.5999999999999996,13.3,28.699999999999996,28.09,15.4,12.0,0.86,-5.5,246.0,1.171,47,30,0.0,611.0
NEG-amritsar-2019-11-15,amritsar,,2019-11-15,0,31.62234,74.87534,0,1.1,7.300000000000001,39.7,16.42,0.0,0.0,0.63,-71.9,246.0,1.171,46,29,0.0,212.0
NEG-amritsar-2018-11-16,amritsar,,2018-11-16,0,31.62234,74.87534,0,0.1,0.1,16.500000000000004,16.36,0.0,0.0,0.56,-3.4,246.0,1.171,43,28,0.0,54.0
NEG-amritsar-2023-03-04,amritsar,,2023-03-04,0,31.62234,74.87534,0,1.8,14.200000000000001,14.200000000000001,22.869999999999997,0.3,0.0,0.53,0.0,246.0,1.171,47,30,0.0,1152.0
NEG-amritsar-2023-10-27,amritsar,,2023-10-27,0,31.62234,74.87534,0,0.0,1.6,44.800000000000004,20.269999999999996,0.0,0.0,0.6,-24.1,246.0,1.171,49,31,0.0,114.0
NEG-amritsar-2018-07-08,amritsar,,2018-07-08,0,31.62234,74.87534,0,0.3,25.400000000000002,81.8,31.18,0.0,0.0,0.73,-37.1,246.0,1.171,42,27,0.0,1041.0
NEG-amritsar-2019-11-23,amritsar,,2019-11-23,0,31.62234,74.87534,0,0.0,0.0,2.2,14.489999999999998,0.0,0.0,0.56,-8.2,246.0,1.171,46,29,0.0,220.0
NEG-amroha-2021-10-19,amroha,,2021-10-19,0,28.90314,78.46984,0,116.2,116.2,120.0,25.619999999999997,0.0,0.0,52.33,1882.2,218.0,0.45,28,19,0.0,1178.0
NEG-amroha-2020-09-25,amroha,,2020-09-25,0,28.90314,78.46984,0,9.1,9.2,20.2,30.84,0.0,0.0,2.66,-6.7,218.0,0.45,28,19,0.0,789.0
NEG-amroha-2016-04-18,amroha,,2016-04-18,0,28.90314,78.46984,0,0.0,0.0,0.2,57.17,0.0,0.0,2.0,0.0,218.0,0.45,25,17,0.0,173.0
NEG-amroha-2019-04-27,amroha,,2019-04-27,0,28.90314,78.46984,0,0.3,0.3,6.3,47.36,0.0,0.0,2.4,-24.8,218.0,0.45,28,19,0.0,272.0
NEG-amroha-2021-06-19,amroha,,2021-06-19,0,28.90314,78.46984,0,1.9000000000000001,8.1,20.2,33.71,0.6,0.7,7.04,134.7,218.0,0.45,28,19,0.0,1056.0
NEG-amroha-2017-02-17,amroha,,2017-02-17,0,28.90314,78.46984,0,0.0,0.0,8.6,23.400000000000002,0.0,0.1,1.94,-10.2,218.0,0.45,26,18,0.0,214.0
NEG-amroha-2017-11-09,amroha,,2017-11-09,0,28.90314,78.46984,0,0.0,0.0,0.0,20.89,0.0,0.0,3.97,-23.4,218.0,0.45,26,18,0.0,479.0
NEG-amroha-2015-07-01,amroha,,2015-07-01,0,28.90314,78.46984,0,14.0,58.89999999999999,88.19999999999999,33.34,0.9,0.0,4.09,-3.8,218.0,0.45,24,16,0.0,2586.0
NEG-amroha-2022-12-13,amroha,,2022-12-13,0,28.90314,78.46984,0,0.0,0.0,0.0,18.560000000000002,0.0,0.0,1.82,-1.1,218.0,0.45,28,19,0.0,1598.0
NEG-amroha-2019-11-22,amroha,,2019-11-22,0,28.90314,78.46984,0,0.0,0.0,0.0,23.07,0.0,0.0,2.13,-11.3,218.0,0.45,28,19,0.0,481.0
NEG-amroha-2015-01-07,amroha,,2015-01-07,0,28.90314,78.46984,0,1.3,27.900000000000002,27.900000000000002,11.56,0.0,0.0,2.89,53.7,218.0,0.45,24,16,0.0,2411.0
NEG-amroha-2020-10-30,amroha,,2020-10-30,0,28.90314,78.46984,0,0.0,0.0,0.0,29.22,0.0,0.0,3.55,57.8,218.0,0.45,28,19,0.0,824.0
NEG-amroha-2021-01-14,amroha,,2021-01-14,0,28.90314,78.46984,0,0.0,0.0,26.3,15.470000000000002,0.0,0.0,1.84,-21.4,218.0,0.45,28,19,0.0,900.0
NEG-amroha-2022-09-14,amroha,,2022-09-14,0,28.90314,78.46984,0,2.2,5.9,8.000000000000002,31.76,8.5,2.5,2.66,3.1,218.0,0.45,28,19,0.0,1508.0
NEG-amroha-2023-01-25,amroha,,2023-01-25,0,28.90314,78.46984,0,0.9,1.0,10.2,16.619999999999997,0.0,0.0,1.78,3.5,218.0,0.45,28,19,0.0,1641.0
NEG-anand-2023-04-28,anand,,2023-04-28,0,24.44813,76.35522,1,8.9,8.9,8.9,52.940000000000005,0.5,3.7,0.0,,329.0,0.27,15,10,0.0,2303.0
NEG-anand-2023-04-07,anand,,2023-04-07,0,24.44813,76.35522,1,0.1,0.1,0.2,44.809999999999995,0.0,0.0,0.0,,329.0,0.27,15,10,0.0,2282.0
NEG-anand-2022-07-09,anand,,2022-07-09,0,24.44813,76.35522,0,22.6,68.7,133.59999999999997,27.14,14.6,17.7,0.11,266.7,329.0,0.27,15,10,0.0,2010.0
NEG-anand-2017-03-18,anand,,2017-03-18,0,24.44813,76.35522,1,0.0,0.0,1.3,41.33,1.5,0.0,0.0,,329.0,0.27,15,10,0.0,71.0
NEG-anand-2019-01-31,anand,,2019-01-31,0,24.44813,76.35522,0,0.0,0.7,0.7,20.810000000000002,0.0,0.0,0.0,-100.0,329.0,0.27,15,10,0.0,755.0
NEG-anand-2019-11-02,anand,,2019-11-02,0,24.44813,76.35522,0,5.3999999999999995,14.7,14.7,22.33,8.4,0.3,0.17,-56.4,329.0,0.27,15,10,0.0,1030.0
NEG-anantnag-2015-10-14,anantnag,,2015-10-14,0,33.73068,75.15418,0,0.0,0.0,0.2,26.78,0.0,0.0,2.08,-9.2,1602.0,8.108,28,17,0.0,21.0
NEG-anantnag-2022-06-13,anantnag,,2022-06-13,0,33.73068,75.15418,0,0.9,1.4,4.500000000000001,34.61,0.0,0.0,1.38,-1.4,1602.0,8.108,35,21,0.0,318.0
NEG-anantnag-2018-09-14,anantnag,,2018-09-14,0,33.73068,75.15418,0,1.8,9.0,10.9,25.66,21.9,15.5,4.3,-21.8,1602.0,8.108,30,19,0.0,450.0
NEG-anantnag-2021-12-27,anantnag,,2021-12-27,0,33.73068,75.15418,0,0.6,0.7,0.9,7.42,0.0,0.0,1.47,3.5,1602.0,8.108,35,21,0.0,150.0
NEG-anantnag-2018-07-09,anantnag,,2018-07-09,0,33.73068,75.15418,0,0.0,31.400000000000002,137.7,29.129999999999995,0.2,2.0,5.3,-7.0,1602.0,8.108,30,19,0.0,383.0
NEG-anantnag-2022-06-10,anantnag,,2022-06-10,0,33.73068,75.15418,0,0.5,0.5,10.100000000000001,36.11,0.0,0.5,1.38,-6.1,1602.0,8.108,35,21,0.0,315.0
NEG-anantnag-2016-05-25,anantnag,,2016-05-25,0,33.73068,75.15418,0,19.099999999999998,19.099999999999998,38.2,32.95,0.0,0.0,3.59,23.4,1602.0,8.108,28,17,0.0,245.0
NEG-anantnag-2023-01-27,anantnag,,2023-01-27,0,33.73068,75.15418,0,0.0,0.0,0.0,6.08,0.0,1.3,1.99,-4.3,1602.0,8.108,36,22,0.0,203.0
NEG-anantnag-2018-05-15,anantnag,,2018-05-15,0,33.73068,75.15418,0,15.8,27.299999999999997,105.7,27.61,20.0,2.6,2.47,-2.4,1602.0,8.108,30,19,0.0,328.0
NEG-anantnag-2020-09-08,anantnag,,2020-09-08,0,33.73068,75.15418,0,0.1,17.9,146.5,24.27,0.0,0.0,3.72,15.9,1602.0,8.108,31,20,0.0,484.0
NEG-anantnag-2018-06-20,anantnag,,2018-06-20,0,33.73068,75.15418,0,6.1,16.8,26.300000000000004,33.379999999999995,0.0,0.0,2.56,24.3,1602.0,8.108,30,19,0.0,364.0
NEG-anantnag-2022-06-24,anantnag,,2022-06-24,0,33.73068,75.15418,0,40.7,63.2,65.2,21.349999999999998,0.0,0.0,1.97,23.9,1602.0,8.108,35,21,0.0,329.0
NEG-anantnag-2019-07-31,anantnag,,2019-07-31,0,33.73068,75.15418,0,20.2,45.099999999999994,69.89999999999999,23.279999999999998,4.8,0.7,4.46,27.8,1602.0,8.108,31,20,0.0,79.0
NEG-anantnag-2018-08-29,anantnag,,2018-08-29,0,33.73068,75.15418,0,1.0,7.6,10.899999999999999,29.26,0.0,0.0,5.12,-19.1,1602.0,8.108,30,19,0.0,434.0
NEG-anantnag-2019-07-07,anantnag,,2019-07-07,0,33.73068,75.15418,0,3.9,6.0,20.6,36.06,0.0,2.4,4.36,11.5,1602.0,8.108,31,20,0.0,55.0
NEG-anantnag-2022-10-26,anantnag,,2022-10-26,0,33.73068,75.15418,0,0.0,41.699999999999996,52.8,16.03,0.0,0.0,1.56,-4.3,1602.0,8.108,36,22,0.0,110.0
NEG-anantnag-2018-04-26,anantnag,,2018-04-26,0,33.73068,75.15418,0,0.0,40.2,97.7,25.269999999999996,0.3,1.0,1.97,-16.9,1602.0,8.108,30,19,0.0,309.0
NEG-anantnag-2021-03-20,anantnag,,2021-03-20,0,33.73068,75.15418,0,28.5,38.300000000000004,137.2,19.31,13.7,19.9,1.88,-18.6,1602.0,8.108,31,20,0.0,677.0
NEG-anantnag-2017-02-24,anantnag,,2017-02-24,0,33.73068,75.15418,0,8.7,48.800000000000004,48.800000000000004,9.97,3.2,0.0,3.79,11.1,1602.0,8.108,29,18,0.0,262.0
NEG-anantnag-2019-09-19,anantnag,,2019-09-19,0,33.73068,75.15418,0,0.3,0.3,0.3,30.94,0.2,2.3,2.56,-14.4,1602.0,8.108,31,20,0.0,129.0
NEG-anantnag-2022-06-16,anantnag,,2022-06-16,0,33.73068,75.15418,0,0.1,1.0,1.7000000000000002,34.13,6.6,3.4,1.4,1.4,1602.0,8.108,35,21,0.0,321.0
NEG-anantnag-2019-04-02,anantnag,,2019-04-02,0,33.73068,75.15418,0,25.6,28.400000000000002,47.3,18.82,0.0,0.0,4.43,9.1,1602.0,8.108,30,19,0.0,650.0
NEG-anantnag-2022-08-06,anantnag,,2022-08-06,0,33.73068,75.15418,0,0.7,25.3,61.900000000000006,26.43,0.0,0.1,4.35,-1.1,1602.0,8.108,36,22,0.0,29.0
NEG-anantnag-2023-05-23,anantnag,,2023-05-23,0,33.73068,75.15418,0,0.0,3.8,12.5,30.28,57.9,14.1,2.72,-8.4,1602.0,8.108,36,22,0.0,319.0
NEG-anantnag-2016-12-13,anantnag,,2016-12-13,0,33.73068,75.15418,0,10.3,10.3,10.7,14.37,0.0,0.0,1.36,7.9,1602.0,8.108,29,18,0.0,189.0
NEG-anantnag-2021-11-26,anantnag,,2021-11-26,0,33.73068,75.15418,0,0.0,0.0,0.0,12.660000000000002,0.0,0.0,1.4,-2.1,1602.0,8.108,35,21,0.0,119.0
NEG-anantnag-2021-05-20,anantnag,,2021-05-20,0,33.73068,75.15418,0,3.1000000000000005,19.7,36.2,27.349999999999998,4.2,1.4,2.69,-19.0,1602.0,8.108,32,21,0.0,14.0
NEG-anantnag-2018-05-17,anantnag,,2018-05-17,0,33.73068,75.15418,0,50.9,58.8,144.0,27.43,13.1,1.0,2.34,24.5,1602.0,8.108,30,19,0.0,330.0
NEG-anantnag-2019-07-22,anantnag,,2019-07-22,0,33.73068,75.15418,0,16.8,30.0,41.8,35.92,0.0,0.0,3.61,-9.5,1602.0,8.108,31,20,0.0,70.0
NEG-anantnag-2021-02-22,anantnag,,2021-02-22,0,33.73068,75.15418,0,0.0,0.0,1.3,16.06,6.7,4.1,1.47,5.0,1602.0,8.108,31,20,0.0,651.0
NEG-anuppur-2015-01-02,anuppur,,2015-01-02,0,23.10344,81.69083,0,1.0,1.0,1.0,18.520000000000003,12.1,0.7,1.62,-14.7,501.0,1.622,8,7,0.0,7101.0
NEG-anuppur-2018-05-29,anuppur,,2018-05-29,0,23.10344,81.69083,0,0.0,6.300000000000001,6.5,48.28,0.2,0.0,0.22,-12.0,501.0,1.622,8,7,0.0,8344.0
NEG-anuppur-2018-03-21,anuppur,,2018-03-21,0,23.10344,81.69083,0,0.0,0.6,1.1,38.54,0.0,0.0,0.19,0.0,501.0,1.622,8,7,0.0,8275.0
NEG-anuppur-2017-05-10,anuppur,,2017-05-10,0,23.10344,81.69083,0,0.2,0.8,0.8,53.81,0.1,0.3,0.22,0.0,501.0,1.622,8,7,0.0,7960.0
NEG-anuppur-2019-10-27,anuppur,,2019-10-27,0,23.10344,81.69083,0,2.3,19.500000000000004,30.900000000000006,15.780000000000001,0.0,0.6,21.7,-44.0,501.0,1.622,8,7,0.0,8860.0
NEG-anuppur-2023-10-24,anuppur,,2023-10-24,0,23.10344,81.69083,0,0.0,0.5,0.8,28.84,0.0,0.0,6.73,-57.6,501.0,1.622,10,8,0.0,404.0
NEG-araria-2021-07-03,araria,,2021-07-03,0,26.14934,87.51323,0,115.30000000000001,187.29999999999998,406.70000000000005,17.73,24.5,15.5,313.77,664.0,53.0,0.36,43,25,0.0,574.0
NEG-araria-2021-10-20,araria,,2021-10-20,0,26.14934,87.51323,0,131.2,131.5,138.3,21.990000000000002,0.9,0.6,130.83,283.9,53.0,0.36,43,25,0.0,683.0
NEG-araria-2022-05-05,araria,,2022-05-05,0,26.14934,87.51323,0,27.3,32.3,40.1,34.050000000000004,4.2,1.3,12.61,23.0,53.0,0.36,43,25,0.0,880.0
NEG-araria-2018-08-12,araria,,2018-08-12,0,26.14934,87.51323,0,24.8,67.7,149.89999999999998,26.41,12.2,2.8,110.94,-17.9,53.0,0.36,42,24,0.0,278.0
NEG-araria-2020-03-19,araria,,2020-03-19,0,26.14934,87.51323,0,0.0,5.7,12.100000000000001,29.89,1.3,0.0,10.12,-3.0,53.0,0.36,43,25,0.0,103.0
NEG-araria-2022-07-30,araria,,2022-07-30,0,26.14934,87.51323,0,84.0,167.60000000000002,221.00000000000003,22.2,56.1,31.5,67.71,22.9,53.0,0.36,43,25,0.0,966.0
NEG-araria-2017-05-25,araria,,2017-05-25,0,26.14934,87.51323,0,0.7999999999999999,10.399999999999999,48.099999999999994,36.09,26.1,14.5,11.76,1.5,53.0,0.36,39,24,0.0,18.0
NEG-araria-2020-09-24,araria,,2020-09-24,0,26.14934,87.51323,0,95.7,151.2,275.0,18.61,106.2,33.1,102.75,32.2,53.0,0.36,43,25,0.0,292.0
NEG-araria-2020-04-22,araria,,2020-04-22,0,26.14934,87.51323,0,19.5,48.5,49.3,26.36,9.8,22.2,11.33,14.0,53.0,0.36,43,25,0.0,137.0
NEG-araria-2023-11-26,araria,,2023-11-26,0,26.14934,87.51323,0,0.0,0.0,0.0,19.939999999999998,0.0,0.0,11.42,-16.8,53.0,0.36,43,25,0.0,1450.0
NEG-araria-2023-12-05,araria,,2023-12-05,0,26.14934,87.51323,0,0.0,0.0,0.0,16.71,0.0,6.4,10.64,-4.4,53.0,0.36,43,25,0.0,1459.0
NEG-araria-2023-04-03,araria,,2023-04-03,0,26.14934,87.51323,0,11.7,11.7,36.7,33.52,0.0,0.0,10.67,3.9,53.0,0.36,43,25,0.0,1213.0
NEG-araria-2016-11-26,araria,,2016-11-26,0,26.14934,87.51323,0,0.0,0.0,0.0,21.07,0.0,0.0,13.55,-17.1,53.0,0.36,38,23,0.0,95.0
NEG-araria-2022-05-22,araria,,2022-05-22,0,26.14934,87.51323,0,26.8,27.1,46.400000000000006,28.11,0.6,0.1,16.95,45.9,53.0,0.36,43,25,0.0,897.0
NEG-araria-2015-12-14,araria,,2015-12-14,0,26.14934,87.51323,0,0.5,0.5,7.699999999999999,16.72,0.0,0.0,10.91,-2.0,53.0,0.36,35,22,0.0,143.0
NEG-araria-2018-03-08,araria,,2018-03-08,0,26.14934,87.51323,0,1.6,2.0,2.8,30.839999999999996,0.0,0.0,9.21,-5.9,53.0,0.36,42,24,0.0,121.0
NEG-araria-2020-10-12,araria,,2020-10-12,0,26.14934,87.51323,0,0.2,33.50000000000001,60.80000000000001,24.09,0.0,0.0,87.72,-24.5,53.0,0.36,43,25,0.0,310.0
NEG-araria-2022-06-12,araria,,2022-06-12,0,26.14934,87.51323,0,43.699999999999996,73.8,125.60000000000001,24.580000000000002,12.4,17.0,22.55,61.1,53.0,0.36,43,25,0.0,918.0
NEG-araria-2022-02-05,araria,,2022-02-05,0,26.14934,87.51323,0,36.900000000000006,38.0,40.5,16.2,0.2,0.3,13.72,25.8,53.0,0.36,43,25,0.0,791.0
NEG-araria-2021-12-11,araria,,2021-12-11,0,26.14934,87.51323,0,0.0,0.0,0.0,16.759999999999998,0.0,0.0,12.18,-6.0,53.0,0.36,43,25,0.0,735.0
NEG-araria-2018-10-04,araria,,2018-10-04,0,26.14934,87.51323,0,0.5,3.8,18.8,28.090000000000003,0.2,0.8,45.45,-27.5,53.0,0.36,42,24,0.0,331.0
NEG-araria-2016-01-18,araria,,2016-01-18,0,26.14934,87.51323,0,0.0,0.0,1.4,18.740000000000002,3.2,5.0,10.07,-0.5,53.0,0.36,35,22,0.0,178.0
NEG-araria-2023-06-04,araria,,2023-06-04,0,26.14934,87.51323,0,0.0,0.5,41.1,44.01,0.0,0.0,9.26,-29.6,53.0,0.36,43,25,0.0,1275.0
NEG-araria-2022-07-18,araria,,2022-07-18,0,26.14934,87.51323,0,2.0,8.4,26.600000000000005,38.86,4.7,20.7,55.75,-27.2,53.0,0.36,43,25,0.0,954.0
NEG-araria-2018-06-25,araria,,2018-06-25,0,26.14934,87.51323,0,46.7,61.50000000000001,122.39999999999998,28.86,21.4,2.2,117.85,197.3,53.0,0.36,42,24,0.0,230.0
NEG-araria-2017-07-09,araria,,2017-07-09,0,26.14934,87.51323,0,33.599999999999994,86.7,138.0,17.769999999999996,13.6,10.5,79.17,104.0,53.0,0.36,39,24,0.0,63.0
NEG-araria-2017-03-26,araria,,2017-03-26,0,26.14934,87.51323,0,0.7,12.0,12.1,25.720000000000002,0.3,0.8,9.67,-2.4,53.0,0.36,38,23,0.0,215.0
NEG-ariyalur-2016-08-26,ariyalur,,2016-08-26,0,11.13849,79.07556,0,6.2,8.5,11.500000000000002,41.239999999999995,0.6,5.9,0.09,80.0,80.0,1.081,14,9,0.0,262.0
NEG-ariyalur-2015-04-11,ariyalur,,2015-04-11,0,11.13849,79.07556,0,3.0,4.300000000000001,7.299999999999999,42.77,4.1,13.1,0.03,0.0,80.0,1.081,10,8,0.0,1592.0
NEG-ariyalur-2015-07-09,ariyalur,,2015-07-09,0,11.13849,79.07556,0,0.0,3.0999999999999996,11.400000000000002,53.339999999999996,2.3,1.4,0.03,0.0,80.0,1.081,10,8,0.0,1681.0
NEG-ariyalur-2017-09-29,ariyalur,,2017-09-29,0,11.13849,79.07556,0,12.200000000000001,33.5,43.9,30.85,0.6,5.8,0.1,66.7,80.0,1.081,14,9,0.0,661.0
NEG-ariyalur-2020-04-30,ariyalur,,2020-04-30,0,11.13849,79.07556,0,7.1000000000000005,14.0,19.6,42.18000000000001,0.0,0.0,0.06,100.0,80.0,1.081,14,9,0.0,1605.0
NEG-ariyalur-2021-11-08,ariyalur,,2021-11-08,0,11.13849,79.07556,0,65.30000000000001,141.89999999999998,202.1,17.590000000000003,35.3,12.3,7.99,63.4,80.0,1.081,14,9,0.0,2162.0
NEG-ariyalur-2023-08-14,ariyalur,,2023-08-14,0,11.13849,79.07556,0,44.0,74.9,77.60000000000001,38.330000000000005,0.8,0.0,0.12,100.0,80.0,1.081,14,9,0.0,2806.0
NEG-ariyalur-2015-10-26,ariyalur,,2015-10-26,0,11.13849,79.07556,0,8.600000000000001,14.5,29.300000000000004,31.48,9.3,19.3,0.06,-25.0,80.0,1.081,10,8,0.0,1790.0
NEG-ariyalur-2020-02-09,ariyalur,,2020-02-09,0,11.13849,79.07556,0,0.0,1.3,1.5,32.08,0.0,0.8,0.05,0.0,80.0,1.081,14,9,0.0,1524.0
NEG-ariyalur-2019-08-25,ariyalur,,2019-08-25,0,11.13849,79.07556,0,1.0,30.5,45.599999999999994,33.98,0.6,1.4,0.09,-79.5,80.0,1.081,14,9,0.0,1356.0
NEG-ariyalur-2022-01-23,ariyalur,,2022-01-23,0,11.13849,79.07556,0,0.0,1.6,4.6,31.009999999999998,1.2,0.1,0.36,620.0,80.0,1.081,14,9,0.0,2238.0
NEG-ariyalur-2021-06-15,ariyalur,,2021-06-15,0,11.13849,79.07556,0,1.8,3.0,66.6,46.96,0.0,0.0,0.06,-33.3,80.0,1.081,14,9,0.0,2016.0
NEG-arwal-2017-03-07,arwal,,2017-03-07,0,25.24281,84.66571,0,0.8,1.0,1.0,36.18,0.0,0.3,0.22,-12.0,78.0,0.18,31,20,0.0,196.0
NEG-arwal-2023-01-21,arwal,,2023-01-21,0,25.24281,84.66571,0,0.0,0.0,0.0,17.759999999999998,2.0,0.0,0.09,-18.2,78.0,0.18,33,21,0.0,1222.0
NEG-arwal-2022-10-23,arwal,,2022-10-23,0,25.24281,84.66571,0,0.1,0.1,31.400000000000002,25.63,0.0,0.2,0.64,-72.2,78.0,0.18,33,21,0.0,1132.0
NEG-arwal-2019-04-22,arwal,,2019-04-22,0,25.24281,84.66571,0,0.0,0.2,3.7,43.730000000000004,0.2,0.0,0.56,250.0,78.0,0.18,32,21,0.0,102.0
NEG-arwal-2020-07-17,arwal,,2020-07-17,0,25.24281,84.66571,0,30.1,80.6,216.5,27.019999999999996,7.7,14.6,8.18,-26.0,78.0,0.18,33,21,0.0,304.0
NEG-arwal-2019-06-25,arwal,,2019-06-25,0,25.24281,84.66571,0,19.2,25.5,25.5,42.01,6.5,7.7,0.25,177.8,78.0,0.18,32,21,0.0,166.0
NEG-arwal-2017-09-26,arwal,,2017-09-26,0,25.24281,84.66571,0,1.9,48.900000000000006,81.49999999999999,22.27,1.4,7.5,1.67,-13.0,78.0,0.18,31,20,0.0,399.0
NEG-arwal-2022-05-11,arwal,,2022-05-11,0,25.24281,84.66571,0,0.2,1.0,3.0,46.769999999999996,15.3,0.0,0.28,-9.7,78.0,0.18,33,21,0.0,967.0
NEG-arwal-2022-09-17,arwal,,2022-09-17,0,25.24281,84.66571,0,80.7,120.9,178.9,22.46,18.6,11.2,5.41,71.7,78.0,0.18,33,21,0.0,1096.0
NEG-arwal-2015-01-23,arwal,,2015-01-23,0,25.24281,84.66571,0,0.0,0.0,0.0,19.13,0.0,0.0,0.09,0.0,78.0,0.18,29,18,0.0,2693.0
NEG-arwal-2023-06-03,arwal,,2023-06-03,0,25.24281,84.66571,0,0.0,0.3,16.3,50.2,0.0,0.0,0.16,-36.0,78.0,0.18,33,21,0.0,1355.0
NEG-arwal-2023-08-21,arwal,,2023-08-21,0,25.24281,84.66571,0,8.8,27.900000000000002,110.19999999999999,32.14,8.8,26.3,3.09,-34.4,78.0,0.18,33,21,0.0,1434.0
NEG-ashoknagar-2016-03-12,ashoknagar,,2016-03-12,0,24.57578,77.73123,0,0.0,0.8,0.9,34.99000000000001,3.1,0.0,0.12,0.0,507.0,1.351,10,8,0.0,1700.0
NEG-ashoknagar-2023-09-24,ashoknagar,,2023-09-24,0,24.57578,77.73123,0,12.5,20.8,113.19999999999999,27.71,3.3,0.1,1.96,-33.3,507.0,1.351,13,11,0.0,34.0
NEG-ashoknagar-2019-10-08,ashoknagar,,2019-10-08,0,24.57578,77.73123,0,13.4,121.5,189.99999999999997,23.43,0.0,0.1,4.93,-30.7,507.0,1.351,10,8,0.0,3005.0
NEG-ashoknagar-2017-06-15,ashoknagar,,2017-06-15,0,24.57578,77.73123,0,0.4,0.6000000000000001,7.5,43.98,0.8,0.0,0.16,-42.9,507.0,1.351,10,8,0.0,2160.0
NEG-ashoknagar-2016-12-21,ashoknagar,,2016-12-21,0,24.57578,77.73123,0,0.0,0.0,0.0,24.189999999999998,0.0,0.0,0.11,-8.3,507.0,1.351,10,8,0.0,1984.0
NEG-ashoknagar-2022-10-21,ashoknagar,,2022-10-21,0,24.57578,77.73123,0,0.0,0.0,46.5,30.21,0.0,0.0,0.58,-62.1,507.0,1.351,12,10,0.0,446.0
NEG-ashoknagar-2020-10-22,ashoknagar,,2020-10-22,0,24.57578,77.73123,0,1.1,2.1,2.3,32.199999999999996,0.0,0.0,0.16,-11.1,507.0,1.351,11,9,0.0,55.0
NEG-ashoknagar-2020-03-17,ashoknagar,,2020-03-17,0,24.57578,77.73123,0,0.0,2.1,4.3,36.25,0.0,0.0,0.12,0.0,507.0,1.351,10,8,0.0,3166.0
NEG-ashoknagar-2015-07-25,ashoknagar,,2015-07-25,0,24.57578,77.73123,0,58.4,163.79999999999998,185.0,14.36,36.0,31.9,5.03,261.9,507.0,1.351,10,8,0.0,1469.0
NEG-auraiya-2021-04-02,auraiya,,2021-04-02,0,26.46517,79.50918,1,0.0,0.0,0.1,52.88,0.0,0.0,0.0,,145.0,0.631,29,17,0.0,998.0
NEG-auraiya-2017-10-17,auraiya,,2017-10-17,0,26.46517,79.50918,0,0.0,0.0,0.2,30.159999999999997,0.0,0.1,0.03,0.0,145.0,0.631,24,16,0.0,456.0
NEG-auraiya-2016-05-12,auraiya,,2016-05-12,0,26.46517,79.50918,1,2.2,3.0000000000000004,4.1,48.37,0.0,0.6,0.0,,145.0,0.631,23,15,0.0,197.0
NEG-auraiya-2020-02-13,auraiya,,2020-02-13,0,26.46517,79.50918,0,0.0,0.5,0.6,21.950000000000003,0.0,0.0,0.02,0.0,145.0,0.631,29,17,0.0,584.0
NEG-auraiya-2016-06-30,auraiya,,2016-06-30,0,26.46517,79.50918,0,7.9,22.2,91.60000000000002,36.71,17.1,9.4,0.02,0.0,145.0,0.631,23,15,0.0,246.0
NEG-auraiya-2023-12-27,auraiya,,2023-12-27,0,26.46517,79.50918,0,0.0,0.8,0.8,15.319999999999999,0.0,0.0,0.04,0.0,145.0,0.631,29,17,0.0,1997.0
NEG-auraiya-2020-03-18,auraiya,,2020-03-18,0,26.46517,79.50918,1,1.3,4.4,11.700000000000001,27.450000000000003,0.0,0.0,0.0,,145.0,0.631,29,17,0.0,618.0
NEG-auraiya-2022-06-27,auraiya,,2022-06-27,0,26.46517,79.50918,1,0.9,3.4000000000000004,31.700000000000003,45.879999999999995,4.8,6.2,0.02,,145.0,0.631,29,17,0.0,1449.0
NEG-auraiya-2020-12-15,auraiya,,2020-12-15,0,26.46517,79.50918,0,0.7,0.7,0.7,16.740000000000002,0.0,0.0,0.01,0.0,145.0,0.631,29,17,0.0,890.0
NEG-auraiya-2021-04-08,auraiya,,2021-04-08,0,26.46517,79.50918,1,0.0,0.0,0.0,51.459999999999994,0.0,0.0,0.0,,145.0,0.631,29,17,0.0,1004.0
NEG-auraiya-2021-09-04,auraiya,,2021-09-04,0,26.46517,79.50918,0,8.399999999999999,43.8,67.0,25.34,1.6,1.4,0.04,33.3,145.0,0.631,29,17,0.0,1153.0
NEG-auraiya-2018-07-23,auraiya,,2018-07-23,0,26.46517,79.50918,0,30.400000000000002,61.2,139.9,29.490000000000002,16.1,24.4,0.02,0.0,145.0,0.631,29,17,0.0,14.0
NEG-auraiya-2023-06-21,auraiya,,2023-06-21,0,26.46517,79.50918,0,20.599999999999998,20.7,20.7,53.85,17.7,1.0,0.02,0.0,145.0,0.631,29,17,0.0,1808.0
NEG-auraiya-2019-12-18,auraiya,,2019-12-18,0,26.46517,79.50918,0,0.1,29.800000000000004,29.800000000000004,12.419999999999998,0.0,0.0,0.05,0.0,145.0,0.631,29,17,0.0,527.0
NEG-auraiya-2021-11-14,auraiya,,2021-11-14,0,26.46517,79.50918,0,0.0,0.0,0.0,22.510000000000005,0.0,0.0,0.05,0.0,145.0,0.631,29,17,0.0,1224.0
NEG-auraiya-2023-01-25,auraiya,,2023-01-25,0,26.46517,79.50918,0,4.6,4.6,6.5,16.97,0.7,0.0,0.02,0.0,145.0,0.631,29,17,0.0,1661.0
NEG-auraiya-2020-08-29,auraiya,,2020-08-29,0,26.46517,79.50918,0,31.6,42.5,78.8,25.99,2.5,0.0,0.23,-25.8,145.0,0.631,29,17,0.0,782.0
NEG-auraiya-2019-10-14,auraiya,,2019-10-14,0,26.46517,79.50918,0,0.4,0.4,20.599999999999998,27.72,0.0,0.0,0.08,-68.0,145.0,0.631,29,17,0.0,462.0
NEG-auraiya-2021-02-22,auraiya,,2021-02-22,0,26.46517,79.50918,1,0.0,0.1,0.1,25.699999999999996,0.0,0.0,0.0,,145.0,0.631,29,17,0.0,959.0
NEG-auraiya-2020-01-01,auraiya,,2020-01-01,0,26.46517,79.50918,0,0.0,0.0,0.0,11.95,1.3,1.0,0.03,-40.0,145.0,0.631,29,17,0.0,541.0
NEG-auraiya-2016-10-13,auraiya,,2016-10-13,0,26.46517,79.50918,0,0.2,26.799999999999997,36.4,25.66,0.0,0.0,0.05,0.0,145.0,0.631,24,16,0.0,87.0
NEG-aurangabad-2023-05-05,aurangabad,,2023-05-05,0,19.87757,75.34226,0,0.2,8.399999999999999,8.899999999999999,37.029999999999994,0.1,0.3,1.0,-39.4,587.0,0.631,91,45,0.0,52.0
NEG-aurangabad-2020-04-28,aurangabad,,2020-04-28,0,19.87757,75.34226,0,0.0,0.0,0.0,55.3,0.0,0.0,1.0,0.0,587.0,0.631,75,42,0.0,116.0
NEG-aurangabad-2020-01-18,aurangabad,,2020-01-18,0,19.87757,75.34226,0,0.0,0.0,0.5,25.67,0.0,0.0,0.75,0.0,587.0,0.631,75,42,0.0,15.0
NEG-aurangabad-2017-11-27,aurangabad,,2017-11-27,0,19.87757,75.34226,0,0.0,3.9000000000000004,3.9000000000000004,24.45,0.0,0.0,0.8,0.0,587.0,0.631,73,40,0.0,83.0
NEG-aurangabad-2023-06-07,aurangabad,,2023-06-07,0,19.87757,75.34226,0,1.1,1.4000000000000001,1.4000000000000001,55.4,0.0,0.0,0.94,3.3,587.0,0.631,91,45,0.0,85.0
NEG-aurangabad-2017-10-09,aurangabad,,2017-10-09,0,19.87757,75.34226,0,24.200000000000003,24.200000000000003,25.8,32.23,10.8,16.2,5.14,441.1,587.0,0.631,73,40,0.0,34.0
NEG-aurangabad-2022-02-24,aurangabad,,2022-02-24,0,19.87757,75.34226,0,0.0,0.3,0.3,38.78,0.0,0.0,0.91,0.0,587.0,0.631,87,43,0.0,141.0
NEG-aurangabad-2018-02-09,aurangabad,,2018-02-09,0,19.87757,75.34226,0,0.1,0.1,0.1,32.92,0.1,0.9,0.91,0.0,587.0,0.631,73,40,0.0,157.0
NEG-aurangabad-2023-08-03,aurangabad,,2023-08-03,0,19.87757,75.34226,0,8.2,28.7,106.39999999999999,26.25,2.0,4.7,1.34,-55.0,587.0,0.631,91,45,0.0,142.0
NEG-aurangabad-2023-09-21,aurangabad,,2023-09-21,0,19.87757,75.34226,0,9.0,31.800000000000004,105.99999999999999,23.380000000000003,47.1,20.3,2.23,89.0,587.0,0.631,91,45,0.0,191.0
NEG-aurangabad-2020-11-05,aurangabad,,2020-11-05,0,19.87757,75.34226,0,0.0,0.1,7.5,31.88,0.0,0.0,0.84,-2.3,587.0,0.631,77,42,0.0,26.0
NEG-aurangabad-2020-06-07,aurangabad,,2020-06-07,0,19.87757,75.34226,0,19.900000000000002,53.199999999999996,53.199999999999996,29.48,0.3,0.5,1.12,-5.9,587.0,0.631,75,42,0.0,156.0
NEG-aurangabad-2022-01-11,aurangabad,,2022-01-11,0,19.87757,75.34226,0,0.6000000000000001,0.6000000000000001,1.5,25.17,0.0,0.0,0.75,0.0,587.0,0.631,87,43,0.0,97.0
NEG-aurangabad-2018-01-29,aurangabad,,2018-01-29,0,19.87757,75.34226,0,0.0,0.0,0.1,31.730000000000004,0.0,0.0,0.75,-2.6,587.0,0.631,73,40,0.0,146.0
NEG-aurangabad-2019-12-07,aurangabad,,2019-12-07,0,19.87757,75.34226,0,0.1,0.7,0.7999999999999999,25.27,0.0,0.0,0.78,-6.0,587.0,0.631,74,41,0.0,474.0
NEG-aurangabad-2015-11-14,aurangabad,,2015-11-14,0,19.87757,75.34226,0,0.0,0.0,0.0,32.63,0.0,0.0,0.82,0.0,587.0,0.631,71,38,0.0,113.0
NEG-aurangabad-2023-01-01,aurangabad,,2023-01-01,0,19.87757,75.34226,0,0.0,0.0,0.0,27.6,0.0,0.0,0.75,-3.8,587.0,0.631,90,44,0.0,76.0
NEG-aurangabad-2018-03-16,aurangabad,,2018-03-16,0,19.87757,75.34226,0,0.0,0.2,0.2,38.230000000000004,0.0,0.1,0.94,8.0,587.0,0.631,73,40,0.0,192.0
NEG-aurangabad-2017-08-18,aurangabad,,2017-08-18,0,19.87757,75.34226,0,2.9000000000000004,18.5,25.099999999999998,27.86,20.4,60.6,1.06,21.8,587.0,0.631,72,39,0.0,360.0
NEG-aurangabad-2018-01-17,aurangabad,,2018-01-17,0,19.87757,75.34226,0,0.1,0.1,0.1,28.25,0.0,0.0,0.77,0.0,587.0,0.631,73,40,0.0,134.0
NEG-aurangabad-2018-10-07,aurangabad,,2018-10-07,0,19.87757,75.34226,0,0.3,1.6,3.3999999999999995,35.4,0.0,0.0,0.87,-1.1,587.0,0.631,74,41,0.0,48.0
NEG-aurangabad-2018-08-02,aurangabad,,2018-08-02,0,19.87757,75.34226,0,5.2,13.100000000000001,43.3,26.29,2.4,1.9,0.94,-21.7,587.0,0.631,73,40,0.0,331.0
NEG-aurangabad-2021-01-21,aurangabad,,2021-01-21,0,19.87757,75.34226,0,0.0,0.0,2.0,29.58,0.0,0.0,0.75,-3.8,587.0,0.631,77,42,0.0,103.0
NEG-aurangabad-2015-11-27,aurangabad,,2015-11-27,0,19.87757,75.34226,0,4.1,27.0,27.0,23.49,0.0,0.0,0.94,14.6,587.0,0.631,71,38,0.0,126.0
NEG-aurangabad-2016-07-20,aurangabad,,2016-07-20,0,19.87757,75.34226,0,33.7,39.5,196.6,24.08,7.4,11.0,2.39,8.1,587.0,0.631,71,38,0.0,362.0
NEG-aurangabad-2016-09-09,aurangabad,,2016-09-09,0,19.87757,75.34226,0,4.6,9.8,59.099999999999994,25.5,0.1,0.0,0.88,-58.3,587.0,0.631,72,39,0.0,17.0
NEG-aurangabad-2017-08-05,aurangabad,,2017-08-05,0,19.87757,75.34226,0,4.1,16.799999999999997,60.6,27.840000000000003,0.7,1.6,0.86,-16.5,587.0,0.631,72,39,0.0,347.0
NEG-aurangabad-2019-04-18,aurangabad,,2019-04-18,0,19.87757,75.34226,0,0.5,0.5,0.5,50.790000000000006,0.0,0.0,1.06,6.0,587.0,0.631,74,41,0.0,241.0
NEG-aurangabad-2016-09-17,aurangabad,,2016-09-17,0,19.87757,75.34226,0,57.2,59.400000000000006,66.5,18.96,6.9,4.9,2.91,234.5,587.0,0.631,72,39,0.0,25.0
NEG-aurangabad-2022-12-03,aurangabad,,2022-12-03,0,19.87757,75.34226,0,0.0,0.0,0.0,29.22,0.3,0.1,0.78,-6.0,587.0,0.631,90,44,0.0,47.0
NEG-aurangabad-2017-05-26,aurangabad,,2017-05-26,0,19.87757,75.34226,0,0.0,0.0,5.500000000000001,64.52,0.5,0.2,0.91,-6.2,587.0,0.631,72,39,0.0,276.0
NEG-aurangabad-2015-09-21,aurangabad,,2015-09-21,0,19.87757,75.34226,0,159.0,212.0,270.9,21.320000000000004,0.1,0.5,2.04,-42.9,587.0,0.631,71,38,0.0,59.0
NEG-aurangabad-2019-08-27,aurangabad,,2019-08-27,0,19.87757,75.34226,0,3.8,9.2,19.1,26.07,0.7,1.2,1.17,0.9,587.0,0.631,74,41,0.0,372.0
NEG-aurangabad-2019-07-28,aurangabad,,2019-07-28,0,19.87757,75.34226,0,30.799999999999997,55.400000000000006,82.99999999999999,26.24,20.6,18.2,3.56,20.7,587.0,0.631,74,41,0.0,342.0
NEG-aurangabad-2018-09-17,aurangabad,,2018-09-17,0,19.87757,75.34226,0,6.6,7.3,13.899999999999999,32.02,1.1,1.9,0.91,-4.2,587.0,0.631,74,41,0.0,28.0
NEG-aurangabad-2021-01-31,aurangabad,,2021-01-31,0,19.87757,75.34226,0,0.0,0.0,0.0,33.16,0.0,0.0,0.75,0.0,587.0,0.631,77,42,0.0,113.0
NEG-aurangabad-2020-03-23,aurangabad,,2020-03-23,0,19.87757,75.34226,0,0.0,1.1,1.1,43.85,0.0,8.1,0.91,0.0,587.0,0.631,75,42,0.0,80.0
NEG-aurangabad-2019-08-31,aurangabad,,2019-08-31,0,19.87757,75.34226,0,14.9,19.6,29.5,24.21,11.1,1.3,2.97,197.0,587.0,0.631,74,41,0.0,376.0
NEG-aurangabad-2015-09-13,aurangabad,,2015-09-13,0,19.87757,75.34226,0,22.5,51.4,56.4,26.729999999999997,20.5,7.6,2.31,124.3,587.0,0.631,71,38,0.0,51.0
NEG-aurangabad-2017-04-27,aurangabad,,2017-04-27,0,19.87757,75.34226,0,0.0,0.0,0.0,67.50999999999999,0.0,0.0,0.97,0.0,587.0,0.631,72,39,0.0,247.0
NEG-aurangabad-2019-09-17,aurangabad,,2019-09-17,0,19.87757,75.34226,0,12.5,39.9,116.49999999999997,19.810000000000002,17.8,6.0,3.59,37.5,587.0,0.631,74,41,0.0,393.0
NEG-aurangabad-2019-05-15,aurangabad,,2019-05-15,0,19.87757,75.34226,0,0.0,0.0,0.0,59.68,0.0,0.0,0.97,0.0,587.0,0.631,74,41,0.0,268.0
NEG-aurangabad-2023-08-20,aurangabad,,2023-08-20,0,19.87757,75.34226,0,17.6,25.7,38.1,28.7,0.3,1.7,2.56,178.3,587.0,0.631,91,45,0.0,159.0
NEG-aurangabad-2021-07-20,aurangabad,,2021-07-20,0,19.87757,75.34226,0,11.4,61.900000000000006,132.6,24.580000000000002,23.3,8.2,1.61,-19.1,587.0,0.631,80,43,0.0,97.0
NEG-aurangabad-2015-03-22,aurangabad,,2015-03-22,0,19.87757,75.34226,0,0.0,0.3,10.3,42.260000000000005,0.0,0.0,0.85,-9.6,587.0,0.631,69,37,0.0,1595.0
NEG-aurangabad-2023-08-02,aurangabad,,2023-08-02,0,19.87757,75.34226,0,8.4,30.100000000000005,125.39999999999998,25.36,0.9,2.0,1.28,-40.7,587.0,0.631,91,45,0.0,141.0
NEG-aurangabad-2021-06-16,aurangabad,,2021-06-16,0,19.87757,75.34226,0,2.3,15.899999999999999,43.70000000000001,35.550000000000004,1.8,2.4,1.09,0.0,587.0,0.631,80,43,0.0,63.0
NEG-aurangabad-2019-04-08,aurangabad,,2019-04-08,0,19.87757,75.34226,0,0.0,0.0,0.0,52.7,0.0,0.0,1.0,0.0,587.0,0.631,74,41,0.0,231.0
NEG-aurangabad-2020-05-07,aurangabad,,2020-05-07,0,19.87757,75.34226,0,0.0,0.0,0.0,56.93,0.0,0.0,0.97,-3.0,587.0,0.631,75,42,0.0,125.0
NEG-aurangabad-2015-01-25,aurangabad,,2015-01-25,0,19.87757,75.34226,0,0.7,0.7,0.7,27.42,0.0,0.0,0.72,-1.4,587.0,0.631,69,37,0.0,1539.0
NEG-aurangabad-2018-12-11,aurangabad,,2018-12-11,0,19.87757,75.34226,0,0.0,0.0,0.0,27.809999999999995,0.0,0.0,0.75,0.0,587.0,0.631,74,41,0.0,113.0
NEG-aurangabad-2018-05-08,aurangabad,,2018-05-08,0,19.87757,75.34226,0,0.0,0.0,0.0,56.44,0.0,0.1,0.97,0.0,587.0,0.631,73,40,0.0,245.0
NEG-aurangabad-2023-06-14,aurangabad,,2023-06-14,0,19.87757,75.34226,0,1.2,1.6,3.0000000000000004,50.95,0.0,0.6,0.91,-3.2,587.0,0.631,91,45,0.0,92.0
NEG-aurangabad-2019-05-17,aurangabad,,2019-05-17,0,19.87757,75.34226,0,0.0,0.0,0.0,61.11,0.0,0.0,0.97,0.0,587.0,0.631,74,41,0.0,270.0
NEG-aurangabad-2019-09-13,aurangabad,,2019-09-13,0,19.87757,75.34226,0,24.8,64.30000000000001,149.89999999999998,17.799999999999997,10.1,1.8,1.53,-50.5,587.0,0.631,74,41,0.0,389.0
NEG-aurangabad-2021-01-13,aurangabad,,2021-01-13,0,19.87757,75.34226,0,0.0,2.3,4.4,24.479999999999997,0.0,0.0,0.78,0.0,587.0,0.631,77,42,0.0,95.0
NEG-aurangabad-2023-05-20,aurangabad,,2023-05-20,0,19.87757,75.34226,0,0.0,0.0,0.4,60.59,0.0,0.0,0.97,0.0,587.0,0.631,91,45,0.0,67.0
NEG-aurangabad-2023-03-29,aurangabad,,2023-03-29,0,19.87757,75.34226,0,0.0,0.0,14.7,44.760000000000005,0.0,1.3,0.91,-6.2,587.0,0.631,91,45,0.0,15.0
NEG-aurangabad-2023-12-21,aurangabad,,2023-12-21,0,19.87757,75.34226,0,0.0,0.0,1.4,25.81,0.0,0.0,0.78,-1.3,587.0,0.631,91,45,0.0,282.0
NEG-aurangabad-2017-06-22,aurangabad,,2017-06-22,0,19.87757,75.34226,0,2.6999999999999997,23.8,119.69999999999999,36.879999999999995,2.0,9.8,0.95,-71.1,587.0,0.631,72,39,0.0,303.0
NEG-aurangabad-2020-06-22,aurangabad,,2020-06-22,0,19.87757,75.34226,0,4.6,31.6,56.699999999999996,24.21,0.4,1.2,1.03,-75.8,587.0,0.631,75,42,0.0,171.0
NEG-aurangabad-2017-06-17,aurangabad,,2017-06-17,0,19.87757,75.34226,0,28.0,108.2,135.20000000000002,27.44,0.0,0.3,1.28,-52.4,587.0,0.631,72,39,0.0,298.0
NEG-aurangabad-2018-01-22,aurangabad,,2018-01-22,0,19.87757,75.34226,0,0.0,0.1,0.1,29.53,0.0,0.0,0.77,0.0,587.0,0.631,73,40,0.0,139.0
NEG-aurangabad-2019-11-21,aurangabad,,2019-11-21,0,19.87757,75.34226,0,0.0,0.0,1.4000000000000001,26.7,0.0,0.0,0.83,-6.7,587.0,0.631,74,41,0.0,458.0
NEG-aurangabad-2020-06-12,aurangabad,,2020-06-12,0,19.87757,75.34226,0,0.7,3.5,55.900000000000006,36.46,6.1,10.3,2.4,50.9,587.0,0.631,75,42,0.0,161.0
NEG-aurangabad-2015-04-29,aurangabad,,2015-04-29,0,19.87757,75.34226,0,0.0,0.0,1.7,52.93000000000001,0.0,0.0,0.91,-3.2,587.0,0.631,69,37,0.0,1633.0
NEG-ayodhya-2019-05-12,ayodhya,,2019-05-12,0,21.63333,86.6,0,0.0,3.8,144.4,41.199999999999996,0.0,0.0,12.27,-85.5,53.0,1.712,53,32,0.0,79.0
NEG-ayodhya-2018-10-08,ayodhya,,2018-10-08,0,21.63333,86.6,0,0.0,0.0,5.6,31.48,0.0,50.7,54.34,-33.3,53.0,1.712,51,31,0.0,42.0
NEG-ayodhya-2022-07-02,ayodhya,,2022-07-02,0,21.63333,86.6,0,12.0,34.4,103.9,28.97,5.7,8.2,22.88,235.5,53.0,1.712,55,33,0.0,683.0
NEG-ayodhya-2022-08-13,ayodhya,,2022-08-13,0,21.63333,86.6,0,64.69999999999999,165.60000000000002,228.3,13.660000000000002,29.3,7.8,54.59,102.3,53.0,1.712,55,33,0.0,725.0
NEG-ayodhya-2023-12-14,ayodhya,,2023-12-14,0,21.63333,86.6,0,0.0,20.4,28.799999999999997,18.13,0.0,0.0,7.28,-5.1,53.0,1.712,57,34,0.0,429.0
NEG-ayodhya-2019-07-15,ayodhya,,2019-07-15,0,21.63333,86.6,0,2.2,9.4,135.59999999999997,32.32,1.4,7.4,19.04,-10.3,53.0,1.712,53,32,0.0,143.0
NEG-ayodhya-2023-02-14,ayodhya,,2023-02-14,0,21.63333,86.6,0,0.0,0.0,0.0,32.3,0.0,0.1,1.33,-5.0,53.0,1.712,57,34,0.0,126.0
NEG-ayodhya-2016-11-07,ayodhya,,2016-11-07,0,21.63333,86.6,0,8.2,18.599999999999998,31.900000000000006,19.79,0.0,0.0,10.91,-15.4,53.0,1.712,45,29,0.0,83.0
NEG-ayodhya-2020-03-29,ayodhya,,2020-03-29,0,21.63333,86.6,0,0.0,0.4,1.9000000000000001,37.28,0.0,0.0,3.32,-33.2,53.0,1.712,53,32,0.0,401.0
NEG-ayodhya-2016-06-06,ayodhya,,2016-06-06,0,21.63333,86.6,0,30.599999999999998,68.9,125.10000000000001,30.560000000000002,7.4,2.7,4.35,20.2,53.0,1.712,42,28,0.0,662.0
NEG-ayodhya-2021-12-23,ayodhya,,2021-12-23,0,21.63333,86.6,0,0.0,0.0,0.9,19.57,0.0,0.0,10.89,-27.7,53.0,1.712,55,33,0.0,492.0
NEG-ayodhya-2020-12-27,ayodhya,,2020-12-27,0,21.63333,86.6,0,0.0,0.0,0.1,21.54,0.0,0.0,9.33,-2.7,53.0,1.712,55,33,0.0,131.0
NEG-ayodhya-2015-04-21,ayodhya,,2015-04-21,0,21.63333,86.6,0,3.1,29.6,89.5,36.230000000000004,3.8,6.0,3.53,-13.1,53.0,1.712,42,28,0.0,250.0
NEG-ayodhya-2019-06-02,ayodhya,,2019-06-02,0,21.63333,86.6,0,0.7,0.7,2.2,44.75,0.1,0.3,7.97,7.6,53.0,1.712,53,32,0.0,100.0
NEG-ayodhya-2021-08-21,ayodhya,,2021-08-21,0,21.63333,86.6,0,24.6,77.4,112.4,22.169999999999998,0.0,2.4,61.37,-19.7,53.0,1.712,55,33,0.0,368.0
NEG-ayodhya-2021-04-30,ayodhya,,2021-04-30,0,21.63333,86.6,0,0.6,0.6,2.1,43.5,0.0,1.7,5.15,4.3,53.0,1.712,55,33,0.0,255.0
NEG-ayodhya-2022-06-08,ayodhya,,2022-06-08,0,21.63333,86.6,0,0.0,14.7,17.9,43.11,0.0,0.1,4.85,-4.3,53.0,1.712,55,33,0.0,659.0
NEG-ayodhya-2015-04-22,ayodhya,,2015-04-22,0,21.63333,86.6,0,5.5,19.2,84.4,38.15,6.0,21.6,3.53,-13.1,53.0,1.712,42,28,0.0,251.0
NEG-ayodhya-2015-12-10,ayodhya,,2015-12-10,0,21.63333,86.6,0,2.2,7.0,8.399999999999999,19.35,0.0,0.0,7.39,-3.1,53.0,1.712,42,28,0.0,483.0
NEG-ayodhya-2022-03-17,ayodhya,,2022-03-17,0,21.63333,86.6,0,0.0,0.0,0.0,39.99,0.0,0.0,3.38,-17.4,53.0,1.712,55,33,0.0,576.0
NEG-ayodhya-2019-10-22,ayodhya,,2019-10-22,0,21.63333,86.6,0,6.499999999999999,13.399999999999999,55.19999999999999,25.36,14.9,54.4,37.99,-28.6,53.0,1.712,53,32,0.0,242.0
NEG-ayodhya-2020-03-06,ayodhya,,2020-03-06,0,21.63333,86.6,0,3.3,3.3,30.800000000000004,29.650000000000002,1.1,1.2,5.31,-7.8,53.0,1.712,53,32,0.0,378.0
NEG-ayodhya-2017-01-14,ayodhya,,2017-01-14,0,21.63333,86.6,0,0.0,0.0,0.8,24.9,0.0,0.0,1.59,-75.3,53.0,1.712,45,29,0.0,151.0
NEG-ayodhya-2015-07-25,ayodhya,,2015-07-25,0,21.63333,86.6,0,66.5,152.4,278.4,18.42,15.4,89.5,233.42,64.1,53.0,1.712,42,28,0.0,345.0
NEG-ayodhya-2017-12-01,ayodhya,,2017-12-01,0,21.63333,86.6,0,0.0,0.0,10.200000000000001,20.9,0.0,0.0,11.71,-32.6,53.0,1.712,46,30,0.0,236.0
NEG-ayodhya-2019-04-02,ayodhya,,2019-04-02,0,21.63333,86.6,0,0.0,0.4,3.6,39.75,0.0,0.0,2.34,-39.1,53.0,1.712,53,32,0.0,39.0
NEG-ayodhya-2017-05-16,ayodhya,,2017-05-16,0,21.63333,86.6,0,1.4,5.499999999999999,19.700000000000003,43.4,39.7,1.8,3.19,-0.9,53.0,1.712,46,30,0.0,37.0
NEG-ayodhya-2020-02-06,ayodhya,,2020-02-06,0,21.63333,86.6,0,1.9,3.5,4.6,22.56,13.1,6.4,5.41,102.6,53.0,1.712,53,32,0.0,349.0
NEG-ayodhya-2018-10-14,ayodhya,,2018-10-14,0,21.63333,86.6,0,91.6,142.3,142.3,20.050000000000004,0.0,0.0,165.72,188.3,53.0,1.712,51,31,0.0,48.0
NEG-ayodhya-2023-07-15,ayodhya,,2023-07-15,0,21.63333,86.6,0,7.2,23.1,77.49999999999999,32.29,22.2,6.9,36.93,143.3,53.0,1.712,57,34,0.0,277.0
NEG-ayodhya-2019-04-02,ayodhya,,2019-04-02,0,21.63333,86.6,0,0.0,0.4,3.6,39.75,0.0,0.0,2.34,-39.1,53.0,1.712,53,32,0.0,39.0
NEG-ayodhya-2023-06-08,ayodhya,,2023-06-08,0,21.63333,86.6,0,0.1,1.2000000000000002,8.399999999999999,42.08,0.0,0.1,3.56,-16.8,53.0,1.712,57,34,0.0,240.0
NEG-ayodhya-2019-09-23,ayodhya,,2019-09-23,0,21.63333,86.6,0,20.0,48.3,107.6,26.34,24.9,24.8,54.72,-28.4,53.0,1.712,53,32,0.0,213.0
NEG-ayodhya-2017-10-30,ayodhya,,2017-10-30,0,21.63333,86.6,0,0.1,1.8000000000000003,119.89999999999998,25.07,0.2,0.3,50.76,-52.6,53.0,1.712,46,30,0.0,204.0
NEG-ayodhya-2015-12-02,ayodhya,,2015-12-02,0,21.63333,86.6,0,0.0,0.0,0.0,21.799999999999997,2.4,0.1,7.65,-2.8,53.0,1.712,42,28,0.0,475.0
NEG-ayodhya-2020-04-10,ayodhya,,2020-04-10,0,21.63333,86.6,0,0.1,0.30000000000000004,0.7999999999999999,40.2,0.0,0.0,6.57,125.8,53.0,1.712,53,32,0.0,413.0
NEG-ayodhya-2015-03-21,ayodhya,,2015-03-21,0,21.63333,86.6,0,5.3,18.7,20.8,34.41,0.0,0.0,1.0,-5.7,53.0,1.712,42,28,0.0,219.0
NEG-ayodhya-2023-05-27,ayodhya,,2023-05-27,0,21.63333,86.6,0,0.3,0.3,1.9000000000000001,45.89,1.9,0.1,3.97,-9.2,53.0,1.712,57,34,0.0,228.0
NEG-ayodhya-2021-01-18,ayodhya,,2021-01-18,0,21.63333,86.6,0,0.0,2.3,2.3,22.36,0.0,0.0,2.52,-47.8,53.0,1.712,55,33,0.0,153.0
NEG-ayodhya-2015-08-02,ayodhya,,2015-08-02,0,21.63333,86.6,0,41.6,214.50000000000006,419.9,17.12,17.6,6.8,262.03,8.2,53.0,1.712,42,28,0.0,353.0
NEG-ayodhya-2018-12-04,ayodhya,,2018-12-04,0,21.63333,86.6,0,0.0,0.0,0.0,21.68,0.0,0.0,10.19,-8.3,53.0,1.712,51,31,0.0,99.0
NEG-ayodhya-2017-07-07,ayodhya,,2017-07-07,0,21.63333,86.6,0,10.600000000000001,41.10000000000001,135.49999999999997,21.34,2.1,18.2,51.24,56.9,53.0,1.712,46,30,0.0,89.0
NEG-ayodhya-2022-04-16,ayodhya,,2022-04-16,0,21.63333,86.6,0,1.7000000000000002,1.7000000000000002,1.7000000000000002,49.39,0.0,0.0,5.75,68.6,53.0,1.712,55,33,0.0,606.0
NEG-ayodhya-2015-10-09,ayodhya,,2015-10-09,0,21.63333,86.6,0,9.8,31.900000000000006,34.70000000000001,23.5,0.0,0.4,34.16,-17.6,53.0,1.712,42,28,0.0,421.0
NEG-ayodhya-2023-10-05,ayodhya,,2023-10-05,0,21.63333,86.6,0,41.6,70.1,121.69999999999999,19.71,3.6,1.4,120.34,143.9,53.0,1.712,57,34,0.0,359.0
NEG-azamgarh-2022-04-23,azamgarh,,2022-04-23,0,26.06832,83.18358,0,0.1,1.1,1.1,52.08,0.0,0.0,10.07,-3.2,81.0,0.27,51,34,0.0,613.0
NEG-azamgarh-2015-06-14,azamgarh,,2015-06-14,0,26.06832,83.18358,0,8.7,8.7,8.9,53.83,0.3,0.8,9.57,-1.2,81.0,0.27,43,30,0.0,304.0
NEG-azamgarh-2023-06-17,azamgarh,,2023-06-17,0,26.06832,83.18358,0,0.0,0.0,0.2,69.71000000000001,0.0,0.0,9.5,-5.8,81.0,0.27,52,35,0.0,358.0
NEG-azamgarh-2015-05-08,azamgarh,,2015-05-08,0,26.06832,83.18358,0,1.1,2.4000000000000004,5.6,52.39,0.4,1.2,9.52,0.5,81.0,0.27,43,30,0.0,267.0
NEG-azamgarh-2017-10-09,azamgarh,,2017-10-09,0,26.06832,83.18358,0,4.199999999999999,5.8999999999999995,16.3,25.39,0.3,0.2,29.34,-39.6,81.0,0.27,47,32,0.0,183.0
NEG-azamgarh-2017-03-27,azamgarh,,2017-03-27,0,26.06832,83.18358,0,0.0,0.0,1.0,42.0,0.0,0.0,7.43,-4.1,81.0,0.27,46,31,0.0,223.0
NEG-azamgarh-2015-03-25,azamgarh,,2015-03-25,0,26.06832,83.18358,0,0.0,0.0,13.899999999999999,40.82,0.0,4.1,8.46,-8.8,81.0,0.27,43,30,0.0,223.0
NEG-azamgarh-2021-12-19,azamgarh,,2021-12-19,0,26.06832,83.18358,0,0.0,0.0,0.0,19.08,0.0,0.0,16.66,-2.9,81.0,0.27,51,34,0.0,488.0
NEG-azamgarh-2016-09-16,azamgarh,,2016-09-16,0,26.06832,83.18358,0,20.7,50.099999999999994,106.39999999999999,21.77,8.3,5.6,108.14,-13.0,81.0,0.27,46,31,0.0,31.0
NEG-azamgarh-2017-09-04,azamgarh,,2017-09-04,0,26.06832,83.18358,0,25.000000000000004,53.5,146.8,26.42,0.8,0.9,137.36,-3.0,81.0,0.27,47,32,0.0,148.0
NEG-azamgarh-2016-06-01,azamgarh,,2016-06-01,0,26.06832,83.18358,0,8.3,12.6,23.599999999999998,43.7,0.2,0.1,10.61,9.5,81.0,0.27,43,30,0.0,657.0
NEG-azamgarh-2020-04-23,azamgarh,,2020-04-23,0,26.06832,83.18358,0,3.7,7.200000000000001,7.300000000000001,40.120000000000005,0.8,2.3,12.06,-2.0,81.0,0.27,49,33,0.0,592.0
NEG-azamgarh-2022-07-05,azamgarh,,2022-07-05,0,26.06832,83.18358,0,19.0,105.60000000000001,135.79999999999998,24.6,0.8,0.8,33.28,165.2,81.0,0.27,52,35,0.0,11.0
NEG-azamgarh-2016-04-13,azamgarh,,2016-04-13,0,26.06832,83.18358,0,0.0,0.9,1.0,63.849999999999994,0.0,0.0,8.98,2.6,81.0,0.27,43,30,0.0,608.0
NEG-azamgarh-2021-04-29,azamgarh,,2021-04-29,0,26.06832,83.18358,0,0.0,0.2,1.4000000000000001,50.66,0.5,0.0,9.5,0.3,81.0,0.27,51,34,0.0,254.0
NEG-azamgarh-2017-06-11,azamgarh,,2017-06-11,0,26.06832,83.18358,0,3.0999999999999996,7.6,17.5,43.79,2.2,0.0,10.12,-5.6,81.0,0.27,47,32,0.0,63.0
NEG-azamgarh-2020-03-19,azamgarh,,2020-03-19,0,26.06832,83.18358,0,0.0,61.1,67.5,25.11,0.0,1.2,15.11,-4.8,81.0,0.27,49,33,0.0,557.0
NEG-azamgarh-2022-11-05,azamgarh,,2022-11-05,0,26.06832,83.18358,0,0.0,0.0,0.0,23.85,0.0,0.0,33.51,-47.4,81.0,0.27,52,35,0.0,134.0
NEG-azamgarh-2017-11-15,azamgarh,,2017-11-15,0,26.06832,83.18358,0,0.0,0.0,0.0,22.7,0.0,0.0,23.1,26.4,81.0,0.27,47,32,0.0,220.0
NEG-azamgarh-2023-08-08,azamgarh,,2023-08-08,0,26.06832,83.18358,0,31.0,82.69999999999999,109.6,27.56,29.4,70.9,64.46,32.2,81.0,0.27,52,35,0.0,410.0
NEG-azamgarh-2019-02-19,azamgarh,,2019-02-19,0,26.06832,83.18358,0,2.0,5.7,10.7,19.03,0.0,0.0,9.52,-3.0,81.0,0.27,49,33,0.0,163.0
NEG-azamgarh-2016-11-18,azamgarh,,2016-11-18,0,26.06832,83.18358,0,0.0,0.0,0.0,26.64,0.0,0.0,23.1,-2.6,81.0,0.27,46,31,0.0,94.0
NEG-azamgarh-2021-10-17,azamgarh,,2021-10-17,0,26.06832,83.18358,0,0.7,0.7999999999999999,13.399999999999999,26.72,16.4,11.8,58.7,-42.2,81.0,0.27,51,34,0.0,425.0
NEG-azamgarh-2021-10-23,azamgarh,,2021-10-23,0,26.06832,83.18358,0,0.0,42.7,42.900000000000006,22.08,5.6,0.5,47.98,-24.0,81.0,0.27,51,34,0.0,431.0
NEG-azamgarh-2023-05-22,azamgarh,,2023-05-22,0,26.06832,83.18358,0,0.0,0.0,0.0,50.22,0.1,5.8,10.12,-4.2,81.0,0.27,52,35,0.0,332.0
NEG-azamgarh-2023-01-21,azamgarh,,2023-01-21,0,26.06832,83.18358,0,0.0,0.0,0.0,16.369999999999997,0.4,0.0,12.52,-2.2,81.0,0.27,52,35,0.0,211.0
NEG-azamgarh-2016-04-14,azamgarh,,2016-04-14,0,26.06832,83.18358,0,0.0,0.9,1.0,65.65,0.0,0.0,9.0,1.0,81.0,0.27,43,30,0.0,609.0
NEG-bageshwar-2023-09-21,bageshwar,,2023-09-21,0,29.83738,79.77161,0,24.299999999999997,60.99999999999999,146.6,26.72,3.7,2.2,1.69,-12.9,885.0,14.865,11,8,0.0,705.0
NEG-bageshwar-2016-11-01,bageshwar,,2016-11-01,0,29.83738,79.77161,0,2.8,3.0999999999999996,4.1,21.53,0.0,0.0,0.26,-16.1,885.0,14.865,9,6,0.0,2267.0
NEG-bageshwar-2018-06-28,bageshwar,,2018-06-28,0,29.83738,79.77161,0,61.300000000000004,63.5,87.5,36.11,18.1,8.8,0.25,13.6,885.0,14.865,9,6,0.0,2871.0
NEG-bageshwar-2016-03-18,bageshwar,,2016-03-18,0,29.83738,79.77161,0,1.1,28.0,42.00000000000001,22.04,0.4,0.3,0.25,8.7,885.0,14.865,9,6,0.0,2039.0
NEG-bageshwar-2021-06-28,bageshwar,,2021-06-28,0,29.83738,79.77161,0,9.9,46.60000000000001,190.79999999999995,34.36,1.2,0.7,1.62,-21.4,885.0,14.865,10,7,0.0,568.0
NEG-bageshwar-2015-04-16,bageshwar,,2015-04-16,0,29.83738,79.77161,0,27.1,29.6,76.7,28.04,0.1,0.0,0.37,0.0,885.0,14.865,9,6,0.0,1702.0
NEG-baghpat-2018-07-01,baghpat,,2018-07-01,0,28.94485,77.21865,0,25.4,51.00000000000001,52.30000000000001,36.510000000000005,11.4,0.9,0.09,200.0,228.0,1.171,25,16,0.0,713.0
NEG-baghpat-2021-06-16,baghpat,,2021-06-16,0,28.94485,77.21865,0,7.4,8.2,9.1,42.239999999999995,0.6,0.2,0.06,100.0,228.0,1.171,25,16,0.0,1794.0
NEG-baghpat-2022-08-06,baghpat,,2022-08-06,0,28.94485,77.21865,0,12.7,42.7,92.79999999999998,26.55,29.1,0.0,0.26,-13.3,228.0,1.171,26,17,0.0,370.0
NEG-baghpat-2019-03-18,baghpat,,2019-03-18,0,28.94485,77.21865,0,0.0,1.5,1.8,27.060000000000002,0.0,0.7,0.03,0.0,228.0,1.171,25,16,0.0,973.0
NEG-baghpat-2019-06-13,baghpat,,2019-06-13,0,28.94485,77.21865,0,0.0,0.0,0.0,48.089999999999996,0.0,0.0,0.03,0.0,228.0,1.171,25,16,0.0,1060.0
NEG-baghpat-2023-01-07,baghpat,,2023-01-07,0,28.94485,77.21865,0,0.0,0.0,0.0,11.819999999999999,0.0,0.0,0.03,0.0,228.0,1.171,27,18,0.0,108.0
NEG-baghpat-2017-03-23,baghpat,,2017-03-23,0,28.94485,77.21865,0,0.0,0.30000000000000004,11.899999999999999,36.559999999999995,0.0,0.0,0.03,0.0,228.0,1.171,25,16,0.0,248.0
NEG-baghpat-2015-11-08,baghpat,,2015-11-08,0,28.94485,77.21865,0,1.7000000000000002,1.7000000000000002,3.5,22.48,0.0,0.2,0.03,0.0,228.0,1.171,24,15,0.0,11.0
NEG-baghpat-2021-08-22,baghpat,,2021-08-22,0,28.94485,77.21865,0,23.1,23.1,30.900000000000002,30.8,9.5,3.9,0.06,-25.0,228.0,1.171,26,17,0.0,21.0
NEG-baghpat-2022-01-13,baghpat,,2022-01-13,0,28.94485,77.21865,0,0.0,36.8,48.5,10.24,0.0,0.0,0.06,0.0,228.0,1.171,26,17,0.0,165.0
NEG-baghpat-2017-09-21,baghpat,,2017-09-21,0,28.94485,77.21865,0,0.0,0.0,7.1000000000000005,30.479999999999997,46.5,86.7,0.04,0.0,228.0,1.171,25,16,0.0,430.0
NEG-baghpat-2016-02-22,baghpat,,2016-02-22,0,28.94485,77.21865,0,8.7,8.7,11.7,24.319999999999997,0.0,0.0,0.03,0.0,228.0,1.171,24,15,0.0,117.0
NEG-baghpat-2022-10-26,baghpat,,2022-10-26,0,28.94485,77.21865,0,0.0,0.0,0.0,25.38,0.0,0.0,0.04,-33.3,228.0,1.171,27,18,0.0,35.0
NEG-baghpat-2023-08-31,baghpat,,2023-08-31,0,28.94485,77.21865,0,1.0,1.5,36.89999999999999,38.85,0.0,0.0,0.04,-55.6,228.0,1.171,28,19,0.0,46.0
NEG-baghpat-2018-05-20,baghpat,,2018-05-20,0,28.94485,77.21865,0,0.0,6.3999999999999995,13.799999999999999,42.82,0.0,0.0,0.03,0.0,228.0,1.171,25,16,0.0,671.0
NEG-bahraich-2022-09-03,bahraich,,2022-09-03,0,27.57429,81.59474,0,48.099999999999994,113.89999999999998,166.70000000000002,20.36,1.4,3.0,0.8,-1.2,128.0,0.27,72,38,0.0,746.0
NEG-bahraich-2021-09-25,bahraich,,2021-09-25,0,27.57429,81.59474,0,12.0,24.0,235.7,24.080000000000002,0.2,1.2,1.7,-38.8,128.0,0.27,72,38,0.0,403.0
NEG-bahraich-2016-05-10,bahraich,,2016-05-10,0,27.57429,81.59474,0,1.7,5.4,6.6000000000000005,47.47,2.7,2.5,0.44,7.3,128.0,0.27,55,33,0.0,635.0
NEG-bahraich-2023-12-06,bahraich,,2023-12-06,0,27.57429,81.59474,0,4.9,4.9,4.9,13.86,0.0,0.0,0.34,-5.6,128.0,0.27,72,38,0.0,1205.0
NEG-bahraich-2021-05-07,bahraich,,2021-05-07,0,27.57429,81.59474,0,1.2000000000000002,3.1,3.9000000000000004,46.09,0.0,0.0,0.41,0.0,128.0,0.27,72,38,0.0,262.0
NEG-bahraich-2023-10-11,bahraich,,2023-10-11,0,27.57429,81.59474,0,0.0,6.8,34.50000000000001,27.04,0.0,0.0,0.49,-34.7,128.0,0.27,72,38,0.0,1149.0
NEG-bahraich-2015-06-18,bahraich,,2015-06-18,0,27.57429,81.59474,0,6.6000000000000005,15.899999999999999,16.099999999999998,43.540000000000006,1.2,0.0,0.44,7.3,128.0,0.27,55,33,0.0,308.0
NEG-bahraich-2018-11-23,bahraich,,2018-11-23,0,27.57429,81.59474,0,0.0,0.0,0.0,20.900000000000002,0.0,0.0,0.36,2.9,128.0,0.27,68,36,0.0,88.0
NEG-bahraich-2020-12-22,bahraich,,2020-12-22,0,27.57429,81.59474,0,0.0,0.0,0.0,14.429999999999998,0.0,0.0,0.31,-3.1,128.0,0.27,72,38,0.0,126.0
NEG-bahraich-2019-10-21,bahraich,,2019-10-21,0,27.57429,81.59474,0,0.5,0.8999999999999999,2.7,22.03,0.0,0.0,0.82,-29.9,128.0,0.27,70,37,0.0,241.0
NEG-bahraich-2022-06-02,bahraich,,2022-06-02,0,27.57429,81.59474,0,0.2,18.4,48.1,39.87,0.0,0.0,0.44,-12.0,128.0,0.27,72,38,0.0,653.0
NEG-bahraich-2015-10-10,bahraich,,2015-10-10,0,27.57429,81.59474,0,0.0,0.0,0.0,33.23,0.5,2.8,0.36,-2.7,128.0,0.27,55,33,0.0,422.0
NEG-bahraich-2020-09-03,bahraich,,2020-09-03,0,27.57429,81.59474,0,9.7,18.6,48.8,30.070000000000004,0.5,0.8,0.94,-25.4,128.0,0.27,72,38,0.0,16.0
NEG-bahraich-2022-04-06,bahraich,,2022-04-06,0,27.57429,81.59474,0,0.0,0.0,0.0,44.54,0.0,0.0,0.41,10.8,128.0,0.27,72,38,0.0,596.0
NEG-bahraich-2018-10-29,bahraich,,2018-10-29,0,27.57429,81.59474,0,0.0,0.0,0.0,27.119999999999997,0.0,0.0,0.37,0.0,128.0,0.27,68,36,0.0,63.0
NEG-bahraich-2015-02-21,bahraich,,2015-02-21,0,27.57429,81.59474,0,0.7,0.7,0.7,24.26,0.0,0.0,0.34,0.0,128.0,0.27,55,33,0.0,191.0
NEG-bahraich-2019-09-17,bahraich,,2019-09-17,0,27.57429,81.59474,0,40.5,126.10000000000001,140.8,21.92,27.9,13.8,1.42,31.5,128.0,0.27,70,37,0.0,207.0
NEG-bahraich-2020-06-30,bahraich,,2020-06-30,0,27.57429,81.59474,0,31.4,74.3,208.0,23.009999999999998,0.9,0.8,1.97,-19.3,128.0,0.27,70,37,0.0,494.0
NEG-bahraich-2016-03-08,bahraich,,2016-03-08,0,27.57429,81.59474,0,2.7,2.7,2.7,35.56,0.0,0.0,0.36,5.9,128.0,0.27,55,33,0.0,572.0
NEG-bahraich-2019-11-11,bahraich,,2019-11-11,0,27.57429,81.59474,0,0.1,0.30000000000000004,0.30000000000000004,21.34,0.0,0.0,0.37,-2.6,128.0,0.27,70,37,0.0,262.0
NEG-bahraich-2022-02-16,bahraich,,2022-02-16,0,27.57429,81.59474,0,0.0,5.0,34.800000000000004,18.029999999999998,0.0,0.0,0.37,-9.8,128.0,0.27,72,38,0.0,547.0
NEG-bahraich-2020-02-27,bahraich,,2020-02-27,0,27.57429,81.59474,0,18.9,26.9,26.9,21.53,0.0,0.0,0.5,35.1,128.0,0.27,70,37,0.0,370.0
NEG-bahraich-2022-12-07,bahraich,,2022-12-07,0,27.57429,81.59474,0,0.0,0.0,0.0,17.23,0.0,0.0,0.32,-13.5,128.0,0.27,72,38,0.0,841.0
NEG-bahraich-2016-09-18,bahraich,,2016-09-18,0,27.57429,81.59474,0,19.1,46.7,60.699999999999996,22.21,3.0,4.3,0.72,7.5,128.0,0.27,58,34,0.0,33.0
NEG-bahraich-2019-11-19,bahraich,,2019-11-19,0,27.57429,81.59474,0,0.0,0.0,0.30000000000000004,19.56,0.0,0.0,0.37,0.0,128.0,0.27,70,37,0.0,270.0
NEG-bahraich-2016-12-22,bahraich,,2016-12-22,0,27.57429,81.59474,0,0.0,0.0,0.0,17.86,0.0,0.0,0.3,0.0,128.0,0.27,58,34,0.0,128.0
NEG-bahraich-2023-03-25,bahraich,,2023-03-25,0,27.57429,81.59474,0,0.0,25.9,27.599999999999998,28.439999999999998,0.0,0.0,0.41,-12.8,128.0,0.27,72,38,0.0,949.0
NEG-bahraich-2020-11-07,bahraich,,2020-11-07,0,27.57429,81.59474,0,0.0,0.0,0.0,26.180000000000003,0.0,0.0,0.37,0.0,128.0,0.27,72,38,0.0,81.0
NEG-bahraich-2022-04-18,bahraich,,2022-04-18,0,27.57429,81.59474,0,0.0,0.1,0.1,50.690000000000005,0.3,0.0,0.41,0.0,128.0,0.27,72,38,0.0,608.0
NEG-bahraich-2018-01-11,bahraich,,2018-01-11,0,27.57429,81.59474,0,0.0,0.1,0.2,13.7,0.1,0.0,0.31,0.0,128.0,0.27,61,35,0.0,65.0
NEG-bahraich-2021-11-27,bahraich,,2021-11-27,0,27.57429,81.59474,0,0.0,0.0,0.1,17.479999999999997,0.0,0.0,0.36,-2.7,128.0,0.27,72,38,0.0,466.0
NEG-bahraich-2021-01-13,bahraich,,2021-01-13,0,27.57429,81.59474,0,0.0,0.0,0.0,18.049999999999997,0.0,0.0,0.33,0.0,128.0,0.27,72,38,0.0,148.0
NEG-bahraich-2023-09-08,bahraich,,2023-09-08,0,27.57429,81.59474,0,0.4,0.5,23.7,29.88,10.3,19.2,0.68,-28.4,128.0,0.27,72,38,0.0,1116.0
NEG-bahraich-2020-06-03,bahraich,,2020-06-03,0,27.57429,81.59474,0,26.6,26.700000000000003,26.700000000000003,41.940000000000005,8.6,26.1,0.53,20.5,128.0,0.27,70,37,0.0,467.0
NEG-bahraich-2020-03-19,bahraich,,2020-03-19,0,27.57429,81.59474,0,0.0,16.1,52.800000000000004,27.14,0.0,9.8,0.41,-22.6,128.0,0.27,70,37,0.0,391.0
NEG-bahraich-2019-11-20,bahraich,,2019-11-20,0,27.57429,81.59474,0,0.0,0.0,0.30000000000000004,19.049999999999997,0.0,0.0,0.36,-2.7,128.0,0.27,70,37,0.0,271.0
NEG-bahraich-2023-03-14,bahraich,,2023-03-14,0,27.57429,81.59474,0,0.0,2.3,2.3,34.44,0.0,0.0,0.37,0.0,128.0,0.27,72,38,0.0,938.0
NEG-bahraich-2021-08-23,bahraich,,2021-08-23,0,27.57429,81.59474,0,24.5,42.7,138.2,24.84,30.9,11.6,1.72,87.0,128.0,0.27,72,38,0.0,370.0
NEG-bahraich-2018-01-04,bahraich,,2018-01-04,0,27.57429,81.59474,0,0.0,0.1,0.1,13.97,0.1,0.0,0.31,0.0,128.0,0.27,61,35,0.0,58.0
NEG-bahraich-2018-08-13,bahraich,,2018-08-13,0,27.57429,81.59474,0,76.30000000000001,81.80000000000001,270.5,26.980000000000004,2.4,9.5,2.45,-3.9,128.0,0.27,66,36,0.0,13.0
NEG-bahraich-2017-10-02,bahraich,,2017-10-02,0,27.57429,81.59474,0,0.7,3.3000000000000003,98.1,25.730000000000004,1.1,0.3,0.43,-36.8,128.0,0.27,60,35,0.0,49.0
NEG-bahraich-2015-12-21,bahraich,,2015-12-21,0,27.57429,81.59474,0,0.0,0.0,0.9,17.93,0.0,0.0,0.31,0.0,128.0,0.27,55,33,0.0,494.0
NEG-bahraich-2020-01-21,bahraich,,2020-01-21,0,27.57429,81.59474,0,0.3,40.5,52.3,11.399999999999999,0.0,0.0,0.41,20.6,128.0,0.27,70,37,0.0,333.0
NEG-bahraich-2017-09-25,bahraich,,2017-09-25,0,27.57429,81.59474,0,64.79999999999998,94.79999999999998,100.89999999999999,22.82,0.0,0.6,0.68,13.3,128.0,0.27,60,35,0.0,42.0
NEG-bahraich-2023-06-01,bahraich,,2023-06-01,0,27.57429,81.59474,0,1.9,17.5,17.5,35.51,0.0,0.0,0.44,-30.2,128.0,0.27,72,38,0.0,1017.0
NEG-bahraich-2020-03-18,bahraich,,2020-03-18,0,27.57429,81.59474,0,0.2,16.1,52.800000000000004,26.09,0.0,0.0,0.41,-6.8,128.0,0.27,70,37,0.0,390.0
NEG-bahraich-2021-05-23,bahraich,,2021-05-23,0,27.57429,81.59474,0,55.1,89.69999999999999,109.69999999999999,27.299999999999997,0.0,0.0,0.56,12.0,128.0,0.27,72,38,0.0,278.0
NEG-bahraich-2021-11-04,bahraich,,2021-11-04,0,27.57429,81.59474,0,0.0,0.0,0.0,21.889999999999997,0.0,0.0,0.37,-7.5,128.0,0.27,72,38,0.0,443.0
NEG-bahraich-2022-06-29,bahraich,,2022-06-29,0,27.57429,81.59474,0,10.0,35.3,40.9,36.03999999999999,16.0,0.5,3.19,578.7,128.0,0.27,72,38,0.0,680.0
NEG-bahraich-2019-04-02,bahraich,,2019-04-02,0,27.57429,81.59474,0,0.0,0.1,0.2,38.739999999999995,0.0,0.0,0.41,10.8,128.0,0.27,70,37,0.0,39.0
NEG-bahraich-2018-10-09,bahraich,,2018-10-09,0,27.57429,81.59474,0,0.0,0.4,4.0,30.75,0.0,0.0,0.37,-17.8,128.0,0.27,68,36,0.0,43.0
NEG-baksa-2015-04-28,baksa,,2015-04-28,0,28.7643,78.00321,0,4.2,4.8,6.0,50.15,0.0,0.0,0.12,0.0,217.0,0.541,24,17,0.0,68.0
NEG-baksa-2020-07-17,baksa,,2020-07-17,0,28.7643,78.00321,0,13.5,28.200000000000003,62.8,33.55,7.4,14.2,0.25,0.0,217.0,0.541,32,20,0.0,191.0
NEG-baksa-2018-08-24,baksa,,2018-08-24,0,28.7643,78.00321,0,14.1,35.599999999999994,67.5,25.340000000000003,3.9,9.8,0.75,50.0,217.0,0.541,29,18,0.0,796.0
NEG-baksa-2017-01-14,baksa,,2017-01-14,0,28.7643,78.00321,0,0.0,34.0,49.0,16.29,0.7,0.2,0.12,-66.7,217.0,0.541,29,18,0.0,209.0
NEG-baksa-2020-06-20,baksa,,2020-06-20,0,28.7643,78.00321,0,0.5,4.0,6.4,43.39,2.8,0.9,0.12,0.0,217.0,0.541,32,20,0.0,164.0
NEG-baksa-2017-05-18,baksa,,2017-05-18,0,28.7643,78.00321,0,2.4000000000000004,4.0,7.4,51.96999999999999,0.1,0.0,0.12,0.0,217.0,0.541,29,18,0.0,333.0
NEG-baksa-2018-12-24,baksa,,2018-12-24,0,28.7643,78.00321,0,0.0,0.0,1.4,15.34,0.0,0.0,0.11,0.0,217.0,0.541,29,18,0.0,918.0
NEG-baksa-2023-12-12,baksa,,2023-12-12,0,28.7643,78.00321,0,0.0,0.0,9.0,16.889999999999997,0.0,0.0,0.11,0.0,217.0,0.541,139,22,0.0,107.0
NEG-baksa-2017-11-24,baksa,,2017-11-24,0,28.7643,78.00321,0,0.0,0.2,0.2,22.500000000000004,0.0,0.0,0.11,-15.4,217.0,0.541,29,18,0.0,523.0
NEG-baksa-2018-10-26,baksa,,2018-10-26,0,28.7643,78.00321,0,0.0,0.0,0.1,27.650000000000006,0.0,0.0,0.12,-7.7,217.0,0.541,29,18,0.0,859.0
NEG-baksa-2018-02-19,baksa,,2018-02-19,0,28.7643,78.00321,0,0.0,1.1,2.4000000000000004,22.58,0.0,0.0,0.12,-25.0,217.0,0.541,29,18,0.0,610.0
NEG-baksa-2021-09-07,baksa,,2021-09-07,0,28.7643,78.00321,0,6.8,28.900000000000002,46.199999999999996,25.450000000000003,1.9,3.6,0.2,-13.0,217.0,0.541,32,20,0.0,608.0
NEG-baksa-2022-11-12,baksa,,2022-11-12,0,28.7643,78.00321,0,3.9,4.2,4.2,19.59,0.0,0.0,0.13,-13.3,217.0,0.541,117,21,0.0,116.0
NEG-baksa-2018-02-05,baksa,,2018-02-05,0,28.7643,78.00321,0,0.0,0.0,11.8,23.74,0.0,0.0,0.12,33.3,217.0,0.541,29,18,0.0,596.0
NEG-baksa-2021-03-26,baksa,,2021-03-26,0,28.7643,78.00321,0,0.1,0.30000000000000004,0.30000000000000004,39.08,0.0,0.0,0.12,0.0,217.0,0.541,32,20,0.0,443.0
NEG-baksa-2020-10-17,baksa,,2020-10-17,0,28.7643,78.00321,0,0.2,0.2,0.2,29.34,0.0,0.0,0.12,0.0,217.0,0.541,32,20,0.0,283.0
NEG-baksa-2017-02-21,baksa,,2017-02-21,0,28.7643,78.00321,0,0.4,0.4,0.4,25.49,0.0,0.0,0.12,0.0,217.0,0.541,29,18,0.0,247.0
NEG-baksa-2015-12-17,baksa,,2015-12-17,0,28.7643,78.00321,0,0.0,0.5,0.5,17.21,0.0,0.0,0.1,0.0,217.0,0.541,28,17,0.0,107.0
NEG-baksa-2017-09-15,baksa,,2017-09-15,0,28.7643,78.00321,0,0.1,1.7000000000000002,34.0,31.36,0.0,0.0,0.19,-71.2,217.0,0.541,29,18,0.0,453.0
NEG-baksa-2023-01-28,baksa,,2023-01-28,0,28.7643,78.00321,0,2.5,4.0,4.0,16.47,2.6,26.4,0.11,0.0,217.0,0.541,117,21,0.0,193.0
NEG-baksa-2019-07-23,baksa,,2019-07-23,0,28.7643,78.00321,0,14.600000000000001,87.5,134.70000000000002,24.35,27.2,19.4,0.39,5.4,217.0,0.541,29,18,0.0,1129.0
NEG-baksa-2020-06-24,baksa,,2020-06-24,0,28.7643,78.00321,0,6.1,6.699999999999999,10.2,41.05,0.7,1.3,0.16,33.3,217.0,0.541,32,20,0.0,168.0
NEG-baksa-2021-03-24,baksa,,2021-03-24,0,28.7643,78.00321,0,0.30000000000000004,0.30000000000000004,0.5,36.839999999999996,0.0,0.0,0.12,0.0,217.0,0.541,32,20,0.0,441.0
NEG-baksa-2017-09-11,baksa,,2017-09-11,0,28.7643,78.00321,0,0.7999999999999999,8.7,68.89999999999999,29.39,0.0,0.0,0.41,-53.4,217.0,0.541,29,18,0.0,449.0
NEG-baksa-2022-09-29,baksa,,2022-09-29,0,28.7643,78.00321,0,0.7,120.39999999999999,167.9,19.73,0.0,0.0,0.92,124.4,217.0,0.541,117,21,0.0,72.0
NEG-baksa-2020-05-04,baksa,,2020-05-04,0,28.7643,78.00321,0,17.4,24.599999999999998,30.9,35.51,0.3,0.0,0.16,-27.3,217.0,0.541,32,20,0.0,117.0
NEG-baksa-2022-03-30,baksa,,2022-03-30,0,28.7643,78.00321,0,0.0,0.0,0.0,49.480000000000004,0.0,0.0,0.12,0.0,217.0,0.541,32,20,0.0,812.0
NEG-baksa-2022-12-25,baksa,,2022-12-25,0,28.7643,78.00321,0,0.0,0.0,0.0,15.07,0.0,0.0,0.11,0.0,217.0,0.541,117,21,0.0,159.0
NEG-baksa-2020-07-03,baksa,,2020-07-03,0,28.7643,78.00321,0,1.5,6.0,17.5,40.45,1.1,1.9,0.12,-25.0,217.0,0.541,32,20,0.0,177.0
NEG-baksa-2023-11-22,baksa,,2023-11-22,0,28.7643,78.00321,0,0.0,0.0,11.0,18.61,0.0,0.0,0.12,-7.7,217.0,0.541,139,22,0.0,87.0
NEG-baksa-2015-03-12,baksa,,2015-03-12,0,28.7643,78.00321,0,8.1,16.9,84.89999999999999,27.200000000000003,0.8,0.6,0.16,-27.3,217.0,0.541,24,17,0.0,21.0
NEG-baksa-2016-01-17,baksa,,2016-01-17,0,28.7643,78.00321,0,0.0,0.2,1.2,17.569999999999997,0.0,0.0,0.09,0.0,217.0,0.541,28,17,0.0,138.0
NEG-baksa-2018-04-20,baksa,,2018-04-20,0,28.7643,78.00321,0,0.0,2.2,25.2,51.45,0.0,0.0,0.12,0.0,217.0,0.541,29,18,0.0,670.0
NEG-baksa-2017-06-26,baksa,,2017-06-26,0,28.7643,78.00321,0,0.8,12.3,15.900000000000002,37.34,8.9,33.9,0.16,0.0,217.0,0.541,29,18,0.0,372.0
NEG-baksa-2019-07-15,baksa,,2019-07-15,0,28.7643,78.00321,0,4.3,41.70000000000001,54.300000000000004,31.89,47.4,9.3,0.26,18.2,217.0,0.541,29,18,0.0,1121.0
NEG-baksa-2022-10-04,baksa,,2022-10-04,0,28.7643,78.00321,0,0.0,0.1,133.6,29.17,1.4,0.3,0.48,-61.0,217.0,0.541,117,21,0.0,77.0
NEG-baksa-2017-09-23,baksa,,2017-09-23,0,28.7643,78.00321,0,185.79999999999998,187.1,188.1,25.039999999999996,1.2,0.0,12.24,6342.1,217.0,0.541,29,18,0.0,461.0
NEG-baksa-2018-06-08,baksa,,2018-06-08,0,28.7643,78.00321,0,4.3,7.7,16.5,45.650000000000006,7.1,1.4,0.16,33.3,217.0,0.541,29,18,0.0,719.0
NEG-baksa-2021-07-10,baksa,,2021-07-10,0,28.7643,78.00321,0,0.8,1.8,2.2,40.089999999999996,5.7,1.2,0.12,0.0,217.0,0.541,32,20,0.0,549.0
NEG-baksa-2019-02-20,baksa,,2019-02-20,0,28.7643,78.00321,0,0.9,17.799999999999997,65.2,16.61,0.0,0.7,0.16,0.0,217.0,0.541,29,18,0.0,976.0
NEG-baksa-2020-04-22,baksa,,2020-04-22,0,28.7643,78.00321,0,0.5,1.0,1.1,40.81,0.0,0.0,0.12,0.0,217.0,0.541,32,20,0.0,105.0
NEG-baksa-2021-03-17,baksa,,2021-03-17,0,28.7643,78.00321,0,0.0,0.2,0.2,33.21,0.0,0.0,0.12,0.0,217.0,0.541,32,20,0.0,434.0
NEG-baksa-2020-12-14,baksa,,2020-12-14,0,28.7643,78.00321,0,2.8,2.8,2.8,16.65,0.0,0.0,0.11,0.0,217.0,0.541,32,20,0.0,341.0
NEG-baksa-2018-11-09,baksa,,2018-11-09,0,28.7643,78.00321,0,0.0,1.6,1.6,23.439999999999998,0.0,0.0,0.12,0.0,217.0,0.541,29,18,0.0,873.0
NEG-baksa-2023-05-14,baksa,,2023-05-14,0,28.7643,78.00321,0,0.0,0.0,32.800000000000004,46.79,0.0,0.0,0.16,-15.8,217.0,0.541,117,21,0.0,299.0
NEG-baksa-2021-03-04,baksa,,2021-03-04,0,28.7643,78.00321,0,0.0,0.0,0.0,34.7,0.0,0.0,0.12,0.0,217.0,0.541,32,20,0.0,421.0
NEG-baksa-2018-09-16,baksa,,2018-09-16,0,28.7643,78.00321,0,0.30000000000000004,5.7,78.69999999999999,29.309999999999995,0.0,0.0,0.44,-56.0,217.0,0.541,29,18,0.0,819.0
NEG-baksa-2018-12-12,baksa,,2018-12-12,0,28.7643,78.00321,0,0.5,0.5,0.5,16.68,0.1,0.0,0.11,0.0,217.0,0.541,29,18,0.0,906.0
NEG-baksa-2022-11-18,baksa,,2022-11-18,0,28.7643,78.00321,0,0.0,0.0,4.2,23.59,0.0,0.0,0.14,7.7,217.0,0.541,117,21,0.0,122.0
NEG-baksa-2020-02-02,baksa,,2020-02-02,0,28.7643,78.00321,0,0.1,13.499999999999998,13.499999999999998,15.14,0.0,0.0,0.14,16.7,217.0,0.541,32,20,0.0,25.0
NEG-baksa-2018-01-14,baksa,,2018-01-14,0,28.7643,78.00321,0,0.0,0.0,0.0,17.54,0.0,0.0,0.11,0.0,217.0,0.541,29,18,0.0,574.0
NEG-baksa-2018-06-09,baksa,,2018-06-09,0,28.7643,78.00321,0,4.3,4.3,16.5,44.959999999999994,1.4,0.0,0.16,33.3,217.0,0.541,29,18,0.0,720.0
NEG-baksa-2017-10-26,baksa,,2017-10-26,0,28.7643,78.00321,0,0.0,0.0,0.0,28.500000000000004,0.0,0.0,0.14,-12.5,217.0,0.541,29,18,0.0,494.0
NEG-baksa-2017-08-02,baksa,,2017-08-02,0,28.7643,78.00321,0,23.799999999999997,30.799999999999997,72.20000000000002,22.96,3.3,8.1,3.3,1400.0,217.0,0.541,29,18,0.0,409.0
NEG-baksa-2016-05-09,baksa,,2016-05-09,0,28.7643,78.00321,0,2.3,5.8999999999999995,5.8999999999999995,45.03,0.4,0.0,0.12,0.0,217.0,0.541,28,17,0.0,251.0
NEG-baksa-2023-02-02,baksa,,2023-02-02,0,28.7643,78.00321,0,26.4,29.5,33.0,14.690000000000001,0.0,0.0,0.12,9.1,217.0,0.541,117,21,0.0,198.0
NEG-baksa-2017-02-27,baksa,,2017-02-27,0,28.7643,78.00321,0,0.0,0.30000000000000004,0.5,34.92,0.0,1.4,0.12,0.0,217.0,0.541,29,18,0.0,253.0
NEG-baksa-2018-07-16,baksa,,2018-07-16,0,28.7643,78.00321,0,19.5,35.4,54.7,28.16,4.6,3.9,0.31,121.4,217.0,0.541,29,18,0.0,757.0
NEG-baksa-2016-05-04,baksa,,2016-05-04,0,28.7643,78.00321,0,0.4,0.4,0.4,54.800000000000004,0.8,0.0,0.12,0.0,217.0,0.541,28,17,0.0,246.0
NEG-baksa-2023-05-01,baksa,,2023-05-01,0,28.7643,78.00321,0,2.3,2.5999999999999996,2.6999999999999997,36.69,8.3,15.4,0.25,108.3,217.0,0.541,117,21,0.0,286.0
NEG-baksa-2021-01-03,baksa,,2021-01-03,0,28.7643,78.00321,0,0.4,1.9,1.9,14.52,3.2,1.0,0.12,9.1,217.0,0.541,32,20,0.0,361.0
NEG-baksa-2023-07-19,baksa,,2023-07-19,0,28.7643,78.00321,0,34.9,80.60000000000001,198.4,26.44,0.1,2.0,0.87,38.1,217.0,0.541,138,22,0.0,14.0
NEG-baksa-2022-09-27,baksa,,2022-09-27,0,28.7643,78.00321,0,46.4,133.5,176.70000000000002,18.31,0.1,0.0,1.23,434.8,217.0,0.541,117,21,0.0,70.0
NEG-baksa-2017-01-28,baksa,,2017-01-28,0,28.7643,78.00321,0,29.0,29.0,30.3,17.05,0.0,0.0,0.22,144.4,217.0,0.541,29,18,0.0,223.0
NEG-baksa-2017-02-23,baksa,,2017-02-23,0,28.7643,78.00321,0,0.30000000000000004,0.5,0.5,26.46,0.0,0.0,0.12,0.0,217.0,0.541,29,18,0.0,249.0
NEG-baksa-2017-06-05,baksa,,2017-06-05,0,28.7643,78.00321,0,0.0,6.6,11.899999999999999,50.9,0.0,0.2,0.12,0.0,217.0,0.541,29,18,0.0,351.0
NEG-baksa-2023-04-14,baksa,,2023-04-14,0,28.7643,78.00321,0,0.0,0.0,31.3,51.86000000000001,0.0,0.0,0.12,-25.0,217.0,0.541,117,21,0.0,269.0
NEG-baksa-2020-06-06,baksa,,2020-06-06,0,28.7643,78.00321,0,0.5,4.5,8.8,36.46,1.5,0.1,0.16,-27.3,217.0,0.541,32,20,0.0,150.0
NEG-baksa-2018-02-06,baksa,,2018-02-06,0,28.7643,78.00321,0,0.0,0.0,11.8,23.880000000000003,0.0,0.0,0.12,33.3,217.0,0.541,29,18,0.0,597.0
NEG-baksa-2023-02-15,baksa,,2023-02-15,0,28.7643,78.00321,0,0.0,0.0,0.0,28.95,0.0,0.0,0.12,0.0,217.0,0.541,117,21,0.0,211.0
NEG-baksa-2021-08-11,baksa,,2021-08-11,0,28.7643,78.00321,0,20.200000000000003,41.3,110.79999999999998,28.900000000000002,0.0,0.1,0.73,-30.5,217.0,0.541,32,20,0.0,581.0
NEG-baksa-2020-11-18,baksa,,2020-11-18,0,28.7643,78.00321,0,1.7000000000000002,1.7000000000000002,1.7000000000000002,20.97,0.0,0.0,0.14,16.7,217.0,0.541,32,20,0.0,315.0
NEG-baksa-2021-09-10,baksa,,2021-09-10,0,28.7643,78.00321,0,14.1,29.799999999999997,54.4,25.290000000000003,18.6,4.0,0.23,-28.1,217.0,0.541,32,20,0.0,611.0
NEG-baksa-2018-03-05,baksa,,2018-03-05,0,28.7643,78.00321,0,0.1,0.1,3.8000000000000003,30.56,0.0,0.0,0.12,0.0,217.0,0.541,29,18,0.0,624.0
NEG-baksa-2016-02-16,baksa,,2016-02-16,0,28.7643,78.00321,0,0.4,0.4,5.0,24.6,0.0,0.0,0.11,0.0,217.0,0.541,28,17,0.0,168.0
NEG-baksa-2017-03-06,baksa,,2017-03-06,0,28.7643,78.00321,0,0.0,1.4,1.7,33.519999999999996,0.0,2.9,0.12,0.0,217.0,0.541,29,18,0.0,260.0
NEG-baksa-2018-04-28,baksa,,2018-04-28,0,28.7643,78.00321,0,0.6,0.6,3.8000000000000003,53.64,3.5,2.5,0.12,0.0,217.0,0.541,29,18,0.0,678.0
NEG-baksa-2017-07-20,baksa,,2017-07-20,0,28.7643,78.00321,0,6.6,22.800000000000004,49.0,30.97,7.8,5.2,0.22,-15.4,217.0,0.541,29,18,0.0,396.0
NEG-baksa-2019-01-18,baksa,,2019-01-18,0,28.7643,78.00321,0,0.0,0.0,1.9,17.53,0.0,0.0,0.09,-25.0,217.0,0.541,29,18,0.0,943.0
NEG-baksa-2017-01-04,baksa,,2017-01-04,0,28.7643,78.00321,0,2.1,2.1,3.4,15.849999999999998,0.0,12.9,0.11,0.0,217.0,0.541,29,18,0.0,199.0
NEG-baksa-2018-05-23,baksa,,2018-05-23,0,28.7643,78.00321,0,0.0,0.7,6.7,49.25,0.7,0.0,0.12,0.0,217.0,0.541,29,18,0.0,703.0
NEG-baksa-2022-12-10,baksa,,2022-12-10,0,28.7643,78.00321,0,0.0,0.0,0.0,17.42,0.0,0.0,0.11,0.0,217.0,0.541,117,21,0.0,144.0
NEG-baksa-2020-12-27,baksa,,2020-12-27,0,28.7643,78.00321,0,0.0,0.0,0.0,15.639999999999999,1.1,0.0,0.11,0.0,217.0,0.541,32,20,0.0,354.0
NEG-baksa-2016-06-02,baksa,,2016-06-02,0,28.7643,78.00321,0,5.9,13.7,56.0,42.03,0.0,0.0,0.16,-27.3,217.0,0.541,28,17,0.0,275.0
NEG-baksa-2018-01-28,baksa,,2018-01-28,0,28.7643,78.00321,0,0.0,11.8,11.8,15.839999999999998,0.0,0.0,0.12,9.1,217.0,0.541,29,18,0.0,588.0
NEG-baksa-2015-08-12,baksa,,2015-08-12,0,28.7643,78.00321,0,26.200000000000003,76.60000000000001,94.60000000000001,16.81,1.4,12.1,0.52,26.8,217.0,0.541,26,17,0.0,29.0
NEG-baksa-2021-03-16,baksa,,2021-03-16,0,28.7643,78.00321,0,0.0,0.2,0.2,31.689999999999998,0.0,0.0,0.12,0.0,217.0,0.541,32,20,0.0,433.0
NEG-baksa-2018-04-11,baksa,,2018-04-11,0,28.7643,78.00321,0,1.1,11.600000000000001,13.000000000000002,36.37,0.0,0.0,0.12,0.0,217.0,0.541,29,18,0.0,661.0
NEG-baksa-2022-10-27,baksa,,2022-10-27,0,28.7643,78.00321,0,0.0,0.0,0.0,25.36,0.0,0.0,0.46,-60.3,217.0,0.541,117,21,0.0,100.0
NEG-baksa-2016-06-01,baksa,,2016-06-01,0,28.7643,78.00321,0,12.0,14.700000000000001,56.0,41.63,0.0,0.0,0.19,-32.1,217.0,0.541,28,17,0.0,274.0
NEG-baksa-2022-02-25,baksa,,2022-02-25,0,28.7643,78.00321,0,0.0,0.0,0.0,26.19,7.3,0.0,0.12,-14.3,217.0,0.541,32,20,0.0,779.0
NEG-baksa-2020-07-03,baksa,,2020-07-03,0,28.7643,78.00321,0,1.5,6.0,17.5,40.45,1.1,1.9,0.12,-25.0,217.0,0.541,32,20,0.0,177.0
NEG-baksa-2016-02-25,baksa,,2016-02-25,0,28.7643,78.00321,0,0.0,8.6,9.0,27.770000000000003,0.0,0.0,0.11,0.0,217.0,0.541,28,17,0.0,177.0
NEG-baksa-2021-06-09,baksa,,2021-06-09,0,28.7643,78.00321,0,0.1,0.7,2.0,40.12,0.0,4.2,0.12,0.0,217.0,0.541,32,20,0.0,518.0
NEG-baksa-2018-03-10,baksa,,2018-03-10,0,28.7643,78.00321,0,1.4,1.5,5.2,33.47,0.0,0.0,0.12,0.0,217.0,0.541,29,18,0.0,629.0
NEG-baksa-2020-04-06,baksa,,2020-04-06,0,28.7643,78.00321,0,0.0,0.0,1.7,42.93,0.0,0.0,0.12,0.0,217.0,0.541,32,20,0.0,89.0
NEG-baksa-2020-05-14,baksa,,2020-05-14,0,28.7643,78.00321,0,2.2,11.2,29.899999999999995,40.12,0.0,0.0,0.12,-25.0,217.0,0.541,32,20,0.0,127.0
NEG-baksa-2019-12-10,baksa,,2019-12-10,0,28.7643,78.00321,0,0.0,0.0,36.8,16.01,0.0,10.8,0.11,-8.3,217.0,0.541,30,19,0.0,64.0
NEG-baksa-2018-10-27,baksa,,2018-10-27,0,28.7643,78.00321,0,0.0,0.0,0.1,27.2,0.0,0.0,0.12,0.0,217.0,0.541,29,18,0.0,860.0
NEG-baksa-2017-01-25,baksa,,2017-01-25,0,28.7643,78.00321,0,0.0,0.0,1.2999999999999998,19.189999999999998,14.8,14.2,0.09,-25.0,217.0,0.541,29,18,0.0,220.0
NEG-baksa-2015-07-30,baksa,,2015-07-30,0,28.7643,78.00321,0,0.0,5.4,122.69999999999999,31.840000000000003,3.8,2.8,0.66,-52.2,217.0,0.541,26,17,0.0,16.0
NEG-baksa-2017-10-31,baksa,,2017-10-31,0,28.7643,78.00321,0,0.0,0.0,0.0,25.470000000000002,0.0,0.0,0.13,-7.1,217.0,0.541,29,18,0.0,499.0
NEG-baksa-2020-05-10,baksa,,2020-05-10,0,28.7643,78.00321,0,8.6,25.699999999999996,39.3,38.0,2.2,0.0,0.12,-25.0,217.0,0.541,32,20,0.0,123.0
NEG-baksa-2016-04-12,baksa,,2016-04-12,0,28.7643,78.00321,0,0.0,0.2,0.6000000000000001,47.35000000000001,0.0,0.0,0.12,0.0,217.0,0.541,28,17,0.0,224.0
NEG-baksa-2015-09-25,baksa,,2015-09-25,0,28.7643,78.00321,0,16.700000000000003,45.1,47.699999999999996,25.95,0.2,0.0,0.19,18.8,217.0,0.541,28,17,0.0,24.0
NEG-baksa-2019-06-30,baksa,,2019-06-30,0,28.7643,78.00321,0,0.0,6.1,6.1,46.18,0.0,0.0,0.12,0.0,217.0,0.541,29,18,0.0,1106.0
NEG-baksa-2020-07-07,baksa,,2020-07-07,0,28.7643,78.00321,0,5.4,10.200000000000001,21.9,36.19,5.3,9.6,0.16,14.3,217.0,0.541,32,20,0.0,181.0
NEG-baksa-2015-10-31,baksa,,2015-10-31,0,28.7643,78.00321,0,1.2,2.7,4.4,26.35,0.0,0.0,0.12,0.0,217.0,0.541,28,17,0.0,60.0
NEG-baksa-2021-06-21,baksa,,2021-06-21,0,28.7643,78.00321,0,12.5,18.2,27.5,31.32,0.0,0.0,0.19,18.8,217.0,0.541,32,20,0.0,530.0
NEG-baksa-2022-01-22,baksa,,2022-01-22,0,28.7643,78.00321,0,5.0,5.0,85.79999999999998,13.11,12.7,0.0,0.14,0.0,217.0,0.541,32,20,0.0,745.0
NEG-baksa-2022-09-12,baksa,,2022-09-12,0,28.7643,78.00321,0,8.9,9.0,12.2,35.91,6.0,2.9,0.13,-7.1,217.0,0.541,117,21,0.0,55.0
NEG-baksa-2015-08-08,baksa,,2015-08-08,0,28.7643,78.00321,0,15.3,28.699999999999996,37.099999999999994,23.2,5.7,6.7,0.55,0.0,217.0,0.541,26,17,0.0,25.0
NEG-baksa-2016-09-13,baksa,,2016-09-13,0,28.7643,78.00321,0,0.0,0.6000000000000001,60.7,34.13,0.0,1.6,0.15,-50.0,217.0,0.541,29,18,0.0,86.0
NEG-baksa-2016-09-03,baksa,,2016-09-03,0,28.7643,78.00321,0,39.5,81.30000000000001,99.9,24.33,0.1,0.3,0.56,143.5,217.0,0.541,29,18,0.0,76.0
NEG-baksa-2021-04-24,baksa,,2021-04-24,0,28.7643,78.00321,0,2.2,2.5,2.5,46.96,0.0,0.0,0.12,0.0,217.0,0.541,32,20,0.0,472.0
NEG-baksa-2018-05-29,baksa,,2018-05-29,0,28.7643,78.00321,0,0.0,2.0,2.8,51.69,5.4,0.4,0.12,0.0,217.0,0.541,29,18,0.0,709.0
NEG-baksa-2015-12-15,baksa,,2015-12-15,0,28.7643,78.00321,0,0.0,0.5,0.5,16.39,0.0,0.0,0.1,0.0,217.0,0.541,28,17,0.0,105.0
NEG-baksa-2017-10-13,baksa,,2017-10-13,0,28.7643,78.00321,0,0.0,0.0,0.0,28.59,0.0,0.0,0.18,-37.9,217.0,0.541,29,18,0.0,481.0
NEG-baksa-2016-04-30,baksa,,2016-04-30,0,28.7643,78.00321,0,0.0,0.0,0.0,58.35000000000001,0.0,0.0,0.12,0.0,217.0,0.541,28,17,0.0,242.0
NEG-baksa-2021-04-04,baksa,,2021-04-04,0,28.7643,78.00321,0,0.0,0.0,0.30000000000000004,53.09,0.0,0.0,0.12,0.0,217.0,0.541,32,20,0.0,452.0
NEG-baksa-2023-07-29,baksa,,2023-07-29,0,28.7643,78.00321,0,53.800000000000004,67.7,121.9,28.79,1.0,0.3,0.87,47.5,217.0,0.541,138,22,0.0,24.0
NEG-baksa-2019-09-01,baksa,,2019-09-01,0,28.7643,78.00321,0,13.600000000000001,30.0,84.1,29.310000000000002,0.8,6.9,0.45,-18.2,217.0,0.541,29,18,0.0,1169.0
NEG-baksa-2021-10-19,baksa,,2021-10-19,0,28.7643,78.00321,0,62.2,62.2,65.1,25.37,0.0,0.0,0.87,569.2,217.0,0.541,32,20,0.0,650.0
NEG-baksa-2021-09-07,baksa,,2021-09-07,0,28.7643,78.00321,0,6.8,28.900000000000002,46.199999999999996,25.450000000000003,1.9,3.6,0.2,-13.0,217.0,0.541,32,20,0.0,608.0
NEG-baksa-2023-11-13,baksa,,2023-11-13,0,28.7643,78.00321,0,11.0,11.0,11.0,20.46,0.0,0.0,0.13,8.3,217.0,0.541,139,22,0.0,78.0
NEG-baksa-2021-12-08,baksa,,2021-12-08,0,28.7643,78.00321,0,1.3,2.1,2.1,13.73,0.0,0.0,0.11,0.0,217.0,0.541,32,20,0.0,700.0
NEG-baksa-2017-07-13,baksa,,2017-07-13,0,28.7643,78.00321,0,19.8,26.200000000000003,119.0,25.660000000000004,4.0,6.5,0.26,4.0,217.0,0.541,29,18,0.0,389.0
NEG-baksa-2023-09-13,baksa,,2023-09-13,0,28.7643,78.00321,0,24.8,55.4,65.7,27.3,6.1,1.9,0.37,85.0,217.0,0.541,139,22,0.0,17.0
NEG-baksa-2020-11-10,baksa,,2020-11-10,0,28.7643,78.00321,0,0.0,0.0,0.0,26.889999999999997,0.0,0.0,0.12,0.0,217.0,0.541,32,20,0.0,307.0
NEG-baksa-2019-04-08,baksa,,2019-04-08,0,28.7643,78.00321,0,0.8,0.8,1.2,42.49,0.0,0.0,0.12,0.0,217.0,0.541,29,18,0.0,1023.0
NEG-baksa-2020-01-20,baksa,,2020-01-20,0,28.7643,78.00321,0,2.5,17.7,37.699999999999996,12.25,0.0,0.0,0.16,-15.8,217.0,0.541,32,20,0.0,12.0
NEG-baksa-2019-12-19,baksa,,2019-12-19,0,28.7643,78.00321,0,0.0,35.300000000000004,35.300000000000004,11.25,0.0,0.3,0.14,-26.3,217.0,0.541,30,19,0.0,73.0
NEG-baksa-2018-05-02,baksa,,2018-05-02,0,28.7643,78.00321,0,6.0,6.6,7.6,46.47,0.0,1.5,0.12,0.0,217.0,0.541,29,18,0.0,682.0
NEG-baksa-2021-08-07,baksa,,2021-08-07,0,28.7643,78.00321,0,0.8999999999999999,24.400000000000002,104.5,29.32,10.5,9.6,0.78,-40.0,217.0,0.541,32,20,0.0,577.0
NEG-baksa-2019-10-23,baksa,,2019-10-23,0,28.7643,78.00321,0,0.0,1.3,1.3,28.909999999999997,0.0,0.0,0.12,-7.7,217.0,0.541,30,19,0.0,16.0
NEG-baksa-2018-06-04,baksa,,2018-06-04,0,28.7643,78.00321,0,3.4,12.200000000000001,14.200000000000001,46.75999999999999,0.0,2.5,0.12,0.0,217.0,0.541,29,18,0.0,715.0
NEG-baksa-2021-05-18,baksa,,2021-05-18,0,28.7643,78.00321,0,0.2,2.4000000000000004,10.799999999999999,38.93,83.9,59.7,0.12,-25.0,217.0,0.541,32,20,0.0,496.0
NEG-baksa-2021-12-18,baksa,,2021-12-18,0,28.7643,78.00321,0,0.0,0.0,1.3,15.69,0.0,0.0,0.11,0.0,217.0,0.541,32,20,0.0,710.0
NEG-baksa-2021-11-02,baksa,,2021-11-02,0,28.7643,78.00321,0,0.0,0.0,0.0,24.049999999999997,0.0,0.0,0.13,-27.8,217.0,0.541,32,20,0.0,664.0
NEG-baksa-2023-04-20,baksa,,2023-04-20,0,28.7643,78.00321,0,0.0,0.0,0.0,51.980000000000004,0.1,0.0,0.12,0.0,217.0,0.541,117,21,0.0,275.0
NEG-baksa-2016-02-11,baksa,,2016-02-11,0,28.7643,78.00321,0,0.0,4.6,4.6,22.25,0.0,0.4,0.11,0.0,217.0,0.541,28,17,0.0,163.0
NEG-baksa-2023-07-22,baksa,,2023-07-22,0,28.7643,78.00321,0,3.7,54.2,183.5,28.849999999999998,0.5,9.6,0.59,-35.2,217.0,0.541,138,22,0.0,17.0
NEG-baksa-2017-05-01,baksa,,2017-05-01,0,28.7643,78.00321,0,5.0,5.6,6.5,51.559999999999995,0.0,0.1,0.12,0.0,217.0,0.541,29,18,0.0,316.0
NEG-baksa-2022-01-06,baksa,,2022-01-06,0,28.7643,78.00321,0,6.6,6.6,14.1,12.94,3.9,42.4,0.16,45.5,217.0,0.541,32,20,0.0,729.0
NEG-baksa-2017-05-14,baksa,,2017-05-14,0,28.7643,78.00321,0,1.6,5.0,7.699999999999999,52.120000000000005,0.0,0.2,0.12,0.0,217.0,0.541,29,18,0.0,329.0
NEG-baksa-2017-12-19,baksa,,2017-12-19,0,28.7643,78.00321,0,0.0,6.2,7.4,17.1,0.0,0.0,0.11,0.0,217.0,0.541,29,18,0.0,548.0
NEG-baksa-2015-11-29,baksa,,2015-11-29,0,28.7643,78.00321,0,0.6000000000000001,0.6000000000000001,0.6000000000000001,21.46,0.0,0.0,0.12,0.0,217.0,0.541,28,17,0.0,89.0
NEG-baksa-2016-10-05,baksa,,2016-10-05,0,28.7643,78.00321,0,4.8,5.9,14.2,25.72,0.3,0.0,0.13,0.0,217.0,0.541,29,18,0.0,108.0
NEG-baksa-2017-09-09,baksa,,2017-09-09,0,28.7643,78.00321,0,8.0,15.1,82.8,25.85,0.0,0.8,0.57,-46.7,217.0,0.541,29,18,0.0,447.0
NEG-baksa-2016-12-12,baksa,,2016-12-12,0,28.7643,78.00321,0,0.0,0.0,0.0,17.83,0.0,0.0,0.11,0.0,217.0,0.541,29,18,0.0,176.0
NEG-baksa-2021-03-10,baksa,,2021-03-10,0,28.7643,78.00321,0,0.0,0.0,0.0,35.76,0.0,0.0,0.12,0.0,217.0,0.541,32,20,0.0,427.0
NEG-baksa-2015-11-04,baksa,,2015-11-04,0,28.7643,78.00321,0,0.0,1.2,2.7,23.36,4.5,0.0,0.12,0.0,217.0,0.541,28,17,0.0,64.0
NEG-baksa-2016-10-03,baksa,,2016-10-03,0,28.7643,78.00321,0,0.7999999999999999,3.0,10.099999999999998,26.76,1.0,4.3,0.13,-7.1,217.0,0.541,29,18,0.0,106.0
NEG-baksa-2015-01-11,baksa,,2015-01-11,0,28.7643,78.00321,0,0.0,0.0,13.0,15.169999999999998,0.0,0.0,0.11,-21.4,217.0,0.541,23,16,0.0,605.0
NEG-baksa-2019-08-01,baksa,,2019-08-01,0,28.7643,78.00321,0,1.2,56.9,118.50000000000001,23.75,12.9,4.6,0.67,-8.2,217.0,0.541,29,18,0.0,1138.0
NEG-baksa-2020-01-20,baksa,,2020-01-20,0,28.7643,78.00321,0,2.5,17.7,37.699999999999996,12.25,0.0,0.0,0.16,-15.8,217.0,0.541,32,20,0.0,12.0
NEG-baksa-2022-09-24,baksa,,2022-09-24,0,28.7643,78.00321,0,77.6,89.9,139.9,21.310000000000002,4.3,0.6,0.83,59.6,217.0,0.541,117,21,0.0,67.0
NEG-baksa-2021-08-29,baksa,,2021-08-29,0,28.7643,78.00321,0,6.6,25.0,65.5,28.64,3.2,4.3,0.2,-23.1,217.0,0.541,32,20,0.0,599.0
NEG-baksa-2020-04-08,baksa,,2020-04-08,0,28.7643,78.00321,0,0.0,0.0,1.7,45.410000000000004,0.0,0.0,0.12,0.0,217.0,0.541,32,20,0.0,91.0
NEG-baksa-2018-04-07,baksa,,2018-04-07,0,28.7643,78.00321,0,5.0,6.4,6.4,39.81,0.8,0.0,0.12,0.0,217.0,0.541,29,18,0.0,657.0
NEG-baksa-2015-05-14,baksa,,2015-05-14,0,28.7643,78.00321,0,7.3,7.3,7.8,47.589999999999996,1.2,0.0,0.12,0.0,217.0,0.541,24,17,0.0,84.0
NEG-baksa-2017-08-06,baksa,,2017-08-06,0,28.7643,78.00321,0,12.299999999999999,56.199999999999996,80.39999999999999,20.689999999999998,5.2,7.3,1.78,709.1,217.0,0.541,29,18,0.0,413.0
NEG-baksa-2018-03-26,baksa,,2018-03-26,0,28.7643,78.00321,0,0.0,2.7,3.1,37.059999999999995,0.0,0.0,0.12,0.0,217.0,0.541,29,18,0.0,645.0
NEG-baksa-2022-12-05,baksa,,2022-12-05,0,28.7643,78.00321,0,0.0,0.0,0.0,16.91,0.0,0.0,0.11,-8.3,217.0,0.541,117,21,0.0,139.0
NEG-baksa-2018-03-04,baksa,,2018-03-04,0,28.7643,78.00321,0,0.1,0.1,3.8000000000000003,29.860000000000003,0.0,0.0,0.12,0.0,217.0,0.541,29,18,0.0,623.0
NEG-baksa-2022-11-19,baksa,,2022-11-19,0,28.7643,78.00321,0,0.0,0.0,4.2,22.96,0.0,0.0,0.14,7.7,217.0,0.541,117,21,0.0,123.0
NEG-baksa-2020-02-03,baksa,,2020-02-03,0,28.7643,78.00321,0,0.1,13.499999999999998,13.499999999999998,15.28,0.0,0.0,0.14,16.7,217.0,0.541,32,20,0.0,26.0
NEG-baksa-2015-10-19,baksa,,2015-10-19,0,28.7643,78.00321,0,0.6,6.1,6.1,26.549999999999997,1.6,0.0,0.12,0.0,217.0,0.541,28,17,0.0,48.0
NEG-baksa-2022-09-16,baksa,,2022-09-16,0,28.7643,78.00321,0,34.1,43.8,44.8,30.529999999999998,0.8,0.1,0.61,369.2,217.0,0.541,117,21,0.0,59.0
NEG-baksa-2017-08-14,baksa,,2017-08-14,0,28.7643,78.00321,0,2.0,45.400000000000006,106.50000000000001,26.090000000000003,1.0,0.4,1.0,-41.2,217.0,0.541,29,18,0.0,421.0
NEG-baksa-2017-12-19,baksa,,2017-12-19,0,28.7643,78.00321,0,0.0,6.2,7.4,17.1,0.0,0.0,0.11,0.0,217.0,0.541,29,18,0.0,548.0
NEG-baksa-2023-11-01,baksa,,2023-11-01,0,28.7643,78.00321,0,0.0,0.0,0.0,24.679999999999996,0.0,0.0,0.12,0.0,217.0,0.541,139,22,0.0,66.0
NEG-baksa-2023-11-15,baksa,,2023-11-15,0,28.7643,78.00321,0,0.0,11.0,11.0,19.34,0.0,0.0,0.13,8.3,217.0,0.541,139,22,0.0,80.0
NEG-baksa-2022-01-04,baksa,,2022-01-04,0,28.7643,78.00321,0,0.0,3.7,7.500000000000001,13.919999999999998,6.5,2.9,0.11,0.0,217.0,0.541,32,20,0.0,727.0
NEG-baksa-2021-08-12,baksa,,2021-08-12,0,28.7643,78.00321,0,9.7,40.8,85.49999999999999,29.71,0.1,0.1,0.63,-31.5,217.0,0.541,32,20,0.0,582.0
NEG-baksa-2022-06-01,baksa,,2022-06-01,0,28.7643,78.00321,0,0.0,0.2,18.3,38.88,0.0,0.0,0.16,-27.3,217.0,0.541,43,21,0.0,12.0
NEG-baksa-2017-03-21,baksa,,2017-03-21,0,28.7643,78.00321,0,0.4,0.8,31.0,35.17,0.0,3.1,0.12,-25.0,217.0,0.541,29,18,0.0,275.0
NEG-baksa-2016-04-15,baksa,,2016-04-15,0,28.7643,78.00321,0,0.0,0.0,0.6000000000000001,53.89,0.0,0.0,0.12,0.0,217.0,0.541,28,17,0.0,227.0
NEG-baksa-2021-02-08,baksa,,2021-02-08,0,28.7643,78.00321,0,0.1,7.8999999999999995,7.8999999999999995,18.82,0.0,0.0,0.12,0.0,217.0,0.541,32,20,0.0,397.0
NEG-baksa-2017-07-09,baksa,,2017-07-09,0,28.7643,78.00321,0,5.3,36.400000000000006,141.39999999999998,26.22,0.3,12.4,0.17,-70.7,217.0,0.541,29,18,0.0,385.0
NEG-baksa-2022-04-06,baksa,,2022-04-06,0,28.7643,78.00321,0,0.0,0.0,0.0,48.440000000000005,0.0,0.0,0.12,0.0,217.0,0.541,32,20,0.0,819.0
NEG-baksa-2016-09-02,baksa,,2016-09-02,0,28.7643,78.00321,0,59.6,83.0,105.30000000000001,24.349999999999998,0.1,0.1,0.66,175.0,217.0,0.541,29,18,0.0,75.0
NEG-baksa-2017-12-24,baksa,,2017-12-24,0,28.7643,78.00321,0,0.0,0.0,7.4,17.0,0.0,0.0,0.11,0.0,217.0,0.541,29,18,0.0,553.0
NEG-baksa-2016-08-05,baksa,,2016-08-05,0,28.7643,78.00321,0,9.4,60.699999999999996,103.89999999999999,20.959999999999997,2.1,4.4,0.66,-24.1,217.0,0.541,29,18,0.0,47.0
NEG-baksa-2015-10-20,baksa,,2015-10-20,0,28.7643,78.00321,0,0.1,6.0,6.199999999999999,26.35,0.0,0.0,0.12,0.0,217.0,0.541,28,17,0.0,49.0
NEG-baksa-2016-11-10,baksa,,2016-11-10,0,28.7643,78.00321,0,0.0,0.0,0.0,27.81,0.0,0.0,0.12,9.1,217.0,0.541,29,18,0.0,144.0
NEG-baksa-2023-11-21,baksa,,2023-11-21,0,28.7643,78.00321,0,0.0,0.0,11.0,17.96,0.0,0.0,0.13,0.0,217.0,0.541,139,22,0.0,86.0
NEG-baksa-2018-06-13,baksa,,2018-06-13,0,28.7643,78.00321,0,1.4,12.799999999999999,22.0,41.19,0.0,0.0,0.16,33.3,217.0,0.541,29,18,0.0,724.0
NEG-baksa-2021-09-03,baksa,,2021-09-03,0,28.7643,78.00321,0,13.200000000000001,24.6,81.99999999999999,26.589999999999996,4.8,1.5,0.32,68.4,217.0,0.541,32,20,0.0,604.0
NEG-baksa-2023-05-26,baksa,,2023-05-26,0,28.7643,78.00321,0,1.1,1.3,1.4000000000000001,49.529999999999994,10.0,0.0,0.12,0.0,217.0,0.541,117,21,0.0,311.0
NEG-baksa-2021-05-20,baksa,,2021-05-20,0,28.7643,78.00321,0,84.7,85.10000000000001,91.2,30.76,0.1,0.0,0.44,175.0,217.0,0.541,32,20,0.0,498.0
NEG-baksa-2018-03-28,baksa,,2018-03-28,0,28.7643,78.00321,0,0.0,2.7,3.1,38.46000000000001,0.0,0.0,0.12,0.0,217.0,0.541,29,18,0.0,647.0
NEG-baksa-2019-12-04,baksa,,2019-12-04,0,28.7643,78.00321,0,0.0,36.8,36.8,16.900000000000002,0.0,0.0,0.12,0.0,217.0,0.541,30,19,0.0,58.0
NEG-baksa-2016-05-24,baksa,,2016-05-24,0,28.7643,78.00321,0,20.3,22.3,22.700000000000003,54.690000000000005,1.0,0.0,0.31,158.3,217.0,0.541,28,17,0.0,266.0
NEG-baksa-2020-04-03,baksa,,2020-04-03,0,28.7643,78.00321,0,0.0,1.7,5.2,37.51,0.0,0.0,0.12,0.0,217.0,0.541,32,20,0.0,86.0
NEG-baksa-2022-09-21,baksa,,2022-09-21,0,28.7643,78.00321,0,11.5,46.699999999999996,62.5,24.6,28.5,45.4,0.24,60.0,217.0,0.541,117,21,0.0,64.0
NEG-baksa-2018-05-30,baksa,,2018-05-30,0,28.7643,78.00321,0,3.0,5.0,5.7,50.92000000000001,0.4,3.4,0.12,0.0,217.0,0.541,29,18,0.0,710.0
NEG-baksa-2022-11-06,baksa,,2022-11-06,0,28.7643,78.00321,0,0.0,0.0,0.0,21.770000000000003,0.0,0.3,0.14,-46.2,217.0,0.541,117,21,0.0,110.0
NEG-baksa-2019-07-07,baksa,,2019-07-07,0,28.7643,78.00321,0,9.2,10.0,16.099999999999998,37.58,14.9,6.2,0.19,58.3,217.0,0.541,29,18,0.0,1113.0
NEG-baksa-2018-01-20,baksa,,2018-01-20,0,28.7643,78.00321,0,0.0,0.0,0.0,17.22,0.0,0.0,0.11,0.0,217.0,0.541,29,18,0.0,580.0
NEG-baksa-2020-08-11,baksa,,2020-08-11,0,28.7643,78.00321,0,37.0,41.8,81.00000000000001,30.240000000000002,12.5,93.0,0.31,55.0,217.0,0.541,32,20,0.0,216.0
NEG-baksa-2021-01-20,baksa,,2021-01-20,0,28.7643,78.00321,0,0.6,0.6,5.0,13.540000000000001,0.0,0.0,0.11,0.0,217.0,0.541,32,20,0.0,378.0
NEG-baksa-2020-07-15,baksa,,2020-07-15,0,28.7643,78.00321,0,2.6999999999999997,29.999999999999996,50.400000000000006,31.929999999999996,12.3,7.3,0.17,-10.5,217.0,0.541,32,20,0.0,189.0
NEG-baksa-2019-11-29,baksa,,2019-11-29,0,28.7643,78.00321,0,36.8,36.8,36.8,19.470000000000002,0.0,0.0,0.17,41.7,217.0,0.541,30,19,0.0,53.0
NEG-baksa-2015-11-26,baksa,,2015-11-26,0,28.7643,78.00321,0,0.0,0.0,0.0,22.549999999999997,0.4,0.2,0.12,-7.7,217.0,0.541,28,17,0.0,86.0
NEG-baksa-2021-09-15,baksa,,2021-09-15,0,28.7643,78.00321,0,12.0,45.900000000000006,79.1,23.610000000000003,0.8,1.0,0.24,26.3,217.0,0.541,32,20,0.0,616.0
NEG-baksa-2019-11-05,baksa,,2019-11-05,0,28.7643,78.00321,0,0.0,0.0,0.0,24.02,0.0,0.0,0.12,0.0,217.0,0.541,30,19,0.0,29.0
NEG-baksa-2023-03-28,baksa,,2023-03-28,0,28.7643,78.00321,0,5.0,18.0,43.4,29.57,0.0,5.5,0.16,-27.3,217.0,0.541,117,21,0.0,252.0
NEG-baksa-2018-08-13,baksa,,2018-08-13,0,28.7643,78.00321,0,19.799999999999997,40.1,65.5,21.549999999999997,4.7,4.6,0.53,-3.6,217.0,0.541,29,18,0.0,785.0
NEG-baksa-2021-10-08,baksa,,2021-10-08,0,28.7643,78.00321,0,2.9,5.5,17.4,26.9,0.0,0.0,0.13,-18.8,217.0,0.541,32,20,0.0,639.0
NEG-baksa-2017-10-22,baksa,,2017-10-22,0,28.7643,78.00321,0,0.0,0.0,0.0,28.31,0.0,0.0,0.15,-11.8,217.0,0.541,29,18,0.0,490.0
NEG-baksa-2015-04-16,baksa,,2015-04-16,0,28.7643,78.00321,0,2.7,3.1,29.2,36.85,0.0,0.0,0.12,-25.0,217.0,0.541,24,17,0.0,56.0
NEG-baksa-2016-01-10,baksa,,2016-01-10,0,28.7643,78.00321,0,1.0,1.0,1.0,18.92,0.0,0.0,0.09,-10.0,217.0,0.541,28,17,0.0,131.0
NEG-baksa-2017-07-26,baksa,,2017-07-26,0,28.7643,78.00321,0,17.2,41.4,71.3,28.34,2.5,0.5,0.22,-12.0,217.0,0.541,29,18,0.0,402.0
NEG-baksa-2021-06-14,baksa,,2021-06-14,0,28.7643,78.00321,0,9.200000000000001,9.3,11.1,40.15,2.5,2.0,0.16,33.3,217.0,0.541,32,20,0.0,523.0
NEG-baksa-2021-08-01,baksa,,2021-08-01,0,28.7643,78.00321,0,22.200000000000003,78.0,260.4,21.04,19.1,1.7,1.26,37.0,217.0,0.541,32,20,0.0,571.0
NEG-baksa-2015-03-26,baksa,,2015-03-26,0,28.7643,78.00321,0,0.0,0.0,27.8,34.660000000000004,0.0,0.0,0.12,-25.0,217.0,0.541,24,17,0.0,35.0
NEG-baksa-2023-07-30,baksa,,2023-07-30,0,28.7643,78.00321,0,51.5,82.6,122.30000000000001,27.919999999999998,0.3,0.2,0.83,59.6,217.0,0.541,138,22,0.0,25.0
NEG-baksa-2018-01-08,baksa,,2018-01-08,0,28.7643,78.00321,0,0.0,0.0,0.0,15.100000000000001,0.0,0.0,0.11,0.0,217.0,0.541,29,18,0.0,568.0
NEG-baksa-2021-06-18,baksa,,2021-06-18,0,28.7643,78.00321,0,5.3,14.900000000000002,15.000000000000002,35.68,7.1,5.2,0.16,33.3,217.0,0.541,32,20,0.0,527.0
NEG-baksa-2023-07-23,baksa,,2023-07-23,0,28.7643,78.00321,0,3.2,39.7,163.0,30.53,9.6,2.7,0.52,-44.7,217.0,0.541,138,22,0.0,18.0
NEG-baksa-2016-12-18,baksa,,2016-12-18,0,28.7643,78.00321,0,0.0,0.0,0.0,19.88,0.0,0.0,0.11,0.0,217.0,0.541,29,18,0.0,182.0
NEG-baksa-2020-04-11,baksa,,2020-04-11,0,28.7643,78.00321,0,0.0,0.0,0.3,45.64,0.0,0.0,0.12,0.0,217.0,0.541,32,20,0.0,94.0
NEG-baksa-2020-10-26,baksa,,2020-10-26,0,28.7643,78.00321,0,0.0,0.0,0.2,31.03,0.0,0.0,0.12,0.0,217.0,0.541,32,20,0.0,292.0
NEG-baksa-2022-04-22,baksa,,2022-04-22,0,28.7643,78.00321,0,0.0,0.0,0.0,54.239999999999995,0.0,0.0,0.12,0.0,217.0,0.541,32,20,0.0,835.0
NEG-baksa-2019-12-17,baksa,,2019-12-17,0,28.7643,78.00321,0,0.1,35.300000000000004,35.300000000000004,11.839999999999998,0.0,0.0,0.16,45.5,217.0,0.541,30,19,0.0,71.0
NEG-baksa-2018-02-13,baksa,,2018-02-13,0,28.7643,78.00321,0,2.4000000000000004,2.4000000000000004,2.4000000000000004,21.970000000000002,0.0,0.0,0.16,33.3,217.0,0.541,29,18,0.0,604.0
NEG-baksa-2017-01-13,baksa,,2017-01-13,0,28.7643,78.00321,0,0.0,46.9,49.0,16.380000000000003,0.0,0.7,0.12,-47.8,217.0,0.541,29,18,0.0,208.0
NEG-baksa-2021-07-25,baksa,,2021-07-25,0,28.7643,78.00321,0,15.299999999999999,182.39999999999998,209.0,22.060000000000002,11.1,19.1,0.92,46.0,217.0,0.541,32,20,0.0,564.0
NEG-baksa-2019-11-21,baksa,,2019-11-21,0,28.7643,78.00321,0,0.0,0.0,0.3,22.779999999999998,0.0,0.0,0.12,-14.3,217.0,0.541,30,19,0.0,45.0
NEG-baksa-2022-02-13,baksa,,2022-02-13,0,28.7643,78.00321,0,0.0,9.0,40.699999999999996,18.39,0.0,0.0,0.17,-15.0,217.0,0.541,32,20,0.0,767.0
NEG-baksa-2020-07-07,baksa,,2020-07-07,0,28.7643,78.00321,0,5.4,10.200000000000001,21.9,36.19,5.3,9.6,0.16,14.3,217.0,0.541,32,20,0.0,181.0
NEG-baksa-2016-01-09,baksa,,2016-01-09,0,28.7643,78.00321,0,1.0,1.0,1.0,18.300000000000004,0.0,0.0,0.09,-10.0,217.0,0.541,28,17,0.0,130.0
NEG-baksa-2020-04-09,baksa,,2020-04-09,0,28.7643,78.00321,0,0.0,0.0,1.7,46.330000000000005,0.0,0.0,0.12,0.0,217.0,0.541,32,20,0.0,92.0
NEG-baksa-2018-11-26,baksa,,2018-11-26,0,28.7643,78.00321,0,0.0,0.0,1.3,21.459999999999997,0.0,0.0,0.12,-7.7,217.0,0.541,29,18,0.0,890.0
NEG-baksa-2019-07-31,baksa,,2019-07-31,0,28.7643,78.00321,0,6.6000000000000005,83.80000000000001,127.50000000000003,25.22,7.3,12.9,0.73,19.7,217.0,0.541,29,18,0.0,1137.0
NEG-baksa-2018-09-27,baksa,,2018-09-27,0,28.7643,78.00321,0,44.1,119.1,119.39999999999999,20.46,0.2,0.0,0.62,210.0,217.0,0.541,29,18,0.0,830.0
NEG-baksa-2018-08-08,baksa,,2018-08-08,0,28.7643,78.00321,0,21.200000000000003,25.500000000000004,226.70000000000002,19.84,1.3,2.6,0.69,-5.5,217.0,0.541,29,18,0.0,780.0
NEG-baksa-2016-03-04,baksa,,2016-03-04,0,28.7643,78.00321,0,0.0,0.0,8.6,29.340000000000003,1.7,6.5,0.11,0.0,217.0,0.541,28,17,0.0,185.0
NEG-baksa-2016-10-20,baksa,,2016-10-20,0,28.7643,78.00321,0,0.0,0.0,0.3,33.83,0.0,0.0,0.12,0.0,217.0,0.541,29,18,0.0,123.0
NEG-baksa-2018-09-12,baksa,,2018-09-12,0,28.7643,78.00321,0,3.8,29.400000000000002,94.9,25.1,0.1,0.0,0.73,-44.3,217.0,0.541,29,18,0.0,815.0
NEG-baksa-2019-08-14,baksa,,2019-08-14,0,28.7643,78.00321,0,23.8,34.6,96.10000000000002,26.490000000000002,3.0,5.0,0.78,-17.0,217.0,0.541,29,18,0.0,1151.0
NEG-baksa-2022-10-12,baksa,,2022-10-12,0,28.7643,78.00321,0,116.8,160.0,163.3,13.790000000000001,0.0,0.0,4.11,902.4,217.0,0.541,117,21,0.0,85.0
NEG-baksa-2020-07-22,baksa,,2020-07-22,0,28.7643,78.00321,0,23.4,51.199999999999996,81.19999999999999,29.84,0.4,1.4,0.37,117.6,217.0,0.541,32,20,0.0,196.0
NEG-baksa-2018-03-26,baksa,,2018-03-26,0,28.7643,78.00321,0,0.0,2.7,3.1,37.059999999999995,0.0,0.0,0.12,0.0,217.0,0.541,29,18,0.0,645.0
NEG-baksa-2019-06-29,baksa,,2019-06-29,0,28.7643,78.00321,0,5.2,6.1,6.1,45.15,0.0,0.0,0.12,0.0,217.0,0.541,29,18,0.0,1105.0
NEG-baksa-2021-03-03,baksa,,2021-03-03,0,28.7643,78.00321,0,0.0,0.0,0.0,33.68,0.0,0.0,0.12,0.0,217.0,0.541,32,20,0.0,420.0
NEG-baksa-2020-02-06,baksa,,2020-02-06,0,28.7643,78.00321,0,0.0,0.1,13.499999999999998,18.12,0.1,0.0,0.12,-25.0,217.0,0.541,32,20,0.0,29.0
NEG-baksa-2015-12-27,baksa,,2015-12-27,0,28.7643,78.00321,0,0.0,0.0,0.0,18.67,0.0,0.0,0.1,0.0,217.0,0.541,28,17,0.0,117.0
NEG-baksa-2018-07-12,baksa,,2018-07-12,0,28.7643,78.00321,0,5.5,5.6,64.4,37.309999999999995,5.7,12.0,0.17,-15.0,217.0,0.541,29,18,0.0,753.0
NEG-baksa-2017-10-30,baksa,,2017-10-30,0,28.7643,78.00321,0,0.0,0.0,0.0,26.13,0.0,0.0,0.13,-13.3,217.0,0.541,29,18,0.0,498.0
NEG-baksa-2018-08-17,baksa,,2018-08-17,0,28.7643,78.00321,0,10.0,31.899999999999995,67.50000000000001,25.119999999999997,5.7,4.2,0.5,-15.3,217.0,0.541,29,18,0.0,789.0
NEG-baksa-2016-04-19,baksa,,2016-04-19,0,28.7643,78.00321,0,0.0,0.0,0.2,54.53,0.0,0.0,0.12,0.0,217.0,0.541,28,17,0.0,231.0
NEG-baksa-2019-07-14,baksa,,2019-07-14,0,28.7643,78.00321,0,9.1,43.6,53.6,31.64,20.4,47.4,0.22,15.8,217.0,0.541,29,18,0.0,1120.0
NEG-baksa-2020-10-08,baksa,,2020-10-08,0,28.7643,78.00321,0,0.0,0.0,0.2,34.22,0.0,0.0,0.12,-7.7,217.0,0.541,32,20,0.0,274.0
NEG-baksa-2015-01-05,baksa,,2015-01-05,0,28.7643,78.00321,0,13.0,13.0,13.0,11.340000000000002,0.0,0.0,0.12,33.3,217.0,0.541,23,16,0.0,599.0
NEG-baksa-2021-01-31,baksa,,2021-01-31,0,28.7643,78.00321,0,0.0,0.8,1.4,17.02,0.0,0.0,0.09,-18.2,217.0,0.541,32,20,0.0,389.0
NEG-baksa-2020-03-07,baksa,,2020-03-07,0,28.7643,78.00321,0,33.0,42.0,45.6,20.68,0.0,0.0,0.34,100.0,217.0,0.541,32,20,0.0,59.0
NEG-baksa-2019-08-20,baksa,,2019-08-20,0,28.7643,78.00321,0,67.5,102.79999999999998,133.6,23.03,0.4,1.0,0.85,18.1,217.0,0.541,29,18,0.0,1157.0
NEG-baksa-2015-08-11,baksa,,2015-08-11,0,28.7643,78.00321,0,47.50000000000001,68.9,80.80000000000001,19.34,1.5,1.4,0.58,31.8,217.0,0.541,26,17,0.0,28.0
NEG-baksa-2017-02-07,baksa,,2017-02-07,0,28.7643,78.00321,0,7.6,7.6,36.599999999999994,18.77,0.0,0.0,0.12,-25.0,217.0,0.541,29,18,0.0,233.0
NEG-baksa-2020-10-24,baksa,,2020-10-24,0,28.7643,78.00321,0,0.0,0.0,0.2,31.439999999999998,0.0,0.0,0.12,0.0,217.0,0.541,32,20,0.0,290.0
NEG-baksa-2019-01-21,baksa,,2019-01-21,0,28.7643,78.00321,0,0.0,0.0,0.0,18.21,9.0,0.3,0.12,33.3,217.0,0.541,29,18,0.0,946.0
NEG-baksa-2021-12-25,baksa,,2021-12-25,0,28.7643,78.00321,0,0.0,0.0,0.0,15.3,3.7,0.1,0.11,0.0,217.0,0.541,32,20,0.0,717.0
NEG-baksa-2020-08-03,baksa,,2020-08-03,0,28.7643,78.00321,0,26.7,38.6,66.30000000000001,25.689999999999998,2.7,0.9,0.22,0.0,217.0,0.541,32,20,0.0,208.0
NEG-baksa-2022-01-05,baksa,,2022-01-05,0,28.7643,78.00321,0,0.1,0.30000000000000004,7.6,14.439999999999998,2.9,3.9,0.14,27.3,217.0,0.541,32,20,0.0,728.0
NEG-baksa-2019-12-16,baksa,,2019-12-16,0,28.7643,78.00321,0,24.5,35.300000000000004,35.300000000000004,12.24,0.0,0.0,0.17,54.5,217.0,0.541,30,19,0.0,70.0
NEG-baksa-2015-07-31,baksa,,2015-07-31,0,28.7643,78.00321,0,0.8,6.2,103.7,31.42,2.8,3.0,0.61,-50.4,217.0,0.541,26,17,0.0,17.0
NEG-baksa-2017-04-13,baksa,,2017-04-13,0,28.7643,78.00321,0,0.0,0.8,2.1,57.43,0.3,0.0,0.12,0.0,217.0,0.541,29,18,0.0,298.0
NEG-baksa-2017-12-29,baksa,,2017-12-29,0,28.7643,78.00321,0,0.0,0.0,0.0,16.860000000000003,0.0,0.0,0.11,0.0,217.0,0.541,29,18,0.0,558.0
NEG-baksa-2021-02-27,baksa,,2021-02-27,0,28.7643,78.00321,0,0.0,0.0,0.0,28.56,0.0,0.0,0.12,0.0,217.0,0.541,32,20,0.0,416.0
NEG-baksa-2018-03-25,baksa,,2018-03-25,0,28.7643,78.00321,0,0.0,2.7,3.1,36.9,0.0,0.0,0.12,0.0,217.0,0.541,29,18,0.0,644.0
NEG-baksa-2019-11-30,baksa,,2019-11-30,0,28.7643,78.00321,0,36.8,36.8,36.8,18.67,0.0,0.0,0.16,33.3,217.0,0.541,30,19,0.0,54.0
NEG-baksa-2022-10-31,baksa,,2022-10-31,0,28.7643,78.00321,0,0.0,0.0,0.0,24.65,0.0,0.0,0.22,-68.6,217.0,0.541,117,21,0.0,104.0
NEG-baksa-2020-06-08,baksa,,2020-06-08,0,28.7643,78.00321,0,2.7,2.8,11.100000000000001,36.74,0.0,0.0,0.16,-15.8,217.0,0.541,32,20,0.0,152.0
NEG-baksa-2016-05-12,baksa,,2016-05-12,0,28.7643,78.00321,0,0.6000000000000001,3.6999999999999997,6.500000000000001,44.72,0.0,0.0,0.12,0.0,217.0,0.541,28,17,0.0,254.0
NEG-baksa-2015-04-29,baksa,,2015-04-29,0,28.7643,78.00321,0,7.6,8.5,9.600000000000001,49.17,0.0,0.0,0.12,0.0,217.0,0.541,24,17,0.0,69.0
NEG-baksa-2022-01-24,baksa,,2022-01-24,0,28.7643,78.00321,0,17.6,22.6,22.7,11.77,0.0,1.5,0.16,33.3,217.0,0.541,32,20,0.0,747.0
NEG-baksa-2021-10-29,baksa,,2021-10-29,0,28.7643,78.00321,0,0.0,0.0,62.2,23.730000000000004,0.0,0.0,0.15,-55.9,217.0,0.541,32,20,0.0,660.0
NEG-baksa-2023-12-18,baksa,,2023-12-18,0,28.7643,78.00321,0,0.0,0.0,2.7,15.82,0.0,0.0,0.11,0.0,217.0,0.541,139,22,0.0,113.0
NEG-baksa-2017-09-07,baksa,,2017-09-07,0,28.7643,78.00321,0,2.0,46.5,86.5,23.240000000000002,0.7,0.1,0.68,3.0,217.0,0.541,29,18,0.0,445.0
NEG-baksa-2022-12-17,baksa,,2022-12-17,0,28.7643,78.00321,0,0.0,0.0,0.0,20.3,0.0,0.0,0.11,0.0,217.0,0.541,117,21,0.0,151.0
NEG-baksa-2016-10-10,baksa,,2016-10-10,0,28.7643,78.00321,0,0.0,8.7,11.7,26.02,0.0,0.0,0.12,-7.7,217.0,0.541,29,18,0.0,113.0
NEG-baksa-2018-06-26,baksa,,2018-06-26,0,28.7643,78.00321,0,0.0,0.0,0.6,45.959999999999994,42.4,16.6,0.16,33.3,217.0,0.541,29,18,0.0,737.0
NEG-baksa-2021-03-06,baksa,,2021-03-06,0,28.7643,78.00321,0,0.0,0.0,0.0,35.45,0.0,0.0,0.12,0.0,217.0,0.541,32,20,0.0,423.0
NEG-baksa-2021-03-12,baksa,,2021-03-12,0,28.7643,78.00321,0,0.2,0.2,0.2,34.4,0.0,0.0,0.12,0.0,217.0,0.541,32,20,0.0,429.0
NEG-baksa-2019-07-30,baksa,,2019-07-30,0,28.7643,78.00321,0,15.399999999999999,87.0,174.5,25.53,0.3,7.3,0.83,112.8,217.0,0.541,29,18,0.0,1136.0
NEG-baksa-2016-01-17,baksa,,2016-01-17,0,28.7643,78.00321,0,0.0,0.2,1.2,17.569999999999997,0.0,0.0,0.09,0.0,217.0,0.541,28,17,0.0,138.0
NEG-baksa-2017-07-09,baksa,,2017-07-09,0,28.7643,78.00321,0,5.3,36.400000000000006,141.39999999999998,26.22,0.3,12.4,0.17,-70.7,217.0,0.541,29,18,0.0,385.0
NEG-baksa-2016-04-09,baksa,,2016-04-09,0,28.7643,78.00321,0,0.2,0.6000000000000001,0.6000000000000001,44.56999999999999,0.0,0.0,0.12,0.0,217.0,0.541,28,17,0.0,221.0
NEG-baksa-2020-03-05,baksa,,2020-03-05,0,28.7643,78.00321,0,0.5,9.5,47.2,22.61,11.6,0.6,0.22,37.5,217.0,0.541,32,20,0.0,57.0
NEG-baksa-2016-04-26,baksa,,2016-04-26,0,28.7643,78.00321,0,0.0,0.0,0.0,57.11000000000001,0.0,0.0,0.12,0.0,217.0,0.541,28,17,0.0,238.0
NEG-baksa-2022-04-07,baksa,,2022-04-07,0,28.7643,78.00321,0,0.0,0.0,0.0,50.589999999999996,0.0,0.0,0.12,0.0,217.0,0.541,32,20,0.0,820.0
NEG-baksa-2016-09-22,baksa,,2016-09-22,0,28.7643,78.00321,0,1.2,3.4000000000000004,3.9000000000000004,29.47,0.0,0.3,0.15,0.0,217.0,0.541,29,18,0.0,95.0
NEG-baksa-2020-08-03,baksa,,2020-08-03,0,28.7643,78.00321,0,26.7,38.6,66.30000000000001,25.689999999999998,2.7,0.9,0.22,0.0,217.0,0.541,32,20,0.0,208.0
NEG-baksa-2023-01-14,baksa,,2023-01-14,0,28.7643,78.00321,0,3.6,3.6,3.6,11.49,0.0,0.0,0.11,0.0,217.0,0.541,117,21,0.0,179.0
NEG-baksa-2018-04-10,baksa,,2018-04-10,0,28.7643,78.00321,0,6.3,12.0,12.700000000000001,37.04,12.9,0.0,0.12,0.0,217.0,0.541,29,18,0.0,660.0
NEG-baksa-2020-09-15,baksa,,2020-09-15,0,28.7643,78.00321,0,2.4,2.9000000000000004,31.5,31.370000000000005,0.0,0.0,0.16,-40.7,217.0,0.541,32,20,0.0,251.0
NEG-baksa-2022-11-29,baksa,,2022-11-29,0,28.7643,78.00321,0,0.0,0.0,0.0,20.340000000000003,0.0,0.0,0.12,-7.7,217.0,0.541,117,21,0.0,133.0
NEG-baksa-2018-01-24,baksa,,2018-01-24,0,28.7643,78.00321,0,6.8,6.8,6.8,16.05,0.0,0.0,0.12,9.1,217.0,0.541,29,18,0.0,584.0
NEG-baksa-2019-08-29,baksa,,2019-08-29,0,28.7643,78.00321,0,1.2000000000000002,23.900000000000002,101.3,28.36,2.5,9.4,0.33,-47.6,217.0,0.541,29,18,0.0,1166.0
NEG-baksa-2020-05-30,baksa,,2020-05-30,0,28.7643,78.00321,0,4.3,4.3,4.3,53.199999999999996,0.9,0.0,0.22,83.3,217.0,0.541,32,20,0.0,143.0
NEG-baksa-2020-04-18,baksa,,2020-04-18,0,28.7643,78.00321,0,0.5,0.6,0.6,44.56,0.0,0.5,0.12,0.0,217.0,0.541,32,20,0.0,101.0
NEG-baksa-2017-09-25,baksa,,2017-09-25,0,28.7643,78.00321,0,262.4,264.9,265.8,20.039999999999996,0.0,0.0,3.68,2064.7,217.0,0.541,29,18,0.0,463.0
NEG-baksa-2020-02-14,baksa,,2020-02-14,0,28.7643,78.00321,0,0.0,0.1,0.2,21.449999999999996,0.0,0.0,0.12,0.0,217.0,0.541,32,20,0.0,37.0
NEG-baksa-2021-03-07,baksa,,2021-03-07,0,28.7643,78.00321,0,0.0,0.0,0.0,36.74,0.0,0.0,0.12,0.0,217.0,0.541,32,20,0.0,424.0
NEG-baksa-2016-08-15,baksa,,2016-08-15,0,28.7643,78.00321,0,33.3,67.50000000000001,94.0,21.56,1.3,0.9,0.73,37.7,217.0,0.541,29,18,0.0,57.0
NEG-baksa-2019-04-21,baksa,,2019-04-21,0,28.7643,78.00321,0,0.0,14.6,15.1,40.28000000000001,0.0,0.0,0.16,33.3,217.0,0.541,29,18,0.0,1036.0
NEG-baksa-2017-02-19,baksa,,2017-02-19,0,28.7643,78.00321,0,0.0,0.0,7.6,24.67,0.2,0.1,0.12,0.0,217.0,0.541,29,18,0.0,245.0
NEG-baksa-2021-09-21,baksa,,2021-09-21,0,28.7643,78.00321,0,2.2,4.1,58.599999999999994,28.42,9.6,8.2,0.26,-10.3,217.0,0.541,32,20,0.0,622.0
NEG-baksa-2020-09-12,baksa,,2020-09-12,0,28.7643,78.00321,0,0.2,20.7,32.99999999999999,30.310000000000002,0.3,2.1,0.19,-50.0,217.0,0.541,32,20,0.0,248.0
NEG-baksa-2023-05-15,baksa,,2023-05-15,0,28.7643,78.00321,0,0.1,0.1,30.6,47.44,0.0,0.0,0.12,-25.0,217.0,0.541,117,21,0.0,300.0
NEG-baksa-2016-07-13,baksa,,2016-07-13,0,28.7643,78.00321,0,11.0,17.4,78.49999999999999,30.0,17.3,28.6,0.17,-15.0,217.0,0.541,29,18,0.0,24.0
NEG-baksa-2015-10-13,baksa,,2015-10-13,0,28.7643,78.00321,0,0.2,0.2,0.2,32.709999999999994,4.4,0.0,0.12,0.0,217.0,0.541,28,17,0.0,42.0
NEG-baksa-2018-02-05,baksa,,2018-02-05,0,28.7643,78.00321,0,0.0,0.0,11.8,23.74,0.0,0.0,0.12,33.3,217.0,0.541,29,18,0.0,596.0
NEG-baksa-2023-11-10,baksa,,2023-11-10,0,28.7643,78.00321,0,0.0,0.0,0.0,22.05,0.0,0.0,0.12,0.0,217.0,0.541,139,22,0.0,75.0
NEG-baksa-2019-08-27,baksa,,2019-08-27,0,28.7643,78.00321,0,22.4,25.7,128.5,27.490000000000002,0.1,1.7,0.44,-48.2,217.0,0.541,29,18,0.0,1164.0
NEG-baksa-2018-10-24,baksa,,2018-10-24,0,28.7643,78.00321,0,0.0,0.1,9.4,27.580000000000005,0.0,0.0,0.12,-7.7,217.0,0.541,29,18,0.0,857.0
NEG-baksa-2023-11-01,baksa,,2023-11-01,0,28.7643,78.00321,0,0.0,0.0,0.0,24.679999999999996,0.0,0.0,0.12,0.0,217.0,0.541,139,22,0.0,66.0
NEG-baksa-2020-09-10,baksa,,2020-09-10,0,28.7643,78.00321,0,4.6,27.700000000000003,47.89999999999999,29.07,0.2,0.0,0.21,-52.3,217.0,0.541,32,20,0.0,246.0
NEG-baksa-2017-12-30,baksa,,2017-12-30,0,28.7643,78.00321,0,0.0,0.0,0.0,16.26,0.0,0.0,0.11,0.0,217.0,0.541,29,18,0.0,559.0
NEG-baksa-2015-01-11,baksa,,2015-01-11,0,28.7643,78.00321,0,0.0,0.0,13.0,15.169999999999998,0.0,0.0,0.11,-21.4,217.0,0.541,23,16,0.0,605.0
NEG-baksa-2018-03-04,baksa,,2018-03-04,0,28.7643,78.00321,0,0.1,0.1,3.8000000000000003,29.860000000000003,0.0,0.0,0.12,0.0,217.0,0.541,29,18,0.0,623.0
NEG-baksa-2023-02-21,baksa,,2023-02-21,0,28.7643,78.00321,0,0.0,0.0,0.0,25.76,0.0,0.0,0.12,0.0,217.0,0.541,117,21,0.0,217.0
NEG-baksa-2018-05-07,baksa,,2018-05-07,0,28.7643,78.00321,0,1.6,5.199999999999999,9.299999999999999,45.45,0.8,0.0,0.12,0.0,217.0,0.541,29,18,0.0,687.0
NEG-baksa-2021-08-01,baksa,,2021-08-01,0,28.7643,78.00321,0,22.200000000000003,78.0,260.4,21.04,19.1,1.7,1.26,37.0,217.0,0.541,32,20,0.0,571.0
NEG-baksa-2021-07-03,baksa,,2021-07-03,0,28.7643,78.00321,0,0.1,0.4,13.899999999999999,46.44,0.2,0.6,0.12,-25.0,217.0,0.541,32,20,0.0,542.0
NEG-baksa-2020-06-28,baksa,,2020-06-28,0,28.7643,78.00321,0,2.9,13.1,16.3,35.66,0.9,0.8,0.14,16.7,217.0,0.541,32,20,0.0,172.0
NEG-baksa-2016-08-31,baksa,,2016-08-31,0,28.7643,78.00321,0,34.400000000000006,55.50000000000001,68.20000000000002,26.759999999999998,16.0,0.0,0.65,150.0,217.0,0.541,29,18,0.0,73.0
NEG-baksa-2021-01-15,baksa,,2021-01-15,0,28.7643,78.00321,0,0.0,0.0,22.6,15.16,0.0,0.0,0.11,-21.4,217.0,0.541,32,20,0.0,373.0
NEG-baksa-2020-06-06,baksa,,2020-06-06,0,28.7643,78.00321,0,0.5,4.5,8.8,36.46,1.5,0.1,0.16,-27.3,217.0,0.541,32,20,0.0,150.0
NEG-baksa-2018-11-14,baksa,,2018-11-14,0,28.7643,78.00321,0,0.0,0.0,1.6,20.72,0.0,0.0,0.13,8.3,217.0,0.541,29,18,0.0,878.0
NEG-baksa-2018-09-23,baksa,,2018-09-23,0,28.7643,78.00321,0,52.099999999999994,52.099999999999994,57.8,30.58,40.5,3.6,0.47,6.8,217.0,0.541,29,18,0.0,826.0
NEG-baksa-2021-03-10,baksa,,2021-03-10,0,28.7643,78.00321,0,0.0,0.0,0.0,35.76,0.0,0.0,0.12,0.0,217.0,0.541,32,20,0.0,427.0
NEG-baksa-2023-07-22,baksa,,2023-07-22,0,28.7643,78.00321,0,3.7,54.2,183.5,28.849999999999998,0.5,9.6,0.59,-35.2,217.0,0.541,138,22,0.0,17.0
NEG-baksa-2021-02-03,baksa,,2021-02-03,0,28.7643,78.00321,0,0.0,0.0,0.8,18.17,7.8,0.1,0.12,9.1,217.0,0.541,32,20,0.0,392.0
NEG-baksa-2019-03-26,baksa,,2019-03-26,0,28.7643,78.00321,0,0.4,0.5,1.3,40.01,0.0,0.0,0.12,0.0,217.0,0.541,29,18,0.0,1010.0
NEG-baksa-2020-02-09,baksa,,2020-02-09,0,28.7643,78.00321,0,0.1,0.1,13.599999999999998,18.299999999999997,0.0,0.0,0.12,-14.3,217.0,0.541,32,20,0.0,32.0
NEG-baksa-2018-08-11,baksa,,2018-08-11,0,28.7643,78.00321,0,15.5,36.7,149.79999999999998,20.380000000000003,8.7,2.1,0.59,25.5,217.0,0.541,29,18,0.0,783.0
NEG-baksa-2017-02-11,baksa,,2017-02-11,0,28.7643,78.00321,0,0.0,7.6,7.6,20.67,0.0,0.0,0.12,0.0,217.0,0.541,29,18,0.0,237.0
NEG-baksa-2022-10-27,baksa,,2022-10-27,0,28.7643,78.00321,0,0.0,0.0,0.0,25.36,0.0,0.0,0.46,-60.3,217.0,0.541,117,21,0.0,100.0
NEG-baksa-2017-09-05,baksa,,2017-09-05,0,28.7643,78.00321,0,6.5,58.699999999999996,115.4,22.04,1.4,5.9,0.76,68.9,217.0,0.541,29,18,0.0,443.0
NEG-baksa-2021-05-31,baksa,,2021-05-31,0,28.7643,78.00321,0,0.1,0.1,144.60000000000002,45.18,1.2,0.6,0.12,-36.8,217.0,0.541,32,20,0.0,509.0
NEG-baksa-2019-04-18,baksa,,2019-04-18,0,28.7643,78.00321,0,14.6,14.6,15.7,45.650000000000006,0.0,0.0,0.22,83.3,217.0,0.541,29,18,0.0,1033.0
NEG-baksa-2017-08-14,baksa,,2017-08-14,0,28.7643,78.00321,0,2.0,45.400000000000006,106.50000000000001,26.090000000000003,1.0,0.4,1.0,-41.2,217.0,0.541,29,18,0.0,421.0
NEG-baksa-2023-09-12,baksa,,2023-09-12,0,28.7643,78.00321,0,46.8,65.60000000000001,65.60000000000001,27.17,0.4,6.1,0.42,162.5,217.0,0.541,139,22,0.0,16.0
NEG-baksa-2019-08-10,baksa,,2019-08-10,0,28.7643,78.00321,0,4.9,45.9,82.2,24.790000000000003,1.2,3.5,0.64,-21.0,217.0,0.541,29,18,0.0,1147.0
NEG-baksa-2015-06-28,baksa,,2015-06-28,0,28.7643,78.00321,0,22.8,33.7,44.4,37.230000000000004,0.3,17.6,0.19,18.8,217.0,0.541,25,17,0.0,19.0
NEG-balaghat-2018-07-27,balaghat,,2018-07-27,0,21.8156,80.18845,0,25.8,127.49999999999999,222.3,16.11,8.5,1.8,8.82,4.3,316.0,1.081,22,16,0.0,4347.0
NEG-balaghat-2023-05-09,balaghat,,2023-05-09,0,21.8156,80.18845,0,0.6,22.1,61.4,34.16,0.0,0.0,0.03,-93.6,316.0,1.081,25,18,0.0,236.0
NEG-balaghat-2020-04-21,balaghat,,2020-04-21,0,21.8156,80.18845,0,0.0,0.0,0.4,45.29,0.0,0.0,0.03,0.0,316.0,1.081,22,16,0.0,4981.0
NEG-balaghat-2022-11-28,balaghat,,2022-11-28,0,21.8156,80.18845,0,0.0,0.0,0.0,28.58,0.0,0.0,0.11,0.0,316.0,1.081,25,18,0.0,74.0
NEG-balaghat-2019-04-11,balaghat,,2019-04-11,0,21.8156,80.18845,1,0.0,0.0,0.0,49.199999999999996,0.0,0.0,0.0,,316.0,1.081,22,16,0.0,4605.0
NEG-balaghat-2019-05-01,balaghat,,2019-05-01,0,21.8156,80.18845,1,0.0,0.0,0.7,49.379999999999995,0.0,0.0,0.0,,316.0,1.081,22,16,0.0,4625.0
NEG-balaghat-2022-06-11,balaghat,,2022-06-11,0,21.8156,80.18845,1,0.0,0.0,0.5,54.23,0.8,0.2,0.0,,316.0,1.081,23,17,0.0,652.0
NEG-balaghat-2023-11-20,balaghat,,2023-11-20,0,21.8156,80.18845,0,0.0,0.0,0.0,25.25,0.0,0.0,0.09,0.0,316.0,1.081,25,18,0.0,431.0
NEG-balaghat-2022-04-24,balaghat,,2022-04-24,0,21.8156,80.18845,1,0.0,0.0,0.0,49.02,0.0,0.0,0.0,,316.0,1.081,23,17,0.0,604.0
NEG-balangir-2016-09-15,balangir,,2016-09-15,0,20.70419,83.49029,0,12.3,98.3,195.9,17.830000000000002,0.1,2.8,1.48,-11.4,188.0,0.721,18,12,0.0,781.0
NEG-balangir-2020-07-21,balangir,,2020-07-21,0,20.70419,83.49029,0,28.1,65.2,124.70000000000002,27.4,9.2,18.3,0.91,-9.0,188.0,0.721,20,14,0.0,256.0
NEG-balangir-2015-06-01,balangir,,2015-06-01,0,20.70419,83.49029,0,0.3,0.3,0.3,55.2,0.7,0.9,0.03,-50.0,188.0,0.721,18,12,0.0,309.0
NEG-balangir-2016-06-01,balangir,,2016-06-01,0,20.70419,83.49029,0,0.2,1.5,4.3,50.58,0.0,0.4,0.03,0.0,188.0,0.721,18,12,0.0,675.0
NEG-balangir-2020-08-19,balangir,,2020-08-19,0,20.70419,83.49029,0,113.0,258.8,362.80000000000007,16.680000000000003,18.8,13.3,1.44,28.6,188.0,0.721,20,14,0.0,285.0
NEG-balangir-2021-08-14,balangir,,2021-08-14,0,20.70419,83.49029,0,10.7,17.6,42.1,32.03,14.8,16.4,0.7,-12.5,188.0,0.721,20,14,0.0,645.0
NEG-baleshwar-2018-09-21,baleshwar,,2018-09-21,0,21.49266,86.93348,0,42.6,94.0,126.70000000000002,24.24,7.4,1.7,433.51,45.4,20.0,1.171,48,29,0.0,38.0
NEG-baleshwar-2016-02-16,baleshwar,,2016-02-16,0,21.49266,86.93348,0,0.6,2.4,4.8999999999999995,26.009999999999998,0.0,0.0,0.36,-12.2,20.0,1.171,47,28,0.0,577.0
NEG-baleshwar-2019-12-09,baleshwar,,2019-12-09,0,21.49266,86.93348,0,0.7,0.7,0.7,21.27,1.4,1.5,35.06,-11.4,20.0,1.171,50,30,0.0,31.0
NEG-baleshwar-2016-02-13,baleshwar,,2016-02-13,0,21.49266,86.93348,0,1.7,1.9,4.3,26.01,0.6,0.0,0.37,-15.9,20.0,1.171,47,28,0.0,574.0
NEG-baleshwar-2020-11-24,baleshwar,,2020-11-24,0,21.49266,86.93348,0,0.0,0.6,0.6,24.77,0.0,0.0,34.97,-4.4,20.0,1.171,51,31,0.0,124.0
NEG-baleshwar-2020-02-15,baleshwar,,2020-02-15,0,21.49266,86.93348,0,0.0,5.2,27.5,24.54,0.0,0.0,10.94,-40.2,20.0,1.171,50,30,0.0,99.0
NEG-baleshwar-2015-03-04,baleshwar,,2015-03-04,0,21.49266,86.93348,0,0.0,0.0,0.1,36.730000000000004,0.4,0.0,0.37,-9.8,20.0,1.171,47,28,0.0,228.0
NEG-baleshwar-2023-02-07,baleshwar,,2023-02-07,0,21.49266,86.93348,0,0.0,0.0,0.0,27.24,0.0,0.0,0.59,-3.3,20.0,1.171,52,32,0.0,172.0
NEG-baleshwar-2016-08-13,baleshwar,,2016-08-13,0,21.49266,86.93348,0,51.5,191.10000000000005,280.6,17.59,5.5,11.3,295.48,46.1,20.0,1.171,47,28,0.0,756.0
NEG-baleshwar-2019-08-07,baleshwar,,2019-08-07,0,21.49266,86.93348,0,49.8,72.1,157.70000000000002,28.380000000000003,3.1,0.4,85.1,38.0,20.0,1.171,48,29,0.0,358.0
NEG-baleshwar-2022-05-05,baleshwar,,2022-05-05,0,21.49266,86.93348,0,15.799999999999999,15.9,29.400000000000002,39.48,0.0,0.7,23.83,-5.6,20.0,1.171,51,31,0.0,651.0
NEG-baleshwar-2016-09-24,baleshwar,,2016-09-24,0,21.49266,86.93348,0,58.6,83.8,166.29999999999998,24.35,18.5,9.0,176.01,-22.1,20.0,1.171,47,28,0.0,798.0
NEG-baleshwar-2015-11-03,baleshwar,,2015-11-03,0,21.49266,86.93348,0,17.1,23.6,23.900000000000002,22.8,0.0,0.0,30.05,-8.2,20.0,1.171,47,28,0.0,472.0
NEG-baleshwar-2020-04-07,baleshwar,,2020-04-07,0,21.49266,86.93348,0,0.0,0.0,0.4,38.330000000000005,0.0,0.0,2.34,-37.6,20.0,1.171,50,30,0.0,151.0
NEG-baleshwar-2023-10-07,baleshwar,,2023-10-07,0,21.49266,86.93348,0,28.800000000000004,103.89999999999999,151.20000000000002,19.96,3.3,0.0,365.44,143.0,20.0,1.171,53,33,0.0,48.0
NEG-baleshwar-2017-12-21,baleshwar,,2017-12-21,0,21.49266,86.93348,0,0.0,0.0,62.900000000000006,20.020000000000003,0.0,0.0,30.05,-30.4,20.0,1.171,47,28,0.0,1251.0
NEG-baleshwar-2018-10-18,baleshwar,,2018-10-18,0,21.49266,86.93348,0,1.9,59.9,133.7,22.9,0.0,0.0,234.5,-0.7,20.0,1.171,48,29,0.0,65.0
NEG-baleshwar-2021-12-27,baleshwar,,2021-12-27,0,21.49266,86.93348,0,0.1,0.1,0.1,19.490000000000002,0.0,0.0,34.97,-14.5,20.0,1.171,51,31,0.0,522.0
NEG-ballari-2022-10-08,ballari,,2022-10-08,0,15.14205,76.92398,0,11.200000000000001,22.5,72.0,27.849999999999998,5.2,24.0,1.9,-47.5,454.0,0.721,57,29,0.0,1002.0
NEG-ballari-2019-06-17,ballari,,2019-06-17,0,15.14205,76.92398,0,0.7,9.299999999999999,23.2,43.62,0.1,0.7,0.37,-72.4,454.0,0.721,47,28,0.0,27.0
NEG-ballari-2022-04-15,ballari,,2022-04-15,0,15.14205,76.92398,0,0.0,0.0,0.0,52.25000000000001,2.5,0.0,0.56,0.0,454.0,0.721,57,29,0.0,826.0
NEG-ballari-2015-11-25,ballari,,2015-11-25,0,15.14205,76.92398,0,8.899999999999999,15.599999999999998,31.3,16.34,0.0,0.0,0.64,-7.2,454.0,0.721,43,25,0.0,55.0
NEG-ballari-2018-09-07,ballari,,2018-09-07,0,15.14205,76.92398,0,1.6,3.8000000000000003,13.7,42.02,0.8,0.2,0.34,-51.4,454.0,0.721,46,27,0.0,185.0
NEG-ballari-2022-07-25,ballari,,2022-07-25,0,15.14205,76.92398,0,4.3,5.699999999999999,36.199999999999996,33.36,0.6,18.6,0.47,-34.7,454.0,0.721,57,29,0.0,927.0
NEG-ballari-2020-12-25,ballari,,2020-12-25,0,15.14205,76.92398,0,0.0,0.0,0.0,31.66,0.0,0.0,0.26,13.0,454.0,0.721,57,29,0.0,350.0
NEG-ballari-2019-04-06,ballari,,2019-04-06,0,15.14205,76.92398,0,0.0,0.0,0.0,48.66000000000001,0.0,0.0,0.56,5.7,454.0,0.721,46,27,0.0,396.0
NEG-ballari-2018-07-21,ballari,,2018-07-21,0,15.14205,76.92398,0,1.4000000000000001,8.9,47.6,35.6,0.5,2.9,0.39,-72.9,454.0,0.721,46,27,0.0,137.0
NEG-ballari-2022-01-11,ballari,,2022-01-11,0,15.14205,76.92398,0,0.3,0.3,2.8,29.28,0.1,0.7,0.16,-30.4,454.0,0.721,57,29,0.0,732.0
NEG-ballari-2023-01-22,ballari,,2023-01-22,0,15.14205,76.92398,0,0.0,0.0,0.0,35.82,0.0,0.1,0.17,0.0,454.0,0.721,57,29,0.0,1108.0
NEG-ballari-2020-06-21,ballari,,2020-06-21,0,15.14205,76.92398,0,1.8,8.0,78.6,35.739999999999995,0.5,0.0,0.37,-26.0,454.0,0.721,57,29,0.0,163.0
NEG-ballari-2021-01-25,ballari,,2021-01-25,0,15.14205,76.92398,0,0.0,0.0,0.0,37.3,0.0,0.0,0.17,-10.5,454.0,0.721,57,29,0.0,381.0
NEG-ballari-2015-05-28,ballari,,2015-05-28,0,15.14205,76.92398,0,0.0,0.4,27.4,57.36,4.0,0.3,2.31,463.4,454.0,0.721,40,25,0.0,51.0
NEG-ballari-2021-12-04,ballari,,2021-12-04,0,15.14205,76.92398,0,1.5999999999999999,67.80000000000001,91.10000000000001,20.21,0.5,0.0,0.39,8.3,454.0,0.721,57,29,0.0,694.0
NEG-ballari-2022-01-29,ballari,,2022-01-29,0,15.14205,76.92398,0,1.7,1.7,2.5,33.51,0.0,0.0,0.17,0.0,454.0,0.721,57,29,0.0,750.0
NEG-ballari-2022-09-04,ballari,,2022-09-04,0,15.14205,76.92398,0,10.600000000000001,52.300000000000004,112.79999999999998,30.4,29.0,29.2,0.76,-50.3,454.0,0.721,57,29,0.0,968.0
NEG-ballari-2018-03-23,ballari,,2018-03-23,0,15.14205,76.92398,0,0.0,16.3,16.5,38.05,0.0,0.0,0.63,-66.8,454.0,0.721,46,27,0.0,17.0
NEG-ballari-2017-07-20,ballari,,2017-07-20,0,15.14205,76.92398,0,5.5,9.5,12.900000000000002,32.85,0.4,0.4,0.77,126.5,454.0,0.721,44,26,0.0,33.0
NEG-ballari-2023-05-17,ballari,,2023-05-17,0,15.14205,76.92398,0,0.0,1.9,24.099999999999998,48.89999999999999,0.0,0.0,0.37,-68.9,454.0,0.721,57,29,0.0,1223.0
NEG-ballari-2016-01-06,ballari,,2016-01-06,0,15.14205,76.92398,0,0.0,0.0,0.0,39.059999999999995,0.0,0.0,0.23,-11.5,454.0,0.721,43,25,0.0,97.0
NEG-ballari-2019-11-13,ballari,,2019-11-13,0,15.14205,76.92398,0,0.2,2.8,30.8,29.839999999999996,1.5,11.3,0.31,-36.7,454.0,0.721,50,28,0.0,25.0
NEG-ballari-2016-02-08,ballari,,2016-02-08,0,15.14205,76.92398,0,0.0,0.0,0.0,43.49,0.0,0.0,0.53,-3.6,454.0,0.721,43,25,0.0,130.0
NEG-ballari-2022-02-08,ballari,,2022-02-08,0,15.14205,76.92398,0,0.0,0.0,1.7,36.08,0.0,0.0,0.55,0.0,454.0,0.721,57,29,0.0,760.0
NEG-ballari-2022-11-23,ballari,,2022-11-23,0,15.14205,76.92398,0,2.8,2.8,9.399999999999999,32.76,2.3,0.0,0.46,35.3,454.0,0.721,57,29,0.0,1048.0
NEG-ballari-2016-02-16,ballari,,2016-02-16,0,15.14205,76.92398,0,0.0,0.0,0.0,40.910000000000004,0.0,0.0,0.53,0.0,454.0,0.721,43,25,0.0,138.0
NEG-ballari-2019-12-23,ballari,,2019-12-23,0,15.14205,76.92398,0,0.2,0.4,0.6000000000000001,27.36,0.0,0.0,0.23,-8.0,454.0,0.721,50,28,0.0,65.0
NEG-ballari-2016-11-12,ballari,,2016-11-12,0,15.14205,76.92398,0,0.0,0.0,6.1000000000000005,39.02,0.0,1.9,0.28,-9.7,454.0,0.721,43,25,0.0,408.0
NEG-ballari-2022-10-13,ballari,,2022-10-13,0,15.14205,76.92398,0,60.800000000000004,76.70000000000002,121.0,23.0,2.1,5.3,3.65,393.2,454.0,0.721,57,29,0.0,1007.0
NEG-ballari-2018-05-11,ballari,,2018-05-11,0,15.14205,76.92398,0,1.4,1.6,1.7,44.43,0.2,0.1,0.69,23.2,454.0,0.721,46,27,0.0,66.0
NEG-ballari-2015-04-29,ballari,,2015-04-29,0,15.14205,76.92398,0,0.1,3.4000000000000004,4.699999999999999,44.17,0.0,0.0,0.56,-5.1,454.0,0.721,40,25,0.0,22.0
NEG-ballari-2018-08-21,ballari,,2018-08-21,0,15.14205,76.92398,0,2.5,18.099999999999994,40.300000000000004,30.650000000000006,0.1,0.4,0.42,-62.5,454.0,0.721,46,27,0.0,168.0
NEG-ballari-2023-12-06,ballari,,2023-12-06,0,15.14205,76.92398,0,0.8,2.4,20.499999999999996,28.86,0.5,1.4,0.28,-85.6,454.0,0.721,58,30,0.0,154.0
NEG-ballari-2015-08-18,ballari,,2015-08-18,0,15.14205,76.92398,0,1.2999999999999998,21.900000000000002,40.50000000000001,29.33,8.3,9.3,0.61,-35.1,454.0,0.721,41,25,0.0,39.0
NEG-ballari-2018-04-16,ballari,,2018-04-16,0,15.14205,76.92398,0,2.3,4.0,11.600000000000001,43.65,0.3,0.0,0.59,0.0,454.0,0.721,46,27,0.0,41.0
NEG-ballari-2019-01-08,ballari,,2019-01-08,0,15.14205,76.92398,0,0.0,0.0,0.9,36.41,0.0,0.0,0.22,-12.0,454.0,0.721,46,27,0.0,308.0
NEG-ballari-2019-03-16,ballari,,2019-03-16,0,15.14205,76.92398,0,0.0,0.0,0.1,50.85999999999999,0.0,0.0,0.53,0.0,454.0,0.721,46,27,0.0,375.0
NEG-ballari-2019-10-31,ballari,,2019-10-31,0,15.14205,76.92398,0,8.9,21.099999999999998,97.49999999999999,24.630000000000003,0.0,1.7,0.93,-68.5,454.0,0.721,50,28,0.0,12.0
NEG-ballari-2016-08-19,ballari,,2016-08-19,0,15.14205,76.92398,0,2.4000000000000004,3.7,5.999999999999999,33.459999999999994,0.0,0.1,0.3,-9.1,454.0,0.721,43,25,0.0,323.0
NEG-ballari-2017-09-27,ballari,,2017-09-27,0,15.14205,76.92398,0,26.3,26.5,64.7,30.23,20.1,37.6,3.23,546.0,454.0,0.721,45,26,0.0,49.0
NEG-ballari-2020-12-15,ballari,,2020-12-15,0,15.14205,76.92398,0,0.0,13.7,16.7,29.640000000000004,0.0,0.0,0.26,-31.6,454.0,0.721,57,29,0.0,340.0
NEG-ballari-2019-08-15,ballari,,2019-08-15,0,15.14205,76.92398,0,8.9,13.9,62.10000000000001,33.800000000000004,4.2,5.9,0.49,-75.5,454.0,0.721,47,28,0.0,86.0
NEG-ballari-2021-05-07,ballari,,2021-05-07,0,15.14205,76.92398,0,0.9,0.9,4.7,45.31,0.0,0.0,0.56,-15.2,454.0,0.721,57,29,0.0,483.0
NEG-ballari-2022-08-24,ballari,,2022-08-24,0,15.14205,76.92398,0,5.699999999999999,7.199999999999999,11.1,40.03,7.2,19.2,0.3,-11.8,454.0,0.721,57,29,0.0,957.0
NEG-ballari-2023-11-21,ballari,,2023-11-21,0,15.14205,76.92398,0,0.0,0.0,15.8,33.58,3.3,5.8,0.31,-34.0,454.0,0.721,58,30,0.0,139.0
NEG-ballari-2017-01-07,ballari,,2017-01-07,0,15.14205,76.92398,0,0.0,0.0,0.0,36.55,0.0,0.0,0.22,-15.4,454.0,0.721,43,25,0.0,464.0
NEG-ballari-2016-11-27,ballari,,2016-11-27,0,15.14205,76.92398,0,0.0,0.0,6.1,36.7,0.0,0.0,0.28,-9.7,454.0,0.721,43,25,0.0,423.0
NEG-ballari-2016-12-18,ballari,,2016-12-18,0,15.14205,76.92398,0,0.0,13.1,13.5,26.7,0.0,0.0,0.28,12.0,454.0,0.721,43,25,0.0,444.0
NEG-ballari-2015-11-20,ballari,,2015-11-20,0,15.14205,76.92398,0,6.6,18.5,20.8,22.42,1.9,0.6,0.76,130.3,454.0,0.721,43,25,0.0,50.0
NEG-ballari-2021-11-01,ballari,,2021-11-01,0,15.14205,76.92398,0,14.5,14.6,57.7,31.049999999999997,3.3,3.3,0.87,-34.6,454.0,0.721,57,29,0.0,661.0
NEG-ballari-2019-04-16,ballari,,2019-04-16,0,15.14205,76.92398,0,0.0,0.0,0.0,47.08,0.0,0.0,0.59,5.4,454.0,0.721,46,27,0.0,406.0
NEG-ballari-2021-12-13,ballari,,2021-12-13,0,15.14205,76.92398,0,1.0,2.0,43.0,25.15,1.0,0.0,0.3,-9.1,454.0,0.721,57,29,0.0,703.0
NEG-ballari-2022-08-30,ballari,,2022-08-30,0,15.14205,76.92398,0,25.1,65.6,72.39999999999999,31.299999999999997,22.2,2.7,2.48,726.7,454.0,0.721,57,29,0.0,963.0
NEG-ballari-2017-09-13,ballari,,2017-09-13,0,15.14205,76.92398,0,3.3000000000000003,51.10000000000001,61.800000000000004,29.900000000000002,21.9,3.5,1.12,-67.3,454.0,0.721,45,26,0.0,35.0
NEG-ballari-2020-07-31,ballari,,2020-07-31,0,15.14205,76.92398,0,26.4,71.30000000000001,123.80000000000001,28.19,2.5,5.3,1.74,30.8,454.0,0.721,57,29,0.0,203.0
NEG-ballari-2021-07-16,ballari,,2021-07-16,0,15.14205,76.92398,0,40.0,102.6,135.3,23.39,20.0,29.0,2.72,172.0,454.0,0.721,57,29,0.0,553.0
NEG-ballari-2016-08-09,ballari,,2016-08-09,0,15.14205,76.92398,0,1.9,8.1,89.6,29.849999999999994,0.0,0.3,0.37,-68.1,454.0,0.721,43,25,0.0,313.0
NEG-ballari-2020-03-03,ballari,,2020-03-03,0,15.14205,76.92398,0,0.0,0.1,0.1,40.4,0.0,0.0,0.53,-3.6,454.0,0.721,57,29,0.0,53.0
NEG-ballari-2022-02-25,ballari,,2022-02-25,0,15.14205,76.92398,0,0.0,0.0,0.0,43.36,0.0,0.0,0.53,-3.6,454.0,0.721,57,29,0.0,777.0
NEG-ballari-2017-11-06,ballari,,2017-11-06,0,15.14205,76.92398,0,5.8,5.8,13.0,28.779999999999998,0.5,0.0,0.36,9.1,454.0,0.721,45,26,0.0,89.0
NEG-ballia-2020-02-26,ballia,,2020-02-26,0,25.42139,86.31445,0,38.599999999999994,39.5,39.5,21.810000000000002,0.6,0.0,0.26,62.5,43.0,0.45,59,35,0.0,153.0
NEG-ballia-2017-11-11,ballia,,2017-11-11,0,25.42139,86.31445,0,0.0,0.0,2.6,23.36,0.0,0.0,0.17,-15.0,43.0,0.45,56,33,0.0,216.0
NEG-ballia-2022-06-24,ballia,,2022-06-24,0,25.42139,86.31445,0,11.1,65.39999999999999,77.3,32.71,0.6,1.4,0.25,0.0,43.0,0.45,63,37,0.0,282.0
NEG-ballia-2015-02-08,ballia,,2015-02-08,0,25.42139,86.31445,0,0.0,0.0,9.8,23.2,0.3,0.0,0.16,0.0,43.0,0.45,52,31,0.0,1201.0
NEG-ballia-2020-03-20,ballia,,2020-03-20,0,25.42139,86.31445,0,0.0,36.199999999999996,59.4,27.119999999999997,2.7,0.7,0.16,-15.8,43.0,0.45,59,35,0.0,176.0
NEG-ballia-2018-03-24,ballia,,2018-03-24,0,25.42139,86.31445,0,0.2,0.2,1.3,39.64,0.0,0.0,0.16,0.0,43.0,0.45,56,33,0.0,349.0
NEG-ballia-2022-08-07,ballia,,2022-08-07,0,25.42139,86.31445,0,11.1,67.60000000000001,148.40000000000003,26.049999999999997,1.7,0.1,0.31,-29.5,43.0,0.45,63,37,0.0,326.0
NEG-ballia-2021-02-16,ballia,,2021-02-16,0,25.42139,86.31445,0,0.0,0.0,1.8,25.07,0.3,0.1,0.16,0.0,43.0,0.45,61,36,0.0,182.0
NEG-ballia-2016-10-09,ballia,,2016-10-09,0,25.42139,86.31445,0,28.4,40.400000000000006,98.00000000000001,24.56,27.9,1.5,1.33,-4.3,43.0,0.45,55,32,0.0,54.0
NEG-ballia-2015-10-30,ballia,,2015-10-30,0,25.42139,86.31445,0,0.7,0.7,1.8,25.45,0.0,0.1,0.16,0.0,43.0,0.45,52,31,0.0,1465.0
NEG-ballia-2019-12-15,ballia,,2019-12-15,0,25.42139,86.31445,0,24.7,24.7,24.7,15.3,0.3,0.0,0.25,78.6,43.0,0.45,59,35,0.0,80.0
NEG-ballia-2018-11-16,ballia,,2018-11-16,0,25.42139,86.31445,0,0.0,0.0,0.2,22.81,0.0,0.0,0.15,0.0,43.0,0.45,58,34,0.0,68.0
NEG-ballia-2018-05-10,ballia,,2018-05-10,0,25.42139,86.31445,0,0.1,16.700000000000003,65.89999999999999,36.55,0.0,0.0,0.19,-48.6,43.0,0.45,56,33,0.0,396.0
NEG-ballia-2022-03-02,ballia,,2022-03-02,0,25.42139,86.31445,0,0.7,6.8,6.8,24.490000000000002,0.0,0.0,0.16,0.0,43.0,0.45,63,37,0.0,168.0
NEG-ballia-2022-09-28,ballia,,2022-09-28,0,25.42139,86.31445,0,22.3,52.400000000000006,184.49999999999997,23.61,3.2,4.5,0.9,-5.3,43.0,0.45,64,38,0.0,32.0
NEG-ballia-2017-10-21,ballia,,2017-10-21,0,25.42139,86.31445,0,7.6,7.699999999999999,242.1,25.470000000000002,1.5,0.0,0.67,-41.7,43.0,0.45,56,33,0.0,195.0
NEG-ballia-2020-02-15,ballia,,2020-02-15,0,25.42139,86.31445,0,0.0,0.0,0.0,24.64,0.0,0.0,0.16,0.0,43.0,0.45,59,35,0.0,142.0
NEG-ballia-2018-05-22,ballia,,2018-05-22,0,25.42139,86.31445,0,1.7000000000000002,5.300000000000001,20.700000000000003,38.3,0.7,2.5,0.19,0.0,43.0,0.45,56,33,0.0,408.0
NEG-ballia-2017-03-26,ballia,,2017-03-26,0,25.42139,86.31445,0,0.0,0.1,0.5,34.29,1.9,0.3,0.16,0.0,43.0,0.45,55,32,0.0,222.0
NEG-ballia-2019-04-25,ballia,,2019-04-25,0,25.42139,86.31445,0,2.1,2.1,2.4,46.15,0.0,0.0,0.19,0.0,43.0,0.45,58,34,0.0,228.0
NEG-ballia-2020-06-02,ballia,,2020-06-02,0,25.42139,86.31445,0,6.700000000000001,8.0,32.199999999999996,34.4,0.1,1.3,0.22,15.8,43.0,0.45,59,35,0.0,250.0
NEG-ballia-2016-03-12,ballia,,2016-03-12,0,25.42139,86.31445,0,0.3,2.7,3.3,40.519999999999996,0.1,6.6,0.16,0.0,43.0,0.45,52,31,0.0,1599.0
NEG-ballia-2017-08-29,ballia,,2017-08-29,0,25.42139,86.31445,0,10.2,30.7,98.9,26.93,0.4,2.5,1.34,0.8,43.0,0.45,56,33,0.0,142.0
NEG-ballia-2019-04-12,ballia,,2019-04-12,0,25.42139,86.31445,0,2.4,3.2,3.6,35.44,0.0,0.0,0.19,18.8,43.0,0.45,58,34,0.0,215.0
NEG-ballia-2021-05-31,ballia,,2021-05-31,0,25.42139,86.31445,0,110.3,195.8,210.5,22.64,1.0,0.3,0.34,78.9,43.0,0.45,61,36,0.0,286.0
NEG-ballia-2019-01-10,ballia,,2019-01-10,0,25.42139,86.31445,0,0.0,0.0,0.0,18.270000000000003,0.0,0.0,0.12,0.0,43.0,0.45,58,34,0.0,123.0
NEG-ballia-2021-06-12,ballia,,2021-06-12,0,25.42139,86.31445,0,13.8,16.4,36.9,37.56,3.6,16.1,0.31,40.9,43.0,0.45,61,36,0.0,298.0
NEG-ballia-2018-04-26,ballia,,2018-04-26,0,25.42139,86.31445,0,0.1,0.2,0.5,48.019999999999996,0.2,3.0,0.16,-15.8,43.0,0.45,56,33,0.0,382.0
NEG-ballia-2022-11-04,ballia,,2022-11-04,0,25.42139,86.31445,0,0.0,0.0,0.1,25.09,0.0,0.0,0.16,-36.0,43.0,0.45,65,38,0.0,24.0
NEG-ballia-2018-04-24,ballia,,2018-04-24,0,25.42139,86.31445,0,0.1,0.1,1.5000000000000002,47.589999999999996,0.1,1.0,0.16,-15.8,43.0,0.45,56,33,0.0,380.0
NEG-ballia-2015-03-31,ballia,,2015-03-31,0,25.42139,86.31445,0,43.2,45.1,45.9,34.65,0.1,0.0,0.28,75.0,43.0,0.45,52,31,0.0,1252.0
NEG-ballia-2022-05-20,ballia,,2022-05-20,0,25.42139,86.31445,0,0.4,0.4,7.0,44.129999999999995,0.0,0.0,0.19,0.0,43.0,0.45,63,37,0.0,247.0
NEG-ballia-2019-06-10,ballia,,2019-06-10,0,25.42139,86.31445,0,0.2,1.4,2.6,47.989999999999995,0.1,0.1,0.19,0.0,43.0,0.45,58,34,0.0,274.0
NEG-ballia-2018-01-29,ballia,,2018-01-29,0,25.42139,86.31445,0,0.0,0.0,0.0,18.060000000000002,0.0,0.0,0.12,0.0,43.0,0.45,56,33,0.0,295.0
NEG-ballia-2015-02-03,ballia,,2015-02-03,0,25.42139,86.31445,0,0.0,9.8,9.8,19.2,0.0,0.0,0.16,33.3,43.0,0.45,52,31,0.0,1196.0
NEG-ballia-2021-05-07,ballia,,2021-05-07,0,25.42139,86.31445,0,2.9000000000000004,6.499999999999999,6.7,37.98,0.0,1.2,0.19,0.0,43.0,0.45,61,36,0.0,262.0
NEG-ballia-2022-09-10,ballia,,2022-09-10,0,25.42139,86.31445,0,19.099999999999998,83.3,162.3,25.770000000000003,3.3,15.7,0.47,2.2,43.0,0.45,64,38,0.0,14.0
NEG-ballia-2023-09-23,ballia,,2023-09-23,0,25.42139,86.31445,0,87.7,109.5,155.2,25.25,30.4,6.3,1.19,72.5,43.0,0.45,65,38,0.0,347.0
NEG-ballia-2023-05-09,ballia,,2023-05-09,0,25.42139,86.31445,0,0.0,11.5,26.000000000000004,45.53999999999999,0.0,0.0,0.19,0.0,43.0,0.45,65,38,0.0,210.0
NEG-balod-2015-07-20,balod,,2015-07-20,0,20.73081,81.20578,0,5.6000000000000005,17.499999999999996,182.29999999999998,27.88,3.3,11.7,1.97,-87.3,329.0,1.351,0,0,35.77,36500.0
NEG-balod-2021-10-19,balod,,2021-10-19,0,20.73081,81.20578,0,24.0,29.7,39.099999999999994,25.9,0.0,0.0,0.31,0.0,329.0,1.351,0,0,35.77,36500.0
NEG-balod-2023-05-11,balod,,2023-05-11,0,20.73081,81.20578,0,1.3,1.9000000000000004,35.800000000000004,40.57,0.0,0.0,0.03,-66.7,329.0,1.351,1,1,0.0,300.0
NEG-balrampur-2020-07-27,balrampur,,2020-07-27,0,19.93878,83.204,0,1.6,48.5,97.00000000000001,27.750000000000004,5.5,1.7,3.88,-50.9,263.0,0.811,33,20,0.0,521.0
NEG-balrampur-2018-03-18,balrampur,,2018-03-18,0,19.93878,83.204,0,1.8,1.8,1.8,38.830000000000005,0.0,0.0,0.28,-9.7,263.0,0.811,29,19,0.0,38.0
NEG-balrampur-2023-09-13,balrampur,,2023-09-13,0,19.93878,83.204,0,40.699999999999996,74.1,153.5,26.330000000000002,23.5,3.2,9.79,-67.3,263.0,0.811,37,23,0.0,59.0
NEG-balrampur-2023-12-17,balrampur,,2023-12-17,0,19.93878,83.204,0,0.0,0.0,56.4,22.790000000000003,0.0,0.0,0.83,-12.6,263.0,0.811,37,23,0.0,154.0
NEG-balrampur-2021-10-22,balrampur,,2021-10-22,0,19.93878,83.204,0,1.3,31.700000000000003,34.1,21.78,0.0,0.2,1.39,-4.8,263.0,0.811,35,21,0.0,430.0
NEG-balrampur-2023-12-29,balrampur,,2023-12-29,0,19.93878,83.204,0,0.0,0.0,0.0,23.43,0.0,0.0,0.75,-6.3,263.0,0.811,37,23,0.0,166.0
NEG-balrampur-2018-12-14,balrampur,,2018-12-14,0,19.93878,83.204,0,30.6,30.6,31.4,19.509999999999998,0.0,7.9,2.13,119.6,263.0,0.811,31,19,0.0,139.0
NEG-balrampur-2017-06-16,balrampur,,2017-06-16,0,19.93878,83.204,1,14.7,47.2,68.10000000000001,30.880000000000003,0.5,6.3,0.0,,263.0,0.811,26,17,0.0,1037.0
NEG-balrampur-2022-02-20,balrampur,,2022-02-20,0,19.93878,83.204,0,0.0,0.0,0.2,33.29,0.0,0.0,0.56,-16.4,263.0,0.811,35,21,0.0,551.0
NEG-balrampur-2017-02-17,balrampur,,2017-02-17,0,19.93878,83.204,0,0.0,0.0,0.0,37.07,0.0,0.0,0.25,-10.7,263.0,0.811,26,17,0.0,918.0
NEG-balrampur-2021-12-18,balrampur,,2021-12-18,0,19.93878,83.204,0,0.0,0.1,2.0,23.479999999999997,0.0,0.0,1.19,-11.2,263.0,0.811,35,21,0.0,487.0
NEG-balrampur-2017-10-23,balrampur,,2017-10-23,0,19.93878,83.204,0,22.0,36.8,59.599999999999994,23.560000000000002,0.1,1.0,4.71,-13.9,263.0,0.811,28,18,0.0,70.0
NEG-balrampur-2022-08-08,balrampur,,2022-08-08,0,19.93878,83.204,0,77.9,91.1,133.4,24.890000000000004,24.8,15.5,37.99,536.3,263.0,0.811,35,21,0.0,720.0
NEG-balrampur-2023-06-22,balrampur,,2023-06-22,0,19.93878,83.204,1,10.0,10.2,13.4,46.16,4.2,2.5,0.0,,263.0,0.811,36,22,0.0,274.0
NEG-balrampur-2023-01-31,balrampur,,2023-01-31,0,19.93878,83.204,0,0.0,0.0,0.0,30.689999999999998,0.0,0.0,0.37,-9.8,263.0,0.811,36,22,0.0,132.0
NEG-balrampur-2023-08-10,balrampur,,2023-08-10,0,19.93878,83.204,0,1.0,10.5,179.4,35.31,1.1,0.9,4.62,-94.6,263.0,0.811,37,23,0.0,25.0
NEG-balrampur-2022-05-24,balrampur,,2022-05-24,0,19.93878,83.204,0,0.0,15.6,24.6,42.910000000000004,0.1,0.2,0.0,-100.0,263.0,0.811,35,21,0.0,644.0
NEG-balrampur-2022-08-20,balrampur,,2022-08-20,0,19.93878,83.204,0,48.900000000000006,273.5,439.0,20.340000000000003,1.9,0.5,33.91,-21.0,263.0,0.811,35,21,0.0,732.0
NEG-balrampur-2016-07-14,balrampur,,2016-07-14,0,19.93878,83.204,0,42.800000000000004,167.70000000000002,305.4,14.3,3.2,12.7,13.22,297.0,263.0,0.811,26,17,0.0,700.0
NEG-balrampur-2022-01-17,balrampur,,2022-01-17,0,19.93878,83.204,0,7.6,33.4,33.4,16.24,0.0,0.0,2.71,179.4,263.0,0.811,35,21,0.0,517.0
NEG-balrampur-2016-02-02,balrampur,,2016-02-02,0,19.93878,83.204,0,0.0,0.0,1.8,30.439999999999998,0.0,0.0,0.22,-12.0,263.0,0.811,26,17,0.0,537.0
NEG-balrampur-2022-01-14,balrampur,,2022-01-14,0,19.93878,83.204,0,25.599999999999998,25.8,25.8,20.849999999999998,0.8,0.0,11.13,1047.4,263.0,0.811,35,21,0.0,514.0
NEG-balrampur-2022-04-01,balrampur,,2022-04-01,0,19.93878,83.204,0,0.0,0.1,0.1,46.160000000000004,0.0,0.0,0.16,-36.0,263.0,0.811,35,21,0.0,591.0
NEG-balrampur-2015-06-11,balrampur,,2015-06-11,0,19.93878,83.204,1,10.5,35.800000000000004,44.89999999999999,33.540000000000006,13.8,3.2,0.0,,263.0,0.811,26,17,0.0,301.0
NEG-balrampur-2018-06-19,balrampur,,2018-06-19,0,19.93878,83.204,1,0.2,12.9,60.10000000000001,41.35,0.3,1.6,0.0,,263.0,0.811,30,19,0.0,11.0
NEG-balrampur-2023-11-05,balrampur,,2023-11-05,0,19.93878,83.204,0,13.000000000000002,13.000000000000002,13.000000000000002,26.94,0.6,0.0,1.06,-3.6,263.0,0.811,37,23,0.0,112.0
NEG-balrampur-2019-12-11,balrampur,,2019-12-11,0,19.93878,83.204,0,0.0,0.0,0.1,25.18,0.0,0.0,1.34,-4.3,263.0,0.811,33,20,0.0,292.0
NEG-balrampur-2015-05-17,balrampur,,2015-05-17,0,19.93878,83.204,1,36.400000000000006,42.7,46.599999999999994,39.3,0.0,0.0,0.0,,263.0,0.811,26,17,0.0,276.0
NEG-balrampur-2021-07-01,balrampur,,2021-07-01,0,19.93878,83.204,0,10.299999999999999,45.400000000000006,62.400000000000006,31.26,16.2,6.2,0.26,-83.3,263.0,0.811,35,21,0.0,317.0
NEG-balrampur-2019-02-03,balrampur,,2019-02-03,0,19.93878,83.204,0,0.0,16.2,16.299999999999997,20.96,0.0,0.0,0.37,0.0,263.0,0.811,32,20,0.0,12.0
NEG-balrampur-2023-03-19,balrampur,,2023-03-19,0,19.93878,83.204,0,3.7,3.9000000000000004,4.7,35.56,0.0,2.9,0.12,-25.0,263.0,0.811,36,22,0.0,179.0
NEG-balrampur-2016-06-22,balrampur,,2016-06-22,0,19.93878,83.204,1,5.0,35.900000000000006,56.800000000000004,32.94,3.1,15.3,0.0,,263.0,0.811,26,17,0.0,678.0
NEG-balrampur-2016-01-05,balrampur,,2016-01-05,0,19.93878,83.204,0,0.0,0.0,3.8,25.89,0.0,0.0,0.65,-7.1,263.0,0.811,26,17,0.0,509.0
NEG-banda-2018-04-23,banda,,2018-04-23,0,21.41522,83.68574,0,0.0,6.3999999999999995,13.799999999999999,49.09,0.0,0.0,0.34,21.4,176.0,0.45,29,20,0.0,104.0
NEG-banda-2018-08-31,banda,,2018-08-31,0,21.41522,83.68574,0,53.2,156.70000000000002,258.79999999999995,18.1,14.9,6.8,4.26,7.8,176.0,0.45,29,20,0.0,234.0
NEG-banda-2023-05-20,banda,,2023-05-20,0,21.41522,83.68574,0,0.0,0.0,0.3,54.99000000000001,0.1,0.0,0.25,-10.7,176.0,0.45,34,22,0.0,225.0
NEG-banda-2019-08-29,banda,,2019-08-29,0,21.41522,83.68574,0,23.5,83.1,153.4,20.2,8.1,6.9,3.62,9.0,176.0,0.45,29,20,0.0,597.0
NEG-banda-2016-12-20,banda,,2016-12-20,0,21.41522,83.68574,0,0.0,0.0,0.0,25.8,0.0,0.0,0.31,-6.1,176.0,0.45,28,19,0.0,3124.0
NEG-banda-2017-04-02,banda,,2017-04-02,0,21.41522,83.68574,0,0.0,0.0,1.9,55.61999999999999,0.1,0.0,0.28,0.0,176.0,0.45,28,19,0.0,3227.0
NEG-banda-2016-06-25,banda,,2016-06-25,0,21.41522,83.68574,0,25.5,32.7,68.19999999999999,31.54,2.3,12.5,0.26,4.0,176.0,0.45,28,19,0.0,2946.0
NEG-banda-2023-10-27,banda,,2023-10-27,0,21.41522,83.68574,0,0.30000000000000004,0.30000000000000004,0.4,31.21,0.0,0.0,2.47,-20.6,176.0,0.45,34,22,0.0,385.0
NEG-banda-2021-01-18,banda,,2021-01-18,0,21.41522,83.68574,0,0.0,0.0,0.0,28.68,0.0,0.0,0.31,-6.1,176.0,0.45,29,20,0.0,1105.0
NEG-banda-2019-02-07,banda,,2019-02-07,0,21.41522,83.68574,0,0.0,0.0,25.099999999999998,29.240000000000002,7.6,0.3,0.28,12.0,176.0,0.45,29,20,0.0,394.0
NEG-banda-2020-12-14,banda,,2020-12-14,0,21.41522,83.68574,0,0.0,0.0,0.0,24.689999999999998,0.1,0.0,0.38,-2.6,176.0,0.45,29,20,0.0,1070.0
NEG-banda-2020-08-17,banda,,2020-08-17,0,21.41522,83.68574,0,159.1,192.0,334.3,18.74,7.9,16.8,4.24,5.7,176.0,0.45,29,20,0.0,951.0
NEG-banda-2018-01-21,banda,,2018-01-21,0,21.41522,83.68574,0,0.0,0.0,0.0,29.53,0.0,0.0,0.26,-7.1,176.0,0.45,29,20,0.0,12.0
NEG-banda-2016-11-04,banda,,2016-11-04,0,21.41522,83.68574,0,2.6,3.0,3.1,26.36,0.0,0.0,1.36,-22.3,176.0,0.45,28,19,0.0,3078.0
NEG-banda-2017-11-18,banda,,2017-11-18,0,21.41522,83.68574,0,2.1,2.1,2.1,22.39,0.7,0.2,0.74,-22.1,176.0,0.45,28,19,0.0,3457.0
NEG-banda-2020-05-27,banda,,2020-05-27,0,21.41522,83.68574,0,0.0,0.0,0.0,50.879999999999995,0.0,1.8,0.25,-10.7,176.0,0.45,29,20,0.0,869.0
NEG-banda-2018-04-23,banda,,2018-04-23,0,21.41522,83.68574,0,0.0,6.3999999999999995,13.799999999999999,49.09,0.0,0.0,0.34,21.4,176.0,0.45,29,20,0.0,104.0
NEG-banda-2023-05-16,banda,,2023-05-16,0,21.41522,83.68574,0,0.0,0.0,6.8,52.32,0.0,0.0,0.28,0.0,176.0,0.45,34,22,0.0,221.0
NEG-banka-2018-10-19,banka,,2018-10-19,0,20.88149,82.49988,0,0.0,2.5,5.5,29.630000000000006,0.0,0.0,0.23,-23.3,323.0,0.901,35,23,0.0,787.0
NEG-banka-2016-04-16,banka,,2016-04-16,0,20.88149,82.49988,0,0.0,0.0,1.3,56.68,0.0,1.7,0.03,-50.0,323.0,0.901,34,22,0.0,267.0
NEG-banka-2020-04-02,banka,,2020-04-02,0,20.88149,82.49988,0,0.1,1.8000000000000003,25.500000000000004,40.63,0.0,0.0,0.09,-25.0,323.0,0.901,35,23,0.0,1318.0
NEG-banka-2015-11-05,banka,,2015-11-05,0,20.88149,82.49988,0,0.0,2.5,3.1,24.53,0.0,0.0,0.23,0.0,323.0,0.901,34,22,0.0,104.0
NEG-banka-2016-07-30,banka,,2016-07-30,0,20.88149,82.49988,0,18.1,49.699999999999996,130.5,21.27,7.1,2.8,4.64,2.4,323.0,0.901,34,22,0.0,372.0
NEG-banka-2023-06-17,banka,,2023-06-17,0,20.88149,82.49988,0,2.6,3.0,4.5,62.94999999999999,0.0,2.6,0.05,66.7,323.0,0.901,35,23,0.0,2489.0
NEG-bankura-2022-08-02,bankura,,2022-08-02,0,23.23241,87.0716,0,18.9,39.199999999999996,79.10000000000001,28.76,7.4,14.7,5.1,25.9,93.0,0.721,21,14,0.0,1302.0
NEG-bankura-2023-02-14,bankura,,2023-02-14,0,23.23241,87.0716,0,0.0,0.0,0.0,34.699999999999996,0.0,0.0,2.87,-12.8,93.0,0.721,21,14,0.0,1498.0
NEG-bankura-2022-07-25,bankura,,2022-07-25,0,23.23241,87.0716,0,15.2,32.400000000000006,78.0,27.740000000000002,1.4,0.1,4.42,-1.1,93.0,0.721,21,14,0.0,1294.0
NEG-bankura-2019-06-16,bankura,,2019-06-16,0,23.23241,87.0716,0,30.4,60.0,80.3,38.78,1.8,0.0,1.06,-41.4,93.0,0.721,21,14,0.0,159.0
NEG-bankura-2021-04-01,bankura,,2021-04-01,0,23.23241,87.0716,0,0.0,0.0,0.0,46.31,0.0,0.0,2.85,-11.5,93.0,0.721,21,14,0.0,814.0
NEG-bankura-2019-02-07,bankura,,2019-02-07,0,23.23241,87.0716,0,0.0,0.0,0.3,26.080000000000002,0.2,1.3,2.56,-8.9,93.0,0.721,21,14,0.0,30.0
NEG-banswara-2016-01-05,banswara,,2016-01-05,0,23.54109,74.4425,0,0.0,0.0,0.0,27.71,0.0,0.0,0.01,0.0,226.0,1.351,23,16,0.0,1053.0
NEG-banswara-2023-11-13,banswara,,2023-11-13,0,23.54109,74.4425,0,0.0,0.0,0.0,33.17,0.0,0.0,0.06,-14.3,226.0,1.351,28,19,0.0,481.0
NEG-banswara-2019-06-05,banswara,,2019-06-05,0,23.54109,74.4425,1,0.0,0.0,0.0,59.78999999999999,0.0,0.0,0.0,,226.0,1.351,24,17,0.0,691.0
NEG-banswara-2015-02-27,banswara,,2015-02-27,0,23.54109,74.4425,1,0.0,0.0,0.0,37.540000000000006,0.1,4.3,0.0,,226.0,1.351,23,16,0.0,741.0
NEG-banswara-2017-12-19,banswara,,2017-12-19,0,23.54109,74.4425,0,0.1,0.1,45.7,22.75,0.0,0.0,0.05,0.0,226.0,1.351,24,17,0.0,158.0
NEG-banswara-2021-01-06,banswara,,2021-01-06,0,23.54109,74.4425,0,13.0,19.0,19.0,21.26,0.2,4.3,0.03,0.0,226.0,1.351,25,18,0.0,137.0
NEG-banswara-2016-05-21,banswara,,2016-05-21,0,23.54109,74.4425,1,0.0,0.0,0.8,65.96,0.0,0.0,0.0,,226.0,1.351,23,16,0.0,1190.0
NEG-banswara-2020-02-06,banswara,,2020-02-06,0,23.54109,74.4425,0,0.0,0.0,0.0,28.160000000000004,0.0,0.0,0.05,0.0,226.0,1.351,24,17,0.0,937.0
NEG-banswara-2019-02-18,banswara,,2019-02-18,0,23.54109,74.4425,0,0.0,0.5,0.5,33.36,0.0,0.0,0.03,0.0,226.0,1.351,24,17,0.0,584.0
NEG-banswara-2023-05-26,banswara,,2023-05-26,0,23.54109,74.4425,1,0.0,0.0,0.0,61.36999999999999,0.0,11.1,0.0,,226.0,1.351,28,19,0.0,310.0
NEG-banswara-2017-12-09,banswara,,2017-12-09,0,23.54109,74.4425,0,34.6,45.9,45.9,19.939999999999998,0.0,0.1,0.06,20.0,226.0,1.351,24,17,0.0,148.0
NEG-banswara-2021-07-22,banswara,,2021-07-22,0,23.54109,74.4425,0,19.4,27.5,101.1,27.29,14.0,38.7,0.02,0.0,226.0,1.351,25,18,0.0,334.0
NEG-banswara-2019-04-10,banswara,,2019-04-10,0,23.54109,74.4425,1,0.0,0.0,0.0,55.07,0.0,0.0,0.0,,226.0,1.351,24,17,0.0,635.0
NEG-banswara-2022-02-28,banswara,,2022-02-28,0,23.54109,74.4425,0,0.0,0.0,0.0,38.980000000000004,0.0,0.0,0.03,0.0,226.0,1.351,26,19,0.0,58.0
NEG-banswara-2019-03-02,banswara,,2019-03-02,0,23.54109,74.4425,1,0.5,0.6,0.6,35.63,0.0,0.0,0.0,,226.0,1.351,24,17,0.0,596.0
NEG-bara banki-2016-03-19,bara banki,,2016-03-19,0,26.92384,81.17927,0,0.1,8.299999999999999,10.0,35.04,0.0,0.0,0.25,8.7,122.0,0.631,45,29,0.0,350.0
NEG-bara banki-2022-07-27,bara banki,,2022-07-27,0,26.92384,81.17927,0,39.099999999999994,115.69999999999999,138.4,27.9,10.0,6.5,0.66,94.1,122.0,0.631,66,34,0.0,315.0
NEG-bara banki-2020-04-15,bara banki,,2020-04-15,0,26.92384,81.17927,0,0.0,0.0,0.0,45.169999999999995,0.0,0.0,0.28,0.0,122.0,0.631,61,32,0.0,202.0
NEG-bara banki-2021-12-12,bara banki,,2021-12-12,0,26.92384,81.17927,0,0.0,0.0,3.0,18.759999999999998,0.0,0.0,0.25,0.0,122.0,0.631,66,34,0.0,88.0
NEG-bara banki-2021-04-18,bara banki,,2021-04-18,0,26.92384,81.17927,0,0.3,0.3,0.3,55.349999999999994,0.0,0.0,0.25,0.0,122.0,0.631,64,33,0.0,243.0
NEG-bara banki-2021-11-03,bara banki,,2021-11-03,0,26.92384,81.17927,0,0.0,0.0,0.2,24.990000000000002,0.0,0.0,0.29,-38.3,122.0,0.631,66,34,0.0,49.0
NEG-bara banki-2017-06-25,bara banki,,2017-06-25,0,26.92384,81.17927,0,3.7,15.7,36.0,39.760000000000005,0.9,1.2,0.3,7.1,122.0,0.631,45,29,0.0,813.0
NEG-bara banki-2022-04-06,bara banki,,2022-04-06,0,26.92384,81.17927,0,0.0,0.0,0.2,48.68,0.0,0.0,0.25,13.6,122.0,0.631,66,34,0.0,203.0
NEG-bara banki-2015-09-16,bara banki,,2015-09-16,0,26.92384,81.17927,0,3.5999999999999996,12.0,12.100000000000001,31.119999999999997,6.6,0.1,0.43,-12.2,122.0,0.631,45,29,0.0,165.0
NEG-bara banki-2022-02-15,bara banki,,2022-02-15,0,26.92384,81.17927,0,0.0,0.6,25.400000000000002,20.98,0.0,0.0,0.25,-16.7,122.0,0.631,66,34,0.0,153.0
NEG-bara banki-2020-03-16,bara banki,,2020-03-16,0,26.92384,81.17927,0,23.6,23.900000000000002,61.0,24.84,0.0,0.0,0.31,-16.2,122.0,0.631,61,32,0.0,172.0
NEG-bara banki-2022-11-11,bara banki,,2022-11-11,0,26.92384,81.17927,0,0.9,0.9,0.9,21.5,0.0,0.0,0.59,1.7,122.0,0.631,71,35,0.0,14.0
NEG-bara banki-2018-05-22,bara banki,,2018-05-22,0,26.92384,81.17927,0,0.0,1.6,3.2,44.32,0.1,0.1,0.25,-10.7,122.0,0.631,53,31,0.0,14.0
NEG-bara banki-2022-04-13,bara banki,,2022-04-13,0,26.92384,81.17927,0,0.0,0.0,0.0,50.93,0.0,0.0,0.25,0.0,122.0,0.631,66,34,0.0,210.0
NEG-bara banki-2019-07-31,bara banki,,2019-07-31,0,26.92384,81.17927,0,10.899999999999999,107.2,170.29999999999998,26.549999999999997,4.3,11.1,1.59,-23.6,122.0,0.631,60,32,0.0,159.0
NEG-bara banki-2016-04-22,bara banki,,2016-04-22,0,26.92384,81.17927,0,0.0,0.0,0.0,59.059999999999995,0.0,0.0,0.25,0.0,122.0,0.631,45,29,0.0,384.0
NEG-bara banki-2016-07-26,bara banki,,2016-07-26,0,26.92384,81.17927,0,33.1,56.4,140.0,23.98,10.1,27.8,1.39,18.8,122.0,0.631,45,29,0.0,479.0
NEG-bara banki-2015-07-05,bara banki,,2015-07-05,0,26.92384,81.17927,0,0.8,44.900000000000006,132.6,26.849999999999998,33.2,48.0,0.5,-33.3,122.0,0.631,45,29,0.0,92.0
NEG-bara banki-2015-06-02,bara banki,,2015-06-02,0,26.92384,81.17927,0,0.0,2.0,2.3,55.67,0.2,0.4,0.25,0.0,122.0,0.631,45,29,0.0,59.0
NEG-bara banki-2020-07-10,bara banki,,2020-07-10,0,26.92384,81.17927,0,70.4,113.50000000000001,176.00000000000003,23.56,4.1,6.3,3.75,351.8,122.0,0.631,62,33,0.0,15.0
NEG-bara banki-2016-04-20,bara banki,,2016-04-20,0,26.92384,81.17927,0,0.0,0.0,1.6,57.39,0.0,0.0,0.25,0.0,122.0,0.631,45,29,0.0,382.0
NEG-bara banki-2016-02-03,bara banki,,2016-02-03,0,26.92384,81.17927,0,0.0,0.0,5.0,23.380000000000003,0.0,0.0,0.22,0.0,122.0,0.631,45,29,0.0,305.0
NEG-bara banki-2021-01-10,bara banki,,2021-01-10,0,26.92384,81.17927,0,0.0,0.5,0.5,16.76,0.0,0.0,0.25,0.0,122.0,0.631,64,33,0.0,145.0
NEG-bara banki-2016-07-09,bara banki,,2016-07-09,0,26.92384,81.17927,0,36.0,103.4,130.2,18.65,4.5,26.5,0.63,50.0,122.0,0.631,45,29,0.0,462.0
NEG-bara banki-2019-05-11,bara banki,,2019-05-11,0,26.92384,81.17927,0,0.0,0.0,0.4,67.33000000000001,0.0,0.0,0.25,-10.7,122.0,0.631,60,32,0.0,78.0
NEG-bara banki-2020-02-02,bara banki,,2020-02-02,0,26.92384,81.17927,0,0.3,9.200000000000001,9.3,16.73,0.0,0.0,0.31,10.7,122.0,0.631,61,32,0.0,129.0
NEG-bara banki-2022-07-09,bara banki,,2022-07-09,0,26.92384,81.17927,0,1.5999999999999999,24.000000000000004,142.1,38.88,0.0,0.6,0.31,-70.5,122.0,0.631,66,34,0.0,297.0
NEG-bara banki-2023-05-02,bara banki,,2023-05-02,0,26.92384,81.17927,0,11.399999999999999,11.399999999999999,22.699999999999996,37.03,8.6,0.0,0.37,32.1,122.0,0.631,71,35,0.0,186.0
NEG-bara banki-2021-01-21,bara banki,,2021-01-21,0,26.92384,81.17927,0,0.0,0.0,0.0,16.07,0.0,0.0,0.23,0.0,122.0,0.631,64,33,0.0,156.0
NEG-bara banki-2019-09-13,bara banki,,2019-09-13,0,26.92384,81.17927,0,40.5,61.89999999999999,94.5,24.94,21.5,12.0,1.52,-13.1,122.0,0.631,60,32,0.0,203.0
NEG-bara banki-2021-08-02,bara banki,,2021-08-02,0,26.92384,81.17927,0,10.2,68.60000000000001,139.0,23.849999999999998,0.2,0.2,0.34,-24.4,122.0,0.631,64,33,0.0,349.0
NEG-bara banki-2023-04-29,bara banki,,2023-04-29,0,26.92384,81.17927,0,0.0,10.799999999999999,11.299999999999999,42.910000000000004,6.8,4.6,0.28,12.0,122.0,0.631,71,35,0.0,183.0
NEG-bara banki-2023-02-24,bara banki,,2023-02-24,0,26.92384,81.17927,0,0.0,0.0,0.0,29.509999999999998,0.0,0.0,0.25,-3.8,122.0,0.631,71,35,0.0,119.0
NEG-bara banki-2016-09-24,bara banki,,2016-09-24,0,26.92384,81.17927,0,15.8,41.8,85.5,21.31,1.5,0.1,0.86,2.4,122.0,0.631,45,29,0.0,539.0
NEG-bara banki-2019-08-27,bara banki,,2019-08-27,0,26.92384,81.17927,0,35.199999999999996,83.2,122.60000000000001,21.87,0.7,3.9,2.48,63.2,122.0,0.631,60,32,0.0,186.0
NEG-bara banki-2022-05-06,bara banki,,2022-05-06,0,26.92384,81.17927,0,2.9,7.199999999999999,7.199999999999999,48.05,0.1,0.0,0.25,0.0,122.0,0.631,66,34,0.0,233.0
NEG-bara banki-2016-02-10,bara banki,,2016-02-10,0,26.92384,81.17927,0,1.3,1.3,1.3,23.11,0.0,0.0,0.22,0.0,122.0,0.631,45,29,0.0,312.0
NEG-bara banki-2021-11-26,bara banki,,2021-11-26,0,26.92384,81.17927,0,0.0,0.1,0.5,20.48,0.0,0.0,0.28,-28.2,122.0,0.631,66,34,0.0,72.0
NEG-bara banki-2019-07-30,bara banki,,2019-07-30,0,26.92384,81.17927,0,18.5,121.0,178.5,25.990000000000002,1.1,4.3,1.74,11.5,122.0,0.631,60,32,0.0,158.0
NEG-bara banki-2018-02-19,bara banki,,2018-02-19,0,26.92384,81.17927,0,0.0,2.0,2.0,23.800000000000004,0.0,0.0,0.25,0.0,122.0,0.631,51,31,0.0,11.0
NEG-bara banki-2015-05-15,bara banki,,2015-05-15,0,26.92384,81.17927,0,0.1,3.1,5.8,48.46999999999999,1.4,0.0,0.25,0.0,122.0,0.631,45,29,0.0,41.0
NEG-bara banki-2017-06-08,bara banki,,2017-06-08,0,26.92384,81.17927,0,1.1,1.1,18.8,50.230000000000004,0.0,0.0,0.28,0.0,122.0,0.631,45,29,0.0,796.0
NEG-bara banki-2019-12-22,bara banki,,2019-12-22,0,26.92384,81.17927,0,0.0,0.2,51.1,13.360000000000001,0.0,2.2,0.28,-40.4,122.0,0.631,61,32,0.0,87.0
NEG-bara banki-2019-12-27,bara banki,,2019-12-27,0,26.92384,81.17927,0,2.2,2.2,48.20000000000001,12.43,0.0,0.0,0.26,-13.3,122.0,0.631,61,32,0.0,92.0
NEG-bara banki-2017-08-25,bara banki,,2017-08-25,0,26.92384,81.17927,0,21.0,44.2,76.89999999999999,25.98,14.9,23.1,1.45,-19.4,122.0,0.631,47,30,0.0,11.0
NEG-bara banki-2019-01-25,bara banki,,2019-01-25,0,26.92384,81.17927,0,4.699999999999999,4.699999999999999,4.699999999999999,18.610000000000003,0.2,0.0,0.31,40.9,122.0,0.631,59,31,0.0,151.0
NEG-bara banki-2016-02-11,bara banki,,2016-02-11,0,26.92384,81.17927,0,0.2,1.3,1.3,22.740000000000002,0.0,0.0,0.22,0.0,122.0,0.631,45,29,0.0,313.0
NEG-bara banki-2021-02-08,bara banki,,2021-02-08,0,26.92384,81.17927,0,3.6,3.6,3.6,19.080000000000002,0.0,0.0,0.25,0.0,122.0,0.631,64,33,0.0,174.0
NEG-bara banki-2022-03-26,bara banki,,2022-03-26,0,26.92384,81.17927,0,0.2,0.2,0.2,46.410000000000004,0.0,0.0,0.22,0.0,122.0,0.631,66,34,0.0,192.0
NEG-bara banki-2019-01-09,bara banki,,2019-01-09,0,26.92384,81.17927,0,4.9,4.9,4.9,16.599999999999998,0.0,0.0,0.25,13.6,122.0,0.631,59,31,0.0,135.0
NEG-bara banki-2015-09-06,bara banki,,2015-09-06,0,26.92384,81.17927,0,0.1,2.9,27.700000000000003,37.220000000000006,0.0,0.0,0.55,-43.3,122.0,0.631,45,29,0.0,155.0
NEG-bara banki-2019-06-19,bara banki,,2019-06-19,0,26.92384,81.17927,0,0.0,0.0,0.0,58.2,9.8,0.0,0.28,0.0,122.0,0.631,60,32,0.0,117.0
NEG-bara banki-2017-02-16,bara banki,,2017-02-16,0,26.92384,81.17927,0,0.0,0.0,0.3,25.32,0.0,0.0,0.22,-12.0,122.0,0.631,45,29,0.0,684.0
NEG-bara banki-2016-05-15,bara banki,,2016-05-15,0,26.92384,81.17927,0,0.7,2.0,6.6,48.760000000000005,0.0,0.0,0.25,0.0,122.0,0.631,45,29,0.0,407.0
NEG-bara banki-2020-02-06,bara banki,,2020-02-06,0,26.92384,81.17927,0,0.0,0.3,9.200000000000001,19.32,0.0,0.0,0.3,-16.7,122.0,0.631,61,32,0.0,133.0
NEG-bara banki-2016-01-11,bara banki,,2016-01-11,0,26.92384,81.17927,0,0.0,0.0,0.0,21.029999999999998,0.0,0.0,0.19,0.0,122.0,0.631,45,29,0.0,282.0
NEG-bara banki-2022-06-07,bara banki,,2022-06-07,0,26.92384,81.17927,0,0.2,0.8999999999999999,8.1,47.5,0.0,0.0,0.28,0.0,122.0,0.631,66,34,0.0,265.0
NEG-bara banki-2017-05-18,bara banki,,2017-05-18,0,26.92384,81.17927,0,4.2,6.1,9.5,52.44,0.0,0.0,0.25,0.0,122.0,0.631,45,29,0.0,775.0
NEG-bara banki-2022-03-13,bara banki,,2022-03-13,0,26.92384,81.17927,0,0.0,0.0,0.0,35.75,0.0,0.0,0.22,0.0,122.0,0.631,66,34,0.0,179.0
NEG-bara banki-2022-03-04,bara banki,,2022-03-04,0,26.92384,81.17927,0,0.0,0.0,0.0,29.58,0.0,0.0,0.22,-12.0,122.0,0.631,66,34,0.0,170.0
NEG-bara banki-2015-07-27,bara banki,,2015-07-27,0,26.92384,81.17927,0,26.599999999999998,31.199999999999996,112.29999999999998,29.14,0.0,0.0,1.48,-28.2,122.0,0.631,45,29,0.0,114.0
NEG-bara banki-2023-10-28,bara banki,,2023-10-28,0,26.92384,81.17927,0,0.0,0.0,1.5,26.28,0.0,0.0,0.31,-24.4,122.0,0.631,71,35,0.0,365.0
NEG-bara banki-2018-09-28,bara banki,,2018-09-28,0,26.92384,81.17927,0,3.2,28.8,34.7,25.17,0.0,0.0,1.18,-34.8,122.0,0.631,59,31,0.0,32.0
NEG-bara banki-2017-09-24,bara banki,,2017-09-24,0,26.92384,81.17927,0,85.7,109.60000000000001,114.2,21.1,1.3,0.1,1.08,100.0,122.0,0.631,47,30,0.0,41.0
NEG-bara banki-2016-05-30,bara banki,,2016-05-30,0,26.92384,81.17927,0,3.5,18.2,20.2,44.74,0.0,0.0,0.31,10.7,122.0,0.631,45,29,0.0,422.0
NEG-bara banki-2023-10-29,bara banki,,2023-10-29,0,26.92384,81.17927,0,0.0,0.0,1.5,26.439999999999998,0.0,0.0,0.3,-25.0,122.0,0.631,71,35,0.0,366.0
NEG-bara banki-2021-05-01,bara banki,,2021-05-01,0,26.92384,81.17927,0,0.5,0.5,0.7999999999999999,51.56999999999999,0.7,1.5,0.25,0.0,122.0,0.631,64,33,0.0,256.0
NEG-bara banki-2017-04-20,bara banki,,2017-04-20,0,26.92384,81.17927,0,0.9,0.9,3.8,50.04,2.8,9.1,0.25,0.0,122.0,0.631,45,29,0.0,747.0
NEG-bara banki-2015-10-09,bara banki,,2015-10-09,0,26.92384,81.17927,0,0.0,0.0,0.0,34.85,0.0,0.0,0.29,-3.3,122.0,0.631,45,29,0.0,188.0
NEG-bara banki-2023-08-01,bara banki,,2023-08-01,0,26.92384,81.17927,0,21.7,47.99999999999999,60.8,30.650000000000002,7.1,3.1,0.61,0.0,122.0,0.631,71,35,0.0,277.0
NEG-bara banki-2021-03-20,bara banki,,2021-03-20,0,26.92384,81.17927,0,0.0,0.0,1.3,40.07,0.0,0.0,0.22,-12.0,122.0,0.631,64,33,0.0,214.0
NEG-bara banki-2017-04-28,bara banki,,2017-04-28,0,26.92384,81.17927,0,0.0,16.099999999999998,17.7,53.91,0.0,1.4,0.28,12.0,122.0,0.631,45,29,0.0,755.0
NEG-bara banki-2021-07-29,bara banki,,2021-07-29,0,26.92384,81.17927,0,48.300000000000004,75.1,162.29999999999998,26.93,0.8,3.1,0.49,-36.4,122.0,0.631,64,33,0.0,345.0
NEG-bara banki-2017-06-03,bara banki,,2017-06-03,0,26.92384,81.17927,0,2.1,13.7,18.200000000000003,47.16,0.0,0.0,0.28,12.0,122.0,0.631,45,29,0.0,791.0
NEG-bara banki-2018-09-07,bara banki,,2018-09-07,0,26.92384,81.17927,0,70.60000000000001,150.20000000000002,290.7,18.14,4.4,0.0,4.42,2.1,122.0,0.631,59,31,0.0,11.0
NEG-bara banki-2023-09-07,bara banki,,2023-09-07,0,26.92384,81.17927,0,2.7,3.0,35.900000000000006,34.65,18.6,14.6,1.05,-38.2,122.0,0.631,71,35,0.0,314.0
NEG-bara banki-2016-08-27,bara banki,,2016-08-27,0,26.92384,81.17927,0,11.8,13.3,100.10000000000001,28.03,0.6,8.9,1.55,-35.4,122.0,0.631,45,29,0.0,511.0
NEG-bara banki-2023-11-05,bara banki,,2023-11-05,0,26.92384,81.17927,0,0.0,0.0,0.0,24.27,0.0,0.0,0.28,-6.7,122.0,0.631,71,35,0.0,373.0
NEG-bara banki-2015-01-12,bara banki,,2015-01-12,0,26.92384,81.17927,0,0.0,0.1,37.400000000000006,15.309999999999999,0.0,0.0,0.2,-28.6,122.0,0.631,44,28,0.0,151.0
NEG-bara banki-2016-08-15,bara banki,,2016-08-15,0,26.92384,81.17927,0,15.100000000000001,67.4,114.3,22.49,20.2,27.3,2.34,-0.8,122.0,0.631,45,29,0.0,499.0
NEG-bara banki-2016-06-16,bara banki,,2016-06-16,0,26.92384,81.17927,0,8.0,8.5,9.3,47.8,0.4,2.2,0.33,17.9,122.0,0.631,45,29,0.0,439.0
NEG-baran-2021-01-21,baran,,2021-01-21,0,20.40714,85.83496,0,0.0,0.30000000000000004,0.30000000000000004,23.1,0.0,0.0,1.28,-4.5,27.0,0.541,25,16,0.0,493.0
NEG-baran-2017-10-23,baran,,2017-10-23,0,20.40714,85.83496,0,98.60000000000001,141.79999999999998,174.6,22.400000000000002,0.0,0.0,16.82,162.8,27.0,0.541,18,14,0.0,76.0
NEG-baran-2023-12-15,baran,,2023-12-15,0,20.40714,85.83496,0,0.0,1.0,14.9,20.639999999999997,0.0,0.0,1.16,-54.7,27.0,0.541,27,17,0.0,480.0
NEG-baran-2016-12-15,baran,,2016-12-15,0,20.40714,85.83496,0,0.0,0.0,0.0,24.450000000000003,0.0,0.0,1.19,-4.8,27.0,0.541,17,13,0.0,131.0
NEG-baran-2016-03-26,baran,,2016-03-26,0,20.40714,85.83496,0,0.0,1.9,21.7,39.330000000000005,0.0,0.2,0.34,-52.8,27.0,0.541,15,12,0.0,593.0
NEG-baran-2022-05-31,baran,,2022-05-31,0,20.40714,85.83496,0,2.0,4.2,21.4,39.82,0.0,0.0,0.72,-7.7,27.0,0.541,26,17,0.0,150.0
NEG-baran-2015-04-16,baran,,2015-04-16,0,20.40714,85.83496,0,1.9000000000000001,22.200000000000003,27.7,31.74,0.3,0.0,0.34,9.7,27.0,0.541,15,12,0.0,248.0
NEG-baran-2016-06-23,baran,,2016-06-23,0,20.40714,85.83496,0,6.1,45.79999999999999,73.50000000000001,26.490000000000002,8.5,1.4,0.45,-76.9,27.0,0.541,15,12,0.0,682.0
NEG-baran-2015-03-02,baran,,2015-03-02,0,20.40714,85.83496,0,0.0,0.0,0.5,36.41,0.6,3.5,0.41,-6.8,27.0,0.541,15,12,0.0,203.0
NEG-baran-2019-01-07,baran,,2019-01-07,0,20.40714,85.83496,0,0.0,0.0,0.0,23.200000000000003,0.0,0.0,1.28,-4.5,27.0,0.541,22,15,0.0,120.0
NEG-baran-2023-11-10,baran,,2023-11-10,0,20.40714,85.83496,0,0.0,5.2,5.6000000000000005,26.69,0.0,0.0,1.42,-4.7,27.0,0.541,27,17,0.0,445.0
NEG-baran-2023-11-04,baran,,2023-11-04,0,20.40714,85.83496,0,0.9,0.9,3.0,28.6,0.9,0.0,1.83,-30.7,27.0,0.541,27,17,0.0,439.0
NEG-baran-2017-09-01,baran,,2017-09-01,0,20.40714,85.83496,0,15.9,51.199999999999996,101.30000000000001,21.459999999999997,11.4,0.5,14.35,11.5,27.0,0.541,18,14,0.0,24.0
NEG-baran-2021-08-08,baran,,2021-08-08,0,20.40714,85.83496,0,14.1,21.1,92.7,28.889999999999997,8.7,2.0,9.38,-41.9,27.0,0.541,25,16,0.0,692.0
NEG-baran-2015-03-06,baran,,2015-03-06,0,20.40714,85.83496,0,4.1,4.1,4.3,34.12,0.0,0.0,0.41,0.0,27.0,0.541,15,12,0.0,207.0
NEG-baran-2016-12-14,baran,,2016-12-14,0,20.40714,85.83496,0,0.0,0.0,0.0,24.890000000000004,0.0,0.0,1.2,-4.8,27.0,0.541,17,13,0.0,130.0
NEG-baran-2017-12-22,baran,,2017-12-22,0,20.40714,85.83496,0,0.0,0.0,107.8,20.330000000000002,0.0,0.0,2.03,-42.8,27.0,0.541,18,14,0.0,136.0
NEG-baran-2015-08-03,baran,,2015-08-03,0,20.40714,85.83496,0,43.5,96.69999999999999,196.8,20.05,2.8,2.3,11.56,-7.0,27.0,0.541,15,12,0.0,357.0
NEG-baran-2016-06-03,baran,,2016-06-03,0,20.40714,85.83496,0,1.3,1.6,64.8,38.800000000000004,3.5,10.6,1.25,150.0,27.0,0.541,15,12,0.0,662.0
NEG-baran-2023-04-27,baran,,2023-04-27,0,20.40714,85.83496,0,13.899999999999999,25.700000000000003,25.700000000000003,36.07,3.5,0.4,0.75,120.6,27.0,0.541,27,17,0.0,248.0
NEG-baran-2020-11-24,baran,,2020-11-24,0,20.40714,85.83496,0,0.6,0.6,1.7000000000000002,24.7,0.0,4.2,1.8,-3.2,27.0,0.541,25,16,0.0,435.0
NEG-baran-2016-04-10,baran,,2016-04-10,0,20.40714,85.83496,0,0.5,1.0999999999999999,5.8999999999999995,44.650000000000006,0.0,0.0,0.22,-21.4,27.0,0.541,15,12,0.0,608.0
NEG-baran-2023-05-13,baran,,2023-05-13,0,20.40714,85.83496,0,0.8,0.8,30.5,38.739999999999995,0.0,0.0,0.47,-28.8,27.0,0.541,27,17,0.0,264.0
NEG-baran-2015-09-18,baran,,2015-09-18,0,20.40714,85.83496,0,31.3,80.2,117.2,18.45,18.3,5.7,12.27,13.3,27.0,0.541,15,12,0.0,403.0
NEG-baran-2020-05-04,baran,,2020-05-04,0,20.40714,85.83496,0,7.3,47.1,103.49999999999999,32.89,0.0,0.0,1.22,-50.6,27.0,0.541,25,16,0.0,231.0
NEG-baran-2020-01-11,baran,,2020-01-11,0,20.40714,85.83496,0,2.2,9.1,27.1,17.32,0.0,0.0,1.59,-39.8,27.0,0.541,25,16,0.0,117.0
NEG-baran-2023-09-22,baran,,2023-09-22,0,20.40714,85.83496,0,56.699999999999996,84.1,230.5,23.61,16.2,11.4,23.1,-37.6,27.0,0.541,27,17,0.0,396.0
NEG-baran-2019-01-22,baran,,2019-01-22,0,20.40714,85.83496,0,0.0,0.0,0.0,24.35,0.2,0.1,1.12,-5.9,27.0,0.541,22,15,0.0,135.0
NEG-baran-2020-10-03,baran,,2020-10-03,0,20.40714,85.83496,0,104.0,117.60000000000001,172.4,21.009999999999998,9.0,8.3,12.09,11.9,27.0,0.541,25,16,0.0,383.0
NEG-baran-2021-08-28,baran,,2021-08-28,0,20.40714,85.83496,0,65.8,73.2,171.7,28.810000000000002,8.3,13.0,8.51,-20.6,27.0,0.541,25,16,0.0,712.0
NEG-baran-2016-03-22,baran,,2016-03-22,0,20.40714,85.83496,0,1.9,21.7,21.7,35.89,0.0,0.0,0.44,7.3,27.0,0.541,15,12,0.0,589.0
NEG-baran-2020-01-26,baran,,2020-01-26,0,20.40714,85.83496,0,0.0,0.1,0.2,21.48,0.0,0.0,0.85,-35.1,27.0,0.541,25,16,0.0,132.0
NEG-baran-2020-08-25,baran,,2020-08-25,0,20.40714,85.83496,0,35.3,94.6,238.50000000000003,20.11,111.3,12.0,43.98,-50.9,27.0,0.541,25,16,0.0,344.0
NEG-baran-2017-06-26,baran,,2017-06-26,0,20.40714,85.83496,0,60.9,113.1,184.2,22.06,15.6,18.4,2.6,145.3,27.0,0.541,17,13,0.0,324.0
NEG-baran-2021-11-24,baran,,2021-11-24,0,20.40714,85.83496,0,18.0,19.1,79.70000000000002,21.32,0.0,0.2,1.7,-17.1,27.0,0.541,25,16,0.0,800.0
NEG-baran-2015-06-27,baran,,2015-06-27,0,20.40714,85.83496,0,23.8,82.60000000000001,132.70000000000002,20.31,6.3,16.6,1.09,-22.1,27.0,0.541,15,12,0.0,320.0
NEG-bareilly-2023-02-26,bareilly,,2023-02-26,0,28.36678,79.43167,0,0.0,0.0,0.0,27.93,0.0,0.0,0.5,6.4,177.0,0.36,40,27,0.0,163.0
NEG-bareilly-2023-10-14,bareilly,,2023-10-14,0,28.36678,79.43167,0,0.0,0.0,0.1,30.64,0.0,3.3,0.57,-3.4,177.0,0.36,43,28,0.0,68.0
NEG-bareilly-2022-05-22,bareilly,,2022-05-22,0,28.36678,79.43167,0,0.6,4.699999999999999,5.8,42.06,14.3,0.0,0.75,59.6,177.0,0.36,38,26,0.0,249.0
NEG-bareilly-2020-11-05,bareilly,,2020-11-05,0,28.36678,79.43167,0,0.0,0.0,0.0,28.729999999999997,0.0,0.0,0.39,-4.9,177.0,0.36,37,25,0.0,832.0
NEG-bareilly-2018-05-20,bareilly,,2018-05-20,0,28.36678,79.43167,0,0.0,3.2,5.800000000000001,43.26,0.0,0.0,0.44,-17.0,177.0,0.36,36,24,0.0,671.0
NEG-bareilly-2020-02-20,bareilly,,2020-02-20,0,28.36678,79.43167,0,0.0,0.0,0.0,25.09,13.8,0.0,0.53,29.3,177.0,0.36,37,25,0.0,573.0
NEG-bareilly-2022-03-20,bareilly,,2022-03-20,0,28.36678,79.43167,0,0.0,0.0,0.0,32.65,0.0,0.0,0.53,0.0,177.0,0.36,38,26,0.0,186.0
NEG-bareilly-2015-05-08,bareilly,,2015-05-08,0,28.36678,79.43167,0,0.4,0.4,1.3,49.72,0.0,0.0,0.56,0.0,177.0,0.36,33,22,0.0,1691.0
NEG-bareilly-2015-09-07,bareilly,,2015-09-07,0,28.36678,79.43167,0,0.0,0.4,4.4,37.63999999999999,0.0,0.0,0.77,-59.0,177.0,0.36,34,23,0.0,58.0
NEG-bareilly-2020-05-15,bareilly,,2020-05-15,0,28.36678,79.43167,0,4.0,14.6,34.4,38.71,0.0,0.0,0.5,-27.5,177.0,0.36,37,25,0.0,658.0
NEG-bareilly-2019-07-04,bareilly,,2019-07-04,0,28.36678,79.43167,0,5.1000000000000005,5.1000000000000005,45.099999999999994,43.56,5.2,79.2,0.59,-6.3,177.0,0.36,37,25,0.0,342.0
NEG-bareilly-2019-10-13,bareilly,,2019-10-13,0,28.36678,79.43167,0,0.0,0.5,5.1,27.66,0.0,0.0,0.58,-7.9,177.0,0.36,37,25,0.0,443.0
NEG-bareilly-2016-03-18,bareilly,,2016-03-18,0,28.36678,79.43167,0,0.0,43.5,53.6,32.31,0.0,0.0,0.63,21.2,177.0,0.36,35,23,0.0,142.0
NEG-bareilly-2020-07-01,bareilly,,2020-07-01,0,28.36678,79.43167,0,6.699999999999999,28.1,47.2,31.44,0.6,12.2,0.55,-44.4,177.0,0.36,37,25,0.0,705.0
NEG-bareilly-2022-12-27,bareilly,,2022-12-27,0,28.36678,79.43167,0,0.0,0.0,0.0,15.770000000000001,0.0,0.0,0.44,-2.2,177.0,0.36,40,27,0.0,102.0
NEG-bareilly-2019-12-22,bareilly,,2019-12-22,0,28.36678,79.43167,0,0.0,0.0,55.9,12.479999999999999,0.0,0.0,0.45,-62.5,177.0,0.36,37,25,0.0,513.0
NEG-bareilly-2015-11-27,bareilly,,2015-11-27,0,28.36678,79.43167,0,0.0,0.0,0.0,22.48,0.0,0.0,0.4,-9.1,177.0,0.36,35,23,0.0,30.0
NEG-bareilly-2018-08-12,bareilly,,2018-08-12,0,28.36678,79.43167,0,38.599999999999994,98.7,174.0,22.85,6.0,7.5,6.48,14.1,177.0,0.36,37,25,0.0,16.0
NEG-bareilly-2021-10-27,bareilly,,2021-10-27,0,28.36678,79.43167,0,0.2,0.2,146.39999999999998,24.109999999999996,0.0,0.0,1.68,-65.9,177.0,0.36,38,26,0.0,42.0
NEG-bareilly-2016-08-30,bareilly,,2016-08-30,0,28.36678,79.43167,0,9.600000000000001,27.700000000000003,74.8,29.219999999999995,19.8,6.0,4.13,-8.4,177.0,0.36,36,24,0.0,43.0
NEG-bareilly-2015-09-27,bareilly,,2015-09-27,0,28.36678,79.43167,0,0.1,26.5,31.299999999999997,28.440000000000005,0.0,0.0,0.65,-31.6,177.0,0.36,34,23,0.0,78.0
NEG-bareilly-2016-05-31,bareilly,,2016-05-31,0,28.36678,79.43167,0,16.7,41.3,43.7,39.93,0.0,0.0,2.0,18.3,177.0,0.36,35,23,0.0,216.0
NEG-bareilly-2018-01-31,bareilly,,2018-01-31,0,28.36678,79.43167,0,0.0,2.7,5.4,19.87,0.0,0.0,0.37,-11.9,177.0,0.36,36,24,0.0,562.0
NEG-bareilly-2022-01-01,bareilly,,2022-01-01,0,28.36678,79.43167,0,0.0,2.0,2.0,12.080000000000002,0.0,0.0,0.41,-2.4,177.0,0.36,38,26,0.0,108.0
NEG-bareilly-2022-02-06,bareilly,,2022-02-06,0,28.36678,79.43167,0,31.1,31.1,42.9,13.27,0.0,0.0,1.14,128.0,177.0,0.36,38,26,0.0,144.0
NEG-bareilly-2021-07-25,bareilly,,2021-07-25,0,28.36678,79.43167,0,21.0,251.29999999999995,281.09999999999997,18.95,3.3,14.6,0.78,-89.7,177.0,0.36,37,25,0.0,1094.0
NEG-bareilly-2021-02-24,bareilly,,2021-02-24,0,28.36678,79.43167,0,0.0,0.1,0.1,26.67,0.0,0.0,0.44,7.3,177.0,0.36,37,25,0.0,943.0
NEG-bareilly-2022-12-26,bareilly,,2022-12-26,0,28.36678,79.43167,0,0.0,0.0,0.0,16.02,0.0,0.0,0.44,-2.2,177.0,0.36,40,27,0.0,101.0
NEG-bareilly-2018-08-24,bareilly,,2018-08-24,0,28.36678,79.43167,0,18.7,32.1,119.39999999999999,25.549999999999997,93.7,33.6,7.49,42.7,177.0,0.36,37,25,0.0,28.0
NEG-bareilly-2019-04-10,bareilly,,2019-04-10,0,28.36678,79.43167,0,1.9,3.9,3.9,40.6,0.0,0.0,0.56,0.0,177.0,0.36,37,25,0.0,257.0
NEG-bargarh-2021-09-12,bargarh,,2021-09-12,0,21.33348,83.61905,0,32.7,85.30000000000001,127.1,23.76,67.4,32.5,1.82,76.7,178.0,1.171,31,21,0.0,416.0
NEG-bargarh-2020-12-13,bargarh,,2020-12-13,0,21.33348,83.61905,0,0.0,0.0,0.0,24.43,0.0,0.0,0.18,-5.3,178.0,1.171,31,21,0.0,143.0
NEG-bargarh-2018-04-22,bargarh,,2018-04-22,0,21.33348,83.61905,0,0.0,5.5,17.1,48.77,0.0,0.0,0.16,0.0,178.0,1.171,27,18,0.0,1365.0
NEG-bargarh-2020-02-02,bargarh,,2020-02-02,0,21.33348,83.61905,0,0.3,2.0,2.3,27.939999999999998,0.0,0.9,0.16,14.3,178.0,1.171,29,20,0.0,86.0
NEG-bargarh-2020-09-01,bargarh,,2020-09-01,0,21.33348,83.61905,0,1.5,127.49999999999999,207.80000000000004,23.75,44.9,7.9,3.57,38.9,178.0,1.171,31,21,0.0,40.0
NEG-bargarh-2021-10-15,bargarh,,2021-10-15,0,21.33348,83.61905,0,2.1,3.5,40.0,30.98,3.8,8.5,1.16,-21.6,178.0,1.171,31,21,0.0,449.0
NEG-bargarh-2016-02-11,bargarh,,2016-02-11,0,21.33348,83.61905,0,0.0,0.0,0.0,32.779999999999994,0.0,0.0,0.16,14.3,178.0,1.171,27,18,0.0,564.0
NEG-bargarh-2023-11-23,bargarh,,2023-11-23,0,21.33348,83.61905,0,0.0,0.0,0.0,25.69,0.0,0.0,0.47,-24.2,178.0,1.171,31,21,0.0,1218.0
NEG-bargarh-2022-11-14,bargarh,,2022-11-14,0,21.33348,83.61905,0,0.0,0.0,0.0,26.310000000000002,0.0,0.0,0.26,-27.8,178.0,1.171,31,21,0.0,844.0
NEG-bargarh-2016-04-13,bargarh,,2016-04-13,0,21.33348,83.61905,0,0.0,3.6,8.1,51.019999999999996,0.0,0.0,0.16,-15.8,178.0,1.171,27,18,0.0,626.0
NEG-bargarh-2022-05-05,bargarh,,2022-05-05,0,21.33348,83.61905,0,0.0,0.0,0.0,56.32,0.0,0.0,0.19,-24.0,178.0,1.171,31,21,0.0,651.0
NEG-bargarh-2022-04-20,bargarh,,2022-04-20,0,21.33348,83.61905,0,0.0,0.0,0.0,54.690000000000005,0.0,0.0,0.19,0.0,178.0,1.171,31,21,0.0,636.0
NEG-barmer-2023-08-16,barmer,,2023-08-16,0,25.74572,71.39211,0,0.8,1.6999999999999997,2.1,41.54,0.0,0.0,0.11,0.0,207.0,3.874,24,17,0.0,592.0
NEG-barmer-2021-03-08,barmer,,2021-03-08,0,25.74572,71.39211,0,0.0,0.0,0.0,48.62,0.0,0.0,0.09,0.0,207.0,3.874,23,16,0.0,957.0
NEG-barmer-2023-01-31,barmer,,2023-01-31,0,25.74572,71.39211,0,0.0,0.0,0.0,31.950000000000003,0.0,0.0,0.09,0.0,207.0,3.874,24,17,0.0,395.0
NEG-barmer-2017-05-30,barmer,,2017-05-30,0,25.74572,71.39211,0,0.1,0.1,0.4,68.61,0.0,0.0,0.12,0.0,207.0,3.874,21,14,0.0,294.0
NEG-barmer-2019-10-28,barmer,,2019-10-28,0,25.74572,71.39211,0,0.0,0.0,0.0,40.05,0.1,0.3,0.1,-9.1,207.0,3.874,23,16,0.0,460.0
NEG-barmer-2020-01-24,barmer,,2020-01-24,0,25.74572,71.39211,0,0.0,0.0,1.1,25.430000000000003,0.0,0.0,0.09,0.0,207.0,3.874,23,16,0.0,548.0
NEG-barmer-2019-08-22,barmer,,2019-08-22,0,25.74572,71.39211,0,0.0,16.7,33.4,29.93,0.0,0.0,0.12,-74.5,207.0,3.874,23,16,0.0,393.0
NEG-barmer-2018-10-20,barmer,,2018-10-20,0,25.74572,71.39211,0,0.0,0.0,0.0,46.68,0.0,0.0,0.1,0.0,207.0,3.874,23,16,0.0,87.0
NEG-barmer-2020-02-01,barmer,,2020-02-01,0,25.74572,71.39211,0,0.0,0.0,0.0,28.130000000000003,0.0,0.0,0.09,0.0,207.0,3.874,23,16,0.0,556.0
NEG-barmer-2019-06-22,barmer,,2019-06-22,0,25.74572,71.39211,0,9.3,9.8,10.9,48.010000000000005,0.0,1.8,0.12,0.0,207.0,3.874,23,16,0.0,332.0
NEG-barmer-2019-08-31,barmer,,2019-08-31,0,25.74572,71.39211,0,47.5,54.5,54.8,36.28,3.4,11.4,0.36,227.3,207.0,3.874,23,16,0.0,402.0
NEG-barmer-2023-03-08,barmer,,2023-03-08,0,25.74572,71.39211,0,0.6,0.8,0.8,43.68,0.0,0.0,0.09,0.0,207.0,3.874,24,17,0.0,431.0
NEG-barmer-2016-01-25,barmer,,2016-01-25,0,25.74572,71.39211,0,0.0,0.0,0.0,27.12,0.0,0.0,0.09,0.0,207.0,3.874,20,13,0.0,187.0
NEG-barmer-2018-07-04,barmer,,2018-07-04,0,25.74572,71.39211,0,0.0,52.39999999999999,52.39999999999999,40.89,0.0,0.0,0.12,0.0,207.0,3.874,22,15,0.0,345.0
NEG-barmer-2019-10-15,barmer,,2019-10-15,0,25.74572,71.39211,0,0.0,0.0,19.6,40.61,0.0,0.0,0.11,-8.3,207.0,3.874,23,16,0.0,447.0
NEG-barnala-2018-07-04,barnala,,2018-07-04,0,30.37451,75.5487,0,9.1,47.300000000000004,47.300000000000004,25.63,0.6,0.0,0.23,43.8,237.0,0.541,18,13,0.0,1037.0
NEG-barnala-2022-06-17,barnala,,2022-06-17,0,30.37451,75.5487,0,4.7,5.1000000000000005,5.1000000000000005,55.93,12.3,0.7,0.28,366.7,237.0,0.541,22,15,0.0,892.0
NEG-barnala-2017-11-10,barnala,,2017-11-10,0,30.37451,75.5487,0,0.0,0.0,0.0,19.47,0.0,0.0,0.05,0.0,237.0,0.541,18,13,0.0,801.0
NEG-barnala-2019-03-14,barnala,,2019-03-14,0,30.37451,75.5487,0,3.6,3.8000000000000003,10.9,22.540000000000003,0.0,0.0,0.09,0.0,237.0,0.541,20,14,0.0,64.0
NEG-barnala-2016-09-17,barnala,,2016-09-17,0,30.37451,75.5487,0,0.3,0.3,0.3,38.03,0.0,0.0,0.06,-14.3,237.0,0.541,18,13,0.0,382.0
NEG-barnala-2022-09-14,barnala,,2022-09-14,0,30.37451,75.5487,0,2.0,2.0,2.3,31.39,0.5,0.7,0.06,0.0,237.0,0.541,22,15,0.0,981.0
NEG-barnala-2020-04-26,barnala,,2020-04-26,0,30.37451,75.5487,0,0.2,0.2,1.6000000000000003,39.29,1.5,0.0,0.12,33.3,237.0,0.541,22,15,0.0,110.0
NEG-barnala-2015-10-02,barnala,,2015-10-02,0,30.37451,75.5487,0,0.0,4.2,64.89999999999999,30.04,0.0,0.0,0.07,-63.2,237.0,0.541,18,13,0.0,31.0
NEG-barnala-2016-01-09,barnala,,2016-01-09,0,30.37451,75.5487,0,0.0,0.0,0.0,15.989999999999998,0.0,0.0,0.08,0.0,237.0,0.541,18,13,0.0,130.0
NEG-barnala-2015-12-16,barnala,,2015-12-16,0,30.37451,75.5487,0,0.0,0.2,0.2,16.81,0.0,0.0,0.08,0.0,237.0,0.541,18,13,0.0,106.0
NEG-barnala-2016-01-17,barnala,,2016-01-17,0,30.37451,75.5487,0,0.0,0.0,0.0,14.57,0.0,0.0,0.08,0.0,237.0,0.541,18,13,0.0,138.0
NEG-barnala-2019-11-04,barnala,,2019-11-04,0,30.37451,75.5487,0,1.4,1.4,1.4,20.08,0.0,0.0,0.05,-16.7,237.0,0.541,21,14,0.0,201.0
NEG-barnala-2016-01-31,barnala,,2016-01-31,0,30.37451,75.5487,0,0.7,0.7,0.7,14.82,0.0,0.0,0.05,-37.5,237.0,0.541,18,13,0.0,152.0
NEG-barnala-2023-05-08,barnala,,2023-05-08,0,30.37451,75.5487,0,1.3,23.8,28.900000000000002,33.879999999999995,0.0,0.0,0.12,-45.5,237.0,0.541,22,15,0.0,1217.0
NEG-barnala-2023-04-15,barnala,,2023-04-15,0,30.37451,75.5487,0,0.0,0.0,16.2,44.900000000000006,0.0,0.0,0.06,-33.3,237.0,0.541,22,15,0.0,1194.0
NEG-barnala-2019-03-07,barnala,,2019-03-07,0,30.37451,75.5487,0,1.0,7.1000000000000005,24.499999999999996,19.49,0.2,0.0,0.09,-25.0,237.0,0.541,20,14,0.0,57.0
NEG-barnala-2016-06-16,barnala,,2016-06-16,0,30.37451,75.5487,0,16.1,17.7,24.4,49.669999999999995,0.0,0.5,0.19,216.7,237.0,0.541,18,13,0.0,289.0
NEG-barnala-2021-03-28,barnala,,2021-03-28,0,30.37451,75.5487,0,0.0,3.9000000000000004,4.0,35.42,0.0,0.0,0.06,0.0,237.0,0.541,22,15,0.0,446.0
NEG-barpeta-2021-07-30,barpeta,,2021-07-30,0,26.32293,91.00632,0,26.0,123.4,215.7,28.819999999999997,25.8,21.1,26.1,-39.9,46.0,0.36,99,39,0.0,431.0
NEG-barpeta-2021-04-19,barpeta,,2021-04-19,0,26.32293,91.00632,0,28.299999999999997,39.0,59.0,31.490000000000002,0.4,0.9,3.19,88.8,46.0,0.36,99,39,0.0,329.0
NEG-barpeta-2021-04-19,barpeta,,2021-04-19,0,26.32293,91.00632,0,28.299999999999997,39.0,59.0,31.490000000000002,0.4,0.9,3.19,88.8,46.0,0.36,99,39,0.0,329.0
NEG-barpeta-2018-09-12,barpeta,,2018-09-12,0,26.32293,91.00632,0,32.7,84.2,96.7,24.05,13.5,14.0,37.11,45.2,46.0,0.36,92,37,0.0,246.0
NEG-barpeta-2016-05-15,barpeta,,2016-05-15,0,26.32293,91.00632,0,112.9,122.3,208.8,26.74,71.6,71.3,91.04,414.1,46.0,0.36,82,34,0.0,257.0
NEG-barpeta-2019-08-10,barpeta,,2019-08-10,0,26.32293,91.00632,0,104.5,116.7,175.50000000000003,32.31,0.4,41.3,40.98,20.8,46.0,0.36,93,38,0.0,214.0
NEG-barpeta-2018-12-19,barpeta,,2018-12-19,0,26.32293,91.00632,0,12.6,13.0,13.1,16.52,0.0,0.0,1.8,53.8,46.0,0.36,92,37,0.0,344.0
NEG-barpeta-2023-06-01,barpeta,,2023-06-01,0,26.32293,91.00632,0,0.0,34.6,337.40000000000003,34.6,0.0,0.2,5.37,-50.3,46.0,0.36,153,41,0.0,331.0
NEG-barpeta-2023-02-01,barpeta,,2023-02-01,0,26.32293,91.00632,0,0.0,0.0,0.0,17.35,0.0,0.0,0.72,-10.0,46.0,0.36,153,41,0.0,211.0
NEG-barpeta-2015-07-30,barpeta,,2015-07-30,0,26.32293,91.00632,0,1.0,53.5,205.9,30.82,29.6,28.2,28.85,-54.3,46.0,0.36,79,34,0.0,16.0
NEG-barpeta-2018-03-24,barpeta,,2018-03-24,0,26.32293,91.00632,0,18.900000000000002,18.900000000000002,31.4,29.959999999999997,0.0,0.7,2.4,14.8,46.0,0.36,92,37,0.0,74.0
NEG-barpeta-2021-09-25,barpeta,,2021-09-25,0,26.32293,91.00632,0,5.9,31.4,122.3,25.44,0.0,3.3,15.44,-28.5,46.0,0.36,110,40,0.0,19.0
NEG-barpeta-2018-07-03,barpeta,,2018-07-03,0,26.32293,91.00632,0,27.799999999999997,77.0,127.80000000000001,23.939999999999998,16.0,1.8,16.34,36.5,46.0,0.36,92,37,0.0,175.0
NEG-barpeta-2018-12-11,barpeta,,2018-12-11,0,26.32293,91.00632,0,0.0,0.1,0.1,19.36,0.0,0.0,1.17,-6.4,46.0,0.36,92,37,0.0,336.0
NEG-barpeta-2016-02-29,barpeta,,2016-02-29,0,26.32293,91.00632,0,0.0,0.0,3.8,29.32,0.4,0.2,0.63,-10.0,46.0,0.36,82,34,0.0,181.0
NEG-barpeta-2021-06-25,barpeta,,2021-06-25,0,26.32293,91.00632,0,13.3,93.1,239.10000000000002,29.7,1.8,3.6,19.0,-30.8,46.0,0.36,99,39,0.0,396.0
NEG-barpeta-2020-09-09,barpeta,,2020-09-09,0,26.32293,91.00632,0,63.3,68.9,168.70000000000002,23.050000000000004,5.0,4.7,18.19,-35.6,46.0,0.36,99,39,0.0,107.0
NEG-barpeta-2017-05-21,barpeta,,2017-05-21,0,26.32293,91.00632,0,25.9,42.099999999999994,80.3,28.81,17.3,5.1,12.68,-24.8,46.0,0.36,87,36,0.0,134.0
NEG-barpeta-2016-09-25,barpeta,,2016-09-25,0,26.32293,91.00632,0,62.6,158.79999999999998,395.4,17.87,30.5,3.4,43.36,3.1,46.0,0.36,86,35,0.0,55.0
NEG-barpeta-2016-03-19,barpeta,,2016-03-19,0,26.32293,91.00632,0,0.0,0.0,3.2,35.45,3.0,11.7,0.59,-10.6,46.0,0.36,82,34,0.0,200.0
NEG-barpeta-2018-12-05,barpeta,,2018-12-05,0,26.32293,91.00632,0,0.0,0.0,0.0,19.11,0.0,0.1,1.25,-10.1,46.0,0.36,92,37,0.0,330.0
NEG-barpeta-2021-03-28,barpeta,,2021-03-28,0,26.32293,91.00632,0,0.0,0.0,1.9,39.45,0.0,17.2,0.56,-11.1,46.0,0.36,99,39,0.0,307.0
NEG-barpeta-2019-02-14,barpeta,,2019-02-14,0,26.32293,91.00632,0,0.0,25.3,25.3,20.080000000000002,0.0,4.8,0.87,11.5,46.0,0.36,93,38,0.0,37.0
NEG-barpeta-2016-04-15,barpeta,,2016-04-15,0,26.32293,91.00632,0,40.8,60.7,182.5,33.18,45.9,2.7,6.21,-39.4,46.0,0.36,82,34,0.0,227.0
NEG-barpeta-2018-02-15,barpeta,,2018-02-15,0,26.32293,91.00632,0,1.2,1.2,4.6,23.18,0.0,0.0,0.94,-6.0,46.0,0.36,92,37,0.0,37.0
NEG-barpeta-2021-06-09,barpeta,,2021-06-09,0,26.32293,91.00632,0,95.1,160.1,368.79999999999995,20.73,1.0,8.7,19.18,-26.9,46.0,0.36,99,39,0.0,380.0
NEG-barpeta-2019-10-24,barpeta,,2019-10-24,0,26.32293,91.00632,0,3.2,3.4,10.399999999999999,24.36,37.0,23.6,7.59,-40.9,46.0,0.36,94,38,0.0,17.0
NEG-barpeta-2021-04-16,barpeta,,2021-04-16,0,26.32293,91.00632,0,8.6,21.8,30.700000000000003,32.05,0.0,17.7,1.65,-58.4,46.0,0.36,99,39,0.0,326.0
NEG-barpeta-2023-08-10,barpeta,,2023-08-10,0,26.32293,91.00632,0,158.89999999999998,226.39999999999998,377.0,21.25,3.6,21.6,67.23,-53.3,46.0,0.36,162,42,0.0,23.0
NEG-barpeta-2021-12-21,barpeta,,2021-12-21,0,26.32293,91.00632,0,0.0,0.0,0.1,16.02,2.4,0.0,0.94,-6.9,46.0,0.36,110,40,0.0,106.0
NEG-barpeta-2021-11-18,barpeta,,2021-11-18,0,26.32293,91.00632,0,0.0,0.0,0.2,21.159999999999997,0.0,0.0,1.47,-10.4,46.0,0.36,110,40,0.0,73.0
NEG-barpeta-2022-07-27,barpeta,,2022-07-27,0,26.32293,91.00632,0,68.6,143.3,195.49999999999997,23.970000000000006,23.7,8.6,34.56,41.9,46.0,0.36,153,41,0.0,22.0
NEG-barpeta-2022-03-17,barpeta,,2022-03-17,0,26.32293,91.00632,0,0.0,0.0,0.0,28.070000000000004,0.0,0.0,0.56,-5.1,46.0,0.36,110,40,0.0,192.0
NEG-barpeta-2021-03-30,barpeta,,2021-03-30,0,26.32293,91.00632,0,0.0,0.0,0.0,38.86,17.4,1.0,1.0,69.5,46.0,0.36,99,39,0.0,309.0
NEG-barpeta-2015-04-18,barpeta,,2015-04-18,0,26.32293,91.00632,0,10.6,12.0,91.3,29.68,3.8,4.8,3.56,50.2,46.0,0.36,75,34,0.0,58.0
NEG-barpeta-2021-10-30,barpeta,,2021-10-30,0,26.32293,91.00632,0,0.0,0.6,153.8,23.21,0.2,0.5,3.22,-66.5,46.0,0.36,110,40,0.0,54.0
NEG-barpeta-2022-10-11,barpeta,,2022-10-11,0,26.32293,91.00632,0,44.7,58.3,88.5,20.04,9.2,9.1,9.28,35.5,46.0,0.36,153,41,0.0,98.0
NEG-barpeta-2015-04-29,barpeta,,2015-04-29,0,26.32293,91.00632,0,2.1,103.0,170.29999999999998,22.549999999999997,2.3,4.1,5.34,-46.8,46.0,0.36,75,34,0.0,69.0
NEG-barpeta-2018-01-24,barpeta,,2018-01-24,0,26.32293,91.00632,0,0.0,0.0,1.2,16.95,0.0,0.0,1.06,-7.0,46.0,0.36,92,37,0.0,15.0
NEG-barpeta-2022-11-18,barpeta,,2022-11-18,0,26.32293,91.00632,0,0.0,0.2,3.7,19.71,0.0,0.0,1.77,-14.5,46.0,0.36,153,41,0.0,136.0
NEG-barpeta-2018-06-19,barpeta,,2018-06-19,0,26.32293,91.00632,0,66.7,180.6,216.9,21.3,3.3,3.4,14.14,-35.8,46.0,0.36,92,37,0.0,161.0
NEG-barpeta-2018-10-23,barpeta,,2018-10-23,0,26.32293,91.00632,0,0.9,4.4,17.499999999999996,23.759999999999998,0.0,0.2,2.22,-52.8,46.0,0.36,92,37,0.0,287.0
NEG-barpeta-2018-12-08,barpeta,,2018-12-08,0,26.32293,91.00632,0,0.1,0.1,0.1,18.86,0.0,0.0,1.2,-9.8,46.0,0.36,92,37,0.0,333.0
NEG-barpeta-2015-01-26,barpeta,,2015-01-26,0,26.32293,91.00632,0,0.0,0.0,0.0,18.5,0.0,0.0,0.59,-11.9,46.0,0.36,74,33,0.0,126.0
NEG-barpeta-2021-05-08,barpeta,,2021-05-08,0,26.32293,91.00632,0,37.5,52.3,55.3,24.83,7.7,16.0,2.25,200.0,46.0,0.36,99,39,0.0,348.0
NEG-barpeta-2019-06-30,barpeta,,2019-06-30,0,26.32293,91.00632,0,62.300000000000004,96.40000000000002,164.1,21.96,81.3,24.3,34.81,110.0,46.0,0.36,93,38,0.0,173.0
NEG-barpeta-2015-10-13,barpeta,,2015-10-13,0,26.32293,91.00632,0,7.0,16.5,21.500000000000004,23.619999999999997,3.8,3.3,12.34,-34.1,46.0,0.36,82,34,0.0,42.0
NEG-barpeta-2023-04-24,barpeta,,2023-04-24,0,26.32293,91.00632,0,17.5,34.5,34.5,29.650000000000002,0.0,0.0,1.31,39.4,46.0,0.36,153,41,0.0,293.0
NEG-barpeta-2022-02-06,barpeta,,2022-02-06,0,26.32293,91.00632,0,25.6,28.299999999999997,29.299999999999997,14.6,0.9,0.4,3.58,459.4,46.0,0.36,110,40,0.0,153.0
NEG-barpeta-2015-05-06,barpeta,,2015-05-06,0,26.32293,91.00632,0,19.200000000000003,40.0,143.0,25.55,22.2,7.7,5.78,8.2,46.0,0.36,75,34,0.0,76.0
NEG-barpeta-2016-01-11,barpeta,,2016-01-11,0,26.32293,91.00632,0,28.5,28.5,28.599999999999998,15.170000000000002,0.0,0.0,1.84,102.2,46.0,0.36,82,34,0.0,132.0
NEG-barpeta-2023-05-15,barpeta,,2023-05-15,0,26.32293,91.00632,0,0.0,0.1,26.1,42.84,34.2,35.4,0.97,-16.4,46.0,0.36,153,41,0.0,314.0
NEG-barpeta-2020-12-12,barpeta,,2020-12-12,0,26.32293,91.00632,0,0.0,1.0,1.2,16.380000000000003,0.8,1.2,1.28,-6.6,46.0,0.36,99,39,0.0,201.0
NEG-barpeta-2017-05-31,barpeta,,2017-05-31,0,26.32293,91.00632,0,18.799999999999997,51.6,105.80000000000001,27.61,6.3,63.2,18.45,39.9,46.0,0.36,87,36,0.0,144.0
NEG-barpeta-2019-03-21,barpeta,,2019-03-21,0,26.32293,91.00632,0,2.7,2.7,2.8000000000000003,34.22,1.3,0.0,0.69,-11.5,46.0,0.36,93,38,0.0,72.0
NEG-barpeta-2019-09-16,barpeta,,2019-09-16,0,26.32293,91.00632,0,53.2,116.4,274.00000000000006,20.210000000000004,9.1,0.6,28.24,-3.5,46.0,0.36,93,38,0.0,251.0
NEG-barpeta-2020-02-02,barpeta,,2020-02-02,0,26.32293,91.00632,0,7.8,9.1,11.0,16.029999999999998,0.0,0.0,1.14,20.0,46.0,0.36,98,39,0.0,23.0
NEG-barpeta-2018-10-28,barpeta,,2018-10-28,0,26.32293,91.00632,0,0.2,0.7,5.9,25.75,0.6,0.0,1.74,-37.6,46.0,0.36,92,37,0.0,292.0
NEG-barpeta-2016-10-06,barpeta,,2016-10-06,0,26.32293,91.00632,0,15.4,51.5,167.8,21.98,12.0,34.7,25.79,-36.6,46.0,0.36,86,35,0.0,66.0
NEG-barpeta-2019-02-24,barpeta,,2019-02-24,0,26.32293,91.00632,0,2.4,6.199999999999999,11.000000000000002,20.5,0.4,0.7,0.78,-28.4,46.0,0.36,93,38,0.0,47.0
NEG-barpeta-2018-06-30,barpeta,,2018-06-30,0,26.32293,91.00632,0,25.999999999999996,80.20000000000002,166.7,26.619999999999997,7.8,15.4,15.44,50.6,46.0,0.36,92,37,0.0,172.0
NEG-barpeta-2023-02-03,barpeta,,2023-02-03,0,26.32293,91.00632,0,0.0,0.0,0.0,17.650000000000002,0.0,0.0,0.77,-1.3,46.0,0.36,153,41,0.0,213.0
NEG-barpeta-2018-08-21,barpeta,,2018-08-21,0,26.32293,91.00632,0,13.3,62.7,91.89999999999999,29.37,4.4,19.5,35.22,7.6,46.0,0.36,92,37,0.0,224.0
NEG-barpeta-2023-09-17,barpeta,,2023-09-17,0,26.32293,91.00632,0,4.5,20.0,86.10000000000001,28.300000000000004,3.5,13.0,22.88,-43.2,46.0,0.36,165,42,0.0,15.0
NEG-barpeta-2021-05-13,barpeta,,2021-05-13,0,26.32293,91.00632,0,114.1,161.7,189.3,25.19,17.4,14.0,7.18,317.4,46.0,0.36,99,39,0.0,353.0
NEG-barpeta-2015-12-14,barpeta,,2015-12-14,0,26.32293,91.00632,0,7.199999999999999,7.4,11.5,14.870000000000001,0.0,0.0,1.26,4.1,46.0,0.36,82,34,0.0,104.0
NEG-barpeta-2015-08-04,barpeta,,2015-08-04,0,26.32293,91.00632,0,29.0,59.70000000000001,178.59999999999997,31.56,18.2,24.6,26.23,-22.6,46.0,0.36,79,34,0.0,21.0
NEG-barpeta-2016-09-29,barpeta,,2016-09-29,0,26.32293,91.00632,0,35.5,116.3,275.09999999999997,19.330000000000002,6.4,2.5,40.69,-21.7,46.0,0.36,86,35,0.0,59.0
NEG-barpeta-2016-10-06,barpeta,,2016-10-06,0,26.32293,91.00632,0,15.4,51.5,167.8,21.98,12.0,34.7,25.79,-36.6,46.0,0.36,86,35,0.0,66.0
NEG-barpeta-2021-12-05,barpeta,,2021-12-05,0,26.32293,91.00632,0,0.0,0.0,0.6,18.72,0.0,0.1,1.11,-14.6,46.0,0.36,110,40,0.0,90.0
NEG-barpeta-2022-07-23,barpeta,,2022-07-23,0,26.32293,91.00632,0,56.4,84.49999999999999,138.0,29.66,38.4,1.7,34.73,34.7,46.0,0.36,153,41,0.0,18.0
NEG-barpeta-2015-12-01,barpeta,,2015-12-01,0,26.32293,91.00632,0,0.0,0.0,0.9,20.209999999999997,0.0,3.7,1.31,-7.7,46.0,0.36,82,34,0.0,91.0
NEG-barpeta-2019-12-20,barpeta,,2019-12-20,0,26.32293,91.00632,0,0.6,1.2999999999999998,1.5,17.25,0.2,0.0,1.22,-6.2,46.0,0.36,94,38,0.0,74.0
NEG-barpeta-2022-06-04,barpeta,,2022-06-04,0,26.32293,91.00632,0,15.200000000000001,23.0,118.70000000000002,31.68,7.4,32.7,25.36,-20.8,46.0,0.36,119,41,0.0,11.0
NEG-barpeta-2020-06-12,barpeta,,2020-06-12,0,26.32293,91.00632,0,36.1,102.1,219.0,29.21,10.2,29.3,28.51,-32.2,46.0,0.36,99,39,0.0,18.0
NEG-barpeta-2021-10-22,barpeta,,2021-10-22,0,26.32293,91.00632,0,46.5,153.2,157.8,20.809999999999995,0.0,0.0,11.85,248.5,46.0,0.36,110,40,0.0,46.0
NEG-barpeta-2019-12-16,barpeta,,2019-12-16,0,26.32293,91.00632,0,0.7,0.8999999999999999,3.8000000000000007,17.63,0.6,0.0,1.26,-7.4,46.0,0.36,94,38,0.0,70.0
NEG-barpeta-2019-08-24,barpeta,,2019-08-24,0,26.32293,91.00632,0,51.9,54.9,144.4,30.49,17.5,0.2,47.42,7.8,46.0,0.36,93,38,0.0,228.0
NEG-barpeta-2018-01-23,barpeta,,2018-01-23,0,26.32293,91.00632,0,0.0,0.0,1.2,16.62,0.3,0.0,1.08,-5.3,46.0,0.36,92,37,0.0,14.0
NEG-barpeta-2017-06-01,barpeta,,2017-06-01,0,26.32293,91.00632,0,24.599999999999998,51.7,111.80000000000001,28.0,63.2,9.4,17.88,35.2,46.0,0.36,87,36,0.0,145.0
NEG-barpeta-2020-09-29,barpeta,,2020-09-29,0,26.32293,91.00632,0,17.1,172.20000000000002,265.90000000000003,16.83,0.6,3.7,23.66,-67.0,46.0,0.36,99,39,0.0,127.0
NEG-barpeta-2016-04-11,barpeta,,2016-04-11,0,26.32293,91.00632,0,17.000000000000004,130.50000000000003,188.70000000000002,24.61,0.0,0.0,5.34,281.4,46.0,0.36,82,34,0.0,223.0
NEG-barpeta-2018-11-14,barpeta,,2018-11-14,0,26.32293,91.00632,0,0.8,1.0,11.2,21.98,2.2,2.2,1.58,-16.4,46.0,0.36,92,37,0.0,309.0
NEG-barpeta-2019-10-27,barpeta,,2019-10-27,0,26.32293,91.00632,0,61.9,65.30000000000001,68.9,20.099999999999998,0.0,0.0,25.67,154.4,46.0,0.36,94,38,0.0,20.0
NEG-barpeta-2016-03-30,barpeta,,2016-03-30,0,26.32293,91.00632,0,39.3,39.3,54.5,28.46,13.5,6.5,2.37,137.0,46.0,0.36,82,34,0.0,211.0
NEG-barpeta-2018-03-06,barpeta,,2018-03-06,0,26.32293,91.00632,0,1.7,4.7,20.900000000000002,21.800000000000004,0.0,0.0,1.34,19.6,46.0,0.36,92,37,0.0,56.0
NEG-barpeta-2022-08-09,barpeta,,2022-08-09,0,26.32293,91.00632,0,47.0,88.60000000000001,255.3,29.8,1.9,0.1,27.97,-10.2,46.0,0.36,153,41,0.0,35.0
NEG-barpeta-2022-08-11,barpeta,,2022-08-11,0,26.32293,91.00632,0,51.6,83.9,243.20000000000002,29.240000000000002,0.3,18.5,23.6,-34.1,46.0,0.36,153,41,0.0,37.0
NEG-barpeta-2020-06-16,barpeta,,2020-06-16,0,26.32293,91.00632,0,42.4,100.7,218.29999999999998,28.38,81.4,76.0,20.83,-22.4,46.0,0.36,99,39,0.0,22.0
NEG-barpeta-2020-11-28,barpeta,,2020-11-28,0,26.32293,91.00632,0,0.0,1.2000000000000002,4.0,20.35,0.0,0.0,1.56,-10.3,46.0,0.36,99,39,0.0,187.0
NEG-barpeta-2018-06-17,barpeta,,2018-06-17,0,26.32293,91.00632,0,122.4,143.79999999999998,183.70000000000002,26.59,33.0,8.6,16.62,44.1,46.0,0.36,92,37,0.0,159.0
NEG-barpeta-2017-06-22,barpeta,,2017-06-22,0,26.32293,91.00632,0,36.7,197.2,343.2,17.2,8.5,32.7,52.83,14.3,46.0,0.36,87,36,0.0,166.0
NEG-barpeta-2019-06-07,barpeta,,2019-06-07,0,26.32293,91.00632,0,11.5,35.5,251.9,25.82,1.0,10.8,18.36,-35.3,46.0,0.36,93,38,0.0,150.0
NEG-barpeta-2021-09-20,barpeta,,2021-09-20,0,26.32293,91.00632,0,33.099999999999994,96.79999999999998,206.79999999999998,23.68,9.8,5.7,17.71,-7.9,46.0,0.36,110,40,0.0,14.0
NEG-barpeta-2015-02-01,barpeta,,2015-02-01,0,26.32293,91.00632,0,0.0,0.0,0.0,18.509999999999998,0.0,0.0,0.56,-8.2,46.0,0.36,74,33,0.0,132.0
NEG-barpeta-2017-04-17,barpeta,,2017-04-17,0,26.32293,91.00632,0,20.7,22.5,104.7,36.16,0.0,13.8,4.37,-52.4,46.0,0.36,87,36,0.0,100.0
NEG-barpeta-2018-05-19,barpeta,,2018-05-19,0,26.32293,91.00632,0,9.3,20.0,112.3,30.479999999999997,1.5,2.3,5.15,-44.5,46.0,0.36,92,37,0.0,130.0
NEG-barpeta-2017-05-15,barpeta,,2017-05-15,0,26.32293,91.00632,0,22.2,45.8,257.6,27.759999999999998,0.4,0.0,15.98,-45.9,46.0,0.36,87,36,0.0,128.0
NEG-barpeta-2023-08-10,barpeta,,2023-08-10,0,26.32293,91.00632,0,158.89999999999998,226.39999999999998,377.0,21.25,3.6,21.6,67.23,-53.3,46.0,0.36,162,42,0.0,23.0
NEG-barpeta-2017-11-12,barpeta,,2017-11-12,0,26.32293,91.00632,0,0.0,0.0,13.7,24.299999999999997,0.0,0.0,6.57,-45.5,46.0,0.36,90,36,0.0,35.0
NEG-barpeta-2018-03-31,barpeta,,2018-03-31,0,26.32293,91.00632,0,17.799999999999997,23.0,41.900000000000006,26.940000000000005,0.0,0.0,3.47,44.6,46.0,0.36,92,37,0.0,81.0
NEG-barpeta-2018-09-05,barpeta,,2018-09-05,0,26.32293,91.00632,0,2.4,12.5,151.6,29.06,32.5,5.7,25.55,-42.7,46.0,0.36,92,37,0.0,239.0
NEG-barpeta-2016-05-06,barpeta,,2016-05-06,0,26.32293,91.00632,0,38.0,94.9,307.20000000000005,27.49,10.2,2.0,20.48,-32.2,46.0,0.36,82,34,0.0,248.0
NEG-barpeta-2015-02-01,barpeta,,2015-02-01,0,26.32293,91.00632,0,0.0,0.0,0.0,18.509999999999998,0.0,0.0,0.56,-8.2,46.0,0.36,74,33,0.0,132.0
NEG-barpeta-2020-07-30,barpeta,,2020-07-30,0,26.32293,91.00632,0,36.8,89.7,327.30000000000007,22.209999999999997,4.2,1.6,52.33,-1.2,46.0,0.36,99,39,0.0,66.0
NEG-barpeta-2023-05-18,barpeta,,2023-05-18,0,26.32293,91.00632,0,72.7,72.80000000000001,94.80000000000001,36.41,74.5,73.8,28.11,3207.1,46.0,0.36,153,41,0.0,317.0
NEG-barpeta-2019-10-30,barpeta,,2019-10-30,0,26.32293,91.00632,0,0.0,62.4,68.1,19.61,1.2,0.0,13.59,65.1,46.0,0.36,94,38,0.0,23.0
NEG-barpeta-2016-12-20,barpeta,,2016-12-20,0,26.32293,91.00632,0,0.0,0.0,0.0,17.46,0.0,0.0,1.26,-6.0,46.0,0.36,86,35,0.0,141.0
NEG-barpeta-2019-04-07,barpeta,,2019-04-07,0,26.32293,91.00632,0,3.3000000000000003,89.8,98.0,22.46,4.7,11.1,1.59,-13.6,46.0,0.36,93,38,0.0,89.0
NEG-barpeta-2020-12-21,barpeta,,2020-12-21,0,26.32293,91.00632,0,0.0,1.4,2.4000000000000004,16.189999999999998,0.0,0.0,1.16,-6.5,46.0,0.36,99,39,0.0,210.0
NEG-barpeta-2022-11-22,barpeta,,2022-11-22,0,26.32293,91.00632,0,0.0,0.0,0.2,20.14,0.0,0.0,1.67,-10.2,46.0,0.36,153,41,0.0,140.0
NEG-barpeta-2017-07-31,barpeta,,2017-07-31,0,26.32293,91.00632,0,14.2,83.50000000000001,196.5,22.009999999999998,12.0,23.4,35.48,-45.7,46.0,0.36,88,36,0.0,16.0
NEG-barpeta-2020-08-11,barpeta,,2020-08-11,0,26.32293,91.00632,0,5.8999999999999995,26.300000000000004,67.6,30.48,4.6,0.6,26.67,-11.7,46.0,0.36,99,39,0.0,78.0
NEG-barpeta-2021-04-07,barpeta,,2021-04-07,0,26.32293,91.00632,0,0.0,18.4,35.599999999999994,31.150000000000002,8.8,9.3,1.22,-27.8,46.0,0.36,99,39,0.0,317.0
NEG-barpeta-2018-12-21,barpeta,,2018-12-21,0,26.32293,91.00632,0,12.6,13.0,13.1,14.63,0.1,0.0,1.56,36.8,46.0,0.36,92,37,0.0,346.0
NEG-barpeta-2015-10-23,barpeta,,2015-10-23,0,26.32293,91.00632,0,2.0,2.3,19.700000000000006,22.74,0.6,0.0,6.03,-42.7,46.0,0.36,82,34,0.0,52.0
NEG-barpeta-2019-06-15,barpeta,,2019-06-15,0,26.32293,91.00632,0,31.0,65.3,99.7,29.72,19.2,8.8,44.5,148.3,46.0,0.36,93,38,0.0,158.0
NEG-barpeta-2023-04-28,barpeta,,2023-04-28,0,26.32293,91.00632,0,0.7,18.2,35.2,29.33,11.7,9.9,1.03,-56.0,46.0,0.36,153,41,0.0,297.0
NEG-barpeta-2019-11-22,barpeta,,2019-11-22,0,26.32293,91.00632,0,12.0,13.399999999999999,19.4,17.35,0.0,0.1,1.78,-24.6,46.0,0.36,94,38,0.0,46.0
NEG-barpeta-2015-03-18,barpeta,,2015-03-18,0,26.32293,91.00632,0,0.0,0.0,2.6999999999999997,37.790000000000006,0.0,0.0,0.59,-6.3,46.0,0.36,75,34,0.0,27.0
NEG-barpeta-2020-02-27,barpeta,,2020-02-27,0,26.32293,91.00632,0,20.1,21.900000000000002,23.700000000000003,21.75,0.0,0.0,1.03,37.3,46.0,0.36,98,39,0.0,48.0
NEG-barpeta-2015-11-15,barpeta,,2015-11-15,0,26.32293,91.00632,0,0.0,0.0,5.800000000000001,23.68,0.7,0.9,1.54,-6.7,46.0,0.36,82,34,0.0,75.0
NEG-barpeta-2018-07-06,barpeta,,2018-07-06,0,26.32293,91.00632,0,50.3,80.5,162.8,22.709999999999997,1.3,0.3,15.26,-12.6,46.0,0.36,92,37,0.0,178.0
NEG-barpeta-2021-06-16,barpeta,,2021-06-16,0,26.32293,91.00632,0,43.2,68.2,228.29999999999998,23.550000000000004,31.9,47.3,26.86,40.0,46.0,0.36,99,39,0.0,387.0
NEG-barpeta-2019-10-25,barpeta,,2019-10-25,0,26.32293,91.00632,0,3.5,4.7,10.0,23.270000000000003,23.6,0.0,33.51,183.5,46.0,0.36,94,38,0.0,18.0
NEG-barpeta-2021-06-06,barpeta,,2021-06-06,0,26.32293,91.00632,0,59.0,217.5,292.5,23.740000000000002,53.2,18.4,29.13,398.8,46.0,0.36,99,39,0.0,377.0
NEG-barpeta-2019-07-15,barpeta,,2019-07-15,0,26.32293,91.00632,0,132.9,347.7,735.4,8.299999999999999,62.5,3.1,84.11,74.1,46.0,0.36,93,38,0.0,188.0
NEG-barpeta-2022-12-16,barpeta,,2022-12-16,0,26.32293,91.00632,0,0.6,0.6,0.6,15.879999999999999,0.0,0.0,1.19,-7.0,46.0,0.36,153,41,0.0,164.0
NEG-barpeta-2022-03-07,barpeta,,2022-03-07,0,26.32293,91.00632,0,0.0,7.0,17.4,21.980000000000004,0.0,0.0,0.59,-10.6,46.0,0.36,110,40,0.0,182.0
NEG-barpeta-2019-09-07,barpeta,,2019-09-07,0,26.32293,91.00632,0,69.4,137.8,216.0,24.25,47.1,5.9,35.06,48.6,46.0,0.36,93,38,0.0,242.0
NEG-barpeta-2018-03-31,barpeta,,2018-03-31,0,26.32293,91.00632,0,17.799999999999997,23.0,41.900000000000006,26.940000000000005,0.0,0.0,3.47,44.6,46.0,0.36,92,37,0.0,81.0
NEG-barpeta-2016-04-16,barpeta,,2016-04-16,0,26.32293,91.00632,0,65.1,79.6,200.3,31.74,2.7,8.0,8.18,1.7,46.0,0.36,82,34,0.0,228.0
NEG-barpeta-2019-07-18,barpeta,,2019-07-18,0,26.32293,91.00632,0,183.7,384.70000000000005,812.0,12.799999999999999,7.1,4.6,51.72,-41.0,46.0,0.36,93,38,0.0,191.0
NEG-barpeta-2015-03-27,barpeta,,2015-03-27,0,26.32293,91.00632,0,0.7,2.0999999999999996,2.0999999999999996,34.27,7.5,0.0,0.91,54.2,46.0,0.36,75,34,0.0,36.0
NEG-barpeta-2018-08-23,barpeta,,2018-08-23,0,26.32293,91.00632,0,13.8,31.200000000000003,92.10000000000001,29.790000000000003,21.2,6.2,31.81,-28.9,46.0,0.36,92,37,0.0,226.0
NEG-barpeta-2016-12-04,barpeta,,2016-12-04,0,26.32293,91.00632,0,0.0,0.0,0.0,19.270000000000003,0.0,0.0,1.45,-9.9,46.0,0.36,86,35,0.0,125.0
NEG-barpeta-2023-12-27,barpeta,,2023-12-27,0,26.32293,91.00632,0,0.6,0.6,4.0,17.599999999999998,0.5,0.0,1.0,-9.1,46.0,0.36,165,42,0.0,116.0
NEG-barpeta-2021-12-06,barpeta,,2021-12-06,0,26.32293,91.00632,0,0.0,0.0,0.0,18.33,0.1,0.0,1.11,-14.6,46.0,0.36,110,40,0.0,91.0
NEG-barpeta-2020-02-28,barpeta,,2020-02-28,0,26.32293,91.00632,0,21.400000000000002,22.700000000000003,25.000000000000004,22.07,0.0,0.0,1.0,33.3,46.0,0.36,98,39,0.0,49.0
NEG-barpeta-2022-09-25,barpeta,,2022-09-25,0,26.32293,91.00632,0,35.3,91.9,170.0,23.249999999999996,9.8,5.8,8.64,-39.6,46.0,0.36,153,41,0.0,82.0
NEG-barpeta-2019-01-22,barpeta,,2019-01-22,0,26.32293,91.00632,0,0.0,0.0,0.2,19.06,0.0,0.0,0.78,-8.2,46.0,0.36,93,38,0.0,14.0
NEG-barpeta-2015-12-27,barpeta,,2015-12-27,0,26.32293,91.00632,0,0.0,0.0,2.3,17.150000000000002,0.0,0.0,1.02,-8.9,46.0,0.36,82,34,0.0,117.0
NEG-barpeta-2019-11-24,barpeta,,2019-11-24,0,26.32293,91.00632,0,0.0,12.0,19.4,17.25,0.0,0.0,1.72,-14.4,46.0,0.36,94,38,0.0,48.0
NEG-barpeta-2016-03-09,barpeta,,2016-03-09,0,26.32293,91.00632,0,3.0999999999999996,15.2,15.7,27.58,0.0,0.0,0.7,11.1,46.0,0.36,82,34,0.0,190.0
NEG-barpeta-2017-09-23,barpeta,,2017-09-23,0,26.32293,91.00632,0,50.6,98.3,201.29999999999998,23.080000000000002,3.5,5.2,32.5,51.6,46.0,0.36,89,36,0.0,16.0
NEG-barpeta-2019-11-20,barpeta,,2019-11-20,0,26.32293,91.00632,0,6.8,8.2,14.600000000000001,19.32,0.0,0.0,1.84,-40.1,46.0,0.36,94,38,0.0,44.0
NEG-barpeta-2021-08-09,barpeta,,2021-08-09,0,26.32293,91.00632,0,64.2,126.6,234.59999999999997,27.35,4.6,13.4,30.92,-15.1,46.0,0.36,99,39,0.0,441.0
NEG-barpeta-2019-06-29,barpeta,,2019-06-29,0,26.32293,91.00632,0,67.5,90.2,195.2,23.359999999999996,0.0,81.3,43.16,143.7,46.0,0.36,93,38,0.0,172.0
NEG-barpeta-2020-11-16,barpeta,,2020-11-16,0,26.32293,91.00632,0,0.0,0.0,1.3,25.549999999999997,0.0,0.3,1.98,-56.7,46.0,0.36,99,39,0.0,175.0
NEG-barpeta-2015-11-19,barpeta,,2015-11-19,0,26.32293,91.00632,0,1.6,2.3,4.700000000000001,18.19,0.0,0.0,1.48,-6.9,46.0,0.36,82,34,0.0,79.0
NEG-barpeta-2019-06-10,barpeta,,2019-06-10,0,26.32293,91.00632,0,24.3,42.4,188.1,28.599999999999998,7.9,1.6,15.67,-30.7,46.0,0.36,93,38,0.0,153.0
NEG-barpeta-2018-06-24,barpeta,,2018-06-24,0,26.32293,91.00632,0,8.9,70.1,213.9,28.63,20.9,23.2,9.5,-42.8,46.0,0.36,92,37,0.0,166.0
NEG-barpeta-2023-05-13,barpeta,,2023-05-13,0,26.32293,91.00632,0,0.1,9.0,47.7,39.21,0.0,3.1,0.78,-53.8,46.0,0.36,153,41,0.0,312.0
NEG-barpeta-2018-10-22,barpeta,,2018-10-22,0,26.32293,91.00632,0,2.9,4.9,20.5,23.45,0.1,0.0,2.48,-51.8,46.0,0.36,92,37,0.0,286.0
NEG-barpeta-2017-06-26,barpeta,,2017-06-26,0,26.32293,91.00632,0,71.1,125.6,403.09999999999997,21.45,15.3,11.6,46.1,-45.6,46.0,0.36,87,36,0.0,170.0
NEG-barpeta-2018-09-26,barpeta,,2018-09-26,0,26.32293,91.00632,0,26.4,60.30000000000001,142.0,23.209999999999997,5.1,4.6,16.3,-16.1,46.0,0.36,92,37,0.0,260.0
NEG-barpeta-2023-09-27,barpeta,,2023-09-27,0,26.32293,91.00632,0,5.5,119.8,157.2,20.769999999999996,0.2,5.6,30.84,-25.4,46.0,0.36,165,42,0.0,25.0
NEG-barpeta-2016-11-19,barpeta,,2016-11-19,0,26.32293,91.00632,0,0.0,0.8,1.2,19.75,0.0,0.0,1.74,-33.3,46.0,0.36,86,35,0.0,110.0
NEG-barpeta-2015-11-09,barpeta,,2015-11-09,0,26.32293,91.00632,0,1.3,5.6000000000000005,6.8999999999999995,20.780000000000005,0.0,0.0,1.64,-18.0,46.0,0.36,82,34,0.0,69.0
NEG-barpeta-2020-09-21,barpeta,,2020-09-21,0,26.32293,91.00632,0,0.8,71.1,148.60000000000002,21.88,67.3,28.3,24.64,57.6,46.0,0.36,99,39,0.0,119.0
NEG-barpeta-2022-02-06,barpeta,,2022-02-06,0,26.32293,91.00632,0,25.6,28.299999999999997,29.299999999999997,14.6,0.9,0.4,3.58,459.4,46.0,0.36,110,40,0.0,153.0
NEG-barpeta-2016-04-12,barpeta,,2016-04-12,0,26.32293,91.00632,0,14.500000000000002,132.00000000000003,171.20000000000005,25.1,0.0,40.8,4.37,-36.2,46.0,0.36,82,34,0.0,224.0
NEG-barpeta-2020-12-13,barpeta,,2020-12-13,0,26.32293,91.00632,0,0.0,0.5,1.2,16.53,1.2,0.2,1.26,-8.7,46.0,0.36,99,39,0.0,202.0
NEG-barpeta-2020-09-19,barpeta,,2020-09-19,0,26.32293,91.00632,0,53.4,94.0,172.80000000000004,16.57,0.0,29.4,12.03,-30.4,46.0,0.36,99,39,0.0,117.0
NEG-barpeta-2017-03-05,barpeta,,2017-03-05,0,26.32293,91.00632,0,0.2,0.6000000000000001,44.6,28.549999999999994,0.2,0.3,1.12,-5.9,46.0,0.36,87,36,0.0,57.0
NEG-barpeta-2023-09-15,barpeta,,2023-09-15,0,26.32293,91.00632,0,13.9,53.4,95.10000000000001,25.640000000000004,0.4,9.5,27.64,-66.8,46.0,0.36,165,42,0.0,13.0
NEG-barpeta-2018-12-02,barpeta,,2018-12-02,0,26.32293,91.00632,0,0.0,0.0,0.2,19.44,0.0,0.0,1.3,-9.7,46.0,0.36,92,37,0.0,327.0
NEG-barpeta-2018-12-09,barpeta,,2018-12-09,0,26.32293,91.00632,0,0.1,0.1,0.1,18.85,0.0,0.0,1.2,-7.7,46.0,0.36,92,37,0.0,334.0
NEG-barpeta-2023-02-27,barpeta,,2023-02-27,0,26.32293,91.00632,0,0.0,19.4,19.4,18.09,0.0,0.0,1.06,65.6,46.0,0.36,153,41,0.0,237.0
NEG-barpeta-2022-03-28,barpeta,,2022-03-28,0,26.32293,91.00632,0,3.1,4.2,4.2,28.22,1.3,5.4,1.16,107.1,46.0,0.36,110,40,0.0,203.0
NEG-barpeta-2016-08-27,barpeta,,2016-08-27,0,26.32293,91.00632,0,13.0,30.0,83.4,29.8,11.9,5.4,18.19,-34.5,46.0,0.36,86,35,0.0,26.0
NEG-barpeta-2017-08-25,barpeta,,2017-08-25,0,26.32293,91.00632,0,35.900000000000006,60.89999999999999,387.8,24.090000000000003,25.6,46.5,30.55,-35.7,46.0,0.36,88,36,0.0,41.0
NEG-barpeta-2016-02-26,barpeta,,2016-02-26,0,26.32293,91.00632,0,0.0,3.8,5.499999999999999,26.74,0.0,0.0,0.66,-5.7,46.0,0.36,82,34,0.0,178.0
NEG-barpeta-2016-08-22,barpeta,,2016-08-22,0,26.32293,91.00632,0,14.3,55.8,138.29999999999998,28.04,0.0,0.0,24.88,-26.6,46.0,0.36,86,35,0.0,21.0
NEG-barpeta-2017-11-14,barpeta,,2017-11-14,0,26.32293,91.00632,0,0.0,0.0,0.2,24.310000000000002,0.0,0.0,5.44,-46.5,46.0,0.36,90,36,0.0,37.0
NEG-barpeta-2017-03-19,barpeta,,2017-03-19,0,26.32293,91.00632,0,6.699999999999999,6.699999999999999,58.29999999999999,28.410000000000004,4.9,0.1,1.25,-72.2,46.0,0.36,87,36,0.0,71.0
NEG-barpeta-2016-12-11,barpeta,,2016-12-11,0,26.32293,91.00632,0,0.0,0.0,0.0,22.07,0.0,0.0,1.38,-4.8,46.0,0.36,86,35,0.0,132.0
NEG-barpeta-2021-10-03,barpeta,,2021-10-03,0,26.32293,91.00632,0,7.2,27.2,48.2,27.020000000000003,8.0,10.9,9.79,-30.1,46.0,0.36,110,40,0.0,27.0
NEG-barpeta-2016-09-18,barpeta,,2016-09-18,0,26.32293,91.00632,0,62.599999999999994,236.59999999999997,358.59999999999997,15.990000000000002,30.4,17.5,42.05,40.6,46.0,0.36,86,35,0.0,48.0
NEG-barpeta-2015-11-05,barpeta,,2015-11-05,0,26.32293,91.00632,0,3.2,4.5,10.6,21.79,1.3,0.0,1.73,-48.5,46.0,0.36,82,34,0.0,65.0
NEG-barpeta-2016-12-26,barpeta,,2016-12-26,0,26.32293,91.00632,0,2.4000000000000004,2.4000000000000004,2.4000000000000004,15.71,0.0,0.0,1.22,-4.7,46.0,0.36,86,35,0.0,147.0
NEG-barpeta-2022-01-16,barpeta,,2022-01-16,0,26.32293,91.00632,0,1.3,14.999999999999998,14.999999999999998,14.260000000000002,0.0,0.0,0.97,29.3,46.0,0.36,110,40,0.0,132.0
NEG-barpeta-2020-07-16,barpeta,,2020-07-16,0,26.32293,91.00632,0,57.60000000000001,219.4,369.90000000000003,20.5,0.9,7.4,34.32,-13.0,46.0,0.36,99,39,0.0,52.0
NEG-barpeta-2020-03-15,barpeta,,2020-03-15,0,26.32293,91.00632,0,0.8,2.2,19.799999999999997,25.6,0.0,0.0,0.72,-33.9,46.0,0.36,98,39,0.0,65.0
NEG-barpeta-2021-04-28,barpeta,,2021-04-28,0,26.32293,91.00632,0,0.0,2.2,53.300000000000004,36.03,0.0,0.6,0.81,-55.2,46.0,0.36,99,39,0.0,338.0
NEG-barpeta-2021-07-01,barpeta,,2021-07-01,0,26.32293,91.00632,0,84.80000000000001,93.80000000000001,217.5,25.849999999999994,48.6,21.7,33.28,62.5,46.0,0.36,99,39,0.0,402.0
NEG-barpeta-2022-08-21,barpeta,,2022-08-21,0,26.32293,91.00632,0,89.2,103.6,176.1,32.309999999999995,0.5,25.3,19.23,0.7,46.0,0.36,153,41,0.0,47.0
NEG-barpeta-2021-05-01,barpeta,,2021-05-01,0,26.32293,91.00632,0,2.9,3.0,37.9,38.07,3.8,3.2,0.75,-29.2,46.0,0.36,99,39,0.0,341.0
NEG-barpeta-2022-03-18,barpeta,,2022-03-18,0,26.32293,91.00632,0,0.0,0.0,0.0,28.560000000000002,0.0,0.0,0.56,-5.1,46.0,0.36,110,40,0.0,193.0
NEG-barpeta-2022-02-15,barpeta,,2022-02-15,0,26.32293,91.00632,0,0.0,11.4,40.599999999999994,15.59,0.0,0.0,0.8,-59.0,46.0,0.36,110,40,0.0,162.0
NEG-barpeta-2022-01-02,barpeta,,2022-01-02,0,26.32293,91.00632,0,4.3,4.7,7.5,15.240000000000002,0.0,0.0,0.85,-4.5,46.0,0.36,110,40,0.0,118.0
NEG-barpeta-2018-08-16,barpeta,,2018-08-16,0,26.32293,91.00632,0,44.8,60.900000000000006,182.8,27.64,2.5,0.3,44.71,2.9,46.0,0.36,92,37,0.0,219.0
NEG-barpeta-2022-01-13,barpeta,,2022-01-13,0,26.32293,91.00632,0,13.7,13.7,18.0,15.13,0.1,0.0,1.22,50.6,46.0,0.36,110,40,0.0,129.0
NEG-barpeta-2018-07-18,barpeta,,2018-07-18,0,26.32293,91.00632,0,137.4,223.4,245.79999999999998,25.200000000000003,0.2,23.1,19.42,63.9,46.0,0.36,92,37,0.0,190.0
NEG-barpeta-2016-09-10,barpeta,,2016-09-10,0,26.32293,91.00632,0,33.3,116.89999999999999,197.70000000000005,18.18,28.9,46.8,26.61,48.1,46.0,0.36,86,35,0.0,40.0
NEG-barpeta-2019-12-07,barpeta,,2019-12-07,0,26.32293,91.00632,0,0.0,4.3,4.6000000000000005,19.05,0.0,0.0,1.39,-12.6,46.0,0.36,94,38,0.0,61.0
NEG-barpeta-2015-10-07,barpeta,,2015-10-07,0,26.32293,91.00632,0,1.1,5.1,87.79999999999998,26.650000000000002,4.4,1.9,17.49,-40.0,46.0,0.36,82,34,0.0,36.0
NEG-barpeta-2020-04-04,barpeta,,2020-04-04,0,26.32293,91.00632,0,0.1,0.2,4.5,40.36,0.0,0.0,0.63,0.0,46.0,0.36,98,39,0.0,85.0
NEG-barpeta-2019-12-17,barpeta,,2019-12-17,0,26.32293,91.00632,0,0.7,0.8999999999999999,1.1,17.45,0.0,0.0,1.25,-6.7,46.0,0.36,94,38,0.0,71.0
NEG-barpeta-2022-01-30,barpeta,,2022-01-30,0,26.32293,91.00632,0,0.0,1.0,10.900000000000002,15.42,0.0,2.4,0.64,-11.1,46.0,0.36,110,40,0.0,146.0
NEG-barpeta-2018-05-25,barpeta,,2018-05-25,0,26.32293,91.00632,0,25.6,49.1,66.89999999999999,25.88,46.1,20.5,14.7,180.0,46.0,0.36,92,37,0.0,136.0
NEG-barpeta-2023-12-06,barpeta,,2023-12-06,0,26.32293,91.00632,0,0.0,0.0,0.7,19.460000000000004,3.3,0.4,1.18,-13.9,46.0,0.36,165,42,0.0,95.0
NEG-barpeta-2018-01-30,barpeta,,2018-01-30,0,26.32293,91.00632,0,0.1,0.4,0.4,17.78,0.0,0.0,1.0,-7.4,46.0,0.36,92,37,0.0,21.0
NEG-barpeta-2018-12-12,barpeta,,2018-12-12,0,26.32293,91.00632,0,0.0,0.1,0.1,19.73,0.0,0.4,1.17,-6.4,46.0,0.36,92,37,0.0,337.0
NEG-barpeta-2020-09-09,barpeta,,2020-09-09,0,26.32293,91.00632,0,63.3,68.9,168.70000000000002,23.050000000000004,5.0,4.7,18.19,-35.6,46.0,0.36,99,39,0.0,107.0
NEG-barpeta-2015-10-31,barpeta,,2015-10-31,0,26.32293,91.00632,0,0.0,0.6,6.6000000000000005,22.91,0.2,0.0,2.6,-54.1,46.0,0.36,82,34,0.0,60.0
NEG-barpeta-2018-06-25,barpeta,,2018-06-25,0,26.32293,91.00632,0,14.6,62.9,214.1,29.73,23.2,23.2,9.38,-39.0,46.0,0.36,92,37,0.0,167.0
NEG-barpeta-2020-03-06,barpeta,,2020-03-06,0,26.32293,91.00632,0,15.1,15.299999999999999,38.00000000000001,25.490000000000002,2.0,1.0,0.78,-22.0,46.0,0.36,98,39,0.0,56.0
NEG-barpeta-2020-01-26,barpeta,,2020-01-26,0,26.32293,91.00632,0,0.4,1.9,2.2,16.3,0.0,0.0,0.95,-7.8,46.0,0.36,98,39,0.0,16.0
NEG-barpeta-2019-02-19,barpeta,,2019-02-19,0,26.32293,91.00632,0,8.3,8.3,33.6,19.439999999999998,0.0,0.3,1.0,0.0,46.0,0.36,93,38,0.0,42.0
NEG-barpeta-2018-03-21,barpeta,,2018-03-21,0,26.32293,91.00632,0,0.0,4.6000000000000005,12.5,27.68,0.6,18.3,1.12,31.8,46.0,0.36,92,37,0.0,71.0
NEG-barpeta-2015-11-11,barpeta,,2015-11-11,0,26.32293,91.00632,0,0.0,5.6000000000000005,6.8999999999999995,22.1,0.0,0.0,1.6,-9.6,46.0,0.36,82,34,0.0,71.0
NEG-barpeta-2022-03-25,barpeta,,2022-03-25,0,26.32293,91.00632,0,1.1,1.1,1.1,32.849999999999994,0.0,0.4,0.81,44.6,46.0,0.36,110,40,0.0,200.0
NEG-barpeta-2016-01-05,barpeta,,2016-01-05,0,26.32293,91.00632,0,0.0,0.1,0.1,18.05,0.0,0.0,0.9,-10.0,46.0,0.36,82,34,0.0,126.0
NEG-barpeta-2021-11-24,barpeta,,2021-11-24,0,26.32293,91.00632,0,0.6,0.6,0.6,19.07,0.0,0.0,1.37,-7.4,46.0,0.36,110,40,0.0,79.0
NEG-barpeta-2020-09-07,barpeta,,2020-09-07,0,26.32293,91.00632,0,24.7,79.2,135.79999999999998,25.84,21.3,3.0,20.38,-32.3,46.0,0.36,99,39,0.0,105.0
NEG-barpeta-2019-04-24,barpeta,,2019-04-24,0,26.32293,91.00632,0,5.300000000000001,12.2,74.69999999999999,32.03,0.1,1.3,0.81,-47.1,46.0,0.36,93,38,0.0,106.0
NEG-barpeta-2020-03-10,barpeta,,2020-03-10,0,26.32293,91.00632,0,3.2,18.599999999999998,40.2,22.85,0.0,0.0,0.97,14.1,46.0,0.36,98,39,0.0,60.0
NEG-barpeta-2021-07-05,barpeta,,2021-07-05,0,26.32293,91.00632,0,73.0,166.7,188.1,17.05,9.3,40.6,20.88,19.0,46.0,0.36,99,39,0.0,406.0
NEG-barpeta-2021-03-20,barpeta,,2021-03-20,0,26.32293,91.00632,0,0.0,1.9,22.1,29.46,0.0,0.0,0.63,-27.6,46.0,0.36,99,39,0.0,299.0
NEG-barpeta-2023-11-18,barpeta,,2023-11-18,0,26.32293,91.00632,0,0.1,0.1,1.8000000000000003,23.689999999999998,0.0,0.0,1.51,-10.1,46.0,0.36,165,42,0.0,77.0
NEG-barpeta-2023-04-15,barpeta,,2023-04-15,0,26.32293,91.00632,0,0.0,0.0,53.2,34.33,0.0,0.0,0.81,-52.9,46.0,0.36,153,41,0.0,284.0
NEG-barpeta-2021-05-30,barpeta,,2021-05-30,0,26.32293,91.00632,0,3.7,75.0,191.20000000000002,28.68,121.3,27.7,5.84,53.3,46.0,0.36,99,39,0.0,370.0
NEG-barpeta-2022-04-23,barpeta,,2022-04-23,0,26.32293,91.00632,0,28.9,136.0,331.0,24.740000000000002,1.5,0.7,12.87,-57.5,46.0,0.36,110,40,0.0,229.0
NEG-barpeta-2017-02-10,barpeta,,2017-02-10,0,26.32293,91.00632,0,0.8,0.8,4.2,23.86,0.0,0.0,0.81,-13.8,46.0,0.36,87,36,0.0,34.0
NEG-barpeta-2018-08-09,barpeta,,2018-08-09,0,26.32293,91.00632,0,39.5,121.9,310.70000000000005,23.32,1.0,4.1,43.46,-20.0,46.0,0.36,92,37,0.0,212.0
NEG-barpeta-2021-10-14,barpeta,,2021-10-14,0,26.32293,91.00632,0,0.0,6.0,45.99999999999999,26.520000000000003,0.0,14.8,3.83,-48.9,46.0,0.36,110,40,0.0,38.0
NEG-barpeta-2020-05-02,barpeta,,2020-05-02,0,26.32293,91.00632,0,28.999999999999996,63.0,186.9,27.02,8.5,2.1,1.09,-55.3,46.0,0.36,98,39,0.0,113.0
NEG-barpeta-2020-08-15,barpeta,,2020-08-15,0,26.32293,91.00632,0,10.899999999999999,26.7,49.800000000000004,23.67,21.2,14.2,26.42,3.9,46.0,0.36,99,39,0.0,82.0
NEG-barpeta-2016-09-09,barpeta,,2016-09-09,0,26.32293,91.00632,0,63.599999999999994,138.5,207.2,17.13,16.1,28.9,23.89,34.3,46.0,0.36,86,35,0.0,39.0
NEG-barpeta-2016-02-28,barpeta,,2016-02-28,0,26.32293,91.00632,0,0.0,1.3,3.8,28.679999999999996,0.1,0.4,0.64,-8.6,46.0,0.36,82,34,0.0,180.0
NEG-barpeta-2018-11-07,barpeta,,2018-11-07,0,26.32293,91.00632,0,9.299999999999999,10.2,10.999999999999998,20.139999999999997,0.0,0.0,1.89,11.2,46.0,0.36,92,37,0.0,302.0
NEG-barpeta-2023-01-04,barpeta,,2023-01-04,0,26.32293,91.00632,0,0.0,0.3,4.8,14.03,0.0,0.0,1.0,-10.7,46.0,0.36,153,41,0.0,183.0
NEG-barpeta-2015-12-12,barpeta,,2015-12-12,0,26.32293,91.00632,0,2.6,2.6,6.700000000000001,17.11,0.0,0.7,1.21,-2.4,46.0,0.36,82,34,0.0,102.0
NEG-barpeta-2020-08-28,barpeta,,2020-08-28,0,26.32293,91.00632,0,39.1,60.60000000000001,180.6,27.480000000000004,7.7,8.7,20.73,-27.6,46.0,0.36,99,39,0.0,95.0
NEG-barpeta-2022-03-31,barpeta,,2022-03-31,0,26.32293,91.00632,0,9.2,12.3,13.4,23.59,67.6,54.1,1.06,89.3,46.0,0.36,110,40,0.0,206.0
NEG-barpeta-2016-12-07,barpeta,,2016-12-07,0,26.32293,91.00632,0,0.0,0.0,0.0,20.919999999999998,0.0,0.0,1.42,-9.0,46.0,0.36,86,35,0.0,128.0
NEG-barpeta-2022-12-08,barpeta,,2022-12-08,0,26.32293,91.00632,0,0.0,0.0,0.0,17.97,0.0,0.0,1.3,-12.8,46.0,0.36,153,41,0.0,156.0
NEG-barpeta-2019-11-29,barpeta,,2019-11-29,0,26.32293,91.00632,0,0.0,0.1,13.5,19.139999999999997,0.9,0.5,1.61,-9.6,46.0,0.36,94,38,0.0,53.0
NEG-barpeta-2019-12-05,barpeta,,2019-12-05,0,26.32293,91.00632,0,2.9000000000000004,4.500000000000001,4.6000000000000005,18.560000000000002,0.0,0.0,1.42,-12.3,46.0,0.36,94,38,0.0,59.0
NEG-barpeta-2020-11-16,barpeta,,2020-11-16,0,26.32293,91.00632,0,0.0,0.0,1.3,25.549999999999997,0.0,0.3,1.98,-56.7,46.0,0.36,99,39,0.0,175.0
NEG-barpeta-2020-11-11,barpeta,,2020-11-11,0,26.32293,91.00632,0,0.0,0.1,2.9,25.34,0.0,0.0,3.6,-54.6,46.0,0.36,99,39,0.0,170.0
NEG-barpeta-2021-11-02,barpeta,,2021-11-02,0,26.32293,91.00632,0,0.7,0.8,47.800000000000004,23.65,0.0,0.0,2.27,-60.8,46.0,0.36,110,40,0.0,57.0
NEG-barpeta-2016-10-12,barpeta,,2016-10-12,0,26.32293,91.00632,0,47.7,116.20000000000002,165.9,17.76,6.4,0.3,53.95,108.7,46.0,0.36,86,35,0.0,72.0
NEG-barpeta-2019-01-30,barpeta,,2019-01-30,0,26.32293,91.00632,0,2.2,2.2,2.2,19.78,0.0,0.0,0.78,0.0,46.0,0.36,93,38,0.0,22.0
NEG-barpeta-2019-03-08,barpeta,,2019-03-08,0,26.32293,91.00632,0,7.3,8.8,34.9,24.24,0.0,0.0,1.59,-52.1,46.0,0.36,93,38,0.0,59.0
NEG-barpeta-2018-03-04,barpeta,,2018-03-04,0,26.32293,91.00632,0,4.7,18.3,20.900000000000002,19.76,0.0,0.3,1.34,42.6,46.0,0.36,92,37,0.0,54.0
NEG-barpeta-2019-05-06,barpeta,,2019-05-06,0,26.32293,91.00632,0,76.1,279.70000000000005,320.0,17.56,9.0,12.0,30.7,1071.8,46.0,0.36,93,38,0.0,118.0
NEG-barpeta-2019-08-02,barpeta,,2019-08-02,0,26.32293,91.00632,0,33.8,110.49999999999999,199.19999999999996,24.46,4.0,3.5,35.56,-45.4,46.0,0.36,93,38,0.0,206.0
NEG-barpeta-2018-10-17,barpeta,,2018-10-17,0,26.32293,91.00632,0,1.2,10.499999999999998,23.200000000000003,21.9,1.5,2.0,4.25,-32.6,46.0,0.36,92,37,0.0,281.0
NEG-barpeta-2022-08-12,barpeta,,2022-08-12,0,26.32293,91.00632,0,17.5,67.1,219.60000000000002,30.950000000000003,18.5,11.5,21.7,-41.8,46.0,0.36,153,41,0.0,38.0
NEG-barpeta-2015-08-03,barpeta,,2015-08-03,0,26.32293,91.00632,0,58.5,59.800000000000004,203.5,32.1,4.0,18.2,28.92,-22.4,46.0,0.36,79,34,0.0,20.0
NEG-barpeta-2023-11-07,barpeta,,2023-11-07,0,26.32293,91.00632,0,1.7000000000000002,1.8,4.5,23.520000000000003,0.0,0.0,2.61,-53.8,46.0,0.36,165,42,0.0,66.0
NEG-barpeta-2022-01-28,barpeta,,2022-01-28,0,26.32293,91.00632,0,0.8,5.1000000000000005,11.0,14.22,0.0,0.0,0.67,-13.0,46.0,0.36,110,40,0.0,144.0
NEG-barpeta-2022-04-05,barpeta,,2022-04-05,0,26.32293,91.00632,0,154.10000000000002,247.5,254.2,13.040000000000001,20.1,24.1,6.85,585.0,46.0,0.36,110,40,0.0,211.0
NEG-barpeta-2018-10-02,barpeta,,2018-10-02,0,26.32293,91.00632,0,7.7,46.4,91.69999999999997,22.049999999999997,1.1,0.0,10.99,-35.5,46.0,0.36,92,37,0.0,266.0
NEG-barpeta-2015-09-27,barpeta,,2015-09-27,0,26.32293,91.00632,0,24.9,197.20000000000002,315.0,11.780000000000001,0.0,0.0,38.72,-50.9,46.0,0.36,82,34,0.0,26.0
NEG-barpeta-2018-09-12,barpeta,,2018-09-12,0,26.32293,91.00632,0,32.7,84.2,96.7,24.05,13.5,14.0,37.11,45.2,46.0,0.36,92,37,0.0,246.0
NEG-barpeta-2016-01-23,barpeta,,2016-01-23,0,26.32293,91.00632,0,10.4,11.200000000000001,35.00000000000001,15.28,0.0,0.2,1.05,0.0,46.0,0.36,82,34,0.0,144.0
NEG-barpeta-2021-04-04,barpeta,,2021-04-04,0,26.32293,91.00632,0,1.0,35.599999999999994,35.599999999999994,28.47,0.0,0.0,1.06,89.3,46.0,0.36,99,39,0.0,314.0
NEG-barpeta-2022-08-10,barpeta,,2022-08-10,0,26.32293,91.00632,0,51.7,101.60000000000001,242.3,30.04,0.1,0.3,25.61,-9.5,46.0,0.36,153,41,0.0,36.0
NEG-barpeta-2019-05-03,barpeta,,2019-05-03,0,26.32293,91.00632,0,113.1,240.1,247.00000000000003,19.46,63.0,3.1,17.2,1790.1,46.0,0.36,93,38,0.0,115.0
NEG-barpeta-2018-03-09,barpeta,,2018-03-09,0,26.32293,91.00632,0,0.3,4.8,21.1,25.11,0.0,0.0,1.06,-5.4,46.0,0.36,92,37,0.0,59.0
NEG-barpeta-2017-10-29,barpeta,,2017-10-29,0,26.32293,91.00632,0,0.1,11.200000000000001,143.1,20.29,10.1,0.2,19.51,-68.2,46.0,0.36,90,36,0.0,21.0
NEG-barpeta-2023-02-12,barpeta,,2023-02-12,0,26.32293,91.00632,0,5.6,6.6,6.6,20.11,0.0,0.0,0.7,-9.1,46.0,0.36,153,41,0.0,222.0
NEG-barpeta-2021-10-04,barpeta,,2021-10-04,0,26.32293,91.00632,0,20.1,40.3,59.00000000000001,24.61,10.9,0.8,9.52,-26.8,46.0,0.36,110,40,0.0,28.0
NEG-barpeta-2016-09-07,barpeta,,2016-09-07,0,26.32293,91.00632,0,72.6,130.3,177.39999999999998,17.49,0.8,3.5,31.14,78.9,46.0,0.36,86,35,0.0,37.0
NEG-barpeta-2018-09-27,barpeta,,2018-09-27,0,26.32293,91.00632,0,36.099999999999994,73.9,112.3,20.91,4.6,2.6,15.22,-20.3,46.0,0.36,92,37,0.0,261.0
NEG-barpeta-2015-11-30,barpeta,,2015-11-30,0,26.32293,91.00632,0,0.0,0.0,1.6,20.749999999999996,0.0,0.0,1.35,-5.6,46.0,0.36,82,34,0.0,90.0
NEG-barpeta-2021-07-14,barpeta,,2021-07-14,0,26.32293,91.00632,0,42.8,126.9,276.40000000000003,21.0,1.4,9.9,23.43,-24.4,46.0,0.36,99,39,0.0,415.0
NEG-barpeta-2018-12-03,barpeta,,2018-12-03,0,26.32293,91.00632,0,0.0,0.0,0.1,19.07,0.0,0.0,1.26,-11.3,46.0,0.36,92,37,0.0,328.0
NEG-barpeta-2018-06-24,barpeta,,2018-06-24,0,26.32293,91.00632,0,8.9,70.1,213.9,28.63,20.9,23.2,9.5,-42.8,46.0,0.36,92,37,0.0,166.0
NEG-barpeta-2022-10-31,barpeta,,2022-10-31,0,26.32293,91.00632,0,0.0,102.39999999999999,111.8,17.5,0.0,0.2,7.28,124.7,46.0,0.36,153,41,0.0,118.0
NEG-barwani-2022-06-05,barwani,,2022-06-05,0,22.03232,74.89982,0,0.0,0.0,0.0,58.09,0.0,0.0,0.09,0.0,183.0,1.171,12,11,0.0,646.0
NEG-barwani-2019-05-25,barwani,,2019-05-25,0,22.03232,74.89982,0,0.0,0.0,0.0,61.83,0.0,0.0,0.09,0.0,183.0,1.171,11,10,0.0,4675.0
NEG-barwani-2016-06-12,barwani,,2016-06-12,0,22.03232,74.89982,0,0.0,0.0,0.0,61.99000000000001,0.0,0.1,0.09,0.0,183.0,1.171,11,10,0.0,3598.0
NEG-barwani-2021-09-03,barwani,,2021-09-03,0,22.03232,74.89982,0,35.1,57.300000000000004,79.8,25.119999999999997,5.1,10.0,0.17,70.0,183.0,1.171,12,11,0.0,371.0
NEG-barwani-2022-12-13,barwani,,2022-12-13,0,22.03232,74.89982,0,0.4,0.4,0.4,26.740000000000002,0.0,0.0,0.09,0.0,183.0,1.171,14,12,0.0,89.0
NEG-barwani-2015-12-14,barwani,,2015-12-14,0,22.03232,74.89982,0,0.0,0.0,0.9,27.45,0.0,0.0,0.09,0.0,183.0,1.171,11,10,0.0,3417.0
NEG-barwani-2018-06-22,barwani,,2018-06-22,0,22.03232,74.89982,0,4.699999999999999,5.9,6.699999999999999,49.14,8.1,14.8,0.12,33.3,183.0,1.171,11,10,0.0,4338.0
NEG-barwani-2021-04-08,barwani,,2021-04-08,0,22.03232,74.89982,0,0.0,0.0,0.0,51.669999999999995,0.0,0.0,0.09,0.0,183.0,1.171,12,11,0.0,223.0
NEG-barwani-2019-03-23,barwani,,2019-03-23,0,22.03232,74.89982,0,0.0,0.0,0.0,42.57,0.0,0.0,0.09,0.0,183.0,1.171,11,10,0.0,4612.0
NEG-barwani-2022-03-20,barwani,,2022-03-20,0,22.03232,74.89982,0,0.0,0.0,0.0,47.099999999999994,0.0,0.0,0.09,0.0,183.0,1.171,12,11,0.0,569.0
NEG-barwani-2023-11-17,barwani,,2023-11-17,0,22.03232,74.89982,0,0.0,0.0,0.0,29.139999999999997,0.0,0.0,0.11,0.0,183.0,1.171,15,13,0.0,126.0
NEG-barwani-2018-09-07,barwani,,2018-09-07,0,22.03232,74.89982,0,2.5,5.8999999999999995,19.400000000000002,24.45,0.3,0.5,0.56,-30.9,183.0,1.171,11,10,0.0,4415.0
NEG-bastar-2022-07-07,bastar,,2022-07-07,0,23.23142,80.60603,0,41.3,101.3,147.29999999999998,22.160000000000004,2.9,14.9,3.17,1168.0,583.0,4.234,10,10,0.0,1094.0
NEG-bastar-2022-11-18,bastar,,2022-11-18,0,23.23142,80.60603,0,0.0,0.0,0.0,27.15,0.0,0.0,0.3,-3.2,583.0,4.234,10,10,0.0,1228.0
NEG-bastar-2023-04-15,bastar,,2023-04-15,0,23.23142,80.60603,0,0.0,2.9000000000000004,2.9000000000000004,46.15,0.0,0.0,0.16,0.0,583.0,4.234,10,10,0.0,1376.0
NEG-bastar-2022-09-08,bastar,,2022-09-08,0,23.23142,80.60603,0,17.7,59.0,112.10000000000001,23.919999999999998,1.3,2.2,8.48,-23.3,583.0,4.234,10,10,0.0,1157.0
NEG-bastar-2020-11-26,bastar,,2020-11-26,0,23.23142,80.60603,0,0.0,1.3,2.1,23.290000000000003,0.0,0.0,0.24,-4.0,583.0,4.234,10,10,0.0,506.0
NEG-bastar-2016-01-18,bastar,,2016-01-18,0,23.23142,80.60603,0,6.8,6.8,6.8,22.9,13.9,0.2,0.17,0.0,583.0,4.234,8,8,0.0,122.0
NEG-bastar-2022-03-31,bastar,,2022-03-31,0,23.23142,80.60603,0,0.0,0.0,0.0,49.7,0.0,0.0,0.12,0.0,583.0,4.234,10,10,0.0,996.0
NEG-bastar-2022-07-09,bastar,,2022-07-09,0,23.23142,80.60603,0,34.2,99.9,168.2,24.220000000000002,4.8,5.3,3.75,650.0,583.0,4.234,10,10,0.0,1096.0
NEG-bastar-2019-10-01,bastar,,2019-10-01,0,23.23142,80.60603,0,45.99999999999999,107.70000000000002,136.8,13.989999999999998,3.7,0.4,10.46,14.7,583.0,4.234,10,10,0.0,84.0
NEG-basti-2020-09-13,basti,,2020-09-13,0,20.25185,84.38419,0,19.8,59.3,105.39999999999999,24.94,9.0,3.0,2.3,-11.9,636.0,5.045,54,30,0.0,26.0
NEG-basti-2019-01-22,basti,,2019-01-22,0,20.25185,84.38419,0,0.0,0.0,0.0,27.68,0.0,0.0,0.19,0.0,636.0,5.045,51,28,0.0,162.0
NEG-basti-2015-03-16,basti,,2015-03-16,0,20.25185,84.38419,0,0.3,4.5,6.2,34.96,0.0,1.9,0.12,0.0,636.0,5.045,45,25,0.0,214.0
NEG-basti-2019-01-25,basti,,2019-01-25,0,20.25185,84.38419,0,0.0,0.0,0.0,29.6,0.4,11.3,0.19,0.0,636.0,5.045,51,28,0.0,165.0
NEG-basti-2018-06-19,basti,,2018-06-19,0,20.25185,84.38419,0,0.0,3.1,62.599999999999994,39.36,1.3,9.6,0.09,-25.0,636.0,5.045,50,28,0.0,131.0
NEG-basti-2017-01-08,basti,,2017-01-08,0,20.25185,84.38419,0,0.0,0.1,0.1,25.02,0.0,0.1,0.14,0.0,636.0,5.045,48,26,0.0,145.0
NEG-basti-2017-05-27,basti,,2017-05-27,0,20.25185,84.38419,0,0.1,7.3,20.6,39.94,1.5,0.0,0.06,0.0,636.0,5.045,49,27,0.0,48.0
NEG-basti-2018-10-31,basti,,2018-10-31,0,20.25185,84.38419,0,0.4,1.3,1.7,26.5,0.4,0.4,0.73,-30.5,636.0,5.045,51,28,0.0,79.0
NEG-basti-2023-08-05,basti,,2023-08-05,0,20.25185,84.38419,0,77.8,91.3,131.6,24.53,2.4,1.5,1.86,148.0,636.0,5.045,56,32,0.0,299.0
NEG-basti-2020-06-14,basti,,2020-06-14,0,20.25185,84.38419,0,33.800000000000004,61.900000000000006,103.69999999999999,25.67,5.9,1.0,0.41,64.0,636.0,5.045,52,29,0.0,478.0
NEG-basti-2017-02-25,basti,,2017-02-25,0,20.25185,84.38419,0,0.0,0.0,0.0,42.34,0.0,0.0,0.12,0.0,636.0,5.045,48,26,0.0,193.0
NEG-basti-2017-07-16,basti,,2017-07-16,0,20.25185,84.38419,0,34.2,76.9,126.10000000000001,20.37,37.0,14.2,1.11,146.7,636.0,5.045,49,27,0.0,98.0
NEG-basti-2016-07-17,basti,,2016-07-17,0,20.25185,84.38419,0,28.4,52.900000000000006,187.3,16.240000000000002,14.9,10.9,0.31,-26.2,636.0,5.045,46,26,0.0,16.0
NEG-basti-2016-09-26,basti,,2016-09-26,0,20.25185,84.38419,0,18.900000000000002,33.4,79.49999999999999,19.520000000000003,5.7,4.2,0.78,-17.0,636.0,5.045,48,26,0.0,41.0
NEG-basti-2015-11-13,basti,,2015-11-13,0,20.25185,84.38419,0,0.0,0.3,10.3,23.46,0.0,0.0,0.18,0.0,636.0,5.045,45,25,0.0,456.0
NEG-basti-2018-04-26,basti,,2018-04-26,0,20.25185,84.38419,0,2.8,6.5,18.999999999999996,42.41,1.9,0.5,0.16,0.0,636.0,5.045,50,28,0.0,77.0
NEG-basti-2023-11-03,basti,,2023-11-03,0,20.25185,84.38419,0,1.3,1.3,2.2,29.169999999999998,13.8,1.6,0.47,-29.9,636.0,5.045,56,32,0.0,389.0
NEG-basti-2016-02-19,basti,,2016-02-19,0,20.25185,84.38419,0,0.0,0.0,0.2,31.099999999999998,0.0,0.0,0.12,0.0,636.0,5.045,45,25,0.0,554.0
NEG-basti-2020-09-10,basti,,2020-09-10,0,20.25185,84.38419,0,35.4,63.7,161.00000000000003,25.849999999999998,6.8,2.3,2.6,-11.3,636.0,5.045,54,30,0.0,23.0
NEG-basti-2023-08-24,basti,,2023-08-24,0,20.25185,84.38419,0,27.5,54.8,81.60000000000001,23.36,3.2,0.4,0.77,11.6,636.0,5.045,56,32,0.0,318.0
NEG-basti-2021-01-19,basti,,2021-01-19,0,20.25185,84.38419,0,0.0,0.0,0.0,28.019999999999996,0.0,0.0,0.25,0.0,636.0,5.045,54,30,0.0,154.0
NEG-basti-2023-04-14,basti,,2023-04-14,0,20.25185,84.38419,0,0.0,1.3,33.99999999999999,45.5,0.0,0.0,0.12,-25.0,636.0,5.045,56,32,0.0,186.0
NEG-basti-2020-11-26,basti,,2020-11-26,0,20.25185,84.38419,0,0.0,1.1,1.3,24.6,2.7,0.0,0.42,-19.2,636.0,5.045,54,30,0.0,100.0
NEG-basti-2015-06-04,basti,,2015-06-04,0,20.25185,84.38419,0,9.5,16.2,18.2,37.48,10.9,9.1,0.06,0.0,636.0,5.045,45,25,0.0,294.0
NEG-basti-2022-06-04,basti,,2022-06-04,0,20.25185,84.38419,0,0.0,0.1,1.0,46.32,2.8,0.1,0.12,-25.0,636.0,5.045,55,31,0.0,259.0
NEG-basti-2018-10-11,basti,,2018-10-11,0,20.25185,84.38419,0,24.2,24.2,29.099999999999998,28.1,114.7,0.1,28.38,3125.0,636.0,5.045,51,28,0.0,59.0
NEG-basti-2023-08-05,basti,,2023-08-05,0,20.25185,84.38419,0,77.8,91.3,131.6,24.53,2.4,1.5,1.86,148.0,636.0,5.045,56,32,0.0,299.0
NEG-basti-2021-12-06,basti,,2021-12-06,0,20.25185,84.38419,0,34.2,34.2,36.9,17.169999999999998,0.0,0.0,0.7,218.2,636.0,5.045,55,31,0.0,79.0
NEG-basti-2016-06-20,basti,,2016-06-20,0,20.25185,84.38419,0,42.5,57.3,83.8,27.43,0.2,4.0,0.05,66.7,636.0,5.045,45,25,0.0,676.0
NEG-basti-2019-03-24,basti,,2019-03-24,0,20.25185,84.38419,0,1.0,1.6,13.3,34.04,0.0,0.0,0.16,0.0,636.0,5.045,52,29,0.0,30.0
NEG-basti-2016-09-23,basti,,2016-09-23,0,20.25185,84.38419,0,7.699999999999999,35.4,95.30000000000001,21.559999999999995,6.7,2.6,0.82,-15.5,636.0,5.045,48,26,0.0,38.0
NEG-basti-2016-10-26,basti,,2016-10-26,0,20.25185,84.38419,0,0.0,0.0,0.0,28.65,2.1,1.1,0.44,-31.2,636.0,5.045,48,26,0.0,71.0
NEG-basti-2017-01-10,basti,,2017-01-10,0,20.25185,84.38419,0,0.0,0.0,0.1,26.29,0.2,0.5,0.14,0.0,636.0,5.045,48,26,0.0,147.0
NEG-bathinda-2022-10-08,bathinda,,2022-10-08,0,30.20747,74.93893,0,0.1,0.1,36.5,31.54,0.6,0.5,0.05,-61.5,223.0,1.532,40,24,0.0,1005.0
NEG-bathinda-2023-08-25,bathinda,,2023-08-25,0,30.20747,74.93893,0,0.0,8.5,9.2,39.54,0.5,0.0,0.05,0.0,223.0,1.532,42,25,0.0,51.0
NEG-bathinda-2022-01-02,bathinda,,2022-01-02,0,30.20747,74.93893,0,0.0,4.6,5.1,13.05,0.0,0.3,0.06,0.0,223.0,1.532,40,24,0.0,726.0
NEG-bathinda-2016-11-09,bathinda,,2016-11-09,0,30.20747,74.93893,0,0.0,0.0,0.0,26.65,0.0,0.0,0.04,0.0,223.0,1.532,36,22,0.0,435.0
NEG-bathinda-2023-02-01,bathinda,,2023-02-01,0,30.20747,74.93893,0,1.1,1.1,5.400000000000001,16.79,0.0,0.0,0.06,0.0,223.0,1.532,40,24,0.0,1121.0
NEG-bathinda-2019-11-28,bathinda,,2019-11-28,0,30.20747,74.93893,0,10.3,10.3,14.899999999999999,15.620000000000001,0.0,0.0,0.31,520.0,223.0,1.532,39,23,0.0,225.0
NEG-bathinda-2015-06-28,bathinda,,2015-06-28,0,30.20747,74.93893,0,1.4000000000000001,30.400000000000002,31.900000000000002,42.64,4.6,5.9,0.12,100.0,223.0,1.532,35,21,0.0,1130.0
NEG-bathinda-2019-08-10,bathinda,,2019-08-10,0,30.20747,74.93893,0,1.5,10.0,49.6,30.07,1.6,1.4,0.14,-73.6,223.0,1.532,39,23,0.0,115.0
NEG-bathinda-2019-02-01,bathinda,,2019-02-01,0,30.20747,74.93893,0,7.5,7.5,21.8,15.89,0.0,0.0,0.22,15.8,223.0,1.532,38,23,0.0,23.0
NEG-bathinda-2022-08-02,bathinda,,2022-08-02,0,30.20747,74.93893,0,55.900000000000006,84.39999999999999,170.9,25.169999999999998,0.1,1.7,0.92,268.0,223.0,1.532,40,24,0.0,938.0
NEG-bathinda-2023-01-26,bathinda,,2023-01-26,0,30.20747,74.93893,0,0.5,4.300000000000001,7.0,15.89,0.0,0.0,0.06,-50.0,223.0,1.532,40,24,0.0,1115.0
NEG-bathinda-2017-08-30,bathinda,,2017-08-30,0,30.20747,74.93893,0,3.0,10.1,15.3,34.82,7.5,21.0,0.62,1140.0,223.0,1.532,36,22,0.0,729.0
NEG-bathinda-2019-12-25,bathinda,,2019-12-25,0,30.20747,74.93893,0,0.0,0.0,23.800000000000004,11.540000000000001,0.0,0.0,0.06,-45.5,223.0,1.532,39,23,0.0,252.0
NEG-bathinda-2021-11-05,bathinda,,2021-11-05,0,30.20747,74.93893,0,0.0,0.0,48.199999999999996,25.689999999999998,0.0,0.0,0.05,-54.5,223.0,1.532,40,24,0.0,668.0
NEG-bathinda-2018-03-13,bathinda,,2018-03-13,0,30.20747,74.93893,0,0.0,1.0,2.7,33.87,0.0,0.0,0.03,0.0,223.0,1.532,36,22,0.0,924.0
NEG-bathinda-2023-06-09,bathinda,,2023-06-09,0,30.20747,74.93893,0,0.3,0.5,52.599999999999994,39.88,0.0,0.0,0.06,-87.2,223.0,1.532,40,24,0.0,1249.0
NEG-bathinda-2023-05-25,bathinda,,2023-05-25,0,30.20747,74.93893,0,63.8,63.8,63.8,49.699999999999996,0.2,8.4,0.22,266.7,223.0,1.532,40,24,0.0,1234.0
NEG-bathinda-2023-10-16,bathinda,,2023-10-16,0,30.20747,74.93893,0,0.9,0.9,0.9,30.65,1.1,0.0,0.05,0.0,223.0,1.532,42,25,0.0,103.0
NEG-bathinda-2017-08-16,bathinda,,2017-08-16,0,30.20747,74.93893,0,2.5,7.1,25.299999999999997,36.58,0.0,0.0,0.06,-72.7,223.0,1.532,36,22,0.0,715.0
NEG-bathinda-2020-12-27,bathinda,,2020-12-27,0,30.20747,74.93893,0,0.0,0.0,0.0,15.889999999999999,0.0,0.0,0.06,0.0,223.0,1.532,40,24,0.0,355.0
NEG-bathinda-2017-09-06,bathinda,,2017-09-06,0,30.20747,74.93893,0,6.3,40.3,50.39999999999999,25.72,3.6,0.0,0.25,-59.7,223.0,1.532,36,22,0.0,736.0
NEG-beed-2018-06-21,beed,,2018-06-21,0,18.98921,75.75634,1,23.700000000000003,25.4,35.8,44.779999999999994,11.7,8.6,0.03,,510.0,0.631,38,27,0.0,305.0
NEG-beed-2023-10-18,beed,,2023-10-18,0,18.98921,75.75634,0,0.4,0.4,0.4,34.589999999999996,0.4,0.0,0.25,-43.2,510.0,0.631,60,31,0.0,363.0
NEG-beed-2020-04-05,beed,,2020-04-05,0,18.98921,75.75634,1,0.0,0.0,19.0,39.769999999999996,0.0,0.0,0.0,,510.0,0.631,40,29,0.0,34.0
NEG-beed-2017-03-05,beed,,2017-03-05,0,18.98921,75.75634,1,0.0,0.0,0.0,46.34,0.0,0.0,0.0,,510.0,0.631,37,26,0.0,154.0
NEG-beed-2019-02-15,beed,,2019-02-15,0,18.98921,75.75634,1,0.1,0.1,0.1,35.43,0.0,0.0,0.0,,510.0,0.631,39,28,0.0,179.0
NEG-beed-2022-08-10,beed,,2022-08-10,0,18.98921,75.75634,0,66.6,145.9,189.7,21.92,0.2,0.8,1.19,65.3,510.0,0.631,58,30,0.0,312.0
NEG-beed-2021-05-25,beed,,2021-05-25,0,18.98921,75.75634,1,0.0,6.3,6.699999999999999,50.099999999999994,0.0,0.3,0.0,,510.0,0.631,47,30,0.0,16.0
NEG-beed-2019-12-10,beed,,2019-12-10,0,18.98921,75.75634,0,0.0,0.30000000000000004,1.8,27.4,0.0,0.0,0.06,-33.3,510.0,0.631,39,28,0.0,477.0
NEG-beed-2023-08-18,beed,,2023-08-18,0,18.98921,75.75634,0,3.0,8.799999999999999,16.0,37.48,8.2,1.7,0.02,-85.7,510.0,0.631,60,31,0.0,302.0
NEG-beed-2018-02-28,beed,,2018-02-28,0,18.98921,75.75634,1,0.0,0.0,0.6,39.64,0.0,0.0,0.0,,510.0,0.631,38,27,0.0,192.0
NEG-beed-2023-09-23,beed,,2023-09-23,0,18.98921,75.75634,0,45.2,51.6,65.6,28.51,6.5,12.0,0.11,-8.3,510.0,0.631,60,31,0.0,338.0
NEG-beed-2019-04-14,beed,,2019-04-14,0,18.98921,75.75634,1,0.0,0.0,0.7,55.73,0.3,0.1,0.0,,510.0,0.631,39,28,0.0,237.0
NEG-beed-2020-08-21,beed,,2020-08-21,0,18.98921,75.75634,0,40.7,84.4,143.1,16.61,0.8,0.9,0.53,20.5,510.0,0.631,40,29,0.0,172.0
NEG-beed-2020-11-30,beed,,2020-11-30,0,18.98921,75.75634,0,0.8,0.8,2.8,29.12,0.0,0.0,0.06,-14.3,510.0,0.631,45,29,0.0,45.0
NEG-beed-2019-09-11,beed,,2019-09-11,0,18.98921,75.75634,0,14.399999999999999,38.50000000000001,80.6,24.530000000000005,8.5,1.1,0.11,83.3,510.0,0.631,39,28,0.0,387.0
NEG-beed-2016-10-25,beed,,2016-10-25,0,18.98921,75.75634,0,0.0,0.0,0.3,31.11,0.0,0.0,0.38,-36.7,510.0,0.631,37,26,0.0,23.0
NEG-beed-2017-03-28,beed,,2017-03-28,0,18.98921,75.75634,1,0.0,0.0,4.8,49.30000000000001,0.0,0.0,0.0,,510.0,0.631,37,26,0.0,177.0
NEG-beed-2023-12-26,beed,,2023-12-26,0,18.98921,75.75634,1,0.0,0.0,0.0,25.61,0.0,0.0,0.0,,510.0,0.631,60,31,0.0,432.0
NEG-beed-2016-07-20,beed,,2016-07-20,0,18.98921,75.75634,0,7.3,11.4,87.30000000000001,26.55,5.5,18.5,0.02,-60.0,510.0,0.631,36,25,0.0,409.0
NEG-beed-2017-10-21,beed,,2017-10-21,0,18.98921,75.75634,0,0.0,14.200000000000001,79.19999999999999,28.54,0.3,0.0,0.23,-39.5,510.0,0.631,38,27,0.0,62.0
NEG-beed-2015-08-02,beed,,2015-08-02,0,18.98921,75.75634,1,0.3,0.5,12.6,35.86,0.0,5.5,0.0,,510.0,0.631,36,25,0.0,56.0
NEG-beed-2022-03-11,beed,,2022-03-11,0,18.98921,75.75634,1,0.0,0.0,0.0,38.32,1.0,0.0,0.0,,510.0,0.631,58,30,0.0,160.0
NEG-beed-2020-05-22,beed,,2020-05-22,0,18.98921,75.75634,1,0.0,3.6,5.7,55.830000000000005,0.0,0.0,0.0,,510.0,0.631,40,29,0.0,81.0
NEG-beed-2019-03-01,beed,,2019-03-01,0,18.98921,75.75634,1,0.0,0.0,0.1,41.910000000000004,0.0,0.0,0.0,,510.0,0.631,39,28,0.0,193.0
NEG-beed-2021-03-21,beed,,2021-03-21,0,18.98921,75.75634,1,0.0,0.0,0.0,44.6,0.0,0.9,0.0,,510.0,0.631,46,30,0.0,31.0
NEG-beed-2016-02-25,beed,,2016-02-25,0,18.98921,75.75634,1,0.0,0.0,0.0,43.14,0.0,1.1,0.0,,510.0,0.631,36,25,0.0,263.0
NEG-beed-2022-12-23,beed,,2022-12-23,0,18.98921,75.75634,0,0.0,0.0,2.9000000000000004,27.810000000000002,0.0,0.0,0.05,0.0,510.0,0.631,60,31,0.0,64.0
NEG-beed-2016-05-25,beed,,2016-05-25,0,18.98921,75.75634,1,0.0,0.0,0.0,65.04,0.0,0.0,0.0,,510.0,0.631,36,25,0.0,353.0
NEG-beed-2018-03-13,beed,,2018-03-13,0,18.98921,75.75634,1,0.2,0.2,0.2,42.05,0.0,0.0,0.0,,510.0,0.631,38,27,0.0,205.0
NEG-beed-2015-12-10,beed,,2015-12-10,0,18.98921,75.75634,1,0.0,0.0,0.0,30.87,0.0,0.0,0.0,,510.0,0.631,36,25,0.0,186.0
NEG-beed-2023-07-23,beed,,2023-07-23,0,18.98921,75.75634,0,30.700000000000003,61.199999999999996,115.10000000000002,22.689999999999998,7.9,33.3,0.26,766.7,510.0,0.631,60,31,0.0,276.0
NEG-beed-2016-10-18,beed,,2016-10-18,0,18.98921,75.75634,0,0.0,0.3,11.0,28.99,0.0,0.0,0.6,-31.0,510.0,0.631,37,26,0.0,16.0
NEG-beed-2018-01-22,beed,,2018-01-22,0,18.98921,75.75634,1,0.0,0.0,0.0,29.310000000000002,0.0,0.0,0.0,,510.0,0.631,38,27,0.0,155.0
NEG-beed-2020-01-15,beed,,2020-01-15,0,18.98921,75.75634,0,0.0,1.4,2.9,25.31,0.0,0.0,0.03,-50.0,510.0,0.631,39,28,0.0,513.0
NEG-beed-2016-08-26,beed,,2016-08-26,0,18.98921,75.75634,0,5.8999999999999995,8.0,12.3,27.87,1.0,8.8,0.01,-83.3,510.0,0.631,36,25,0.0,446.0
NEG-beed-2019-11-27,beed,,2019-11-27,0,18.98921,75.75634,0,0.0,0.0,0.0,29.65,0.0,0.2,0.22,-43.6,510.0,0.631,39,28,0.0,464.0
NEG-beed-2016-01-11,beed,,2016-01-11,0,18.98921,75.75634,1,0.0,0.0,0.0,31.88,0.0,0.0,0.0,,510.0,0.631,36,25,0.0,218.0
NEG-beed-2017-06-28,beed,,2017-06-28,0,18.98921,75.75634,0,31.400000000000002,42.1,95.99999999999999,31.560000000000002,0.9,0.5,0.02,0.0,510.0,0.631,37,26,0.0,269.0
NEG-beed-2020-01-22,beed,,2020-01-22,0,18.98921,75.75634,0,0.0,0.0,1.4,27.620000000000005,0.0,0.0,0.03,0.0,510.0,0.631,39,28,0.0,520.0
NEG-beed-2018-12-02,beed,,2018-12-02,0,18.98921,75.75634,1,0.0,0.0,10.8,31.33,0.0,0.0,0.0,,510.0,0.631,39,28,0.0,104.0
NEG-beed-2015-04-20,beed,,2015-04-20,0,18.98921,75.75634,1,0.0,10.8,37.300000000000004,40.2,0.2,0.6,0.0,,510.0,0.631,35,24,0.0,1624.0
NEG-beed-2019-08-27,beed,,2019-08-27,0,18.98921,75.75634,0,4.7,9.2,20.1,32.34,0.7,1.7,0.03,-78.6,510.0,0.631,39,28,0.0,372.0
NEG-beed-2015-08-07,beed,,2015-08-07,0,18.98921,75.75634,1,40.9,41.2,45.9,29.03,2.9,0.4,0.02,,510.0,0.631,36,25,0.0,61.0
NEG-beed-2019-06-12,beed,,2019-06-12,0,18.98921,75.75634,1,11.0,11.100000000000001,11.100000000000001,48.38,0.1,0.3,0.0,,510.0,0.631,39,28,0.0,296.0
NEG-beed-2020-08-18,beed,,2020-08-18,0,18.98921,75.75634,0,39.7,84.4,174.9,18.28,14.6,25.2,0.44,4.8,510.0,0.631,40,29,0.0,169.0
NEG-beed-2019-03-12,beed,,2019-03-12,0,18.98921,75.75634,1,0.0,0.0,0.0,44.339999999999996,0.0,0.0,0.0,,510.0,0.631,39,28,0.0,204.0
NEG-beed-2019-05-01,beed,,2019-05-01,0,18.98921,75.75634,1,0.0,0.0,0.0,60.849999999999994,0.0,0.0,0.0,,510.0,0.631,39,28,0.0,254.0
NEG-beed-2015-12-01,beed,,2015-12-01,0,18.98921,75.75634,0,0.0,2.2,21.8,27.17,0.0,0.0,0.0,-100.0,510.0,0.631,36,25,0.0,177.0
NEG-beed-2019-03-16,beed,,2019-03-16,0,18.98921,75.75634,1,0.0,0.0,0.0,45.07,0.0,0.0,0.0,,510.0,0.631,39,28,0.0,208.0
NEG-beed-2017-07-08,beed,,2017-07-08,0,18.98921,75.75634,0,5.9,10.9,51.4,35.879999999999995,0.2,0.3,0.0,-100.0,510.0,0.631,37,26,0.0,279.0
NEG-beed-2015-04-26,beed,,2015-04-26,0,18.98921,75.75634,1,0.0,0.8,20.900000000000002,51.209999999999994,0.0,0.0,0.0,,510.0,0.631,35,24,0.0,1630.0
NEG-beed-2018-07-29,beed,,2018-07-29,0,18.98921,75.75634,0,1.8000000000000003,8.1,61.1,29.48,1.1,1.4,0.03,-78.6,510.0,0.631,38,27,0.0,343.0
NEG-beed-2016-02-10,beed,,2016-02-10,0,18.98921,75.75634,1,0.0,0.0,0.0,38.51,0.0,0.0,0.0,,510.0,0.631,36,25,0.0,248.0
NEG-beed-2023-01-06,beed,,2023-01-06,0,18.98921,75.75634,0,0.2,0.2,0.6000000000000001,25.78,0.0,0.0,0.03,-40.0,510.0,0.631,60,31,0.0,78.0
NEG-beed-2022-04-16,beed,,2022-04-16,0,18.98921,75.75634,1,0.0,0.0,0.0,49.43,0.0,0.0,0.0,,510.0,0.631,58,30,0.0,196.0
NEG-beed-2018-10-05,beed,,2018-10-05,0,18.98921,75.75634,1,6.6,15.0,21.599999999999998,36.24,0.0,0.0,0.0,,510.0,0.631,39,28,0.0,46.0
NEG-beed-2023-11-16,beed,,2023-11-16,0,18.98921,75.75634,0,0.0,0.0,0.6,33.66,0.0,0.0,0.04,0.0,510.0,0.631,60,31,0.0,392.0
NEG-beed-2016-08-21,beed,,2016-08-21,0,18.98921,75.75634,0,1.4,3.1999999999999997,8.2,29.11,0.1,2.9,0.03,-81.2,510.0,0.631,36,25,0.0,441.0
NEG-beed-2016-07-17,beed,,2016-07-17,0,18.98921,75.75634,0,3.7,51.800000000000004,119.80000000000001,23.28,4.3,2.0,0.02,-60.0,510.0,0.631,36,25,0.0,406.0
NEG-beed-2018-03-21,beed,,2018-03-21,0,18.98921,75.75634,1,0.1,1.5,1.7,34.48,0.0,0.0,0.0,,510.0,0.631,38,27,0.0,213.0
NEG-beed-2020-04-19,beed,,2020-04-19,0,18.98921,75.75634,1,0.0,0.0,0.0,49.3,0.0,0.0,0.0,,510.0,0.631,40,29,0.0,48.0
NEG-beed-2016-07-22,beed,,2016-07-22,0,18.98921,75.75634,0,12.3,21.0,96.0,22.160000000000004,4.7,1.8,0.03,0.0,510.0,0.631,36,25,0.0,411.0
NEG-beed-2023-07-06,beed,,2023-07-06,0,18.98921,75.75634,0,19.1,29.7,95.89999999999999,35.080000000000005,7.0,2.8,0.03,50.0,510.0,0.631,60,31,0.0,259.0
NEG-beed-2022-11-29,beed,,2022-11-29,0,18.98921,75.75634,0,0.0,0.0,0.0,28.34,0.0,0.0,0.06,-14.3,510.0,0.631,60,31,0.0,40.0
NEG-beed-2020-04-05,beed,,2020-04-05,0,18.98921,75.75634,1,0.0,0.0,19.0,39.769999999999996,0.0,0.0,0.0,,510.0,0.631,40,29,0.0,34.0
NEG-beed-2020-01-12,beed,,2020-01-12,0,18.98921,75.75634,0,0.0,2.5,4.800000000000001,24.080000000000002,0.0,0.0,0.03,-50.0,510.0,0.631,39,28,0.0,510.0
NEG-beed-2021-11-25,beed,,2021-11-25,0,18.98921,75.75634,0,5.6000000000000005,19.4,23.3,22.27,0.0,0.0,0.05,-16.7,510.0,0.631,58,30,0.0,54.0
NEG-beed-2015-01-22,beed,,2015-01-22,0,18.98921,75.75634,1,0.0,0.0,0.0,31.36,0.0,0.0,0.0,,510.0,0.631,35,24,0.0,1536.0
NEG-beed-2015-11-21,beed,,2015-11-21,0,18.98921,75.75634,1,0.0,0.0,0.0,37.27,7.7,5.8,0.0,,510.0,0.631,36,25,0.0,167.0
NEG-beed-2015-03-19,beed,,2015-03-19,0,18.98921,75.75634,1,0.0,2.9,19.9,40.78,0.0,0.0,0.0,,510.0,0.631,35,24,0.0,1592.0
NEG-beed-2017-11-14,beed,,2017-11-14,0,18.98921,75.75634,0,0.0,0.0,0.0,30.719999999999995,0.0,0.0,0.03,-25.0,510.0,0.631,38,27,0.0,86.0
NEG-beed-2017-06-02,beed,,2017-06-02,0,18.98921,75.75634,1,5.7,5.800000000000001,5.800000000000001,58.5,16.8,3.8,0.0,,510.0,0.631,37,26,0.0,243.0
NEG-beed-2016-09-04,beed,,2016-09-04,0,18.98921,75.75634,0,11.6,39.9,48.6,19.78,0.0,0.4,0.03,200.0,510.0,0.631,36,25,0.0,455.0
NEG-beed-2023-02-26,beed,,2023-02-26,0,18.98921,75.75634,1,0.0,0.0,0.0,39.34,0.0,0.0,0.0,,510.0,0.631,60,31,0.0,129.0
NEG-beed-2021-10-29,beed,,2021-10-29,0,18.98921,75.75634,0,0.0,0.0,1.9000000000000001,33.800000000000004,0.0,0.0,0.46,-33.3,510.0,0.631,58,30,0.0,27.0
NEG-begusarai-2020-12-01,begusarai,,2020-12-01,0,25.41853,86.13389,0,0.0,1.9,1.9,18.28,0.0,0.0,0.09,0.0,45.0,0.18,49,30,0.0,430.0
NEG-begusarai-2016-03-31,begusarai,,2016-03-31,0,25.41853,86.13389,0,2.1999999999999997,3.8999999999999995,3.8999999999999995,39.660000000000004,0.0,0.0,0.06,0.0,45.0,0.18,42,27,0.0,251.0
NEG-begusarai-2023-09-15,begusarai,,2023-09-15,0,25.41853,86.13389,0,11.9,58.1,89.5,27.22,1.8,2.0,0.69,-18.8,45.0,0.18,50,31,0.0,769.0
NEG-begusarai-2018-03-26,begusarai,,2018-03-26,0,25.41853,86.13389,0,0.0,0.0,1.5,39.370000000000005,0.0,0.0,0.06,0.0,45.0,0.18,46,29,0.0,202.0
NEG-begusarai-2018-05-18,begusarai,,2018-05-18,0,25.41853,86.13389,0,1.9000000000000001,15.1,19.3,39.52,0.0,0.0,0.09,0.0,45.0,0.18,46,29,0.0,255.0
NEG-begusarai-2016-05-14,begusarai,,2016-05-14,0,25.41853,86.13389,0,7.8,13.5,16.6,44.75,0.0,0.2,0.12,100.0,45.0,0.18,42,27,0.0,295.0
NEG-begusarai-2019-09-16,begusarai,,2019-09-16,0,25.41853,86.13389,0,52.099999999999994,82.39999999999999,111.0,23.080000000000005,7.7,0.6,0.94,30.6,45.0,0.18,48,30,0.0,218.0
NEG-begusarai-2022-03-02,begusarai,,2022-03-02,0,25.41853,86.13389,0,0.5,4.7,4.7,24.77,0.0,0.0,0.06,0.0,45.0,0.18,50,31,0.0,207.0
NEG-begusarai-2023-11-26,begusarai,,2023-11-26,0,25.41853,86.13389,0,0.0,0.0,0.1,20.62,0.0,1.0,0.07,-22.2,45.0,0.18,50,31,0.0,841.0
NEG-begusarai-2021-12-26,begusarai,,2021-12-26,0,25.41853,86.13389,0,0.0,0.0,0.0,17.709999999999997,0.0,6.5,0.06,-25.0,45.0,0.18,50,31,0.0,141.0
NEG-begusarai-2020-02-16,begusarai,,2020-02-16,0,25.41853,86.13389,0,0.0,0.0,0.0,25.159999999999997,0.0,0.0,0.06,-25.0,45.0,0.18,49,30,0.0,141.0
NEG-begusarai-2015-09-15,begusarai,,2015-09-15,0,25.41853,86.13389,0,5.3,28.3,34.8,31.32,2.6,0.6,0.58,-17.1,45.0,0.18,42,27,0.0,53.0
NEG-begusarai-2016-03-30,begusarai,,2016-03-30,0,25.41853,86.13389,0,3.5999999999999996,3.5999999999999996,3.5999999999999996,40.519999999999996,1.5,0.0,0.06,0.0,45.0,0.18,42,27,0.0,250.0
NEG-begusarai-2020-08-09,begusarai,,2020-08-09,0,25.41853,86.13389,0,19.5,55.6,170.2,30.42,1.4,2.3,1.11,-34.3,45.0,0.18,49,30,0.0,316.0
NEG-begusarai-2021-09-10,begusarai,,2021-09-10,0,25.41853,86.13389,0,13.3,32.9,84.0,27.419999999999998,4.4,6.9,0.6,-41.2,45.0,0.18,50,31,0.0,34.0
NEG-begusarai-2021-01-04,begusarai,,2021-01-04,0,25.41853,86.13389,0,0.0,0.0,0.0,17.38,0.0,0.0,0.06,0.0,45.0,0.18,49,30,0.0,464.0
NEG-begusarai-2015-03-09,begusarai,,2015-03-09,0,25.41853,86.13389,0,0.0,12.299999999999999,13.599999999999998,30.049999999999997,0.0,0.0,0.06,-62.5,45.0,0.18,41,26,0.0,176.0
NEG-begusarai-2022-02-01,begusarai,,2022-02-01,0,25.41853,86.13389,0,0.0,0.3,23.500000000000004,16.51,0.2,1.1,0.08,-27.3,45.0,0.18,50,31,0.0,178.0
NEG-begusarai-2020-10-11,begusarai,,2020-10-11,0,25.41853,86.13389,0,1.5,41.800000000000004,61.10000000000001,22.53,0.5,0.0,0.52,-56.7,45.0,0.18,49,30,0.0,379.0
NEG-begusarai-2021-06-13,begusarai,,2021-06-13,0,25.41853,86.13389,0,50.599999999999994,53.900000000000006,72.0,32.919999999999995,20.5,27.0,0.5,455.6,45.0,0.18,49,30,0.0,624.0
NEG-begusarai-2017-09-17,begusarai,,2017-09-17,0,25.41853,86.13389,0,5.8,44.6,56.7,26.58,12.9,6.8,0.62,-16.2,45.0,0.18,46,29,0.0,12.0
NEG-begusarai-2023-01-22,begusarai,,2023-01-22,0,25.41853,86.13389,0,0.0,0.0,0.0,15.7,0.0,0.0,0.06,0.0,45.0,0.18,50,31,0.0,533.0
NEG-begusarai-2016-08-11,begusarai,,2016-08-11,0,25.41853,86.13389,0,39.9,50.8,110.5,28.830000000000002,4.8,5.4,0.89,117.1,45.0,0.18,42,27,0.0,384.0
NEG-begusarai-2018-04-08,begusarai,,2018-04-08,0,25.41853,86.13389,0,5.2,6.7,11.3,37.69,0.2,1.8,0.06,0.0,45.0,0.18,46,29,0.0,215.0
NEG-begusarai-2019-10-25,begusarai,,2019-10-25,0,25.41853,86.13389,0,0.9,6.300000000000001,7.2,18.259999999999998,0.3,0.2,0.84,-31.1,45.0,0.18,49,30,0.0,27.0
NEG-begusarai-2015-01-07,begusarai,,2015-01-07,0,25.41853,86.13389,0,0.1,9.4,9.4,14.150000000000002,0.0,0.0,0.08,33.3,45.0,0.18,41,26,0.0,115.0
NEG-begusarai-2021-11-23,begusarai,,2021-11-23,0,25.41853,86.13389,0,0.0,0.0,0.0,20.689999999999998,0.0,0.0,0.09,-10.0,45.0,0.18,50,31,0.0,108.0
NEG-belagavi-2018-12-16,belagavi,,2018-12-16,0,15.85212,74.50447,0,0.2,0.2,9.0,27.55,0.0,0.0,0.49,-5.8,762.0,1.441,45,26,0.0,171.0
NEG-belagavi-2017-09-12,belagavi,,2017-09-12,0,15.85212,74.50447,0,19.799999999999997,64.3,89.09999999999998,23.24,5.1,12.0,5.37,477.4,762.0,1.441,43,25,0.0,53.0
NEG-belagavi-2021-05-26,belagavi,,2021-05-26,0,15.85212,74.50447,0,7.6000000000000005,25.299999999999997,137.99999999999997,27.72,0.2,2.5,1.28,-30.4,762.0,1.441,56,28,0.0,502.0
NEG-belagavi-2019-09-03,belagavi,,2019-09-03,0,15.85212,74.50447,0,29.2,40.0,53.89999999999999,18.92,24.4,20.8,6.6,566.7,762.0,1.441,48,27,0.0,56.0
NEG-belagavi-2017-02-06,belagavi,,2017-02-06,0,15.85212,74.50447,0,0.0,0.0,0.0,37.69,0.0,0.0,0.53,43.2,762.0,1.441,41,24,0.0,137.0
NEG-belagavi-2022-06-14,belagavi,,2022-06-14,0,15.85212,74.50447,0,15.7,33.199999999999996,53.599999999999994,23.76,2.2,2.1,1.4,35.9,762.0,1.441,59,29,0.0,254.0
NEG-belagavi-2022-06-30,belagavi,,2022-06-30,0,15.85212,74.50447,0,15.700000000000001,61.5,123.19999999999999,17.22,4.4,6.7,3.79,1.1,762.0,1.441,59,29,0.0,270.0
NEG-belagavi-2015-12-17,belagavi,,2015-12-17,0,15.85212,74.50447,0,0.0,1.3,1.3,25.77,0.0,0.0,0.52,-1.9,762.0,1.441,39,23,0.0,649.0
NEG-belagavi-2020-11-14,belagavi,,2020-11-14,0,15.85212,74.50447,0,0.8,0.8,2.8,30.34,0.0,0.0,0.6,-6.3,762.0,1.441,56,28,0.0,309.0
NEG-belagavi-2015-10-05,belagavi,,2015-10-05,0,15.85212,74.50447,0,42.1,69.5,72.2,24.630000000000003,18.2,9.5,6.21,970.7,762.0,1.441,39,23,0.0,576.0
NEG-belagavi-2020-11-24,belagavi,,2020-11-24,0,15.85212,74.50447,0,0.0,0.1,0.9,29.349999999999998,0.0,1.1,0.58,-6.5,762.0,1.441,56,28,0.0,319.0
NEG-belagavi-2021-02-06,belagavi,,2021-02-06,0,15.85212,74.50447,0,0.0,0.0,0.0,32.92,0.0,0.0,0.56,27.3,762.0,1.441,56,28,0.0,393.0
NEG-belagavi-2020-09-09,belagavi,,2020-09-09,0,15.85212,74.50447,0,47.7,64.2,74.4,25.92,4.7,7.3,5.64,291.7,762.0,1.441,56,28,0.0,243.0
NEG-belagavi-2023-10-27,belagavi,,2023-10-27,0,15.85212,74.50447,0,0.0,0.3,3.0,36.07,0.0,0.0,0.52,-21.2,762.0,1.441,65,31,0.0,114.0
NEG-belagavi-2020-09-10,belagavi,,2020-09-10,0,15.85212,74.50447,0,42.9,61.8,79.7,25.87,7.3,12.4,5.92,206.7,762.0,1.441,56,28,0.0,244.0
NEG-belagavi-2021-03-19,belagavi,,2021-03-19,0,15.85212,74.50447,0,0.0,0.0,0.0,40.39000000000001,0.0,0.0,0.53,0.0,762.0,1.441,56,28,0.0,434.0
NEG-belagavi-2015-03-25,belagavi,,2015-03-25,0,15.85212,74.50447,0,0.7,0.7,4.2,38.13,0.0,0.0,0.53,-10.2,762.0,1.441,39,23,0.0,382.0
NEG-belagavi-2019-05-19,belagavi,,2019-05-19,0,15.85212,74.50447,0,0.0,0.0,1.0,45.81,0.0,0.7,0.31,0.0,762.0,1.441,47,27,0.0,11.0
NEG-belagavi-2020-04-09,belagavi,,2020-04-09,0,15.85212,74.50447,0,0.0,2.2,2.2,39.480000000000004,0.0,0.0,0.63,12.5,762.0,1.441,56,28,0.0,90.0
NEG-belagavi-2015-06-28,belagavi,,2015-06-28,0,15.85212,74.50447,0,26.5,148.1,263.19999999999993,17.44,1.5,2.1,1.31,-82.4,762.0,1.441,39,23,0.0,477.0
NEG-belagavi-2022-02-16,belagavi,,2022-02-16,0,15.85212,74.50447,0,0.0,0.0,0.0,37.35,0.0,0.0,0.55,0.0,762.0,1.441,59,29,0.0,136.0
NEG-belagavi-2019-03-10,belagavi,,2019-03-10,0,15.85212,74.50447,0,0.0,0.0,0.0,43.529999999999994,0.0,0.0,0.47,0.0,762.0,1.441,46,27,0.0,61.0
NEG-belagavi-2017-11-04,belagavi,,2017-11-04,0,15.85212,74.50447,0,0.0,0.1,6.3999999999999995,31.21,0.0,0.1,0.55,-14.1,762.0,1.441,43,25,0.0,106.0
NEG-belagavi-2023-05-20,belagavi,,2023-05-20,0,15.85212,74.50447,0,0.0,7.2,69.69999999999999,43.61000000000001,0.0,0.6,0.63,-38.8,762.0,1.441,64,30,0.0,250.0
NEG-belagavi-2015-03-08,belagavi,,2015-03-08,0,15.85212,74.50447,0,0.0,18.4,18.4,32.26,1.7,3.9,0.63,-68.5,762.0,1.441,39,23,0.0,365.0
NEG-belagavi-2023-11-04,belagavi,,2023-11-04,0,15.85212,74.50447,0,1.5,2.6,2.9,31.270000000000003,0.0,1.4,0.67,28.8,762.0,1.441,65,31,0.0,122.0
NEG-belagavi-2015-10-04,belagavi,,2015-10-04,0,15.85212,74.50447,0,51.9,55.9,58.8,26.89,27.0,18.2,4.13,612.1,762.0,1.441,39,23,0.0,575.0
NEG-belagavi-2018-11-13,belagavi,,2018-11-13,0,15.85212,74.50447,0,0.0,0.4,4.0,31.769999999999996,0.0,0.0,0.55,-6.8,762.0,1.441,45,26,0.0,138.0
NEG-belagavi-2017-09-14,belagavi,,2017-09-14,0,15.85212,74.50447,0,14.499999999999998,65.2,82.49999999999999,24.64,11.2,5.7,4.74,11.3,762.0,1.441,43,25,0.0,55.0
NEG-belagavi-2023-03-22,belagavi,,2023-03-22,0,15.85212,74.50447,0,0.0,1.5,1.5,39.07,0.0,0.0,0.5,-5.7,762.0,1.441,64,30,0.0,191.0
NEG-belagavi-2022-05-15,belagavi,,2022-05-15,0,15.85212,74.50447,0,13.0,16.6,17.8,32.3,0.8,8.4,0.59,90.3,762.0,1.441,59,29,0.0,224.0
NEG-belagavi-2022-01-17,belagavi,,2022-01-17,0,15.85212,74.50447,0,0.0,0.0,0.0,27.26,0.0,0.0,0.42,-4.5,762.0,1.441,59,29,0.0,106.0
NEG-belagavi-2016-02-29,belagavi,,2016-02-29,0,15.85212,74.50447,0,0.3,0.3,0.4,37.73,0.0,0.7,0.49,0.0,762.0,1.441,39,23,0.0,723.0
NEG-belagavi-2023-08-27,belagavi,,2023-08-27,0,15.85212,74.50447,0,22.1,26.900000000000002,39.599999999999994,28.39,1.2,3.6,1.68,150.7,762.0,1.441,65,31,0.0,53.0
NEG-belagavi-2021-07-11,belagavi,,2021-07-11,0,15.85212,74.50447,0,55.5,88.7,106.89999999999999,19.999999999999996,31.9,49.3,8.48,407.8,762.0,1.441,56,28,0.0,548.0
NEG-belagavi-2023-03-31,belagavi,,2023-03-31,0,15.85212,74.50447,0,0.0,0.0,0.0,50.379999999999995,0.0,0.0,0.5,0.0,762.0,1.441,64,30,0.0,200.0
NEG-belagavi-2018-09-23,belagavi,,2018-09-23,0,15.85212,74.50447,0,17.4,25.9,26.2,22.169999999999998,0.1,0.9,1.38,160.4,762.0,1.441,45,26,0.0,87.0
NEG-belagavi-2016-06-30,belagavi,,2016-06-30,0,15.85212,74.50447,0,77.6,180.1,267.0,10.299999999999999,25.1,16.3,7.55,89.2,762.0,1.441,39,23,0.0,845.0
NEG-belagavi-2015-07-01,belagavi,,2015-07-01,0,15.85212,74.50447,0,5.0,64.3,237.39999999999998,22.15,1.5,1.5,0.94,-81.1,762.0,1.441,39,23,0.0,480.0
NEG-belagavi-2018-12-14,belagavi,,2018-12-14,0,15.85212,74.50447,0,0.0,0.9,8.799999999999999,27.07,0.0,0.0,0.49,-12.5,762.0,1.441,45,26,0.0,169.0
NEG-belagavi-2021-02-14,belagavi,,2021-02-14,0,15.85212,74.50447,0,0.0,0.0,0.0,37.940000000000005,0.0,0.0,0.53,0.0,762.0,1.441,56,28,0.0,401.0
NEG-belagavi-2018-10-18,belagavi,,2018-10-18,0,15.85212,74.50447,0,24.5,24.5,25.9,26.73,5.5,0.0,5.34,853.6,762.0,1.441,45,26,0.0,112.0
NEG-belagavi-2022-03-17,belagavi,,2022-03-17,0,15.85212,74.50447,0,0.0,0.6,0.6,44.839999999999996,0.0,0.9,0.53,0.0,762.0,1.441,59,29,0.0,165.0
NEG-belagavi-2016-12-18,belagavi,,2016-12-18,0,15.85212,74.50447,0,0.3,0.8,0.8,28.759999999999998,0.0,0.0,0.5,0.0,762.0,1.441,41,24,0.0,87.0
NEG-belagavi-2023-09-27,belagavi,,2023-09-27,0,15.85212,74.50447,0,22.0,42.2,61.39999999999999,22.250000000000004,9.3,6.0,2.79,126.8,762.0,1.441,65,31,0.0,84.0
NEG-belagavi-2020-03-18,belagavi,,2020-03-18,0,15.85212,74.50447,0,0.0,0.0,0.1,40.970000000000006,0.0,0.0,0.56,5.7,762.0,1.441,56,28,0.0,68.0
NEG-belagavi-2022-10-19,belagavi,,2022-10-19,0,15.85212,74.50447,0,21.0,67.10000000000001,137.79999999999998,20.0,3.3,1.5,3.88,-8.9,762.0,1.441,64,30,0.0,37.0
NEG-belagavi-2020-05-14,belagavi,,2020-05-14,0,15.85212,74.50447,0,1.4000000000000001,4.8,8.200000000000001,37.989999999999995,11.0,3.2,1.09,220.6,762.0,1.441,56,28,0.0,125.0
NEG-belagavi-2022-01-31,belagavi,,2022-01-31,0,15.85212,74.50447,0,0.0,0.0,0.6,31.15,0.0,0.0,0.44,4.8,762.0,1.441,59,29,0.0,120.0
NEG-belagavi-2017-01-16,belagavi,,2017-01-16,0,15.85212,74.50447,0,0.0,0.0,0.0,30.139999999999997,0.0,0.0,0.34,-27.7,762.0,1.441,41,24,0.0,116.0
NEG-belagavi-2015-09-16,belagavi,,2015-09-16,0,15.85212,74.50447,0,43.8,98.89999999999999,129.39999999999998,14.51,2.0,0.5,4.41,-4.1,762.0,1.441,39,23,0.0,557.0
NEG-belagavi-2023-01-11,belagavi,,2023-01-11,0,15.85212,74.50447,0,0.0,0.0,0.0,32.06,0.0,0.0,0.44,-6.4,762.0,1.441,64,30,0.0,121.0
NEG-belagavi-2023-09-15,belagavi,,2023-09-15,0,15.85212,74.50447,0,3.0,30.599999999999998,60.20000000000001,25.35,1.3,3.7,0.74,-8.6,762.0,1.441,65,31,0.0,72.0
NEG-belagavi-2020-02-18,belagavi,,2020-02-18,0,15.85212,74.50447,0,0.0,0.0,1.0,37.120000000000005,0.0,0.0,0.55,0.0,762.0,1.441,56,28,0.0,39.0
NEG-belagavi-2015-06-01,belagavi,,2015-06-01,0,15.85212,74.50447,0,6.9,7.300000000000001,8.0,37.63999999999999,1.6,0.1,0.94,42.4,762.0,1.441,39,23,0.0,450.0
NEG-belagavi-2018-04-16,belagavi,,2018-04-16,0,15.85212,74.50447,0,0.0,2.5,11.9,36.19,2.4,2.4,0.69,38.0,762.0,1.441,44,26,0.0,69.0
NEG-belagavi-2017-04-05,belagavi,,2017-04-05,0,15.85212,74.50447,0,0.0,1.5,1.5,39.88,0.0,0.0,0.31,10.7,762.0,1.441,41,24,0.0,195.0
NEG-belagavi-2015-06-29,belagavi,,2015-06-29,0,15.85212,74.50447,0,13.8,105.5,255.4,19.910000000000004,2.1,2.0,1.06,-80.9,762.0,1.441,39,23,0.0,478.0
NEG-belagavi-2023-11-15,belagavi,,2023-11-15,0,15.85212,74.50447,0,0.0,19.099999999999998,27.8,27.86,0.0,0.0,0.69,-67.5,762.0,1.441,65,31,0.0,133.0
NEG-belagavi-2017-03-28,belagavi,,2017-03-28,0,15.85212,74.50447,0,0.0,0.0,0.0,45.93,0.4,0.1,0.28,0.0,762.0,1.441,41,24,0.0,187.0
NEG-belagavi-2015-06-21,belagavi,,2015-06-21,0,15.85212,74.50447,0,73.0,115.1,155.1,10.06,18.5,26.3,7.43,185.8,762.0,1.441,39,23,0.0,470.0
NEG-belagavi-2018-07-16,belagavi,,2018-07-16,0,15.85212,74.50447,0,37.5,200.8,267.4,10.459999999999999,14.6,7.7,9.86,144.1,762.0,1.441,45,26,0.0,18.0
NEG-belagavi-2020-10-12,belagavi,,2020-10-12,0,15.85212,74.50447,0,44.6,47.6,66.7,24.51,8.6,26.3,7.57,233.5,762.0,1.441,56,28,0.0,276.0
NEG-belagavi-2019-06-20,belagavi,,2019-06-20,0,15.85212,74.50447,0,5.800000000000001,36.9,71.5,26.85,3.9,13.6,1.19,-59.5,762.0,1.441,47,27,0.0,43.0
NEG-belagavi-2021-02-02,belagavi,,2021-02-02,0,15.85212,74.50447,0,0.0,0.0,0.0,32.42,0.0,0.0,0.53,20.5,762.0,1.441,56,28,0.0,389.0
NEG-belagavi-2020-04-23,belagavi,,2020-04-23,0,15.85212,74.50447,0,0.2,7.2,7.2,36.7,0.0,0.1,0.66,0.0,762.0,1.441,56,28,0.0,104.0
NEG-belagavi-2017-11-03,belagavi,,2017-11-03,0,15.85212,74.50447,0,0.0,0.1,6.3999999999999995,30.3,0.0,0.0,0.57,-14.9,762.0,1.441,43,25,0.0,105.0
NEG-belagavi-2015-05-30,belagavi,,2015-05-30,0,15.85212,74.50447,0,1.4000000000000001,1.7000000000000002,12.000000000000002,38.650000000000006,2.4,2.0,0.81,17.4,762.0,1.441,39,23,0.0,448.0
NEG-belagavi-2023-06-13,belagavi,,2023-06-13,0,15.85212,74.50447,0,19.400000000000002,25.6,36.7,34.660000000000004,1.9,0.8,0.73,15.9,762.0,1.441,64,30,0.0,274.0
NEG-belagavi-2022-04-03,belagavi,,2022-04-03,0,15.85212,74.50447,0,0.0,0.5,2.2,42.169999999999995,0.0,0.1,0.59,5.4,762.0,1.441,59,29,0.0,182.0
NEG-belagavi-2017-02-21,belagavi,,2017-02-21,0,15.85212,74.50447,0,0.0,0.0,0.0,45.739999999999995,0.0,0.0,0.5,0.0,762.0,1.441,41,24,0.0,152.0
NEG-belagavi-2018-03-17,belagavi,,2018-03-17,0,15.85212,74.50447,0,0.9,0.9,0.9,36.01,0.2,0.1,0.78,56.0,762.0,1.441,44,26,0.0,39.0
NEG-belagavi-2023-10-04,belagavi,,2023-10-04,0,15.85212,74.50447,0,77.8,124.8,166.99999999999997,21.59,0.8,0.0,1.96,-29.7,762.0,1.441,65,31,0.0,91.0
NEG-belagavi-2015-07-15,belagavi,,2015-07-15,0,15.85212,74.50447,0,7.199999999999999,27.499999999999996,38.8,22.160000000000004,3.9,6.9,0.78,-19.6,762.0,1.441,39,23,0.0,494.0
NEG-belagavi-2022-05-09,belagavi,,2022-05-09,0,15.85212,74.50447,0,0.1,1.3,2.8000000000000003,42.06,0.1,2.9,0.31,-8.8,762.0,1.441,59,29,0.0,218.0
NEG-belagavi-2018-09-21,belagavi,,2018-09-21,0,15.85212,74.50447,0,9.799999999999999,16.7,19.4,27.560000000000002,2.9,2.4,2.69,389.1,762.0,1.441,45,26,0.0,85.0
NEG-belagavi-2018-01-24,belagavi,,2018-01-24,0,15.85212,74.50447,0,0.0,0.0,0.0,31.35,0.0,0.0,0.41,0.0,762.0,1.441,43,25,0.0,187.0
NEG-belagavi-2016-05-24,belagavi,,2016-05-24,0,15.85212,74.50447,0,0.0,2.5,31.7,37.08,1.0,4.1,0.63,-33.0,762.0,1.441,39,23,0.0,808.0
NEG-bemetara-2023-12-19,bemetara,,2023-12-19,0,21.71556,81.53423,0,0.0,0.0,27.0,21.21,0.0,0.0,0.03,-40.0,291.0,0.991,2,2,0.0,275.0
NEG-bemetara-2019-02-16,bemetara,,2019-02-16,0,21.71556,81.53423,1,0.9,1.2,7.5,28.25,0.0,0.0,0.0,,291.0,0.991,1,1,0.0,567.0
NEG-bemetara-2019-11-25,bemetara,,2019-11-25,0,21.71556,81.53423,0,0.0,0.0,0.0,24.9,0.0,0.0,0.05,0.0,291.0,0.991,1,1,0.0,849.0
NEG-bemetara-2019-06-27,bemetara,,2019-06-27,0,21.71556,81.53423,1,3.3000000000000003,39.50000000000001,47.7,33.34,9.3,6.3,0.0,,291.0,0.991,1,1,0.0,698.0
NEG-bemetara-2023-05-03,bemetara,,2023-05-03,0,21.71556,81.53423,1,45.599999999999994,48.5,53.2,31.19,0.1,0.3,0.03,,291.0,0.991,2,2,0.0,45.0
NEG-bemetara-2019-12-07,bemetara,,2019-12-07,0,21.71556,81.53423,0,0.0,0.0,0.0,23.5,0.0,0.0,0.05,0.0,291.0,0.991,1,1,0.0,861.0
NEG-betul-2019-05-03,betul,,2019-05-03,0,21.90056,77.90229,1,0.0,0.0,0.0,59.03,0.0,0.0,0.0,,644.0,0.991,19,15,0.0,1359.0
NEG-betul-2018-10-20,betul,,2018-10-20,0,21.90056,77.90229,0,0.2,0.2,0.4,30.629999999999995,0.0,0.0,1.26,-28.8,644.0,0.991,19,15,0.0,1164.0
NEG-betul-2017-02-04,betul,,2017-02-04,0,21.90056,77.90229,0,0.0,0.0,1.9000000000000001,30.679999999999996,0.0,0.0,0.12,0.0,644.0,0.991,19,15,0.0,541.0
NEG-betul-2020-07-25,betul,,2020-07-25,0,21.90056,77.90229,0,20.1,42.6,100.0,22.080000000000002,2.7,1.8,1.45,23.9,644.0,0.991,19,15,0.0,1808.0
NEG-betul-2022-10-05,betul,,2022-10-05,0,21.90056,77.90229,0,0.4,2.1,25.200000000000003,32.27,13.8,1.8,6.43,-17.5,644.0,0.991,22,17,0.0,20.0
NEG-betul-2020-07-30,betul,,2020-07-30,0,21.90056,77.90229,0,15.100000000000001,35.1,73.1,22.53,5.9,2.3,1.26,0.0,644.0,0.991,19,15,0.0,1813.0
NEG-betul-2019-02-13,betul,,2019-02-13,0,21.90056,77.90229,0,0.0,0.0,0.0,33.19,0.0,1.1,0.06,0.0,644.0,0.991,19,15,0.0,1280.0
NEG-betul-2023-12-10,betul,,2023-12-10,0,21.90056,77.90229,0,1.5,3.6,67.4,18.03,0.0,0.0,0.23,-41.0,644.0,0.991,23,18,0.0,268.0
NEG-betul-2020-10-27,betul,,2020-10-27,0,21.90056,77.90229,0,0.0,6.499999999999999,16.8,27.09,0.0,0.0,2.34,-22.8,644.0,0.991,20,16,0.0,60.0
NEG-betul-2017-12-28,betul,,2017-12-28,0,21.90056,77.90229,0,0.0,0.0,0.0,24.89,0.0,0.0,0.14,-12.5,644.0,0.991,19,15,0.0,868.0
NEG-betul-2023-12-26,betul,,2023-12-26,0,21.90056,77.90229,0,0.0,0.0,0.0,22.72,0.0,0.0,0.19,-5.0,644.0,0.991,23,18,0.0,284.0
NEG-betul-2015-12-05,betul,,2015-12-05,0,21.90056,77.90229,0,0.0,0.6,0.6,25.27,0.0,0.0,0.15,-6.3,644.0,0.991,19,15,0.0,114.0
NEG-betul-2023-02-26,betul,,2023-02-26,0,21.90056,77.90229,0,0.0,0.0,0.0,38.339999999999996,0.0,0.0,0.16,0.0,644.0,0.991,22,17,0.0,164.0
NEG-betul-2019-10-05,betul,,2019-10-05,0,21.90056,77.90229,0,18.599999999999998,31.8,93.39999999999999,21.810000000000002,2.1,0.3,8.18,-13.6,644.0,0.991,19,15,0.0,1514.0
NEG-betul-2015-11-20,betul,,2015-11-20,0,21.90056,77.90229,0,0.0,0.0,0.3,28.130000000000003,0.0,0.0,0.18,-5.3,644.0,0.991,19,15,0.0,99.0
NEG-betul-2019-10-30,betul,,2019-10-30,0,21.90056,77.90229,0,13.7,27.599999999999998,54.00000000000001,16.19,0.5,0.7,4.79,-5.0,644.0,0.991,19,15,0.0,1539.0
NEG-betul-2021-10-03,betul,,2021-10-03,0,21.90056,77.90229,0,15.3,38.5,111.1,22.78,1.3,2.3,4.11,-11.8,644.0,0.991,20,16,0.0,401.0
NEG-betul-2017-01-09,betul,,2017-01-09,0,21.90056,77.90229,0,0.0,0.0,0.0,25.900000000000002,0.0,0.0,0.17,0.0,644.0,0.991,19,15,0.0,515.0
NEG-bhadohi-2021-02-12,bhadohi,,2021-02-12,0,25.39526,82.5703,0,0.0,1.9,1.9,23.76,0.0,0.0,2.56,-5.9,92.0,0.721,23,15,0.0,232.0
NEG-bhadohi-2018-04-18,bhadohi,,2018-04-18,0,25.39526,82.5703,0,0.0,0.5,5.199999999999999,45.580000000000005,0.0,0.0,2.22,0.0,92.0,0.721,22,14,0.0,374.0
NEG-bhadohi-2018-08-08,bhadohi,,2018-08-08,0,25.39526,82.5703,0,42.9,182.99999999999997,322.59999999999997,17.58,1.0,2.4,108.4,565.0,92.0,0.721,22,14,0.0,486.0
NEG-bhadohi-2016-02-25,bhadohi,,2016-02-25,0,25.39526,82.5703,0,0.0,0.5,4.5,34.5,0.0,0.0,1.95,-2.0,92.0,0.721,21,13,0.0,2825.0
NEG-bhadohi-2015-11-24,bhadohi,,2015-11-24,0,25.39526,82.5703,0,0.0,0.0,0.0,21.839999999999996,0.0,0.0,2.88,-38.2,92.0,0.721,21,13,0.0,2732.0
NEG-bhadohi-2018-09-05,bhadohi,,2018-09-05,0,25.39526,82.5703,0,37.6,98.39999999999999,201.29999999999998,20.560000000000002,11.2,8.9,92.54,-2.3,92.0,0.721,22,14,0.0,514.0
NEG-bhadrak-2022-05-31,bhadrak,,2022-05-31,0,21.05447,86.5156,0,1.8,7.3,28.099999999999998,42.67,0.0,0.5,0.72,94.6,17.0,0.36,32,20,0.0,677.0
NEG-bhadrak-2018-04-25,bhadrak,,2018-04-25,0,21.05447,86.5156,0,39.900000000000006,53.300000000000004,58.400000000000006,39.19,12.2,5.0,0.44,0.0,17.0,0.36,28,17,0.0,1361.0
NEG-bhadrak-2018-06-09,bhadrak,,2018-06-09,0,21.05447,86.5156,0,23.299999999999997,69.3,93.69999999999999,28.499999999999996,1.3,1.1,1.53,48.5,17.0,0.36,28,17,0.0,1406.0
NEG-bhadrak-2020-01-01,bhadrak,,2020-01-01,0,21.05447,86.5156,0,0.0,21.0,21.0,16.97,0.0,18.3,0.49,0.0,17.0,0.36,31,19,0.0,54.0
NEG-bhadrak-2021-10-04,bhadrak,,2021-10-04,0,21.05447,86.5156,0,6.4,58.6,142.6,22.57,4.3,0.3,4.22,3.2,17.0,0.36,32,20,0.0,438.0
NEG-bhadrak-2023-01-18,bhadrak,,2023-01-18,0,21.05447,86.5156,0,1.6,1.6,1.6,23.11,0.2,0.0,0.31,-6.1,17.0,0.36,32,20,0.0,909.0
NEG-bhadrak-2019-10-12,bhadrak,,2019-10-12,0,21.05447,86.5156,0,27.9,63.0,113.6,21.130000000000003,1.0,0.0,4.31,-4.6,17.0,0.36,30,19,0.0,19.0
NEG-bhadrak-2016-11-13,bhadrak,,2016-11-13,0,21.05447,86.5156,0,0.0,0.0,59.2,26.54,0.0,0.0,0.63,-51.9,17.0,0.36,28,17,0.0,833.0
NEG-bhadrak-2022-09-26,bhadrak,,2022-09-26,0,21.05447,86.5156,0,17.2,49.29999999999999,107.49999999999999,24.130000000000003,0.7,4.4,2.67,-8.9,17.0,0.36,32,20,0.0,795.0
NEG-bhadrak-2019-12-24,bhadrak,,2019-12-24,0,21.05447,86.5156,0,0.0,0.0,2.4,19.349999999999998,0.0,15.0,0.49,-5.8,17.0,0.36,31,19,0.0,46.0
NEG-bhadrak-2018-12-10,bhadrak,,2018-12-10,0,21.05447,86.5156,0,0.0,0.0,0.0,21.769999999999996,0.0,0.0,0.5,-5.7,17.0,0.36,29,18,0.0,118.0
NEG-bhadrak-2020-01-06,bhadrak,,2020-01-06,0,21.05447,86.5156,0,20.9,20.9,41.9,16.88,0.0,0.0,0.63,26.0,17.0,0.36,31,19,0.0,59.0
NEG-bhagalpur-2015-06-23,bhagalpur,,2015-06-23,0,25.24446,86.97183,0,6.1,13.3,63.7,32.46,1.7,7.0,2.91,-28.0,51.0,1.532,46,30,0.0,282.0
NEG-bhagalpur-2023-02-25,bhagalpur,,2023-02-25,0,25.24446,86.97183,0,0.0,0.0,0.0,28.61,0.0,0.0,3.62,-3.7,51.0,1.532,54,34,0.0,567.0
NEG-bhagalpur-2018-12-15,bhagalpur,,2018-12-15,0,25.24446,86.97183,0,0.0,0.0,0.3,17.96,0.0,3.3,3.55,-4.1,51.0,1.532,51,32,0.0,839.0
NEG-bhagalpur-2021-11-23,bhagalpur,,2021-11-23,0,25.24446,86.97183,0,0.0,0.0,0.0,19.34,0.0,0.0,7.91,-2.3,51.0,1.532,54,34,0.0,108.0
NEG-bhagalpur-2019-11-17,bhagalpur,,2019-11-17,0,25.24446,86.97183,0,0.0,0.2,0.5,21.689999999999998,0.0,0.0,5.61,-62.0,51.0,1.532,53,33,0.0,48.0
NEG-bhagalpur-2018-01-29,bhagalpur,,2018-01-29,0,25.24446,86.97183,0,0.0,0.0,0.0,18.25,0.0,0.0,3.66,-1.1,51.0,1.532,51,32,0.0,519.0
NEG-bhagalpur-2022-03-04,bhagalpur,,2022-03-04,0,25.24446,86.97183,0,0.0,11.0,11.7,24.43,0.0,0.0,6.73,-2.0,51.0,1.532,54,34,0.0,209.0
NEG-bhagalpur-2023-11-16,bhagalpur,,2023-11-16,0,25.24446,86.97183,0,0.0,0.0,0.3,20.78,0.2,0.0,4.37,-3.5,51.0,1.532,54,34,0.0,831.0
NEG-bhagalpur-2015-08-23,bhagalpur,,2015-08-23,0,25.24446,86.97183,0,97.00000000000001,171.19999999999996,221.7,15.659999999999998,6.8,9.0,97.4,38.3,51.0,1.532,47,31,0.0,30.0
NEG-bhagalpur-2015-11-04,bhagalpur,,2015-11-04,0,25.24446,86.97183,0,2.8000000000000003,3.2,3.3000000000000003,22.199999999999996,0.0,0.2,4.43,-3.9,51.0,1.532,47,31,0.0,103.0
NEG-bhagalpur-2022-07-12,bhagalpur,,2022-07-12,0,25.24446,86.97183,0,2.3,5.699999999999999,52.49999999999999,42.58,1.6,0.3,4.87,-14.7,51.0,1.532,54,34,0.0,339.0
NEG-bhagalpur-2022-02-24,bhagalpur,,2022-02-24,0,25.24446,86.97183,0,0.0,0.5,0.7,25.54,10.8,0.0,6.82,-3.3,51.0,1.532,54,34,0.0,201.0
NEG-bhagalpur-2019-07-22,bhagalpur,,2019-07-22,0,25.24446,86.97183,0,16.0,34.79999999999999,167.80000000000004,33.9,9.8,26.2,2.44,-41.8,51.0,1.532,52,33,0.0,193.0
NEG-bhagalpur-2019-01-28,bhagalpur,,2019-01-28,0,25.24446,86.97183,0,2.1,2.1,2.1,15.64,0.0,0.0,3.09,8.4,51.0,1.532,52,33,0.0,18.0
NEG-bhagalpur-2020-10-02,bhagalpur,,2020-10-02,0,25.24446,86.97183,0,11.1,72.3,179.30000000000004,19.459999999999997,14.9,3.8,52.21,-8.3,51.0,1.532,53,33,0.0,368.0
NEG-bhagalpur-2023-12-26,bhagalpur,,2023-12-26,0,25.24446,86.97183,0,0.0,0.0,0.0,15.159999999999998,0.0,0.0,3.54,-5.1,51.0,1.532,54,34,0.0,871.0
NEG-bhagalpur-2023-05-30,bhagalpur,,2023-05-30,0,25.24446,86.97183,0,0.9,32.800000000000004,37.3,34.900000000000006,0.0,0.0,2.87,16.2,51.0,1.532,54,34,0.0,661.0
NEG-bhagalpur-2022-08-14,bhagalpur,,2022-08-14,0,25.24446,86.97183,0,6.2,10.1,68.4,36.44,2.9,0.7,4.97,-24.7,51.0,1.532,54,34,0.0,372.0
NEG-bhagalpur-2016-10-17,bhagalpur,,2016-10-17,0,25.24446,86.97183,0,0.0,23.2,76.50000000000001,22.029999999999998,0.0,0.0,26.61,-39.1,51.0,1.532,51,32,0.0,50.0
NEG-bhagalpur-2015-05-08,bhagalpur,,2015-05-08,0,25.24446,86.97183,0,0.2,0.8,30.2,42.33,0.8,5.6,2.06,-25.1,51.0,1.532,46,30,0.0,236.0
NEG-bhagalpur-2016-08-07,bhagalpur,,2016-08-07,0,25.24446,86.97183,0,5.9,23.5,77.0,30.84,5.1,21.9,16.7,-23.6,51.0,1.532,49,32,0.0,13.0
NEG-bhagalpur-2021-10-24,bhagalpur,,2021-10-24,0,25.24446,86.97183,0,0.2,109.3,110.60000000000001,19.799999999999997,0.4,0.1,31.51,-25.4,51.0,1.532,54,34,0.0,78.0
NEG-bhagalpur-2022-08-09,bhagalpur,,2022-08-09,0,25.24446,86.97183,0,8.1,34.1,104.0,31.0,0.5,2.2,5.55,-24.8,51.0,1.532,54,34,0.0,367.0
NEG-bhagalpur-2023-10-06,bhagalpur,,2023-10-06,0,25.24446,86.97183,0,66.8,117.6,256.7,18.9,0.4,3.0,78.98,99.7,51.0,1.532,54,34,0.0,790.0
NEG-bhandara-2019-11-30,bhandara,,2019-11-30,0,21.16817,79.64885,0,0.0,0.0,0.0,24.200000000000003,0.0,0.0,35.81,-5.3,257.0,0.27,52,30,0.0,324.0
NEG-bhandara-2015-05-23,bhandara,,2015-05-23,0,21.16817,79.64885,0,0.0,0.5,16.5,52.94,0.2,0.0,0.03,-90.3,257.0,0.27,47,26,0.0,291.0
NEG-bhandara-2016-06-01,bhandara,,2016-06-01,0,21.16817,79.64885,0,1.4,1.4,4.699999999999999,56.43,0.0,0.0,0.03,0.0,257.0,0.27,48,27,0.0,11.0
NEG-bhandara-2015-10-03,bhandara,,2015-10-03,0,21.16817,79.64885,0,1.9000000000000001,1.9000000000000001,14.600000000000001,30.62,0.0,0.0,33.36,-90.5,257.0,0.27,47,26,0.0,424.0
NEG-bhandara-2017-08-24,bhandara,,2017-08-24,0,21.16817,79.64885,0,10.899999999999999,92.79999999999998,106.29999999999998,22.88,5.5,10.2,410.15,46.0,257.0,0.27,48,27,0.0,460.0
NEG-bhandara-2023-09-24,bhandara,,2023-09-24,0,21.16817,79.64885,0,87.1,99.5,254.2,23.499999999999996,0.2,1.8,2476.42,-28.6,257.0,0.27,58,33,0.0,369.0
NEG-bhandara-2022-03-27,bhandara,,2022-03-27,0,21.16817,79.64885,0,0.0,0.0,0.0,43.49,0.0,0.0,0.03,0.0,257.0,0.27,56,33,0.0,78.0
NEG-bhandara-2019-02-09,bhandara,,2019-02-09,0,21.16817,79.64885,0,0.1,0.1,11.299999999999999,29.080000000000002,0.0,0.0,0.03,-98.6,257.0,0.27,52,30,0.0,30.0
NEG-bhandara-2019-01-23,bhandara,,2019-01-23,0,21.16817,79.64885,0,0.0,0.0,0.0,28.18,2.8,18.8,0.03,0.0,257.0,0.27,52,30,0.0,13.0
NEG-bhandara-2019-04-18,bhandara,,2019-04-18,0,21.16817,79.64885,0,0.2,0.2,0.2,46.93000000000001,0.0,0.0,0.03,0.0,257.0,0.27,52,30,0.0,98.0
NEG-bhandara-2021-05-12,bhandara,,2021-05-12,0,21.16817,79.64885,0,4.5,5.9,6.3999999999999995,44.77,0.0,0.0,0.03,0.0,257.0,0.27,54,31,0.0,219.0
NEG-bhandara-2015-05-13,bhandara,,2015-05-13,0,21.16817,79.64885,0,1.3,3.4000000000000004,3.5000000000000004,48.959999999999994,3.5,10.1,0.03,0.0,257.0,0.27,47,26,0.0,281.0
NEG-bhandara-2021-10-14,bhandara,,2021-10-14,0,21.16817,79.64885,0,0.0,2.0,27.299999999999997,31.06,0.5,9.6,37.37,-80.0,257.0,0.27,55,32,0.0,24.0
NEG-bhandara-2016-09-20,bhandara,,2016-09-20,0,21.16817,79.64885,0,20.200000000000003,83.8,109.80000000000001,21.22,8.3,0.6,615.59,131.2,257.0,0.27,48,27,0.0,122.0
NEG-bhandara-2022-08-13,bhandara,,2022-08-13,0,21.16817,79.64885,0,112.0,242.5,303.70000000000005,21.129999999999995,27.4,83.8,6066.36,901.5,257.0,0.27,56,33,0.0,217.0
NEG-bhandara-2020-01-17,bhandara,,2020-01-17,0,21.16817,79.64885,0,0.0,0.0,33.5,22.61,0.5,0.4,26.93,-64.1,257.0,0.27,52,30,0.0,372.0
NEG-bhandara-2019-02-28,bhandara,,2019-02-28,0,21.16817,79.64885,0,0.1,0.1,0.7999999999999999,37.230000000000004,0.0,0.0,0.03,0.0,257.0,0.27,52,30,0.0,49.0
NEG-bhandara-2019-03-04,bhandara,,2019-03-04,0,21.16817,79.64885,0,0.8,0.9,0.9,38.09,0.0,0.0,0.03,0.0,257.0,0.27,52,30,0.0,53.0
NEG-bhandara-2019-12-24,bhandara,,2019-12-24,0,21.16817,79.64885,0,0.0,0.0,7.9,22.51,0.4,3.1,27.51,-11.7,257.0,0.27,52,30,0.0,348.0
NEG-bhandara-2023-07-23,bhandara,,2023-07-23,0,21.16817,79.64885,0,100.39999999999999,210.5,347.3,20.09,3.1,3.4,2436.81,60.0,257.0,0.27,58,33,0.0,306.0
NEG-bhandara-2015-11-11,bhandara,,2015-11-11,0,21.16817,79.64885,0,0.0,0.0,2.5,27.520000000000003,0.0,0.0,19.28,-17.7,257.0,0.27,47,26,0.0,463.0
NEG-bhandara-2021-06-08,bhandara,,2021-06-08,0,21.16817,79.64885,0,8.1,14.8,15.0,36.15,7.8,24.4,0.66,2100.0,257.0,0.27,54,31,0.0,246.0
NEG-bhandara-2016-07-17,bhandara,,2016-07-17,0,21.16817,79.64885,0,29.8,95.19999999999999,454.2000000000001,17.71,15.3,10.0,2804.43,-64.4,257.0,0.27,48,27,0.0,57.0
NEG-bhandara-2020-12-08,bhandara,,2020-12-08,0,21.16817,79.64885,0,0.0,0.0,2.0,26.200000000000003,0.0,0.0,32.88,-9.3,257.0,0.27,54,31,0.0,64.0
NEG-bhandara-2019-02-12,bhandara,,2019-02-12,0,21.16817,79.64885,0,0.0,0.1,0.1,30.400000000000002,0.0,0.0,0.03,-90.3,257.0,0.27,52,30,0.0,33.0
NEG-bhandara-2019-06-19,bhandara,,2019-06-19,0,21.16817,79.64885,0,3.8,4.2,4.2,52.019999999999996,0.2,0.0,0.03,0.0,257.0,0.27,52,30,0.0,160.0
NEG-bhandara-2022-04-14,bhandara,,2022-04-14,0,21.16817,79.64885,0,0.0,0.0,0.0,51.349999999999994,0.0,0.0,0.03,0.0,257.0,0.27,56,33,0.0,96.0
NEG-bhandara-2018-02-15,bhandara,,2018-02-15,0,21.16817,79.64885,0,12.8,15.700000000000001,15.9,27.310000000000002,0.0,0.0,0.91,2933.3,257.0,0.27,49,28,0.0,160.0
NEG-bhandara-2017-10-19,bhandara,,2017-10-19,0,21.16817,79.64885,0,0.0,13.899999999999999,68.2,28.369999999999997,1.2,0.9,49.58,-84.4,257.0,0.27,49,28,0.0,41.0
NEG-bhandara-2016-04-09,bhandara,,2016-04-09,0,21.16817,79.64885,0,0.5,4.4,10.2,47.41,0.0,0.0,0.03,0.0,257.0,0.27,47,26,0.0,613.0
NEG-bhandara-2015-04-17,bhandara,,2015-04-17,0,21.16817,79.64885,0,23.499999999999996,57.5,60.5,33.36,0.0,0.0,9.02,29966.7,257.0,0.27,47,26,0.0,255.0
NEG-bhandara-2023-04-02,bhandara,,2023-04-02,0,21.16817,79.64885,0,1.2,1.3,6.2,42.66,0.0,0.0,0.03,-50.0,257.0,0.27,58,33,0.0,194.0
NEG-bhandara-2017-02-01,bhandara,,2017-02-01,0,21.16817,79.64885,0,0.0,0.7,0.7,28.5,0.0,0.0,0.03,-50.0,257.0,0.27,48,27,0.0,256.0
NEG-bharatpur-2020-10-21,bharatpur,,2020-10-21,0,20.99348,84.44053,0,9.2,28.899999999999995,63.599999999999994,22.72,0.3,0.3,7.65,-18.6,152.0,1.171,30,19,0.0,66.0
NEG-bharatpur-2019-05-05,bharatpur,,2019-05-05,0,20.99348,84.44053,0,49.6,49.6,50.2,39.959999999999994,0.0,0.0,0.56,0.0,152.0,1.171,28,18,0.0,3167.0
NEG-bharatpur-2021-04-19,bharatpur,,2021-04-19,0,20.99348,84.44053,0,0.0,5.0,5.0,43.699999999999996,0.0,0.2,0.72,0.0,152.0,1.171,30,19,0.0,246.0
NEG-bharatpur-2016-04-27,bharatpur,,2016-04-27,0,20.99348,84.44053,0,0.2,0.2,1.3,58.24,0.0,0.0,0.41,-6.8,152.0,1.171,28,18,0.0,2064.0
NEG-bharatpur-2017-12-08,bharatpur,,2017-12-08,0,20.99348,84.44053,0,0.0,0.0,0.0,22.6,0.0,0.0,0.92,-5.2,152.0,1.171,28,18,0.0,2654.0
NEG-bharatpur-2023-09-10,bharatpur,,2023-09-10,0,20.99348,84.44053,0,34.300000000000004,124.49999999999999,137.89999999999998,21.96,24.3,14.9,7.49,28.9,152.0,1.171,30,19,0.0,1120.0
NEG-bharuch-2017-12-02,bharuch,,2017-12-02,0,21.69482,72.9805,0,0.0,0.0,0.0,30.839999999999996,0.0,1.2,0.44,-12.0,15.0,1.441,44,26,0.0,330.0
NEG-bharuch-2022-11-23,bharuch,,2022-11-23,0,21.69482,72.9805,0,0.0,0.0,0.0,33.53,0.0,0.0,0.78,-8.2,15.0,1.441,49,30,0.0,134.0
NEG-bharuch-2020-01-02,bharuch,,2020-01-02,0,21.69482,72.9805,0,0.0,0.0,0.0,28.41,0.0,0.0,0.56,-8.2,15.0,1.441,46,28,0.0,359.0
NEG-bharuch-2017-05-28,bharuch,,2017-05-28,0,21.69482,72.9805,0,0.0,0.0,0.0,52.42,0.4,0.8,0.03,-50.0,15.0,1.441,44,26,0.0,142.0
NEG-bharuch-2021-11-11,bharuch,,2021-11-11,0,21.69482,72.9805,0,0.0,0.0,0.0,32.99,0.0,0.0,0.71,-57.7,15.0,1.441,47,29,0.0,438.0
NEG-bharuch-2018-03-15,bharuch,,2018-03-15,0,21.69482,72.9805,0,0.0,0.0,0.0,44.06,0.0,0.0,0.12,0.0,15.0,1.441,44,26,0.0,433.0
NEG-bharuch-2022-10-13,bharuch,,2022-10-13,0,21.69482,72.9805,0,5.199999999999999,43.3,45.699999999999996,21.64,0.0,0.0,8.84,30.8,15.0,1.441,49,30,0.0,93.0
NEG-bharuch-2020-07-04,bharuch,,2020-07-04,0,21.69482,72.9805,0,3.0,18.2,35.39999999999999,34.580000000000005,36.2,23.0,0.49,32.4,15.0,1.441,46,28,0.0,543.0
NEG-bharuch-2017-03-30,bharuch,,2017-03-30,0,21.69482,72.9805,0,0.0,0.0,0.0,51.36,0.0,0.0,0.12,0.0,15.0,1.441,44,26,0.0,83.0
NEG-bharuch-2016-05-17,bharuch,,2016-05-17,0,21.69482,72.9805,0,0.0,0.3,0.3,52.019999999999996,0.0,0.0,0.03,0.0,15.0,1.441,42,24,0.0,964.0
NEG-bharuch-2016-07-09,bharuch,,2016-07-09,0,21.69482,72.9805,0,3.5999999999999996,63.69999999999999,117.1,25.23,3.7,3.5,0.59,-73.8,15.0,1.441,43,25,0.0,38.0
NEG-bharuch-2015-10-31,bharuch,,2015-10-31,0,21.69482,72.9805,0,0.0,0.4,0.4,35.08,0.0,0.0,0.33,-17.5,15.0,1.441,42,24,0.0,765.0
NEG-bharuch-2020-01-26,bharuch,,2020-01-26,0,21.69482,72.9805,0,0.0,0.0,0.1,31.45,0.0,0.0,0.36,-12.2,15.0,1.441,46,28,0.0,383.0
NEG-bharuch-2016-12-08,bharuch,,2016-12-08,0,21.69482,72.9805,0,0.0,0.0,0.0,31.549999999999997,0.0,0.0,0.58,-7.9,15.0,1.441,43,25,0.0,190.0
NEG-bharuch-2022-12-31,bharuch,,2022-12-31,0,21.69482,72.9805,0,0.0,0.0,0.0,24.39,0.0,0.0,0.46,-11.5,15.0,1.441,49,30,0.0,172.0
NEG-bharuch-2019-12-29,bharuch,,2019-12-29,0,21.69482,72.9805,0,0.0,0.0,0.0,29.33,0.0,0.0,0.59,-7.8,15.0,1.441,46,28,0.0,355.0
NEG-bharuch-2015-12-26,bharuch,,2015-12-26,0,21.69482,72.9805,0,0.0,0.0,0.0,30.010000000000005,0.0,0.0,0.16,0.0,15.0,1.441,42,24,0.0,821.0
NEG-bharuch-2022-08-25,bharuch,,2022-08-25,0,21.69482,72.9805,0,7.2,20.2,103.4,26.379999999999995,0.9,0.7,6.66,-57.0,15.0,1.441,49,30,0.0,44.0
NEG-bharuch-2018-08-02,bharuch,,2018-08-02,0,21.69482,72.9805,0,5.4,9.7,95.70000000000002,28.74,2.9,2.0,7.95,-35.6,15.0,1.441,45,27,0.0,38.0
NEG-bharuch-2022-06-28,bharuch,,2022-06-28,0,21.69482,72.9805,0,5.8,34.699999999999996,71.39999999999999,32.19,1.3,15.9,0.53,89.3,15.0,1.441,47,29,0.0,667.0
NEG-bharuch-2018-11-24,bharuch,,2018-11-24,0,21.69482,72.9805,0,0.0,0.0,0.0,32.71,0.0,0.0,0.36,-12.2,15.0,1.441,45,27,0.0,152.0
NEG-bharuch-2022-12-16,bharuch,,2022-12-16,0,21.69482,72.9805,0,6.8,6.8,6.8,27.860000000000003,0.0,0.0,0.59,-6.3,15.0,1.441,49,30,0.0,157.0
NEG-bharuch-2015-09-23,bharuch,,2015-09-23,0,21.69482,72.9805,0,80.7,214.3,223.89999999999998,23.43,0.0,0.0,22.39,4663.8,15.0,1.441,42,24,0.0,727.0
NEG-bharuch-2021-03-02,bharuch,,2021-03-02,0,21.69482,72.9805,0,0.0,0.0,0.1,39.339999999999996,0.0,0.0,0.12,0.0,15.0,1.441,47,29,0.0,184.0
NEG-bhavnagar-2021-01-29,bhavnagar,,2021-01-29,0,21.76287,72.15331,0,0.0,0.0,0.0,31.319999999999997,0.0,0.0,0.56,-20.0,23.0,1.171,38,25,0.0,99.0
NEG-bhavnagar-2018-04-04,bhavnagar,,2018-04-04,0,21.76287,72.15331,0,0.0,0.0,0.0,58.160000000000004,0.0,0.0,0.41,20.6,23.0,1.171,31,22,0.0,672.0
NEG-bhavnagar-2018-05-13,bhavnagar,,2018-05-13,0,21.76287,72.15331,0,0.0,0.0,0.0,59.98,0.0,0.0,0.66,24.5,23.0,1.171,31,22,0.0,711.0
NEG-bhavnagar-2016-10-07,bhavnagar,,2016-10-07,0,21.76287,72.15331,0,39.5,70.19999999999999,72.89999999999999,18.2,0.6,0.0,37.28,625.3,23.0,1.171,31,22,0.0,128.0
NEG-bhavnagar-2022-12-25,bhavnagar,,2022-12-25,0,21.76287,72.15331,0,0.0,0.0,0.9,31.37,0.0,0.0,0.75,-3.8,23.0,1.171,38,25,0.0,794.0
NEG-bhavnagar-2022-12-16,bhavnagar,,2022-12-16,0,21.76287,72.15331,0,0.9,0.9,0.9,28.669999999999998,0.0,0.0,0.77,-1.3,23.0,1.171,38,25,0.0,785.0
NEG-bhavnagar-2022-11-08,bhavnagar,,2022-11-08,0,21.76287,72.15331,0,0.0,0.0,0.0,35.65,0.0,0.0,1.09,-9.9,23.0,1.171,38,25,0.0,747.0
NEG-bhavnagar-2022-02-25,bhavnagar,,2022-02-25,0,21.76287,72.15331,0,0.0,0.0,0.0,40.71,0.0,0.0,0.72,-1.4,23.0,1.171,38,25,0.0,491.0
NEG-bhavnagar-2016-12-14,bhavnagar,,2016-12-14,0,21.76287,72.15331,0,0.0,0.0,0.0,29.18,0.0,0.0,0.8,-5.9,23.0,1.171,31,22,0.0,196.0
NEG-bhavnagar-2023-11-25,bhavnagar,,2023-11-25,0,21.76287,72.15331,0,0.0,0.0,0.0,32.22,40.4,0.7,0.9,0.0,23.0,1.171,39,26,0.0,127.0
NEG-bhavnagar-2019-01-20,bhavnagar,,2019-01-20,0,21.76287,72.15331,0,0.0,0.0,0.0,31.740000000000002,0.0,0.0,0.53,0.0,23.0,1.171,34,24,0.0,11.0
NEG-bhavnagar-2020-09-14,bhavnagar,,2020-09-14,0,21.76287,72.15331,0,27.9,29.299999999999997,46.9,27.570000000000004,1.8,1.6,77.7,-28.8,23.0,1.171,37,25,0.0,16.0
NEG-bhavnagar-2017-07-07,bhavnagar,,2017-07-07,0,21.76287,72.15331,0,0.3,15.5,53.49999999999999,33.11,0.9,0.6,1.94,-74.4,23.0,1.171,31,22,0.0,401.0
NEG-bhavnagar-2016-05-12,bhavnagar,,2016-05-12,0,21.76287,72.15331,0,0.4,0.6000000000000001,1.0,47.510000000000005,0.0,0.0,0.47,-25.4,23.0,1.171,30,21,0.0,334.0
NEG-bhavnagar-2017-04-03,bhavnagar,,2017-04-03,0,21.76287,72.15331,0,0.0,0.0,0.0,59.51,0.0,0.0,0.41,20.6,23.0,1.171,31,22,0.0,306.0
NEG-bhavnagar-2023-11-19,bhavnagar,,2023-11-19,0,21.76287,72.15331,0,0.0,0.0,0.0,34.52,0.0,0.0,0.9,-4.3,23.0,1.171,39,26,0.0,121.0
NEG-bhavnagar-2016-07-22,bhavnagar,,2016-07-22,0,21.76287,72.15331,0,2.5,6.0,31.7,26.830000000000002,0.5,0.2,0.91,-77.5,23.0,1.171,31,22,0.0,51.0
NEG-bhavnagar-2017-08-27,bhavnagar,,2017-08-27,0,21.76287,72.15331,0,9.1,61.599999999999994,64.9,24.390000000000004,58.2,54.7,5.4,-28.3,23.0,1.171,31,22,0.0,452.0
NEG-bhavnagar-2023-11-12,bhavnagar,,2023-11-12,0,21.76287,72.15331,0,0.0,0.0,0.0,34.47,0.0,0.0,0.94,3.3,23.0,1.171,39,26,0.0,114.0
NEG-bhavnagar-2020-07-16,bhavnagar,,2020-07-16,0,21.76287,72.15331,0,18.0,31.9,139.10000000000002,30.12,1.3,0.9,10.04,12.7,23.0,1.171,35,24,0.0,374.0
NEG-bhavnagar-2015-04-18,bhavnagar,,2015-04-18,0,21.76287,72.15331,0,0.0,0.5,0.5,41.41,0.0,0.0,0.59,11.3,23.0,1.171,29,20,0.0,569.0
NEG-bhavnagar-2021-03-19,bhavnagar,,2021-03-19,0,21.76287,72.15331,0,0.0,0.0,0.0,50.9,0.0,0.0,0.47,-11.3,23.0,1.171,38,25,0.0,148.0
NEG-bhavnagar-2021-06-02,bhavnagar,,2021-06-02,0,21.76287,72.15331,0,0.0,0.0,0.5,48.91,0.0,1.7,1.4,-60.3,23.0,1.171,38,25,0.0,223.0
NEG-bhavnagar-2019-02-20,bhavnagar,,2019-02-20,0,21.76287,72.15331,0,0.0,0.0,0.0,38.86,0.0,0.0,0.66,17.9,23.0,1.171,34,24,0.0,42.0
NEG-bhavnagar-2020-03-29,bhavnagar,,2020-03-29,0,21.76287,72.15331,0,0.2,0.4,0.4,45.87,0.0,0.0,0.37,-37.3,23.0,1.171,35,24,0.0,265.0
NEG-bhavnagar-2021-03-09,bhavnagar,,2021-03-09,0,21.76287,72.15331,0,0.0,0.0,0.0,48.739999999999995,0.0,0.0,0.5,13.6,23.0,1.171,38,25,0.0,138.0
NEG-bhavnagar-2016-06-15,bhavnagar,,2016-06-15,0,21.76287,72.15331,0,0.0,0.0,0.0,51.559999999999995,0.0,0.0,0.66,24.5,23.0,1.171,31,22,0.0,14.0
NEG-bhavnagar-2021-11-11,bhavnagar,,2021-11-11,0,21.76287,72.15331,0,0.0,0.0,0.0,35.239999999999995,0.0,0.0,4.38,-20.2,23.0,1.171,38,25,0.0,385.0
NEG-bhavnagar-2015-12-20,bhavnagar,,2015-12-20,0,21.76287,72.15331,0,0.0,0.0,0.0,32.74,0.0,0.0,0.73,0.0,23.0,1.171,30,21,0.0,190.0
NEG-bhavnagar-2015-09-27,bhavnagar,,2015-09-27,0,21.76287,72.15331,0,0.0,59.800000000000004,168.5,26.25,0.0,0.0,10.09,-91.9,23.0,1.171,30,21,0.0,106.0
NEG-bhilwara-2018-06-20,bhilwara,,2018-06-20,0,25.34707,74.64081,0,1.5,1.5,1.6,62.26,0.0,0.0,0.09,0.0,419.0,0.901,22,18,0.0,1064.0
NEG-bhilwara-2019-06-19,bhilwara,,2019-06-19,0,25.34707,74.64081,0,20.5,27.800000000000004,27.800000000000004,39.76,0.3,7.1,0.94,944.4,419.0,0.901,22,18,0.0,1428.0
NEG-bhilwara-2023-01-15,bhilwara,,2023-01-15,0,25.34707,74.64081,0,0.1,0.1,0.1,23.520000000000003,0.0,0.0,0.06,0.0,419.0,0.901,25,20,0.0,379.0
NEG-bhilwara-2023-01-23,bhilwara,,2023-01-23,0,25.34707,74.64081,0,0.0,0.0,0.1,22.189999999999998,0.0,0.0,0.06,0.0,419.0,0.901,25,20,0.0,387.0
NEG-bhilwara-2020-05-14,bhilwara,,2020-05-14,0,25.34707,74.64081,0,3.8,3.8,3.9,52.910000000000004,0.0,0.0,0.09,0.0,419.0,0.901,24,19,0.0,244.0
NEG-bhilwara-2020-11-23,bhilwara,,2020-11-23,0,25.34707,74.64081,0,0.0,0.6,1.7000000000000002,21.540000000000003,0.0,0.0,0.08,0.0,419.0,0.901,24,19,0.0,437.0
NEG-bhilwara-2023-08-17,bhilwara,,2023-08-17,0,25.34707,74.64081,0,1.8000000000000003,7.5,12.100000000000001,31.740000000000006,0.0,2.9,0.09,0.0,419.0,0.901,25,20,0.0,593.0
NEG-bhilwara-2019-08-05,bhilwara,,2019-08-05,0,25.34707,74.64081,0,29.8,68.5,219.59999999999997,22.589999999999996,7.1,32.7,1.77,-6.8,419.0,0.901,22,18,0.0,1475.0
NEG-bhilwara-2021-06-12,bhilwara,,2021-06-12,0,25.34707,74.64081,0,0.0,1.1,1.4,49.19,0.0,0.0,0.09,-25.0,419.0,0.901,24,19,0.0,638.0
NEG-bhilwara-2015-10-30,bhilwara,,2015-10-30,0,25.34707,74.64081,0,1.5,1.5,1.5,31.619999999999997,0.0,0.0,0.08,0.0,419.0,0.901,22,18,0.0,100.0
NEG-bhilwara-2016-05-28,bhilwara,,2016-05-28,0,25.34707,74.64081,0,0.1,0.7,0.7,69.46000000000001,0.0,0.0,0.09,0.0,419.0,0.901,22,18,0.0,311.0
NEG-bhilwara-2018-07-22,bhilwara,,2018-07-22,0,25.34707,74.64081,0,108.7,181.9,228.5,16.939999999999998,8.0,27.8,0.64,-14.7,419.0,0.901,22,18,0.0,1096.0
NEG-bhind-2022-03-16,bhind,,2022-03-16,0,26.56671,78.78728,0,0.0,0.0,0.0,38.02,0.0,0.0,0.44,0.0,155.0,0.36,16,14,0.0,227.0
NEG-bhind-2015-10-31,bhind,,2015-10-31,0,26.56671,78.78728,0,25.7,27.599999999999998,27.7,27.0,0.0,0.0,0.61,32.6,155.0,0.36,12,11,0.0,7403.0
NEG-bhind-2020-01-18,bhind,,2020-01-18,0,26.56671,78.78728,0,18.2,19.3,23.599999999999998,13.82,0.0,0.0,0.56,36.6,155.0,0.36,14,13,0.0,649.0
NEG-bhind-2020-03-23,bhind,,2020-03-23,0,26.56671,78.78728,0,0.4,0.4,2.5,34.75,0.0,0.0,0.44,0.0,155.0,0.36,14,13,0.0,714.0
NEG-bhind-2022-08-17,bhind,,2022-08-17,0,26.56671,78.78728,0,29.3,40.9,94.3,27.36,0.6,2.5,0.81,-11.0,155.0,0.36,16,14,0.0,381.0
NEG-bhind-2020-10-20,bhind,,2020-10-20,0,26.56671,78.78728,0,0.0,0.1,0.1,33.16,0.0,0.0,0.45,0.0,155.0,0.36,14,13,0.0,925.0
NEG-bhind-2018-11-12,bhind,,2018-11-12,0,26.56671,78.78728,0,0.0,0.0,0.0,25.990000000000002,0.0,0.0,0.43,0.0,155.0,0.36,14,13,0.0,217.0
NEG-bhind-2016-06-09,bhind,,2016-06-09,0,26.56671,78.78728,0,2.5,2.5,3.1,53.59,0.0,0.3,0.5,0.0,155.0,0.36,12,11,0.0,7625.0
NEG-bhind-2023-10-01,bhind,,2023-10-01,0,26.56671,78.78728,0,0.0,0.2,37.0,32.279999999999994,0.0,0.0,0.49,-42.4,155.0,0.36,16,14,0.0,791.0
NEG-bhind-2021-03-08,bhind,,2021-03-08,0,26.56671,78.78728,0,0.0,0.0,0.0,38.480000000000004,0.0,0.0,0.44,0.0,155.0,0.36,14,13,0.0,1064.0
NEG-bhind-2022-03-05,bhind,,2022-03-05,0,26.56671,78.78728,0,0.0,0.1,0.1,31.119999999999997,0.0,0.0,0.44,0.0,155.0,0.36,16,14,0.0,216.0
NEG-bhind-2017-01-15,bhind,,2017-01-15,0,26.56671,78.78728,0,0.0,0.0,2.0,16.95,0.6,0.0,0.37,0.0,155.0,0.36,13,12,0.0,192.0
NEG-bhiwani-2023-08-11,bhiwani,,2023-08-11,0,28.79304,76.13968,0,0.1,0.9,48.900000000000006,41.07,0.0,0.2,0.12,-29.4,223.0,0.45,20,12,0.0,34.0
NEG-bhiwani-2016-06-12,bhiwani,,2016-06-12,0,28.79304,76.13968,0,4.4,6.8,23.3,53.33,2.4,0.1,0.16,33.3,223.0,0.45,19,11,0.0,2466.0
NEG-bhiwani-2019-11-08,bhiwani,,2019-11-08,0,28.79304,76.13968,0,10.1,11.0,11.0,23.68,0.0,0.0,0.19,90.0,223.0,0.45,19,11,0.0,3710.0
NEG-bhojpur-2020-08-21,bhojpur,,2020-08-21,0,21.65118,84.40641,0,50.6,275.4,342.59999999999997,14.48,6.9,16.8,25.12,25.0,279.0,2.703,49,30,0.0,328.0
NEG-bhojpur-2015-08-15,bhojpur,,2015-08-15,0,21.65118,84.40641,0,12.5,34.9,312.40000000000003,25.689999999999998,17.6,4.9,29.27,-20.2,279.0,2.703,42,28,0.0,22.0
NEG-bhojpur-2016-05-23,bhojpur,,2016-05-23,0,21.65118,84.40641,0,0.8,2.1,15.6,45.94,0.2,0.0,0.5,-5.7,279.0,2.703,42,28,0.0,304.0
NEG-bhojpur-2020-10-23,bhojpur,,2020-10-23,0,21.65118,84.40641,0,0.3,1.1,28.6,26.57,0.0,0.0,13.19,-18.3,279.0,2.703,49,30,0.0,391.0
NEG-bhojpur-2016-09-18,bhojpur,,2016-09-18,0,21.65118,84.40641,0,8.5,46.4,190.7,24.059999999999995,7.3,4.8,16.91,-10.1,279.0,2.703,44,29,0.0,17.0
NEG-bhojpur-2018-05-30,bhojpur,,2018-05-30,0,21.65118,84.40641,0,9.7,24.7,32.9,43.32,0.1,5.3,0.28,-59.4,279.0,2.703,44,29,0.0,636.0
NEG-bhojpur-2016-11-05,bhojpur,,2016-11-05,0,21.65118,84.40641,0,4.4,4.5,5.800000000000001,24.99,0.0,0.0,4.85,-25.2,279.0,2.703,44,29,0.0,65.0
NEG-bhojpur-2016-10-25,bhojpur,,2016-10-25,0,21.65118,84.40641,0,0.0,0.0,0.2,29.480000000000004,0.0,0.6,7.59,-23.6,279.0,2.703,44,29,0.0,54.0
NEG-bhojpur-2018-08-14,bhojpur,,2018-08-14,0,21.65118,84.40641,0,71.1,161.39999999999998,236.2,20.08,13.1,4.2,24.12,-3.3,279.0,2.703,44,29,0.0,712.0
NEG-bhojpur-2022-12-15,bhojpur,,2022-12-15,0,21.65118,84.40641,0,0.0,0.0,0.0,22.07,0.0,0.0,1.59,-2.5,279.0,2.703,50,31,0.0,495.0
NEG-bhojpur-2017-07-12,bhojpur,,2017-07-12,0,21.65118,84.40641,0,32.5,62.0,166.20000000000002,23.55,12.6,15.2,14.45,2.2,279.0,2.703,44,29,0.0,314.0
NEG-bhojpur-2018-11-18,bhojpur,,2018-11-18,0,21.65118,84.40641,0,0.0,0.0,1.2000000000000002,28.46,0.0,0.0,4.3,-24.6,279.0,2.703,44,29,0.0,808.0
NEG-bhojpur-2020-10-26,bhojpur,,2020-10-26,0,21.65118,84.40641,0,0.0,0.5,8.700000000000001,27.43,0.0,0.0,12.06,-20.3,279.0,2.703,49,30,0.0,394.0
NEG-bhojpur-2018-03-09,bhojpur,,2018-03-09,0,21.65118,84.40641,0,0.0,0.3,0.3,41.25,0.0,0.0,0.94,-6.0,279.0,2.703,44,29,0.0,554.0
NEG-bhojpur-2015-11-20,bhojpur,,2015-11-20,0,21.65118,84.40641,0,0.0,0.0,0.3,26.28,0.0,0.0,1.71,-27.8,279.0,2.703,42,28,0.0,119.0
NEG-bhojpur-2017-10-23,bhojpur,,2017-10-23,0,21.65118,84.40641,0,19.6,30.9,54.1,25.119999999999997,1.0,0.0,14.28,-13.9,279.0,2.703,44,29,0.0,417.0
NEG-bhojpur-2017-03-15,bhojpur,,2017-03-15,0,21.65118,84.40641,0,0.0,10.1,11.0,33.82,0.0,0.0,0.59,-10.6,279.0,2.703,44,29,0.0,195.0
NEG-bhojpur-2022-02-14,bhojpur,,2022-02-14,0,21.65118,84.40641,0,0.0,0.2,29.7,27.660000000000004,0.0,0.0,1.59,-3.0,279.0,2.703,50,31,0.0,191.0
NEG-bhojpur-2021-03-06,bhojpur,,2021-03-06,0,21.65118,84.40641,0,0.0,0.0,0.3,41.64,0.0,0.0,1.4,-2.8,279.0,2.703,49,30,0.0,525.0
NEG-bhojpur-2018-01-29,bhojpur,,2018-01-29,0,21.65118,84.40641,0,0.0,0.0,0.0,30.240000000000006,0.0,0.0,1.09,-2.7,279.0,2.703,44,29,0.0,515.0
NEG-bhojpur-2016-05-27,bhojpur,,2016-05-27,0,21.65118,84.40641,0,0.2,1.0,2.5,48.8,0.4,0.0,0.19,-64.2,279.0,2.703,42,28,0.0,308.0
NEG-bhojpur-2022-01-04,bhojpur,,2022-01-04,0,21.65118,84.40641,0,0.0,46.3,46.5,16.97,0.0,0.0,1.77,0.0,279.0,2.703,50,31,0.0,150.0
NEG-bhojpur-2018-05-25,bhojpur,,2018-05-25,0,21.65118,84.40641,0,4.1,10.1,18.699999999999996,43.72,4.0,0.5,0.53,-23.2,279.0,2.703,44,29,0.0,631.0
NEG-bhojpur-2021-11-21,bhojpur,,2021-11-21,0,21.65118,84.40641,0,0.2,12.899999999999999,38.800000000000004,18.6,3.0,0.0,3.84,-18.5,279.0,2.703,50,31,0.0,106.0
NEG-bhojpur-2020-12-25,bhojpur,,2020-12-25,0,21.65118,84.40641,0,0.0,0.0,0.1,24.150000000000002,0.0,0.0,1.88,-1.1,279.0,2.703,49,30,0.0,454.0
NEG-bhojpur-2016-01-18,bhojpur,,2016-01-18,0,21.65118,84.40641,0,0.4,0.4,0.4,27.17,0.0,0.9,1.0,-10.7,279.0,2.703,42,28,0.0,178.0
NEG-bhojpur-2020-08-20,bhojpur,,2020-08-20,0,21.65118,84.40641,0,23.5,266.4,328.1,16.17,12.9,6.9,24.29,20.9,279.0,2.703,49,30,0.0,327.0
NEG-bhopal-2022-03-10,bhopal,,2022-03-10,0,23.25469,77.40289,0,1.2000000000000002,1.2000000000000002,1.2000000000000002,35.51,0.0,0.0,0.28,12.0,525.0,1.982,42,23,0.0,559.0
NEG-bhopal-2016-11-21,bhopal,,2016-11-21,0,23.25469,77.40289,0,0.0,0.0,0.0,27.860000000000003,0.0,0.0,0.25,4.2,525.0,1.982,38,20,0.0,136.0
NEG-bhopal-2021-08-21,bhopal,,2021-08-21,0,23.25469,77.40289,0,91.9,122.30000000000001,166.4,22.1,2.6,1.3,5.7,157.9,525.0,1.982,42,23,0.0,358.0
NEG-bhopal-2021-07-06,bhopal,,2021-07-06,0,23.25469,77.40289,0,2.0,5.0,68.29999999999998,38.0,0.3,26.6,0.28,-24.3,525.0,1.982,42,23,0.0,312.0
NEG-bhopal-2016-09-23,bhopal,,2016-09-23,0,23.25469,77.40289,0,15.8,45.099999999999994,51.699999999999996,25.090000000000003,0.7,0.0,1.11,-1.8,525.0,1.982,38,20,0.0,77.0
NEG-bhopal-2016-12-02,bhopal,,2016-12-02,0,23.25469,77.40289,0,0.0,0.0,0.0,27.459999999999997,0.0,0.0,0.23,-8.0,525.0,1.982,38,20,0.0,147.0
NEG-bhopal-2022-05-22,bhopal,,2022-05-22,0,23.25469,77.40289,0,0.0,0.0,0.0,65.62,0.0,0.4,0.31,10.7,525.0,1.982,42,23,0.0,632.0
NEG-bhopal-2022-01-01,bhopal,,2022-01-01,0,23.25469,77.40289,0,0.6,2.0,2.0,19.200000000000003,0.0,0.0,0.26,13.0,525.0,1.982,42,23,0.0,491.0
NEG-bhopal-2023-01-30,bhopal,,2023-01-30,0,23.25469,77.40289,0,0.0,38.7,38.7,20.450000000000003,0.0,0.0,0.26,18.2,525.0,1.982,42,23,0.0,885.0
NEG-bhopal-2021-10-14,bhopal,,2021-10-14,0,23.25469,77.40289,0,0.0,0.5,21.2,30.820000000000004,0.0,0.6,0.49,-42.4,525.0,1.982,42,23,0.0,412.0
NEG-bhopal-2018-10-14,bhopal,,2018-10-14,0,23.25469,77.40289,0,0.0,0.0,0.8999999999999999,36.56,0.0,0.0,0.28,-24.3,525.0,1.982,39,21,0.0,89.0
NEG-bhopal-2021-04-27,bhopal,,2021-04-27,0,23.25469,77.40289,0,0.0,0.0,0.0,55.410000000000004,0.0,0.0,0.28,0.0,525.0,1.982,42,23,0.0,242.0
NEG-bhopal-2015-06-18,bhopal,,2015-06-18,0,23.25469,77.40289,0,9.4,54.0,57.599999999999994,31.250000000000004,9.1,7.6,0.56,-5.1,525.0,1.982,36,19,0.0,1045.0
NEG-bhopal-2015-04-27,bhopal,,2015-04-27,0,23.25469,77.40289,0,0.0,0.0,16.2,57.620000000000005,0.0,0.0,0.28,-9.7,525.0,1.982,36,19,0.0,993.0
NEG-bhopal-2015-11-29,bhopal,,2015-11-29,0,23.25469,77.40289,0,0.0,0.0,0.0,27.659999999999997,0.2,0.0,0.33,26.9,525.0,1.982,36,19,0.0,1209.0
NEG-bhopal-2015-07-06,bhopal,,2015-07-06,0,23.25469,77.40289,0,0.2,6.2,76.2,39.089999999999996,0.4,2.2,0.28,-50.0,525.0,1.982,36,19,0.0,1063.0
NEG-bhopal-2022-03-12,bhopal,,2022-03-12,0,23.25469,77.40289,0,1.1,1.2000000000000002,1.2000000000000002,36.08,0.0,0.0,0.28,12.0,525.0,1.982,42,23,0.0,561.0
NEG-bhopal-2021-06-20,bhopal,,2021-06-20,0,23.25469,77.40289,0,66.4,76.30000000000001,90.4,31.9,1.6,1.9,0.5,47.1,525.0,1.982,42,23,0.0,296.0
NEG-bhopal-2017-12-20,bhopal,,2017-12-20,0,23.25469,77.40289,0,0.0,2.4,4.7,21.54,0.0,0.0,0.23,0.0,525.0,1.982,38,20,0.0,530.0
NEG-bhopal-2022-04-21,bhopal,,2022-04-21,0,23.25469,77.40289,0,0.0,0.0,0.0,62.57000000000001,0.0,0.0,0.28,0.0,525.0,1.982,42,23,0.0,601.0
NEG-bhopal-2017-05-13,bhopal,,2017-05-13,0,23.25469,77.40289,0,0.4,0.4,0.4,57.32,0.0,0.0,0.31,10.7,525.0,1.982,38,20,0.0,309.0
NEG-bhopal-2023-08-08,bhopal,,2023-08-08,0,23.25469,77.40289,0,17.5,64.5,101.7,20.96,0.6,1.5,2.55,45.7,525.0,1.982,43,24,0.0,144.0
NEG-bhopal-2021-06-01,bhopal,,2021-06-01,0,23.25469,77.40289,0,0.2,0.2,7.299999999999999,54.65,0.0,0.1,0.31,0.0,525.0,1.982,42,23,0.0,277.0
NEG-bhopal-2019-09-03,bhopal,,2019-09-03,0,23.25469,77.40289,0,22.6,71.99999999999999,178.89999999999998,21.87,21.7,12.3,2.25,-19.1,525.0,1.982,41,22,0.0,16.0
NEG-bijapur-2021-12-06,bijapur,,2021-12-06,0,16.82442,75.71537,0,8.899999999999999,35.0,40.300000000000004,19.24,0.0,0.0,0.03,0.0,599.0,0.991,32,18,0.0,696.0
NEG-bijapur-2022-03-02,bijapur,,2022-03-02,0,16.82442,75.71537,0,0.0,0.0,0.0,52.44,0.0,0.0,0.03,0.0,599.0,0.991,32,18,0.0,782.0
NEG-bijapur-2015-05-05,bijapur,,2015-05-05,0,16.82442,75.71537,0,0.2,0.2,6.0,56.510000000000005,0.1,0.0,0.03,0.0,599.0,0.991,23,16,0.0,255.0
NEG-bijapur-2020-08-01,bijapur,,2020-08-01,0,16.82442,75.71537,0,13.0,39.800000000000004,91.5,25.299999999999997,4.6,5.0,0.44,91.3,599.0,0.991,32,18,0.0,204.0
NEG-bijapur-2022-01-12,bijapur,,2022-01-12,0,16.82442,75.71537,0,0.0,0.0,0.3,32.540000000000006,0.0,0.0,0.03,50.0,599.0,0.991,32,18,0.0,733.0
NEG-bijapur-2021-02-12,bijapur,,2021-02-12,0,16.82442,75.71537,0,0.0,0.0,0.0,43.25,0.0,0.0,0.03,0.0,599.0,0.991,32,18,0.0,399.0
NEG-bijapur-2018-04-01,bijapur,,2018-04-01,0,16.82442,75.71537,0,0.0,0.3,1.0,56.59,0.0,0.0,0.03,0.0,599.0,0.991,25,17,0.0,196.0
NEG-bijapur-2022-03-14,bijapur,,2022-03-14,0,16.82442,75.71537,0,0.0,0.0,0.0,47.75,0.0,0.0,0.03,0.0,599.0,0.991,32,18,0.0,794.0
NEG-bijapur-2018-05-22,bijapur,,2018-05-22,0,16.82442,75.71537,0,0.3,9.5,11.100000000000001,48.75000000000001,0.8,2.6,0.03,0.0,599.0,0.991,25,17,0.0,247.0
NEG-bijapur-2020-06-01,bijapur,,2020-06-01,0,16.82442,75.71537,0,0.6,0.6,0.6,56.33,13.3,6.8,0.5,1566.7,599.0,0.991,32,18,0.0,143.0
NEG-bijapur-2017-09-30,bijapur,,2017-09-30,0,16.82442,75.71537,0,31.900000000000002,53.2,63.5,23.89,0.0,10.1,0.49,716.7,599.0,0.991,25,17,0.0,13.0
NEG-bijapur-2019-07-22,bijapur,,2019-07-22,0,16.82442,75.71537,0,192.8,211.8,222.4,31.349999999999998,9.2,4.8,0.11,37.5,599.0,0.991,25,17,0.0,673.0
NEG-bijapur-2018-05-03,bijapur,,2018-05-03,0,16.82442,75.71537,0,0.0,0.1,0.1,59.269999999999996,0.0,0.0,0.03,0.0,599.0,0.991,25,17,0.0,228.0
NEG-bijapur-2020-02-01,bijapur,,2020-02-01,0,16.82442,75.71537,0,0.0,0.0,0.0,38.17,0.8,0.0,0.02,0.0,599.0,0.991,32,18,0.0,22.0
NEG-bijapur-2015-10-26,bijapur,,2015-10-26,0,16.82442,75.71537,0,0.0,0.2,2.7,40.89,0.0,0.0,0.02,0.0,599.0,0.991,23,16,0.0,429.0
NEG-bijapur-2022-09-21,bijapur,,2022-09-21,0,16.82442,75.71537,0,2.1,5.699999999999999,77.39999999999999,32.57,0.5,0.0,0.19,-85.7,599.0,0.991,35,19,0.0,19.0
NEG-bijapur-2015-09-03,bijapur,,2015-09-03,0,16.82442,75.71537,0,0.0,3.0,23.599999999999998,36.730000000000004,0.2,9.4,0.03,-40.0,599.0,0.991,23,16,0.0,376.0
NEG-bijapur-2016-10-09,bijapur,,2016-10-09,0,16.82442,75.71537,0,0.0,8.4,40.99999999999999,23.729999999999997,1.0,0.4,0.04,-93.9,599.0,0.991,23,16,0.0,778.0
NEG-bijapur-2019-12-06,bijapur,,2019-12-06,0,16.82442,75.71537,0,2.7,4.300000000000001,5.4,27.830000000000002,0.0,0.0,0.02,0.0,599.0,0.991,25,17,0.0,810.0
NEG-bijapur-2019-08-30,bijapur,,2019-08-30,0,16.82442,75.71537,0,5.1,8.6,20.5,36.37,20.0,9.9,0.08,33.3,599.0,0.991,25,17,0.0,712.0
NEG-bijapur-2020-06-06,bijapur,,2020-06-06,0,16.82442,75.71537,0,12.299999999999999,36.300000000000004,36.300000000000004,33.72,0.1,1.2,0.06,100.0,599.0,0.991,32,18,0.0,148.0
NEG-bijapur-2020-03-17,bijapur,,2020-03-17,0,16.82442,75.71537,0,0.0,0.0,0.0,47.32,0.0,0.0,0.03,0.0,599.0,0.991,32,18,0.0,67.0
NEG-bijapur-2017-04-15,bijapur,,2017-04-15,0,16.82442,75.71537,0,0.0,0.0,0.5,61.69,0.0,0.0,0.03,0.0,599.0,0.991,23,16,0.0,966.0
NEG-bijapur-2018-10-25,bijapur,,2018-10-25,0,16.82442,75.71537,0,0.1,7.199999999999999,21.6,32.12,0.0,0.0,0.03,-72.7,599.0,0.991,25,17,0.0,403.0
NEG-bijapur-2021-10-20,bijapur,,2021-10-20,0,16.82442,75.71537,0,0.0,0.1,35.6,32.71,0.0,0.0,0.02,-71.4,599.0,0.991,32,18,0.0,649.0
NEG-bijapur-2016-08-11,bijapur,,2016-08-11,0,16.82442,75.71537,0,2.0,5.3,131.5,27.060000000000002,0.7,0.6,0.2,-82.9,599.0,0.991,23,16,0.0,719.0
NEG-bijapur-2018-07-04,bijapur,,2018-07-04,0,16.82442,75.71537,0,15.2,31.400000000000002,59.900000000000006,25.310000000000002,2.7,1.3,0.06,0.0,599.0,0.991,25,17,0.0,290.0
NEG-bijapur-2023-01-21,bijapur,,2023-01-21,0,16.82442,75.71537,0,0.0,0.0,0.5,39.71,0.0,0.0,0.02,0.0,599.0,0.991,35,19,0.0,141.0
NEG-bijapur-2018-07-31,bijapur,,2018-07-31,0,16.82442,75.71537,0,2.9,4.1000000000000005,12.799999999999999,28.450000000000003,1.9,1.0,0.02,-33.3,599.0,0.991,25,17,0.0,317.0
NEG-bijapur-2023-03-27,bijapur,,2023-03-27,0,16.82442,75.71537,0,0.0,0.0,3.7,54.11,0.0,0.0,0.03,0.0,599.0,0.991,35,19,0.0,206.0
NEG-bijapur-2018-11-15,bijapur,,2018-11-15,0,16.82442,75.71537,0,0.0,0.0,2.8999999999999995,42.419999999999995,0.0,0.9,0.02,0.0,599.0,0.991,25,17,0.0,424.0
NEG-bijapur-2019-06-22,bijapur,,2019-06-22,0,16.82442,75.71537,0,4.2,5.0,20.1,48.199999999999996,8.0,34.5,0.03,0.0,599.0,0.991,25,17,0.0,643.0
NEG-bijapur-2016-06-19,bijapur,,2016-06-19,0,16.82442,75.71537,0,3.8,14.799999999999999,59.900000000000006,33.42999999999999,12.7,7.3,0.69,331.2,599.0,0.991,23,16,0.0,666.0
NEG-bijapur-2023-07-13,bijapur,,2023-07-13,0,16.82442,75.71537,0,1.9,8.7,27.8,32.16,4.8,1.4,0.03,-86.4,599.0,0.991,35,19,0.0,314.0
NEG-bijapur-2019-02-26,bijapur,,2019-02-26,0,16.82442,75.71537,0,0.0,0.0,0.0,50.12,0.0,0.0,0.03,0.0,599.0,0.991,25,17,0.0,527.0
NEG-bijapur-2020-10-10,bijapur,,2020-10-10,0,16.82442,75.71537,0,4.7,9.0,40.20000000000001,30.830000000000005,21.0,15.9,0.41,115.8,599.0,0.991,32,18,0.0,274.0
NEG-bijapur-2021-04-19,bijapur,,2021-04-19,0,16.82442,75.71537,0,0.0,6.800000000000001,7.2,43.85,0.0,0.0,0.03,0.0,599.0,0.991,32,18,0.0,465.0
NEG-bijapur-2016-03-10,bijapur,,2016-03-10,0,16.82442,75.71537,0,0.0,2.2,11.3,42.03,0.0,0.3,0.03,-50.0,599.0,0.991,23,16,0.0,565.0
NEG-bijapur-2018-07-31,bijapur,,2018-07-31,0,16.82442,75.71537,0,2.9,4.1000000000000005,12.799999999999999,28.450000000000003,1.9,1.0,0.02,-33.3,599.0,0.991,25,17,0.0,317.0
NEG-bijnor-2017-09-17,bijnor,,2017-09-17,0,29.373,78.13636,0,0.4,0.4,8.8,31.540000000000003,0.3,0.7,0.21,-62.5,240.0,0.901,28,18,0.0,426.0
NEG-bijnor-2020-03-25,bijnor,,2020-03-25,0,29.373,78.13636,0,0.0,0.1,27.300000000000004,30.830000000000002,0.0,0.4,0.19,0.0,240.0,0.901,30,19,0.0,548.0
NEG-bijnor-2016-05-16,bijnor,,2016-05-16,0,29.373,78.13636,0,0.0,2.2,6.2,49.95,0.0,0.0,0.16,0.0,240.0,0.901,27,17,0.0,201.0
NEG-bijnor-2017-12-31,bijnor,,2017-12-31,0,29.373,78.13636,0,0.0,0.0,0.0,14.370000000000001,0.0,0.0,0.14,0.0,240.0,0.901,28,18,0.0,531.0
NEG-bijnor-2020-01-16,bijnor,,2020-01-16,0,29.373,78.13636,0,13.6,13.6,62.300000000000004,13.51,6.6,1.0,0.34,36.0,240.0,0.901,30,19,0.0,479.0
NEG-bijnor-2017-10-12,bijnor,,2017-10-12,0,29.373,78.13636,0,0.0,0.0,0.1,28.39,0.0,0.0,0.92,-49.2,240.0,0.901,28,18,0.0,451.0
NEG-bijnor-2016-07-31,bijnor,,2016-07-31,0,29.373,78.13636,0,38.5,63.0,198.89999999999998,18.97,0.2,1.1,1.14,23.9,240.0,0.901,28,18,0.0,13.0
NEG-bijnor-2016-02-01,bijnor,,2016-02-01,0,29.373,78.13636,0,0.1,0.1,0.1,18.130000000000003,0.0,0.0,0.12,0.0,240.0,0.901,27,17,0.0,96.0
NEG-bijnor-2015-07-27,bijnor,,2015-07-27,0,29.373,78.13636,0,3.5,25.900000000000002,105.1,30.29,0.4,0.0,0.47,-54.4,240.0,0.901,26,16,0.0,2612.0
NEG-bijnor-2018-04-03,bijnor,,2018-04-03,0,29.373,78.13636,0,0.0,0.2,2.1,41.599999999999994,2.2,0.0,0.19,0.0,240.0,0.901,28,18,0.0,624.0
NEG-bijnor-2019-04-23,bijnor,,2019-04-23,0,29.373,78.13636,0,0.0,14.0,14.0,35.0,0.8,0.0,0.22,15.8,240.0,0.901,30,19,0.0,211.0
NEG-bijnor-2021-11-25,bijnor,,2021-11-25,0,29.373,78.13636,0,0.0,0.0,0.0,18.96,0.0,0.0,0.16,-5.9,240.0,0.901,30,19,0.0,1158.0
NEG-bijnor-2019-09-09,bijnor,,2019-09-09,0,29.373,78.13636,0,9.4,18.0,46.599999999999994,27.54,0.6,2.3,0.25,-24.2,240.0,0.901,30,19,0.0,350.0
NEG-bijnor-2017-10-13,bijnor,,2017-10-13,0,29.373,78.13636,0,0.0,0.0,0.0,28.269999999999996,0.0,0.0,0.82,-50.3,240.0,0.901,28,18,0.0,452.0
NEG-bijnor-2016-10-16,bijnor,,2016-10-16,0,29.373,78.13636,0,0.0,0.0,11.5,30.840000000000003,0.0,0.0,0.16,0.0,240.0,0.901,28,18,0.0,90.0
NEG-bikaner-2018-09-03,bikaner,,2018-09-03,0,28.01762,73.31495,0,0.1,0.1,7.3999999999999995,52.02,0.2,0.0,0.09,-35.7,232.0,0.901,29,18,0.0,1139.0
NEG-bikaner-2023-02-01,bikaner,,2023-02-01,0,28.01762,73.31495,0,2.8,2.8,2.8,22.560000000000002,0.0,0.0,0.17,240.0,232.0,0.901,34,20,0.0,184.0
NEG-bikaner-2018-07-04,bikaner,,2018-07-04,0,28.01762,73.31495,0,6.2,63.10000000000001,64.10000000000001,28.77,0.3,0.0,0.36,500.0,232.0,0.901,29,18,0.0,1078.0
NEG-bikaner-2017-02-16,bikaner,,2017-02-16,0,28.01762,73.31495,0,0.0,0.0,1.5,32.11,0.0,0.0,0.06,0.0,232.0,0.901,29,18,0.0,575.0
NEG-bikaner-2016-10-14,bikaner,,2016-10-14,0,28.01762,73.31495,0,0.0,0.8,13.4,42.95,0.0,0.0,0.12,-72.1,232.0,0.901,29,18,0.0,450.0
NEG-bikaner-2020-08-02,bikaner,,2020-08-02,0,28.01762,73.31495,0,2.0999999999999996,2.5,17.299999999999997,44.25,0.0,0.0,0.19,-42.4,232.0,0.901,29,18,0.0,1838.0
NEG-bikaner-2020-10-09,bikaner,,2020-10-09,0,28.01762,73.31495,0,0.0,0.0,0.0,45.39999999999999,0.0,0.0,0.06,-14.3,232.0,0.901,29,18,0.0,1906.0
NEG-bikaner-2020-03-27,bikaner,,2020-03-27,0,28.01762,73.31495,0,1.7,1.7,1.7,42.190000000000005,0.0,0.0,0.44,388.9,232.0,0.901,29,18,0.0,1710.0
NEG-bikaner-2020-08-04,bikaner,,2020-08-04,0,28.01762,73.31495,0,0.6,2.1999999999999997,17.4,49.54,0.0,0.6,0.14,-36.4,232.0,0.901,29,18,0.0,1840.0
NEG-bikaner-2018-06-17,bikaner,,2018-06-17,0,28.01762,73.31495,0,0.0,0.1,0.1,73.78,0.0,0.0,0.06,0.0,232.0,0.901,29,18,0.0,1061.0
NEG-bikaner-2020-07-30,bikaner,,2020-07-30,0,28.01762,73.31495,0,0.0,6.1000000000000005,21.5,41.42,1.4,0.5,0.16,-79.2,232.0,0.901,29,18,0.0,1835.0
NEG-bikaner-2015-04-05,bikaner,,2015-04-05,0,28.01762,73.31495,0,27.3,29.6,29.6,43.15,0.6,1.9,0.69,666.7,232.0,0.901,28,17,0.0,1320.0
NEG-bikaner-2016-01-04,bikaner,,2016-01-04,0,28.01762,73.31495,0,0.0,0.0,0.0,24.249999999999996,0.0,0.0,0.05,0.0,232.0,0.901,29,18,0.0,166.0
NEG-bikaner-2019-05-30,bikaner,,2019-05-30,0,28.01762,73.31495,0,0.0,0.0,0.1,60.38,0.0,0.0,0.09,-25.0,232.0,0.901,29,18,0.0,1408.0
NEG-bikaner-2020-09-01,bikaner,,2020-09-01,0,28.01762,73.31495,0,19.799999999999997,23.9,31.7,33.25,7.8,7.2,0.47,95.8,232.0,0.901,29,18,0.0,1868.0
NEG-bikaner-2020-02-16,bikaner,,2020-02-16,0,28.01762,73.31495,0,0.0,0.0,0.0,30.770000000000003,0.0,0.0,0.06,0.0,232.0,0.901,29,18,0.0,1670.0
NEG-bikaner-2017-09-13,bikaner,,2017-09-13,0,28.01762,73.31495,0,2.2,2.6,16.4,45.07,0.4,0.0,0.09,-43.8,232.0,0.901,29,18,0.0,784.0
NEG-bikaner-2017-05-31,bikaner,,2017-05-31,0,28.01762,73.31495,0,1.6,1.6,3.9,74.45,0.5,0.0,0.09,-25.0,232.0,0.901,29,18,0.0,679.0
NEG-bikaner-2021-07-17,bikaner,,2021-07-17,0,28.01762,73.31495,0,10.2,12.2,12.2,45.85000000000001,0.0,0.0,0.09,50.0,232.0,0.901,30,19,0.0,27.0
NEG-bikaner-2018-12-16,bikaner,,2018-12-16,0,28.01762,73.31495,0,0.0,0.0,0.0,22.24,0.0,0.0,0.05,0.0,232.0,0.901,29,18,0.0,1243.0
NEG-bikaner-2018-02-26,bikaner,,2018-02-26,0,28.01762,73.31495,0,0.2,0.5,0.5,36.98,0.0,0.0,0.06,0.0,232.0,0.901,29,18,0.0,950.0
NEG-bikaner-2020-07-20,bikaner,,2020-07-20,0,28.01762,73.31495,0,6.3,8.6,10.399999999999999,49.82,3.6,5.5,0.34,277.8,232.0,0.901,29,18,0.0,1825.0
NEG-bikaner-2021-09-13,bikaner,,2021-09-13,0,28.01762,73.31495,0,29.400000000000002,30.500000000000004,43.8,33.919999999999995,6.4,0.0,1.25,155.1,232.0,0.901,30,19,0.0,85.0
NEG-bikaner-2022-05-03,bikaner,,2022-05-03,0,28.01762,73.31495,0,0.0,0.0,0.0,74.06,0.0,0.0,0.06,0.0,232.0,0.901,31,20,0.0,122.0
NEG-bilaspur-2020-04-11,bilaspur,,2020-04-11,0,31.33027,76.75663,0,0.9,1.6,10.7,33.129999999999995,0.0,0.0,0.87,-4.4,506.0,14.054,57,29,0.0,238.0
NEG-bilaspur-2018-03-16,bilaspur,,2018-03-16,0,31.33027,76.75663,0,7.0,7.0,11.1,31.019999999999996,0.0,0.0,0.37,-9.8,506.0,14.054,56,28,0.0,210.0
NEG-bilaspur-2021-01-07,bilaspur,,2021-01-07,0,31.33027,76.75663,0,25.700000000000003,30.900000000000002,44.5,10.04,0.8,0.0,0.85,4.9,506.0,14.054,59,30,0.0,134.0
NEG-bilaspur-2015-02-03,bilaspur,,2015-02-03,0,31.33027,76.75663,0,3.4,10.9,37.300000000000004,14.239999999999998,0.0,0.0,0.63,0.0,506.0,14.054,47,25,0.0,181.0
NEG-bilaspur-2016-03-16,bilaspur,,2016-03-16,0,31.33027,76.75663,0,14.2,23.4,35.099999999999994,22.61,6.1,3.6,0.66,0.0,506.0,14.054,48,26,0.0,221.0
NEG-bilaspur-2019-11-01,bilaspur,,2019-11-01,0,31.33027,76.75663,0,0.0,0.0,0.0,21.619999999999997,0.0,0.1,1.75,-24.9,506.0,14.054,57,29,0.0,76.0
NEG-bilaspur-2016-07-02,bilaspur,,2016-07-02,0,31.33027,76.75663,0,12.299999999999999,34.3,56.30000000000001,29.4,13.6,5.0,0.78,116.7,506.0,14.054,48,26,0.0,329.0
NEG-bilaspur-2017-12-19,bilaspur,,2017-12-19,0,31.33027,76.75663,0,0.0,26.0,31.0,12.629999999999999,0.0,0.0,0.59,-18.1,506.0,14.054,56,28,0.0,123.0
NEG-bilaspur-2023-02-27,bilaspur,,2023-02-27,0,31.33027,76.75663,0,0.1,4.6,4.6,23.650000000000002,1.5,1.2,0.69,-1.4,506.0,14.054,60,31,0.0,235.0
NEG-bilaspur-2019-02-07,bilaspur,,2019-02-07,0,31.33027,76.75663,0,4.9,12.6,17.6,14.349999999999998,4.4,0.0,0.78,23.8,506.0,14.054,56,28,0.0,538.0
NEG-bilaspur-2023-07-26,bilaspur,,2023-07-26,0,31.33027,76.75663,0,12.100000000000001,49.0,98.4,27.740000000000002,1.9,9.6,7.3,-7.5,506.0,14.054,60,31,0.0,384.0
NEG-bilaspur-2019-07-10,bilaspur,,2019-07-10,0,31.33027,76.75663,0,49.7,64.8,65.1,30.529999999999998,9.7,21.5,0.73,37.7,506.0,14.054,56,28,0.0,691.0
NEG-bilaspur-2019-02-07,bilaspur,,2019-02-07,0,31.33027,76.75663,0,4.9,12.6,17.6,14.349999999999998,4.4,0.0,0.78,23.8,506.0,14.054,56,28,0.0,538.0
NEG-bilaspur-2015-07-05,bilaspur,,2015-07-05,0,31.33027,76.75663,0,0.6,16.8,33.699999999999996,35.62,51.6,28.2,0.66,24.5,506.0,14.054,47,25,0.0,333.0
NEG-bilaspur-2019-06-29,bilaspur,,2019-06-29,0,31.33027,76.75663,0,0.0,39.8,42.199999999999996,40.239999999999995,0.0,0.3,0.53,12.8,506.0,14.054,56,28,0.0,680.0
NEG-bilaspur-2021-05-24,bilaspur,,2021-05-24,0,31.33027,76.75663,0,0.3,0.5,15.899999999999999,32.900000000000006,0.0,0.0,0.47,-6.0,506.0,14.054,59,30,0.0,271.0
NEG-bilaspur-2021-04-20,bilaspur,,2021-04-20,0,31.33027,76.75663,0,23.900000000000002,28.200000000000003,33.5,35.769999999999996,26.7,16.4,0.59,5.4,506.0,14.054,59,30,0.0,237.0
NEG-bilaspur-2017-03-08,bilaspur,,2017-03-08,0,31.33027,76.75663,0,2.0,2.1,2.6,26.66,1.9,1.7,0.47,6.8,506.0,14.054,51,27,0.0,195.0
NEG-bilaspur-2019-01-24,bilaspur,,2019-01-24,0,31.33027,76.75663,0,50.2,50.2,58.3,11.8,2.8,0.1,0.81,37.3,506.0,14.054,56,28,0.0,524.0
NEG-bilaspur-2021-03-16,bilaspur,,2021-03-16,0,31.33027,76.75663,0,0.0,0.0,2.7,28.41,0.0,0.0,0.63,-4.5,506.0,14.054,59,30,0.0,202.0
NEG-bilaspur-2018-03-28,bilaspur,,2018-03-28,0,31.33027,76.75663,0,0.0,11.700000000000001,18.7,30.190000000000005,0.1,0.0,0.37,-9.8,506.0,14.054,56,28,0.0,222.0
NEG-bilaspur-2015-10-29,bilaspur,,2015-10-29,0,31.33027,76.75663,0,1.7,1.9,2.8,22.56,0.0,0.0,0.99,-15.4,506.0,14.054,48,26,0.0,82.0
NEG-bilaspur-2019-05-02,bilaspur,,2019-05-02,0,31.33027,76.75663,0,0.0,0.0,1.5,47.49999999999999,0.0,0.0,0.69,-4.2,506.0,14.054,56,28,0.0,622.0
NEG-bilaspur-2020-01-19,bilaspur,,2020-01-19,0,31.33027,76.75663,0,16.0,44.7,86.9,10.209999999999999,0.2,3.6,1.0,0.0,506.0,14.054,57,29,0.0,155.0
NEG-bilaspur-2023-07-28,bilaspur,,2023-07-28,0,31.33027,76.75663,0,13.700000000000001,48.199999999999996,98.20000000000003,26.410000000000004,4.1,1.3,7.24,-3.9,506.0,14.054,60,31,0.0,386.0
NEG-bilaspur-2021-03-02,bilaspur,,2021-03-02,0,31.33027,76.75663,0,1.4,1.5,1.5,27.2,0.0,0.0,0.66,-4.3,506.0,14.054,59,30,0.0,188.0
NEG-bilaspur-2018-02-19,bilaspur,,2018-02-19,0,31.33027,76.75663,0,0.0,25.6,26.0,18.98,0.0,0.0,0.44,-12.0,506.0,14.054,56,28,0.0,185.0
NEG-bilaspur-2021-12-27,bilaspur,,2021-12-27,0,31.33027,76.75663,0,0.0,0.0,0.0,11.489999999999998,0.0,0.0,0.55,-1.8,506.0,14.054,59,30,0.0,488.0
NEG-bilaspur-2022-08-18,bilaspur,,2022-08-18,0,31.33027,76.75663,0,10.200000000000001,37.5,59.0,24.46,10.5,22.2,6.29,3.1,506.0,14.054,60,31,0.0,42.0
NEG-bilaspur-2021-11-07,bilaspur,,2021-11-07,0,31.33027,76.75663,0,0.0,0.8999999999999999,8.2,18.36,0.0,0.0,0.69,-11.5,506.0,14.054,59,30,0.0,438.0
NEG-bilaspur-2016-05-01,bilaspur,,2016-05-01,0,31.33027,76.75663,0,0.0,0.0,2.7,47.03,0.0,0.0,0.56,0.0,506.0,14.054,48,26,0.0,267.0
NEG-bilaspur-2016-06-11,bilaspur,,2016-06-11,0,31.33027,76.75663,0,0.30000000000000004,3.1,9.199999999999998,44.879999999999995,0.6,1.0,0.31,-16.2,506.0,14.054,48,26,0.0,308.0
NEG-bilaspur-2016-02-01,bilaspur,,2016-02-01,0,31.33027,76.75663,0,5.0,5.0,5.6,15.09,0.0,0.0,0.72,0.0,506.0,14.054,48,26,0.0,177.0
NEG-bilaspur-2019-06-02,bilaspur,,2019-06-02,0,31.33027,76.75663,0,0.0,0.0,0.8,49.42,0.0,0.3,0.5,-20.6,506.0,14.054,56,28,0.0,653.0
NEG-bilaspur-2019-03-09,bilaspur,,2019-03-09,0,31.33027,76.75663,0,0.3,11.0,35.9,18.65,0.0,11.4,1.25,-15.0,506.0,14.054,56,28,0.0,568.0
NEG-bilaspur-2023-11-30,bilaspur,,2023-11-30,0,31.33027,76.75663,0,2.4,2.4,2.4,12.850000000000001,0.0,0.0,0.9,0.0,506.0,14.054,61,32,0.0,99.0
NEG-bilaspur-2018-10-20,bilaspur,,2018-10-20,0,31.33027,76.75663,0,0.1,0.1,13.399999999999999,25.85,0.0,0.0,3.55,-22.8,506.0,14.054,56,28,0.0,428.0
NEG-bilaspur-2021-04-03,bilaspur,,2021-04-03,0,31.33027,76.75663,0,0.0,0.0,4.6000000000000005,37.449999999999996,0.0,0.0,0.59,0.0,506.0,14.054,59,30,0.0,220.0
NEG-bilaspur-2019-02-06,bilaspur,,2019-02-06,0,31.33027,76.75663,0,0.4,9.8,18.4,13.66,72.5,4.4,0.63,0.0,506.0,14.054,56,28,0.0,537.0
NEG-bilaspur-2023-06-20,bilaspur,,2023-06-20,0,31.33027,76.75663,0,3.6,10.0,11.999999999999998,34.97,2.4,3.5,0.52,0.0,506.0,14.054,60,31,0.0,348.0
NEG-bilaspur-2017-03-26,bilaspur,,2017-03-26,0,31.33027,76.75663,0,0.0,0.0,1.1,34.54,0.0,0.0,0.41,-6.8,506.0,14.054,51,27,0.0,213.0
NEG-bilaspur-2021-10-03,bilaspur,,2021-10-03,0,31.33027,76.75663,0,3.1,3.4,27.099999999999998,25.240000000000002,0.0,0.2,1.82,-21.9,506.0,14.054,59,30,0.0,403.0
NEG-biswanath-2020-09-16,biswanath,,2020-09-16,0,26.72577,93.14659,0,23.8,59.099999999999994,106.1,20.560000000000002,8.7,5.3,3.48,12.3,81.0,0.541,36,21,0.0,250.0
NEG-biswanath-2019-07-03,biswanath,,2019-07-03,0,26.72577,93.14659,0,34.8,135.7,198.89999999999995,23.57,13.1,19.3,5.47,-20.8,81.0,0.541,30,20,0.0,176.0
NEG-biswanath-2020-08-10,biswanath,,2020-08-10,0,26.72577,93.14659,0,31.7,51.4,163.99999999999997,28.799999999999997,8.2,12.0,4.94,-5.4,81.0,0.541,36,21,0.0,213.0
NEG-biswanath-2015-06-14,biswanath,,2015-06-14,0,26.72577,93.14659,0,93.6,291.7,369.20000000000005,11.42,24.0,13.2,13.89,46.7,81.0,0.541,22,17,0.0,115.0
NEG-biswanath-2015-06-09,biswanath,,2015-06-09,0,26.72577,93.14659,0,77.3,108.0,216.39999999999998,17.48,106.5,38.8,16.86,165.5,81.0,0.541,22,17,0.0,110.0
NEG-biswanath-2016-07-15,biswanath,,2016-07-15,0,26.72577,93.14659,0,29.3,66.20000000000002,129.5,19.78,26.3,14.7,6.57,72.9,81.0,0.541,23,17,0.0,367.0
NEG-biswanath-2023-01-01,biswanath,,2023-01-01,0,26.72577,93.14659,0,0.0,24.3,24.900000000000002,12.11,0.0,0.0,0.18,-5.3,81.0,0.541,77,23,0.0,168.0
NEG-biswanath-2018-09-26,biswanath,,2018-09-26,0,26.72577,93.14659,0,59.5,97.5,157.0,21.48,19.6,6.7,4.32,12.8,81.0,0.541,29,19,0.0,260.0
NEG-biswanath-2020-04-24,biswanath,,2020-04-24,0,26.72577,93.14659,0,20.7,88.5,92.4,21.57,3.5,0.1,0.5,212.5,81.0,0.541,36,21,0.0,105.0
NEG-biswanath-2020-10-28,biswanath,,2020-10-28,0,26.72577,93.14659,0,4.300000000000001,120.10000000000001,129.6,17.759999999999998,0.0,0.0,4.56,208.1,81.0,0.541,36,21,0.0,292.0
NEG-biswanath-2020-02-15,biswanath,,2020-02-15,0,26.72577,93.14659,0,1.2,2.1,6.3,21.529999999999998,0.0,1.6,0.14,0.0,81.0,0.541,36,21,0.0,36.0
NEG-biswanath-2016-09-02,biswanath,,2016-09-02,0,26.72577,93.14659,0,40.099999999999994,56.0,94.9,20.91,15.4,17.5,3.58,36.1,81.0,0.541,23,17,0.0,416.0
NEG-biswanath-2021-10-19,biswanath,,2021-10-19,0,26.72577,93.14659,0,23.8,23.8,31.5,28.98,8.5,5.4,0.92,27.8,81.0,0.541,43,22,0.0,45.0
NEG-biswanath-2020-10-12,biswanath,,2020-10-12,0,26.72577,93.14659,0,2.3,43.699999999999996,86.9,22.770000000000003,0.1,0.0,2.78,-38.5,81.0,0.541,36,21,0.0,276.0
NEG-biswanath-2016-07-26,biswanath,,2016-07-26,0,26.72577,93.14659,0,57.400000000000006,123.2,219.5,10.33,2.2,3.5,9.21,13.7,81.0,0.541,23,17,0.0,378.0
NEG-biswanath-2018-09-05,biswanath,,2018-09-05,0,26.72577,93.14659,0,23.200000000000003,54.300000000000004,151.70000000000002,25.48,16.4,3.5,5.32,-39.1,81.0,0.541,29,19,0.0,239.0
NEG-biswanath-2021-11-16,biswanath,,2021-11-16,0,26.72577,93.14659,0,0.0,0.0,0.6,22.15,0.0,0.0,0.26,-7.1,81.0,0.541,43,22,0.0,73.0
NEG-biswanath-2018-07-28,biswanath,,2018-07-28,0,26.72577,93.14659,0,43.1,126.2,185.60000000000002,25.479999999999997,69.2,20.0,6.66,6.7,81.0,0.541,29,19,0.0,200.0
NEG-biswanath-2016-10-27,biswanath,,2016-10-27,0,26.72577,93.14659,0,0.3,0.3,60.099999999999994,25.669999999999998,0.2,0.0,1.72,-47.9,81.0,0.541,23,17,0.0,471.0
NEG-biswanath-2019-05-29,biswanath,,2019-05-29,0,26.72577,93.14659,0,23.3,118.09999999999998,243.9,24.090000000000003,0.5,1.6,1.88,-29.3,81.0,0.541,30,20,0.0,141.0
NEG-biswanath-2021-11-30,biswanath,,2021-11-30,0,26.72577,93.14659,0,0.0,1.5,6.7,18.31,0.0,0.0,0.22,-8.3,81.0,0.541,43,22,0.0,87.0
NEG-biswanath-2023-04-17,biswanath,,2023-04-17,0,26.72577,93.14659,0,1.9,1.9,86.7,30.380000000000003,9.3,9.5,0.16,-27.3,81.0,0.541,77,23,0.0,274.0
NEG-biswanath-2018-05-10,biswanath,,2018-05-10,0,26.72577,93.14659,0,18.9,37.2,70.19999999999999,22.07,9.1,0.0,1.0,194.1,81.0,0.541,29,19,0.0,121.0
NEG-biswanath-2018-10-09,biswanath,,2018-10-09,0,26.72577,93.14659,0,20.2,34.6,114.49999999999999,25.909999999999997,0.0,0.4,1.9,-33.3,81.0,0.541,29,19,0.0,273.0
NEG-biswanath-2020-09-08,biswanath,,2020-09-08,0,26.72577,93.14659,0,28.099999999999998,43.599999999999994,102.39999999999999,23.39,0.9,10.4,3.44,-9.2,81.0,0.541,36,21,0.0,242.0
NEG-biswanath-2020-09-18,biswanath,,2020-09-18,0,26.72577,93.14659,0,24.299999999999997,67.6,121.39999999999999,18.51,0.0,0.0,3.06,-19.5,81.0,0.541,36,21,0.0,252.0
NEG-biswanath-2020-12-20,biswanath,,2020-12-20,0,26.72577,93.14659,0,1.2000000000000002,3.3000000000000003,5.3999999999999995,13.51,0.0,0.0,0.26,-7.1,81.0,0.541,36,21,0.0,345.0
NEG-biswanath-2020-06-29,biswanath,,2020-06-29,0,26.72577,93.14659,0,85.6,144.7,305.9,17.849999999999998,0.8,13.9,11.42,33.3,81.0,0.541,36,21,0.0,171.0
NEG-biswanath-2022-12-12,biswanath,,2022-12-12,0,26.72577,93.14659,0,0.0,0.0,0.0,19.19,0.0,0.0,0.23,-8.0,81.0,0.541,77,23,0.0,148.0
NEG-biswanath-2021-04-24,biswanath,,2021-04-24,0,26.72577,93.14659,0,3.4,27.5,45.699999999999996,26.99,0.0,0.4,0.19,-38.7,81.0,0.541,36,21,0.0,470.0
NEG-biswanath-2018-05-12,biswanath,,2018-05-12,0,26.72577,93.14659,0,22.299999999999997,45.7,81.59999999999998,21.040000000000003,0.1,0.3,0.75,33.9,81.0,0.541,29,19,0.0,123.0
NEG-biswanath-2020-04-29,biswanath,,2020-04-29,0,26.72577,93.14659,0,3.7,30.700000000000003,103.19999999999997,24.8,0.7,0.2,0.25,-73.4,81.0,0.541,36,21,0.0,110.0
NEG-biswanath-2015-03-10,biswanath,,2015-03-10,0,26.72577,93.14659,0,0.0,0.9,10.1,26.93,0.0,0.0,0.12,-25.0,81.0,0.541,22,17,0.0,19.0
NEG-biswanath-2019-02-17,biswanath,,2019-02-17,0,26.72577,93.14659,0,0.4,5.300000000000001,16.3,20.28,19.0,13.4,0.25,31.6,81.0,0.541,30,20,0.0,40.0
NEG-biswanath-2018-09-18,biswanath,,2018-09-18,0,26.72577,93.14659,0,5.2,63.699999999999996,121.8,21.25,0.0,0.4,4.15,-11.7,81.0,0.541,29,19,0.0,252.0
NEG-biswanath-2016-03-24,biswanath,,2016-03-24,0,26.72577,93.14659,0,13.5,14.3,28.900000000000006,25.76,0.0,0.0,0.19,18.8,81.0,0.541,23,17,0.0,254.0
NEG-biswanath-2019-09-03,biswanath,,2019-09-03,0,26.72577,93.14659,0,17.6,39.1,65.5,27.09,5.6,17.3,4.06,-3.8,81.0,0.541,30,20,0.0,238.0
NEG-biswanath-2021-07-18,biswanath,,2021-07-18,0,26.72577,93.14659,0,46.599999999999994,99.50000000000001,194.89999999999998,21.519999999999996,29.3,11.1,9.4,232.2,81.0,0.541,36,21,0.0,555.0
NEG-biswanath-2018-06-14,biswanath,,2018-06-14,0,26.72577,93.14659,0,66.7,90.5,130.39999999999998,27.66,36.4,14.6,3.32,153.4,81.0,0.541,29,19,0.0,156.0
NEG-biswanath-2023-12-08,biswanath,,2023-12-08,0,26.72577,93.14659,0,2.1,2.1,2.1,18.45,0.0,0.6,0.32,39.1,81.0,0.541,87,24,0.0,97.0
NEG-biswanath-2023-02-18,biswanath,,2023-02-18,0,26.72577,93.14659,0,0.0,10.1,33.4,16.749999999999996,0.0,3.3,0.12,0.0,81.0,0.541,77,23,0.0,216.0
NEG-biswanath-2022-09-19,biswanath,,2022-09-19,0,26.72577,93.14659,0,36.9,82.19999999999999,174.09999999999997,23.0,25.6,14.7,2.01,-32.3,81.0,0.541,77,23,0.0,64.0
NEG-biswanath-2022-01-21,biswanath,,2022-01-21,0,26.72577,93.14659,0,0.0,0.0,2.6,14.969999999999999,2.9,0.2,0.11,-8.3,81.0,0.541,43,22,0.0,139.0
NEG-biswanath-2015-04-20,biswanath,,2015-04-20,0,26.72577,93.14659,0,46.0,46.3,76.8,26.41,7.7,54.7,0.66,164.0,81.0,0.541,22,17,0.0,60.0
NEG-biswanath-2020-04-27,biswanath,,2020-04-27,0,26.72577,93.14659,0,9.6,37.7,99.6,21.979999999999997,3.6,5.5,0.31,-55.1,81.0,0.541,36,21,0.0,108.0
NEG-biswanath-2017-12-23,biswanath,,2017-12-23,0,26.72577,93.14659,0,0.0,0.0,3.0,16.790000000000003,0.0,0.0,0.28,-6.7,81.0,0.541,27,18,0.0,76.0
NEG-biswanath-2023-10-12,biswanath,,2023-10-12,0,26.72577,93.14659,0,37.8,95.49999999999999,181.3,17.160000000000004,1.2,3.8,1.86,-57.2,81.0,0.541,87,24,0.0,40.0
NEG-biswanath-2023-09-15,biswanath,,2023-09-15,0,26.72577,93.14659,0,16.6,71.1,78.49999999999999,26.6,12.9,0.6,2.85,-58.5,81.0,0.541,87,24,0.0,13.0
NEG-biswanath-2021-06-27,biswanath,,2021-06-27,0,26.72577,93.14659,0,11.899999999999999,200.29999999999998,256.3,30.12,17.7,18.4,3.03,-2.9,81.0,0.541,36,21,0.0,534.0
NEG-biswanath-2021-06-23,biswanath,,2021-06-23,0,26.72577,93.14659,0,13.700000000000001,41.599999999999994,90.2,29.78,3.9,2.8,3.16,-12.0,81.0,0.541,36,21,0.0,530.0
NEG-biswanath-2023-02-02,biswanath,,2023-02-02,0,26.72577,93.14659,0,0.0,0.0,0.0,17.509999999999998,0.0,0.0,0.14,16.7,81.0,0.541,77,23,0.0,200.0
NEG-biswanath-2015-07-30,biswanath,,2015-07-30,0,26.72577,93.14659,0,3.6,46.0,106.89999999999999,30.250000000000004,16.2,17.7,4.28,-55.0,81.0,0.541,23,17,0.0,16.0
NEG-biswanath-2021-07-18,biswanath,,2021-07-18,0,26.72577,93.14659,0,46.599999999999994,99.50000000000001,194.89999999999998,21.519999999999996,29.3,11.1,9.4,232.2,81.0,0.541,36,21,0.0,555.0
NEG-biswanath-2020-05-21,biswanath,,2020-05-21,0,26.72577,93.14659,0,2.6,116.5,169.6,23.71,29.1,9.8,1.81,52.1,81.0,0.541,36,21,0.0,132.0
NEG-biswanath-2016-11-29,biswanath,,2016-11-29,0,26.72577,93.14659,0,0.0,0.0,0.0,18.740000000000002,0.0,0.0,0.33,-8.3,81.0,0.541,23,17,0.0,504.0
NEG-biswanath-2020-11-17,biswanath,,2020-11-17,0,26.72577,93.14659,0,0.0,0.0,6.0,21.64,6.6,2.4,0.58,-45.3,81.0,0.541,36,21,0.0,312.0
NEG-biswanath-2022-01-20,biswanath,,2022-01-20,0,26.72577,93.14659,0,0.0,0.9,2.6,14.72,0.0,2.9,0.11,-8.3,81.0,0.541,43,22,0.0,138.0
NEG-biswanath-2023-02-01,biswanath,,2023-02-01,0,26.72577,93.14659,0,0.0,0.0,0.4,17.839999999999996,0.0,0.0,0.12,0.0,81.0,0.541,77,23,0.0,199.0
NEG-biswanath-2021-12-13,biswanath,,2021-12-13,0,26.72577,93.14659,0,6.3,6.7,6.7,15.28,0.0,0.0,0.17,-10.5,81.0,0.541,43,22,0.0,100.0
NEG-biswanath-2019-04-07,biswanath,,2019-04-07,0,26.72577,93.14659,0,8.6,67.2,77.4,21.79,1.3,7.6,0.63,-60.4,81.0,0.541,30,20,0.0,89.0
NEG-biswanath-2016-08-28,biswanath,,2016-08-28,0,26.72577,93.14659,0,5.3,41.3,69.69999999999999,28.31,6.8,7.5,2.33,-55.9,81.0,0.541,23,17,0.0,411.0
NEG-biswanath-2022-08-20,biswanath,,2022-08-20,0,26.72577,93.14659,0,12.1,28.5,91.0,32.559999999999995,6.1,0.4,1.61,20.1,81.0,0.541,77,23,0.0,34.0
NEG-biswanath-2017-09-19,biswanath,,2017-09-19,0,26.72577,93.14659,0,24.2,130.39999999999998,279.7,22.01,54.1,6.5,5.78,25.1,81.0,0.541,26,18,0.0,12.0
NEG-biswanath-2015-05-10,biswanath,,2015-05-10,0,26.72577,93.14659,0,4.3,19.4,63.80000000000001,26.130000000000003,6.1,13.5,0.72,-39.5,81.0,0.541,22,17,0.0,80.0
NEG-biswanath-2021-06-03,biswanath,,2021-06-03,0,26.72577,93.14659,0,95.3,154.5,231.39999999999998,24.6,13.8,84.5,1.84,-70.3,81.0,0.541,36,21,0.0,510.0
NEG-biswanath-2022-11-09,biswanath,,2022-11-09,0,26.72577,93.14659,0,0.0,0.0,0.9,22.299999999999997,0.0,0.0,0.37,-43.9,81.0,0.541,77,23,0.0,115.0
NEG-biswanath-2016-03-26,biswanath,,2016-03-26,0,26.72577,93.14659,0,0.0,14.3,24.900000000000006,27.36,1.4,16.0,0.16,0.0,81.0,0.541,23,17,0.0,256.0
NEG-biswanath-2017-02-20,biswanath,,2017-02-20,0,26.72577,93.14659,0,0.2,0.2,3.9000000000000004,26.4,25.2,25.7,0.44,175.0,81.0,0.541,24,18,0.0,44.0
NEG-biswanath-2015-03-19,biswanath,,2015-03-19,0,26.72577,93.14659,0,0.6,0.6,0.7,30.590000000000003,0.0,0.0,0.12,0.0,81.0,0.541,22,17,0.0,28.0
NEG-biswanath-2019-12-12,biswanath,,2019-12-12,0,26.72577,93.14659,0,0.3,0.3,5.1,17.209999999999997,0.0,0.0,0.25,-3.8,81.0,0.541,31,20,0.0,66.0
NEG-biswanath-2018-07-08,biswanath,,2018-07-08,0,26.72577,93.14659,0,18.0,76.3,159.6,21.76,1.9,5.6,2.85,11.3,81.0,0.541,29,19,0.0,180.0
NEG-biswanath-2019-09-12,biswanath,,2019-09-12,0,26.72577,93.14659,0,40.3,99.6,127.6,21.0,18.5,3.6,3.82,19.0,81.0,0.541,30,20,0.0,247.0
NEG-biswanath-2016-09-12,biswanath,,2016-09-12,0,26.72577,93.14659,0,16.900000000000002,55.00000000000001,152.39999999999998,19.74,0.8,1.0,2.89,-21.3,81.0,0.541,23,17,0.0,426.0
NEG-biswanath-2019-08-19,biswanath,,2019-08-19,0,26.72577,93.14659,0,19.8,84.7,199.9,28.179999999999996,1.7,1.6,5.81,-62.3,81.0,0.541,30,20,0.0,223.0
NEG-biswanath-2022-09-29,biswanath,,2022-09-29,0,26.72577,93.14659,0,14.799999999999999,76.0,157.0,22.439999999999998,0.1,0.0,1.56,-23.2,81.0,0.541,77,23,0.0,74.0
NEG-biswanath-2017-04-15,biswanath,,2017-04-15,0,26.72577,93.14659,0,1.0,13.3,188.00000000000003,31.369999999999997,1.8,0.0,1.59,-58.3,81.0,0.541,24,18,0.0,98.0
NEG-biswanath-2019-08-08,biswanath,,2019-08-08,0,26.72577,93.14659,0,28.5,67.69999999999999,151.70000000000002,31.41,0.4,24.0,9.4,7.4,81.0,0.541,30,20,0.0,212.0
NEG-biswanath-2020-08-17,biswanath,,2020-08-17,0,26.72577,93.14659,0,46.9,85.0,136.4,17.45,4.9,0.5,4.85,-1.8,81.0,0.541,36,21,0.0,220.0
NEG-biswanath-2021-11-09,biswanath,,2021-11-09,0,26.72577,93.14659,0,0.0,0.6,1.4,22.650000000000006,0.0,0.0,0.28,-12.5,81.0,0.541,43,22,0.0,66.0
NEG-biswanath-2020-04-15,biswanath,,2020-04-15,0,26.72577,93.14659,0,1.7,3.7,6.2,36.93,1.5,1.8,0.12,0.0,81.0,0.541,36,21,0.0,96.0
NEG-biswanath-2023-04-02,biswanath,,2023-04-02,0,26.72577,93.14659,0,34.3,77.6,208.59999999999997,18.810000000000002,21.9,46.4,0.63,103.2,81.0,0.541,77,23,0.0,259.0
NEG-biswanath-2023-02-27,biswanath,,2023-02-27,0,26.72577,93.14659,0,5.2,102.3,102.7,15.66,0.0,0.0,0.19,58.3,81.0,0.541,77,23,0.0,225.0
NEG-biswanath-2015-09-13,biswanath,,2015-09-13,0,26.72577,93.14659,0,39.9,58.7,255.5,22.240000000000002,4.9,24.4,8.18,-29.4,81.0,0.541,23,17,0.0,61.0
NEG-biswanath-2022-11-30,biswanath,,2022-11-30,0,26.72577,93.14659,0,0.0,0.0,0.0,20.75,0.0,0.0,0.27,-10.0,81.0,0.541,77,23,0.0,136.0
NEG-biswanath-2016-07-19,biswanath,,2016-07-19,0,26.72577,93.14659,0,54.3,96.3,148.2,16.46,16.5,6.2,8.1,89.3,81.0,0.541,23,17,0.0,371.0
NEG-biswanath-2020-10-25,biswanath,,2020-10-25,0,26.72577,93.14659,0,114.9,125.3,129.10000000000002,18.91,0.6,1.0,10.78,561.3,81.0,0.541,36,21,0.0,289.0
NEG-biswanath-2017-04-29,biswanath,,2017-04-29,0,26.72577,93.14659,0,24.4,111.60000000000001,149.6,16.89,32.3,5.3,3.5,72.4,81.0,0.541,24,18,0.0,112.0
NEG-biswanath-2021-04-16,biswanath,,2021-04-16,0,26.72577,93.14659,0,5.9,17.099999999999998,35.099999999999994,30.789999999999996,3.1,7.2,0.25,0.0,81.0,0.541,36,21,0.0,462.0
NEG-biswanath-2018-08-24,biswanath,,2018-08-24,0,26.72577,93.14659,0,47.0,71.7,170.50000000000003,26.93,19.1,3.6,7.39,69.9,81.0,0.541,29,19,0.0,227.0
NEG-biswanath-2020-05-13,biswanath,,2020-05-13,0,26.72577,93.14659,0,6.7,20.3,39.400000000000006,32.599999999999994,51.9,2.6,1.12,348.0,81.0,0.541,36,21,0.0,124.0
NEG-biswanath-2020-11-22,biswanath,,2020-11-22,0,26.72577,93.14659,0,7.3,17.0,17.0,16.34,0.0,0.0,0.44,-32.3,81.0,0.541,36,21,0.0,317.0
NEG-biswanath-2019-03-24,biswanath,,2019-03-24,0,26.72577,93.14659,0,5.699999999999999,12.799999999999999,17.4,25.15,0.1,0.0,0.25,108.3,81.0,0.541,30,20,0.0,75.0
NEG-biswanath-2018-07-09,biswanath,,2018-07-09,0,26.72577,93.14659,0,30.5,84.0,168.70000000000002,22.21,5.6,15.8,2.73,-10.5,81.0,0.541,29,19,0.0,181.0
NEG-biswanath-2016-12-10,biswanath,,2016-12-10,0,26.72577,93.14659,0,0.0,0.0,0.0,18.95,0.0,0.0,0.28,-9.7,81.0,0.541,23,17,0.0,515.0
NEG-biswanath-2020-02-26,biswanath,,2020-02-26,0,26.72577,93.14659,0,3.6,4.4,8.6,21.03,2.3,0.0,0.2,66.7,81.0,0.541,36,21,0.0,47.0
NEG-biswanath-2020-12-23,biswanath,,2020-12-23,0,26.72577,93.14659,0,0.0,1.2000000000000002,3.3000000000000003,15.62,0.0,0.0,0.25,-10.7,81.0,0.541,36,21,0.0,348.0
NEG-biswanath-2018-11-03,biswanath,,2018-11-03,0,26.72577,93.14659,0,0.4,0.4,0.6000000000000001,24.129999999999995,5.9,11.7,0.41,-21.2,81.0,0.541,29,19,0.0,298.0
NEG-biswanath-2021-02-15,biswanath,,2021-02-15,0,26.72577,93.14659,0,0.0,0.0,0.1,22.5,0.0,0.5,0.16,0.0,81.0,0.541,36,21,0.0,402.0
NEG-biswanath-2018-12-22,biswanath,,2018-12-22,0,26.72577,93.14659,0,0.2,22.9,22.9,13.639999999999999,0.0,0.0,0.31,40.9,81.0,0.541,29,19,0.0,347.0
NEG-biswanath-2022-07-31,biswanath,,2022-07-31,0,26.72577,93.14659,0,60.0,155.89999999999998,238.0,23.560000000000002,12.3,3.7,3.17,-7.0,81.0,0.541,77,23,0.0,14.0
NEG-biswanath-2023-01-31,biswanath,,2023-01-31,0,26.72577,93.14659,0,0.0,0.0,0.5,17.91,0.0,0.0,0.12,0.0,81.0,0.541,77,23,0.0,198.0
NEG-biswanath-2022-08-20,biswanath,,2022-08-20,0,26.72577,93.14659,0,12.1,28.5,91.0,32.559999999999995,6.1,0.4,1.61,20.1,81.0,0.541,77,23,0.0,34.0
NEG-biswanath-2022-03-19,biswanath,,2022-03-19,0,26.72577,93.14659,0,0.0,0.0,0.0,24.889999999999997,0.0,0.1,0.12,0.0,81.0,0.541,43,22,0.0,196.0
NEG-biswanath-2022-10-10,biswanath,,2022-10-10,0,26.72577,93.14659,0,74.80000000000001,154.5,171.3,16.96,28.2,31.6,1.51,42.5,81.0,0.541,77,23,0.0,85.0
NEG-biswanath-2017-12-18,biswanath,,2017-12-18,0,26.72577,93.14659,0,0.3,3.0,3.0,13.69,0.0,0.0,0.3,-3.2,81.0,0.541,27,18,0.0,71.0
NEG-biswanath-2021-11-03,biswanath,,2021-11-03,0,26.72577,93.14659,0,0.6,0.6,16.8,24.04,0.6,0.0,0.31,-41.5,81.0,0.541,43,22,0.0,60.0
NEG-biswanath-2020-06-06,biswanath,,2020-06-06,0,26.72577,93.14659,0,66.2,89.69999999999999,313.29999999999995,24.090000000000003,8.7,3.2,5.0,-22.0,81.0,0.541,36,21,0.0,148.0
NEG-biswanath-2017-02-26,biswanath,,2017-02-26,0,26.72577,93.14659,0,3.0,82.0,82.0,18.74,0.0,0.0,0.34,183.3,81.0,0.541,24,18,0.0,50.0
NEG-biswanath-2018-02-16,biswanath,,2018-02-16,0,26.72577,93.14659,0,3.4,3.4,22.599999999999998,20.57,0.2,0.4,0.22,0.0,81.0,0.541,29,19,0.0,38.0
NEG-biswanath-2021-04-04,biswanath,,2021-04-04,0,26.72577,93.14659,0,12.200000000000001,59.4,59.49999999999999,26.830000000000002,0.0,0.0,0.22,83.3,81.0,0.541,36,21,0.0,450.0
NEG-biswanath-2018-05-07,biswanath,,2018-05-07,0,26.72577,93.14659,0,18.1,27.3,61.300000000000004,24.41,7.0,6.1,0.72,53.2,81.0,0.541,29,19,0.0,118.0
NEG-biswanath-2018-05-04,biswanath,,2018-05-04,0,26.72577,93.14659,0,7.4,28.4,98.4,25.13,7.0,3.6,0.59,73.5,81.0,0.541,29,19,0.0,115.0
NEG-biswanath-2018-03-29,biswanath,,2018-03-29,0,26.72577,93.14659,0,10.299999999999999,20.299999999999997,45.0,25.840000000000003,19.0,0.0,0.25,31.6,81.0,0.541,29,19,0.0,79.0
NEG-biswanath-2022-11-27,biswanath,,2022-11-27,0,26.72577,93.14659,0,0.0,0.0,0.0,20.89,0.0,0.0,0.28,-9.7,81.0,0.541,77,23,0.0,133.0
NEG-biswanath-2017-04-29,biswanath,,2017-04-29,0,26.72577,93.14659,0,24.4,111.60000000000001,149.6,16.89,32.3,5.3,3.5,72.4,81.0,0.541,24,18,0.0,112.0
NEG-biswanath-2022-09-28,biswanath,,2022-09-28,0,26.72577,93.14659,0,16.599999999999998,88.19999999999999,159.6,21.990000000000002,1.8,0.1,1.69,-18.0,81.0,0.541,77,23,0.0,73.0
NEG-biswanath-2022-11-27,biswanath,,2022-11-27,0,26.72577,93.14659,0,0.0,0.0,0.0,20.89,0.0,0.0,0.28,-9.7,81.0,0.541,77,23,0.0,133.0
NEG-biswanath-2020-06-25,biswanath,,2020-06-25,0,26.72577,93.14659,0,39.4,100.9,231.3,25.959999999999997,47.3,34.7,9.12,-53.5,81.0,0.541,36,21,0.0,167.0
NEG-biswanath-2018-07-22,biswanath,,2018-07-22,0,26.72577,93.14659,0,29.5,83.0,154.89999999999998,28.06,13.2,19.9,5.25,101.1,81.0,0.541,29,19,0.0,194.0
NEG-biswanath-2020-05-19,biswanath,,2020-05-19,0,26.72577,93.14659,0,59.60000000000001,157.79999999999998,175.6,24.85,2.1,43.7,0.72,63.6,81.0,0.541,36,21,0.0,130.0
NEG-biswanath-2018-11-29,biswanath,,2018-11-29,0,26.72577,93.14659,0,0.0,0.0,16.299999999999997,18.939999999999998,0.0,0.0,0.28,-9.7,81.0,0.541,29,19,0.0,324.0
NEG-biswanath-2021-04-14,biswanath,,2021-04-14,0,26.72577,93.14659,0,3.4000000000000004,20.499999999999996,63.100000000000016,29.52,1.4,6.4,0.25,56.2,81.0,0.541,36,21,0.0,460.0
NEG-biswanath-2023-12-02,biswanath,,2023-12-02,0,26.72577,93.14659,0,0.0,0.0,4.5,19.41,0.0,0.0,0.22,-15.4,81.0,0.541,87,24,0.0,91.0
NEG-biswanath-2023-02-03,biswanath,,2023-02-03,0,26.72577,93.14659,0,0.0,0.0,0.0,17.7,0.0,0.7,0.14,16.7,81.0,0.541,77,23,0.0,201.0
NEG-biswanath-2018-01-25,biswanath,,2018-01-25,0,26.72577,93.14659,0,1.0,1.3,1.7,16.11,0.0,1.0,0.19,-5.0,81.0,0.541,29,19,0.0,16.0
NEG-biswanath-2018-03-24,biswanath,,2018-03-24,0,26.72577,93.14659,0,6.0,12.6,31.699999999999996,25.73,0.8,1.1,0.22,-66.7,81.0,0.541,29,19,0.0,74.0
NEG-biswanath-2016-05-14,biswanath,,2016-05-14,0,26.72577,93.14659,0,33.6,41.2,88.4,26.98,42.1,121.0,6.57,83.0,81.0,0.541,23,17,0.0,305.0
NEG-biswanath-2021-06-06,biswanath,,2021-06-06,0,26.72577,93.14659,0,104.8,206.2,282.6,20.720000000000002,107.7,11.4,8.25,348.4,81.0,0.541,36,21,0.0,513.0
NEG-biswanath-2022-08-03,biswanath,,2022-08-03,0,26.72577,93.14659,0,42.400000000000006,104.9,237.79999999999998,23.689999999999998,3.2,2.1,2.89,0.7,81.0,0.541,77,23,0.0,17.0
NEG-biswanath-2021-02-02,biswanath,,2021-02-02,0,26.72577,93.14659,0,8.4,9.200000000000001,26.4,17.68,0.0,0.0,0.19,0.0,81.0,0.541,36,21,0.0,389.0
NEG-biswanath-2019-04-05,biswanath,,2019-04-05,0,26.72577,93.14659,0,8.6,64.0,76.3,21.14,0.0,8.5,0.75,368.7,81.0,0.541,30,20,0.0,87.0
NEG-biswanath-2019-06-05,biswanath,,2019-06-05,0,26.72577,93.14659,0,23.9,26.0,144.09999999999997,28.340000000000003,4.5,13.8,1.47,-21.8,81.0,0.541,30,20,0.0,148.0
NEG-biswanath-2018-11-14,biswanath,,2018-11-14,0,26.72577,93.14659,0,0.0,0.9,24.900000000000002,21.42,4.2,9.7,0.33,-44.1,81.0,0.541,29,19,0.0,309.0
NEG-biswanath-2016-08-22,biswanath,,2016-08-22,0,26.72577,93.14659,0,29.6,52.300000000000004,86.70000000000002,27.669999999999995,0.6,0.0,4.79,29.8,81.0,0.541,23,17,0.0,405.0
NEG-biswanath-2018-04-04,biswanath,,2018-04-04,0,26.72577,93.14659,0,0.0,25.5,45.8,28.25,0.3,0.6,0.19,0.0,81.0,0.541,29,19,0.0,85.0
NEG-biswanath-2015-06-22,biswanath,,2015-06-22,0,26.72577,93.14659,0,41.5,96.4,361.70000000000005,19.35,66.8,8.0,10.94,-19.1,81.0,0.541,22,17,0.0,123.0
NEG-biswanath-2018-03-24,biswanath,,2018-03-24,0,26.72577,93.14659,0,6.0,12.6,31.699999999999996,25.73,0.8,1.1,0.22,-66.7,81.0,0.541,29,19,0.0,74.0
NEG-biswanath-2023-01-04,biswanath,,2023-01-04,0,26.72577,93.14659,0,0.0,0.2,24.3,14.18,0.0,0.0,0.17,-29.2,81.0,0.541,77,23,0.0,171.0
NEG-biswanath-2015-11-20,biswanath,,2015-11-20,0,26.72577,93.14659,0,0.0,0.1,0.1,15.959999999999999,0.0,0.0,0.31,-8.8,81.0,0.541,23,17,0.0,129.0
NEG-biswanath-2018-11-19,biswanath,,2018-11-19,0,26.72577,93.14659,0,11.899999999999999,16.2,31.9,16.689999999999998,0.2,0.0,0.34,-2.9,81.0,0.541,29,19,0.0,314.0
NEG-biswanath-2019-12-17,biswanath,,2019-12-17,0,26.72577,93.14659,0,1.8,2.1,2.1,14.52,0.3,0.0,0.25,0.0,81.0,0.541,31,20,0.0,71.0
NEG-biswanath-2017-11-16,biswanath,,2017-11-16,0,26.72577,93.14659,0,0.0,0.0,0.0,22.029999999999998,0.0,0.0,0.45,-37.5,81.0,0.541,27,18,0.0,39.0
NEG-biswanath-2023-05-20,biswanath,,2023-05-20,0,26.72577,93.14659,0,79.9,132.4,184.6,27.04,12.9,18.9,1.65,768.4,81.0,0.541,77,23,0.0,307.0
NEG-biswanath-2020-05-16,biswanath,,2020-05-16,0,26.72577,93.14659,0,91.5,98.19999999999999,124.5,28.97,35.1,0.2,1.25,557.9,81.0,0.541,36,21,0.0,127.0
NEG-biswanath-2017-05-26,biswanath,,2017-05-26,0,26.72577,93.14659,0,23.2,61.5,76.00000000000001,18.39,0.2,0.1,1.69,8.3,81.0,0.541,24,18,0.0,139.0
NEG-biswanath-2017-04-07,biswanath,,2017-04-07,0,26.72577,93.14659,0,39.0,177.9,276.9,19.67,7.2,4.9,4.43,221.0,81.0,0.541,24,18,0.0,90.0
NEG-biswanath-2021-01-15,biswanath,,2021-01-15,0,26.72577,93.14659,0,2.8,8.399999999999999,8.399999999999999,11.200000000000001,0.0,0.0,0.17,-15.0,81.0,0.541,36,21,0.0,371.0
NEG-biswanath-2021-04-21,biswanath,,2021-04-21,0,26.72577,93.14659,0,21.0,35.699999999999996,56.2,26.54,1.2,0.4,0.25,0.0,81.0,0.541,36,21,0.0,467.0
NEG-biswanath-2022-10-22,biswanath,,2022-10-22,0,26.72577,93.14659,0,0.0,2.5999999999999996,193.9,25.76,0.5,18.2,0.88,-54.9,81.0,0.541,77,23,0.0,97.0
NEG-biswanath-2016-07-16,biswanath,,2016-07-16,0,26.72577,93.14659,0,22.799999999999997,74.3,131.7,19.23,14.7,13.3,6.28,56.6,81.0,0.541,23,17,0.0,368.0
NEG-biswanath-2016-03-23,biswanath,,2016-03-23,0,26.72577,93.14659,0,14.3,14.3,31.200000000000003,26.819999999999997,0.0,0.0,0.22,15.8,81.0,0.541,23,17,0.0,253.0
NEG-biswanath-2021-11-26,biswanath,,2021-11-26,0,26.72577,93.14659,0,1.5,6.7,6.7,16.810000000000002,0.0,0.0,0.23,-8.0,81.0,0.541,43,22,0.0,83.0
NEG-biswanath-2023-04-23,biswanath,,2023-04-23,0,26.72577,93.14659,0,65.3,88.00000000000001,88.00000000000001,26.63,0.0,0.6,0.56,250.0,81.0,0.541,77,23,0.0,280.0
NEG-biswanath-2021-07-31,biswanath,,2021-07-31,0,26.72577,93.14659,0,52.0,98.3,209.70000000000005,28.4,72.8,0.8,15.9,339.2,81.0,0.541,36,21,0.0,568.0
NEG-biswanath-2017-09-20,biswanath,,2017-09-20,0,26.72577,93.14659,0,32.8,119.19999999999999,282.59999999999997,23.75,6.5,9.2,6.18,44.4,81.0,0.541,26,18,0.0,13.0
NEG-biswanath-2015-07-27,biswanath,,2015-07-27,0,26.72577,93.14659,0,11.200000000000001,89.99999999999999,162.0,20.98,3.6,0.0,5.58,-9.4,81.0,0.541,23,17,0.0,13.0
NEG-biswanath-2020-12-15,biswanath,,2020-12-15,0,26.72577,93.14659,0,1.7,1.7,5.5,14.43,0.0,0.6,0.28,-9.7,81.0,0.541,36,21,0.0,340.0
NEG-biswanath-2022-02-26,biswanath,,2022-02-26,0,26.72577,93.14659,0,0.8,8.9,9.3,17.94,0.0,5.7,0.12,0.0,81.0,0.541,43,22,0.0,175.0
NEG-biswanath-2017-08-11,biswanath,,2017-08-11,0,26.72577,93.14659,0,55.099999999999994,142.9,241.89999999999998,18.03,112.4,42.1,17.03,199.8,81.0,0.541,25,18,0.0,27.0
NEG-biswanath-2015-08-04,biswanath,,2015-08-04,0,26.72577,93.14659,0,22.799999999999997,42.6,121.70000000000002,30.5,8.7,6.4,4.19,-17.8,81.0,0.541,23,17,0.0,21.0
NEG-biswanath-2016-02-15,biswanath,,2016-02-15,0,26.72577,93.14659,0,1.8,12.4,13.500000000000002,16.130000000000003,0.0,0.0,0.16,14.3,81.0,0.541,23,17,0.0,216.0
NEG-biswanath-2019-08-20,biswanath,,2019-08-20,0,26.72577,93.14659,0,10.2,68.99999999999999,201.5,26.630000000000003,1.6,4.2,5.32,-56.1,81.0,0.541,30,20,0.0,224.0
NEG-biswanath-2018-09-14,biswanath,,2018-09-14,0,26.72577,93.14659,0,36.6,60.0,127.90000000000002,17.549999999999997,4.8,0.0,6.59,37.9,81.0,0.541,29,19,0.0,248.0
NEG-biswanath-2023-01-17,biswanath,,2023-01-17,0,26.72577,93.14659,0,6.9,7.0,7.0,13.649999999999999,0.4,0.0,0.14,0.0,81.0,0.541,77,23,0.0,184.0
NEG-biswanath-2020-04-18,biswanath,,2020-04-18,0,26.72577,93.14659,0,3.3,5.2,7.0,33.36,28.2,7.4,0.63,293.7,81.0,0.541,36,21,0.0,99.0
NEG-biswanath-2016-02-16,biswanath,,2016-02-16,0,26.72577,93.14659,0,0.0,12.200000000000001,13.500000000000002,14.85,0.0,0.1,0.16,-20.0,81.0,0.541,23,17,0.0,217.0
NEG-biswanath-2022-08-22,biswanath,,2022-08-22,0,26.72577,93.14659,0,22.4,39.1,96.1,31.78,6.0,0.5,1.55,-36.7,81.0,0.541,77,23,0.0,36.0
NEG-biswanath-2016-07-17,biswanath,,2016-07-17,0,26.72577,93.14659,0,46.5,83.1,148.9,17.97,13.3,11.8,6.14,53.9,81.0,0.541,23,17,0.0,369.0
NEG-biswanath-2015-01-22,biswanath,,2015-01-22,0,26.72577,93.14659,0,0.0,0.0,0.0,20.39,0.0,0.0,0.16,-5.9,81.0,0.541,21,16,0.0,616.0
NEG-biswanath-2021-03-04,biswanath,,2021-03-04,0,26.72577,93.14659,0,5.0,14.4,14.4,18.740000000000002,3.9,4.7,0.12,0.0,81.0,0.541,36,21,0.0,419.0
NEG-biswanath-2016-10-08,biswanath,,2016-10-08,0,26.72577,93.14659,0,14.9,18.2,65.8,22.93,20.2,14.6,2.35,-9.3,81.0,0.541,23,17,0.0,452.0
NEG-biswanath-2019-07-25,biswanath,,2019-07-25,0,26.72577,93.14659,0,67.9,91.50000000000001,238.69999999999996,23.650000000000006,22.7,16.0,16.06,42.8,81.0,0.541,30,20,0.0,198.0
NEG-biswanath-2022-04-28,biswanath,,2022-04-28,0,26.72577,93.14659,0,49.900000000000006,115.60000000000001,313.59999999999997,23.27,12.4,11.6,1.65,1.9,81.0,0.541,43,22,0.0,236.0
NEG-biswanath-2020-05-02,biswanath,,2020-05-02,0,26.72577,93.14659,0,6.4,13.599999999999998,106.29999999999998,28.07,7.6,0.5,0.22,-40.5,81.0,0.541,36,21,0.0,113.0
NEG-biswanath-2020-05-09,biswanath,,2020-05-09,0,26.72577,93.14659,0,13.600000000000001,26.299999999999997,39.900000000000006,28.729999999999997,0.0,0.0,0.19,-13.6,81.0,0.541,36,21,0.0,120.0
NEG-biswanath-2022-04-18,biswanath,,2022-04-18,0,26.72577,93.14659,0,137.10000000000002,228.59999999999997,479.20000000000005,19.07,2.1,1.5,2.66,67.3,81.0,0.541,43,22,0.0,226.0
NEG-biswanath-2017-03-27,biswanath,,2017-03-27,0,26.72577,93.14659,0,22.400000000000002,24.7,46.2,24.37,6.5,30.1,0.28,-24.3,81.0,0.541,24,18,0.0,79.0
NEG-biswanath-2018-03-22,biswanath,,2018-03-22,0,26.72577,93.14659,0,0.0,24.700000000000003,25.700000000000003,23.63,5.6,3.2,0.19,-24.0,81.0,0.541,29,19,0.0,72.0
NEG-biswanath-2018-08-08,biswanath,,2018-08-08,0,26.72577,93.14659,0,22.4,62.8,241.00000000000003,24.96,13.7,17.4,6.35,-6.6,81.0,0.541,29,19,0.0,211.0
NEG-biswanath-2018-03-15,biswanath,,2018-03-15,0,26.72577,93.14659,0,1.0,1.0,73.89999999999999,24.350000000000005,11.4,6.6,0.25,0.0,81.0,0.541,29,19,0.0,65.0
NEG-biswanath-2022-03-30,biswanath,,2022-03-30,0,26.72577,93.14659,0,20.6,94.69999999999999,94.8,18.12,3.2,22.1,0.19,58.3,81.0,0.541,43,22,0.0,207.0
NEG-biswanath-2015-08-31,biswanath,,2015-08-31,0,26.72577,93.14659,0,62.199999999999996,122.29999999999998,326.8,16.119999999999997,28.4,22.4,17.28,28.1,81.0,0.541,23,17,0.0,48.0
NEG-biswanath-2023-08-15,biswanath,,2023-08-15,0,26.72577,93.14659,0,26.1,55.39999999999999,238.10000000000002,25.58,32.0,11.3,4.79,-48.8,81.0,0.541,83,24,0.0,30.0
NEG-biswanath-2016-01-02,biswanath,,2016-01-02,0,26.72577,93.14659,0,0.0,0.0,0.1,16.53,0.0,0.0,0.17,-19.0,81.0,0.541,23,17,0.0,172.0
NEG-biswanath-2022-04-25,biswanath,,2022-04-25,0,26.72577,93.14659,0,65.7,84.2,312.8,22.46,13.9,20.8,2.31,-13.2,81.0,0.541,43,22,0.0,233.0
NEG-biswanath-2021-06-09,biswanath,,2021-06-09,0,26.72577,93.14659,0,192.20000000000002,312.7,459.7,18.86,0.0,7.3,6.31,180.4,81.0,0.541,36,21,0.0,516.0
NEG-biswanath-2017-08-09,biswanath,,2017-08-09,0,26.72577,93.14659,0,59.9,133.1,203.8,20.42,38.3,80.8,8.16,29.3,81.0,0.541,25,18,0.0,25.0
NEG-biswanath-2020-12-31,biswanath,,2020-12-31,0,26.72577,93.14659,0,0.0,0.0,1.2000000000000002,17.08,0.0,0.0,0.23,-8.0,81.0,0.541,36,21,0.0,356.0
NEG-biswanath-2023-04-14,biswanath,,2023-04-14,0,26.72577,93.14659,0,0.0,0.2,144.0,28.86,0.0,1.9,0.16,-61.0,81.0,0.541,77,23,0.0,271.0
NEG-biswanath-2023-02-09,biswanath,,2023-02-09,0,26.72577,93.14659,0,21.799999999999997,22.5,22.5,15.89,0.0,3.6,0.14,0.0,81.0,0.541,77,23,0.0,207.0
NEG-biswanath-2015-06-02,biswanath,,2015-06-02,0,26.72577,93.14659,0,38.5,108.4,208.69999999999996,16.259999999999998,10.1,1.9,6.35,44.0,81.0,0.541,22,17,0.0,103.0
NEG-biswanath-2016-12-18,biswanath,,2016-12-18,0,26.72577,93.14659,0,0.0,0.0,0.0,18.93,0.0,0.3,0.26,-7.1,81.0,0.541,23,17,0.0,523.0
NEG-biswanath-2019-09-08,biswanath,,2019-09-08,0,26.72577,93.14659,0,38.8,45.1,84.30000000000001,25.539999999999996,17.2,15.1,2.94,1.7,81.0,0.541,30,20,0.0,243.0
NEG-biswanath-2016-12-21,biswanath,,2016-12-21,0,26.72577,93.14659,0,0.3,0.3,0.3,16.77,0.0,0.0,0.25,-10.7,81.0,0.541,23,17,0.0,526.0
NEG-biswanath-2015-05-29,biswanath,,2015-05-29,0,26.72577,93.14659,0,56.10000000000001,138.3,195.5,17.29,8.2,18.2,6.53,318.6,81.0,0.541,22,17,0.0,99.0
NEG-biswanath-2019-06-15,biswanath,,2019-06-15,0,26.72577,93.14659,0,27.7,59.400000000000006,106.5,27.000000000000004,25.2,6.5,2.94,70.9,81.0,0.541,30,20,0.0,158.0
NEG-biswanath-2023-11-02,biswanath,,2023-11-02,0,26.72577,93.14659,0,0.0,4.6,4.6,24.269999999999996,0.0,3.5,0.34,-39.3,81.0,0.541,87,24,0.0,61.0
NEG-biswanath-2020-07-22,biswanath,,2020-07-22,0,26.72577,93.14659,0,60.7,86.3,233.6,16.69,3.8,11.4,10.38,9.8,81.0,0.541,36,21,0.0,194.0
NEG-bokaro-2017-02-02,bokaro,,2017-02-02,0,23.66934,86.15161,0,0.0,0.0,0.0,25.05,0.0,0.0,0.03,0.0,209.0,0.901,5,3,0.0,1633.0
NEG-bokaro-2023-05-26,bokaro,,2023-05-26,0,23.66934,86.15161,0,8.600000000000001,8.600000000000001,9.3,48.74999999999999,0.0,0.0,0.03,0.0,209.0,0.901,6,4,0.0,1168.0
NEG-bokaro-2018-03-31,bokaro,,2018-03-31,0,23.66934,86.15161,0,0.0,0.0,0.8,46.19,3.7,0.0,0.03,0.0,209.0,0.901,5,3,0.0,2055.0
NEG-bongaigaon-2015-06-03,bongaigaon,,2015-06-03,0,26.47703,90.55815,0,90.49999999999999,311.8,609.0999999999999,13.08,7.2,8.7,5.31,-23.7,59.0,0.36,46,28,0.0,104.0
NEG-bongaigaon-2015-02-07,bongaigaon,,2015-02-07,0,26.47703,90.55815,0,0.0,0.0,0.2,20.599999999999998,0.0,0.0,0.09,0.0,59.0,0.36,45,27,0.0,176.0
NEG-bongaigaon-2018-05-07,bongaigaon,,2018-05-07,0,26.47703,90.55815,0,31.6,93.6,136.99999999999997,21.910000000000004,8.2,14.1,0.97,-69.6,59.0,0.36,54,30,0.0,211.0
NEG-bongaigaon-2021-05-15,bongaigaon,,2021-05-15,0,26.47703,90.55815,0,74.0,254.8,318.4,25.150000000000002,30.4,9.8,0.75,141.9,59.0,0.36,58,32,0.0,493.0
NEG-bongaigaon-2021-10-04,bongaigaon,,2021-10-04,0,26.47703,90.55815,0,27.3,37.9,57.0,23.67,139.4,1.1,2.07,50.0,59.0,0.36,66,33,0.0,29.0
NEG-bongaigaon-2016-03-15,bongaigaon,,2016-03-15,0,26.47703,90.55815,0,0.5,0.6,7.099999999999999,29.93,0.0,0.0,0.09,0.0,59.0,0.36,49,28,0.0,196.0
NEG-bongaigaon-2018-10-04,bongaigaon,,2018-10-04,0,26.47703,90.55815,0,19.5,44.3,169.79999999999998,22.959999999999997,0.3,2.5,1.22,-33.0,59.0,0.36,54,30,0.0,361.0
NEG-bongaigaon-2018-03-11,bongaigaon,,2018-03-11,0,26.47703,90.55815,0,0.5,1.5,26.299999999999997,26.379999999999995,0.7,2.0,0.12,0.0,59.0,0.36,54,30,0.0,154.0
NEG-bongaigaon-2020-02-05,bongaigaon,,2020-02-05,0,26.47703,90.55815,0,0.4,6.2,10.8,16.05,0.2,0.0,0.12,9.1,59.0,0.36,58,32,0.0,28.0
NEG-bongaigaon-2022-03-11,bongaigaon,,2022-03-11,0,26.47703,90.55815,0,0.0,0.0,5.6,27.15,0.0,0.0,0.09,0.0,59.0,0.36,66,33,0.0,187.0
NEG-bongaigaon-2021-02-03,bongaigaon,,2021-02-03,0,26.47703,90.55815,0,0.0,0.1,8.6,17.81,0.0,0.0,0.09,-18.2,59.0,0.36,58,32,0.0,392.0
NEG-bongaigaon-2020-11-17,bongaigaon,,2020-11-17,0,26.47703,90.55815,0,0.0,0.0,1.3,24.2,0.3,0.5,0.22,-46.3,59.0,0.36,58,32,0.0,314.0
NEG-bongaigaon-2020-07-16,bongaigaon,,2020-07-16,0,26.47703,90.55815,0,63.800000000000004,277.99999999999994,435.3,16.83,6.6,17.6,6.1,-32.4,59.0,0.36,58,32,0.0,190.0
NEG-bongaigaon-2016-07-03,bongaigaon,,2016-07-03,0,26.47703,90.55815,0,68.69999999999999,93.9,254.89999999999998,22.009999999999998,90.4,27.2,8.25,191.5,59.0,0.36,49,28,0.0,306.0
NEG-bongaigaon-2020-08-27,bongaigaon,,2020-08-27,0,26.47703,90.55815,0,28.3,107.5,233.10000000000002,22.82,7.9,11.9,2.78,-26.6,59.0,0.36,58,32,0.0,232.0
NEG-bongaigaon-2020-04-01,bongaigaon,,2020-04-01,0,26.47703,90.55815,0,0.0,0.1,13.699999999999998,31.65,0.5,0.0,0.09,0.0,59.0,0.36,58,32,0.0,84.0
NEG-bongaigaon-2018-01-22,bongaigaon,,2018-01-22,0,26.47703,90.55815,0,0.2,1.2,1.3,15.54,0.0,0.1,0.12,-14.3,59.0,0.36,54,30,0.0,106.0
NEG-bongaigaon-2017-02-28,bongaigaon,,2017-02-28,0,26.47703,90.55815,0,0.2,10.799999999999999,19.9,21.549999999999997,0.5,0.6,0.09,-59.1,59.0,0.36,52,30,0.0,52.0
NEG-bongaigaon-2016-04-06,bongaigaon,,2016-04-06,0,26.47703,90.55815,0,12.7,39.4,82.89999999999999,22.169999999999998,9.8,5.6,0.47,67.9,59.0,0.36,49,28,0.0,218.0
NEG-bongaigaon-2018-09-16,bongaigaon,,2018-09-16,0,26.47703,90.55815,0,183.9,400.5,460.19999999999993,13.52,0.1,0.0,3.07,61.6,59.0,0.36,54,30,0.0,343.0
NEG-bongaigaon-2016-10-27,bongaigaon,,2016-10-27,0,26.47703,90.55815,0,0.0,0.4,25.400000000000002,24.04,0.0,0.0,1.03,-38.3,59.0,0.36,51,29,0.0,87.0
NEG-bongaigaon-2023-03-14,bongaigaon,,2023-03-14,0,26.47703,90.55815,0,0.2,0.2,1.5000000000000002,24.21,10.0,2.0,0.09,0.0,59.0,0.36,85,34,0.0,260.0
NEG-bongaigaon-2020-02-23,bongaigaon,,2020-02-23,0,26.47703,90.55815,0,0.1,2.4000000000000004,2.7,19.75,3.3,5.9,0.11,0.0,59.0,0.36,58,32,0.0,46.0
NEG-bongaigaon-2022-04-09,bongaigaon,,2022-04-09,0,26.47703,90.55815,0,67.5,300.0,402.5,14.61,78.5,0.1,4.56,1724.0,59.0,0.36,66,33,0.0,216.0
NEG-bongaigaon-2017-11-19,bongaigaon,,2017-11-19,0,26.47703,90.55815,0,0.9,0.9,0.9,21.3,0.6,0.4,0.42,-42.5,59.0,0.36,54,30,0.0,42.0
NEG-bongaigaon-2023-01-22,bongaigaon,,2023-01-22,0,26.47703,90.55815,0,0.0,1.1,1.1,13.56,0.0,0.0,0.12,0.0,59.0,0.36,85,34,0.0,209.0
NEG-bongaigaon-2017-02-01,bongaigaon,,2017-02-01,0,26.47703,90.55815,0,2.2,2.5,2.5,20.53,0.3,0.0,0.12,0.0,59.0,0.36,52,30,0.0,25.0
NEG-bongaigaon-2023-04-06,bongaigaon,,2023-04-06,0,26.47703,90.55815,0,23.900000000000002,50.50000000000001,59.300000000000004,20.18,0.0,0.0,0.16,77.8,59.0,0.36,85,34,0.0,283.0
NEG-bongaigaon-2018-10-12,bongaigaon,,2018-10-12,0,26.47703,90.55815,0,6.3,17.199999999999996,52.300000000000004,24.73,0.6,3.3,0.95,-18.1,59.0,0.36,54,30,0.0,369.0
NEG-bongaigaon-2023-11-13,bongaigaon,,2023-11-13,0,26.47703,90.55815,0,0.0,0.2,3.0,22.07,0.0,0.0,0.17,-48.5,59.0,0.36,89,35,0.0,75.0
NEG-bongaigaon-2018-04-23,bongaigaon,,2018-04-23,0,26.47703,90.55815,0,78.7,99.8,213.5,20.18,6.3,1.7,0.44,0.0,59.0,0.36,54,30,0.0,197.0
NEG-bongaigaon-2021-05-14,bongaigaon,,2021-05-14,0,26.47703,90.55815,0,185.6,254.29999999999998,300.5,25.09,9.2,30.4,0.85,150.0,59.0,0.36,58,32,0.0,492.0
NEG-bongaigaon-2022-07-25,bongaigaon,,2022-07-25,0,26.47703,90.55815,0,72.69999999999999,156.4,221.89999999999998,22.9,16.6,4.4,3.27,42.2,59.0,0.36,85,34,0.0,28.0
NEG-bongaigaon-2017-03-02,bongaigaon,,2017-03-02,0,26.47703,90.55815,0,0.7,0.7,20.4,24.56,0.0,0.2,0.09,-52.6,59.0,0.36,52,30,0.0,54.0
NEG-bongaigaon-2016-12-19,bongaigaon,,2016-12-19,0,26.47703,90.55815,0,0.0,0.0,0.0,17.94,0.0,0.0,0.14,0.0,59.0,0.36,51,29,0.0,140.0
NEG-bongaigaon-2021-11-07,bongaigaon,,2021-11-07,0,26.47703,90.55815,0,0.0,0.7,2.9000000000000004,21.92,0.0,0.0,0.52,-42.2,59.0,0.36,66,33,0.0,63.0
NEG-bongaigaon-2022-03-01,bongaigaon,,2022-03-01,0,26.47703,90.55815,0,3.6,5.300000000000001,11.0,20.5,0.0,0.3,0.09,-25.0,59.0,0.36,66,33,0.0,177.0
NEG-bongaigaon-2019-07-19,bongaigaon,,2019-07-19,0,26.47703,90.55815,0,79.9,494.59999999999997,962.9000000000001,16.509999999999998,7.8,20.5,6.85,-42.0,59.0,0.36,54,30,0.0,649.0
NEG-bongaigaon-2019-10-18,bongaigaon,,2019-10-18,0,26.47703,90.55815,0,3.6,10.6,56.800000000000004,24.220000000000002,0.4,0.9,1.22,-37.4,59.0,0.36,55,31,0.0,11.0
NEG-bongaigaon-2020-10-11,bongaigaon,,2020-10-11,0,26.47703,90.55815,0,4.8999999999999995,62.900000000000006,149.99999999999997,20.49,0.1,0.0,1.78,-28.2,59.0,0.36,58,32,0.0,277.0
NEG-bongaigaon-2018-09-05,bongaigaon,,2018-09-05,0,26.47703,90.55815,0,24.0,64.2,209.19999999999996,25.98,19.9,3.0,2.08,-30.7,59.0,0.36,54,30,0.0,332.0
NEG-bongaigaon-2015-12-22,bongaigaon,,2015-12-22,0,26.47703,90.55815,0,0.0,0.1,2.1,15.52,0.0,0.0,0.12,-7.7,59.0,0.36,49,28,0.0,112.0
NEG-bongaigaon-2019-06-30,bongaigaon,,2019-06-30,0,26.47703,90.55815,0,294.8,377.8,488.0,16.88,36.3,12.8,3.75,44.2,59.0,0.36,54,30,0.0,630.0
NEG-bongaigaon-2016-01-26,bongaigaon,,2016-01-26,0,26.47703,90.55815,0,0.1,11.3,11.3,14.329999999999998,2.6,0.0,0.11,-21.4,59.0,0.36,49,28,0.0,147.0
NEG-bongaigaon-2017-01-26,bongaigaon,,2017-01-26,0,26.47703,90.55815,0,0.0,0.0,0.1,21.65,0.0,0.3,0.12,0.0,59.0,0.36,52,30,0.0,19.0
NEG-bongaigaon-2020-05-09,bongaigaon,,2020-05-09,0,26.47703,90.55815,0,25.6,37.3,70.2,27.95,0.0,0.7,0.09,0.0,59.0,0.36,58,32,0.0,122.0
NEG-bongaigaon-2018-08-18,bongaigaon,,2018-08-18,0,26.47703,90.55815,0,42.0,112.7,175.9,22.11,7.4,20.9,2.71,-30.2,59.0,0.36,54,30,0.0,314.0
NEG-bongaigaon-2015-01-28,bongaigaon,,2015-01-28,0,26.47703,90.55815,0,0.0,0.0,0.0,17.79,0.2,0.0,0.09,0.0,59.0,0.36,45,27,0.0,166.0
NEG-bongaigaon-2017-12-04,bongaigaon,,2017-12-04,0,26.47703,90.55815,0,0.0,5.300000000000001,7.699999999999999,18.32,0.0,0.0,0.17,-22.7,59.0,0.36,54,30,0.0,57.0
NEG-bongaigaon-2019-04-21,bongaigaon,,2019-04-21,0,26.47703,90.55815,0,1.2,21.300000000000004,51.800000000000004,26.86,2.8,0.0,0.12,0.0,59.0,0.36,54,30,0.0,560.0
NEG-bongaigaon-2017-08-22,bongaigaon,,2017-08-22,0,26.47703,90.55815,0,32.0,55.6,559.6,20.36,5.0,8.5,5.14,-39.0,59.0,0.36,52,30,0.0,227.0
NEG-bongaigaon-2017-12-29,bongaigaon,,2017-12-29,0,26.47703,90.55815,0,0.0,1.0,1.0,16.46,0.0,0.0,0.14,-12.5,59.0,0.36,54,30,0.0,82.0
NEG-bongaigaon-2018-09-12,bongaigaon,,2018-09-12,0,26.47703,90.55815,0,76.1,111.8,176.0,20.909999999999997,37.9,124.2,4.81,131.2,59.0,0.36,54,30,0.0,339.0
NEG-bongaigaon-2018-05-21,bongaigaon,,2018-05-21,0,26.47703,90.55815,0,11.1,32.3,82.60000000000002,28.090000000000003,3.4,5.7,0.69,-20.7,59.0,0.36,54,30,0.0,225.0
NEG-bongaigaon-2021-07-13,bongaigaon,,2021-07-13,0,26.47703,90.55815,0,21.900000000000002,166.3,520.1999999999998,20.0,15.5,10.9,2.98,-6.0,59.0,0.36,59,33,0.0,42.0
NEG-bongaigaon-2023-02-08,bongaigaon,,2023-02-08,0,26.47703,90.55815,0,0.5,0.5,0.5,17.88,1.0,0.1,0.11,0.0,59.0,0.36,85,34,0.0,226.0
NEG-bongaigaon-2017-12-07,bongaigaon,,2017-12-07,0,26.47703,90.55815,0,0.0,0.0,5.500000000000001,19.360000000000003,0.0,0.0,0.17,0.0,59.0,0.36,54,30,0.0,60.0
NEG-bongaigaon-2022-05-01,bongaigaon,,2022-05-01,0,26.47703,90.55815,0,37.7,123.30000000000001,333.70000000000005,24.229999999999997,4.0,3.7,3.41,51.6,59.0,0.36,66,33,0.0,238.0
NEG-bongaigaon-2019-01-12,bongaigaon,,2019-01-12,0,26.47703,90.55815,0,0.1,0.1,0.7000000000000001,18.31,0.0,0.0,0.12,0.0,59.0,0.36,54,30,0.0,461.0
NEG-bongaigaon-2022-10-08,bongaigaon,,2022-10-08,0,26.47703,90.55815,0,18.9,42.5,151.30000000000004,21.51,39.2,29.5,0.99,-7.5,59.0,0.36,85,34,0.0,103.0
NEG-bongaigaon-2017-08-25,bongaigaon,,2017-08-25,0,26.47703,90.55815,0,25.5,68.1,510.70000000000005,22.68,22.0,40.7,4.47,-32.7,59.0,0.36,52,30,0.0,230.0
NEG-bongaigaon-2015-09-12,bongaigaon,,2015-09-12,0,26.47703,90.55815,0,26.0,45.2,422.4,20.67,10.5,9.4,4.26,-42.8,59.0,0.36,49,28,0.0,11.0
NEG-bongaigaon-2016-04-29,bongaigaon,,2016-04-29,0,26.47703,90.55815,0,46.099999999999994,74.80000000000001,138.2,23.16,3.9,16.1,1.25,-15.0,59.0,0.36,49,28,0.0,241.0
NEG-bongaigaon-2020-03-21,bongaigaon,,2020-03-21,0,26.47703,90.55815,0,3.3000000000000003,11.9,21.5,25.259999999999998,3.7,1.0,0.09,0.0,59.0,0.36,58,32,0.0,73.0
NEG-bongaigaon-2018-06-10,bongaigaon,,2018-06-10,0,26.47703,90.55815,0,14.1,40.9,167.39999999999998,30.03,1.7,0.2,1.47,-16.0,59.0,0.36,54,30,0.0,245.0
NEG-bongaigaon-2016-10-16,bongaigaon,,2016-10-16,0,26.47703,90.55815,0,25.0,89.1,146.20000000000002,15.379999999999997,0.0,0.0,2.27,-7.7,59.0,0.36,51,29,0.0,76.0
NEG-bongaigaon-2019-07-19,bongaigaon,,2019-07-19,0,26.47703,90.55815,0,79.9,494.59999999999997,962.9000000000001,16.509999999999998,7.8,20.5,6.85,-42.0,59.0,0.36,54,30,0.0,649.0
NEG-bongaigaon-2022-09-11,bongaigaon,,2022-09-11,0,26.47703,90.55815,0,8.1,99.0,296.29999999999995,23.04,21.5,9.2,1.24,-34.4,59.0,0.36,85,34,0.0,76.0
NEG-bongaigaon-2020-08-20,bongaigaon,,2020-08-20,0,26.47703,90.55815,0,58.199999999999996,125.60000000000001,235.2,22.549999999999997,39.4,8.9,3.79,-7.8,59.0,0.36,58,32,0.0,225.0
NEG-bongaigaon-2022-11-21,bongaigaon,,2022-11-21,0,26.47703,90.55815,0,0.0,0.1,1.9000000000000001,20.2,0.0,0.0,0.17,-41.4,59.0,0.36,85,34,0.0,147.0
NEG-bongaigaon-2018-06-27,bongaigaon,,2018-06-27,0,26.47703,90.55815,0,58.1,123.80000000000001,384.7,24.18,2.2,6.6,2.47,11.3,59.0,0.36,54,30,0.0,262.0
NEG-bongaigaon-2022-09-28,bongaigaon,,2022-09-28,0,26.47703,90.55815,0,30.700000000000003,119.8,231.4,21.230000000000004,9.5,0.4,1.16,3.6,59.0,0.36,85,34,0.0,93.0
NEG-bongaigaon-2016-04-25,bongaigaon,,2016-04-25,0,26.47703,90.55815,0,28.1,76.39999999999999,105.60000000000001,17.88,17.7,4.6,0.94,203.2,59.0,0.36,49,28,0.0,237.0
NEG-bongaigaon-2022-03-01,bongaigaon,,2022-03-01,0,26.47703,90.55815,0,3.6,5.300000000000001,11.0,20.5,0.0,0.3,0.09,-25.0,59.0,0.36,66,33,0.0,177.0
NEG-bongaigaon-2018-04-23,bongaigaon,,2018-04-23,0,26.47703,90.55815,0,78.7,99.8,213.5,20.18,6.3,1.7,0.44,0.0,59.0,0.36,54,30,0.0,197.0
NEG-bongaigaon-2019-02-14,bongaigaon,,2019-02-14,0,26.47703,90.55815,0,0.0,12.7,12.7,19.540000000000003,0.0,7.7,0.12,0.0,59.0,0.36,54,30,0.0,494.0
NEG-bongaigaon-2021-11-22,bongaigaon,,2021-11-22,0,26.47703,90.55815,0,0.8,0.8,0.8,19.43,0.1,0.0,0.16,-36.0,59.0,0.36,66,33,0.0,78.0
NEG-bongaigaon-2017-06-23,bongaigaon,,2017-06-23,0,26.47703,90.55815,0,69.1,159.10000000000002,287.5,15.36,25.8,36.0,4.53,-50.8,59.0,0.36,52,30,0.0,167.0
NEG-bongaigaon-2017-06-16,bongaigaon,,2017-06-16,0,26.47703,90.55815,0,59.800000000000004,128.4,276.0,20.96,5.4,11.6,9.21,539.6,59.0,0.36,52,30,0.0,160.0
NEG-bongaigaon-2016-07-01,bongaigaon,,2016-07-01,0,26.47703,90.55815,0,27.0,55.7,244.89999999999998,21.29,42.3,58.2,2.42,-33.7,59.0,0.36,49,28,0.0,304.0
NEG-bongaigaon-2020-05-12,bongaigaon,,2020-05-12,0,26.47703,90.55815,0,0.7,32.50000000000001,62.1,32.51,72.1,37.3,0.12,33.3,59.0,0.36,58,32,0.0,125.0
NEG-bongaigaon-2016-09-19,bongaigaon,,2016-09-19,0,26.47703,90.55815,0,37.4,167.4,321.3999999999999,17.17,14.5,41.8,3.91,-55.5,59.0,0.36,51,29,0.0,49.0
NEG-bongaigaon-2020-02-07,bongaigaon,,2020-02-07,0,26.47703,90.55815,0,0.2,3.0,9.700000000000001,17.64,0.0,0.3,0.11,-21.4,59.0,0.36,58,32,0.0,30.0
NEG-bongaigaon-2023-05-21,bongaigaon,,2023-05-21,0,26.47703,90.55815,0,131.3,238.3,255.59999999999997,25.88,4.2,13.6,4.37,3541.7,59.0,0.36,85,34,0.0,328.0
NEG-bongaigaon-2021-10-17,bongaigaon,,2021-10-17,0,26.47703,90.55815,0,20.7,23.3,243.39999999999998,28.62,58.0,24.7,0.65,-37.5,59.0,0.36,66,33,0.0,42.0
NEG-bongaigaon-2019-03-11,bongaigaon,,2019-03-11,0,26.47703,90.55815,0,0.1,14.700000000000001,48.3,23.61,1.0,0.0,0.12,-25.0,59.0,0.36,54,30,0.0,519.0
NEG-bongaigaon-2019-08-31,bongaigaon,,2019-08-31,0,26.47703,90.55815,0,12.7,52.7,105.9,28.12,0.0,8.1,2.85,-38.6,59.0,0.36,54,30,0.0,692.0
NEG-bongaigaon-2022-11-15,bongaigaon,,2022-11-15,0,26.47703,90.55815,0,1.0,1.0,2.5,20.26,0.1,0.0,0.26,-46.9,59.0,0.36,85,34,0.0,141.0
NEG-bongaigaon-2021-02-27,bongaigaon,,2021-02-27,0,26.47703,90.55815,0,1.3,1.3,2.2,23.119999999999997,3.7,0.1,0.09,0.0,59.0,0.36,58,32,0.0,416.0
NEG-bongaigaon-2020-04-12,bongaigaon,,2020-04-12,0,26.47703,90.55815,0,6.6,7.4,7.9,36.71,0.0,1.2,0.09,0.0,59.0,0.36,58,32,0.0,95.0
NEG-bongaigaon-2021-01-10,bongaigaon,,2021-01-10,0,26.47703,90.55815,0,0.2,0.2,0.2,17.41,6.6,1.6,0.12,0.0,59.0,0.36,58,32,0.0,368.0
NEG-bongaigaon-2023-12-29,bongaigaon,,2023-12-29,0,26.47703,90.55815,0,0.0,0.0,0.0,16.299999999999997,0.0,0.0,0.12,-7.7,59.0,0.36,89,35,0.0,121.0
NEG-bongaigaon-2017-06-13,bongaigaon,,2017-06-13,0,26.47703,90.55815,0,65.3,72.8,253.9,29.189999999999998,16.3,11.1,3.5,96.6,59.0,0.36,52,30,0.0,157.0
NEG-bongaigaon-2022-08-18,bongaigaon,,2022-08-18,0,26.47703,90.55815,0,11.600000000000001,71.4,193.39999999999998,30.97,38.4,17.6,1.42,-25.3,59.0,0.36,85,34,0.0,52.0
NEG-bongaigaon-2023-10-31,bongaigaon,,2023-10-31,0,26.47703,90.55815,0,0.0,1.7,4.5,23.36,0.0,0.0,0.53,-41.1,59.0,0.36,89,35,0.0,62.0
NEG-bongaigaon-2015-12-02,bongaigaon,,2015-12-02,0,26.47703,90.55815,0,0.0,0.0,0.2,19.740000000000002,0.5,0.1,0.13,-7.1,59.0,0.36,49,28,0.0,92.0
NEG-bongaigaon-2020-11-22,bongaigaon,,2020-11-22,0,26.47703,90.55815,0,4.2,4.5,4.5,19.450000000000003,0.0,0.0,0.16,-38.5,59.0,0.36,58,32,0.0,319.0
NEG-bongaigaon-2020-12-03,bongaigaon,,2020-12-03,0,26.47703,90.55815,0,0.0,0.0,4.6,19.259999999999998,0.0,2.6,0.14,-12.5,59.0,0.36,58,32,0.0,330.0
NEG-bongaigaon-2022-11-22,bongaigaon,,2022-11-22,0,26.47703,90.55815,0,0.0,0.1,1.1,20.180000000000003,0.0,0.0,0.17,-34.6,59.0,0.36,85,34,0.0,148.0
NEG-bongaigaon-2019-01-21,bongaigaon,,2019-01-21,0,26.47703,90.55815,0,0.0,0.0,0.1,18.62,0.0,0.0,0.12,0.0,59.0,0.36,54,30,0.0,470.0
NEG-bongaigaon-2015-11-16,bongaigaon,,2015-11-16,0,26.47703,90.55815,0,0.0,0.0,1.2000000000000002,21.970000000000002,0.0,0.2,0.15,-48.3,59.0,0.36,49,28,0.0,76.0
NEG-bongaigaon-2021-04-29,bongaigaon,,2021-04-29,0,26.47703,90.55815,0,1.9,3.7,75.9,35.16,0.1,0.2,0.09,-59.1,59.0,0.36,58,32,0.0,477.0
NEG-bongaigaon-2016-04-04,bongaigaon,,2016-04-04,0,26.47703,90.55815,0,3.8,66.0,75.1,21.37,11.6,10.4,0.12,-61.3,59.0,0.36,49,28,0.0,216.0
NEG-bongaigaon-2021-02-21,bongaigaon,,2021-02-21,0,26.47703,90.55815,0,0.0,0.9,1.1,23.28,0.0,0.0,0.09,0.0,59.0,0.36,58,32,0.0,410.0
NEG-bongaigaon-2020-09-01,bongaigaon,,2020-09-01,0,26.47703,90.55815,0,74.4,111.8,219.5,24.180000000000003,4.1,1.0,2.97,-4.8,59.0,0.36,58,32,0.0,237.0
NEG-bongaigaon-2017-04-08,bongaigaon,,2017-04-08,0,26.47703,90.55815,0,3.1,118.60000000000002,178.79999999999995,17.119999999999997,1.8,0.0,0.41,86.4,59.0,0.36,52,30,0.0,91.0
NEG-bongaigaon-2021-01-07,bongaigaon,,2021-01-07,0,26.47703,90.55815,0,0.0,0.0,0.0,18.480000000000004,0.2,0.0,0.12,0.0,59.0,0.36,58,32,0.0,365.0
NEG-bongaigaon-2016-09-05,bongaigaon,,2016-09-05,0,26.47703,90.55815,0,58.0,117.39999999999999,139.0,16.81,13.4,29.8,2.23,47.7,59.0,0.36,51,29,0.0,35.0
NEG-bongaigaon-2016-11-04,bongaigaon,,2016-11-04,0,26.47703,90.55815,0,0.0,0.0,2.0,24.369999999999997,0.0,0.0,0.58,-40.2,59.0,0.36,51,29,0.0,95.0
NEG-bongaigaon-2018-09-05,bongaigaon,,2018-09-05,0,26.47703,90.55815,0,24.0,64.2,209.19999999999996,25.98,19.9,3.0,2.08,-30.7,59.0,0.36,54,30,0.0,332.0
NEG-bongaigaon-2020-11-01,bongaigaon,,2020-11-01,0,26.47703,90.55815,0,0.0,27.099999999999998,85.3,22.17,1.3,1.3,0.87,-61.2,59.0,0.36,58,32,0.0,298.0
NEG-bongaigaon-2019-12-15,bongaigaon,,2019-12-15,0,26.47703,90.55815,0,0.0,0.1,1.5,17.599999999999998,0.1,1.2,0.14,-12.5,59.0,0.36,55,31,0.0,69.0
NEG-bongaigaon-2016-04-21,bongaigaon,,2016-04-21,0,26.47703,90.55815,0,36.5,63.900000000000006,81.6,21.33,13.9,12.2,1.56,321.6,59.0,0.36,49,28,0.0,233.0
NEG-bongaigaon-2022-08-18,bongaigaon,,2022-08-18,0,26.47703,90.55815,0,11.600000000000001,71.4,193.39999999999998,30.97,38.4,17.6,1.42,-25.3,59.0,0.36,85,34,0.0,52.0
NEG-bongaigaon-2017-04-21,bongaigaon,,2017-04-21,0,26.47703,90.55815,0,39.8,69.8,84.7,27.040000000000003,20.4,5.4,0.56,194.7,59.0,0.36,52,30,0.0,104.0
NEG-bongaigaon-2023-01-15,bongaigaon,,2023-01-15,0,26.47703,90.55815,0,0.0,0.0,0.0,14.010000000000002,0.0,0.0,0.12,0.0,59.0,0.36,85,34,0.0,202.0
NEG-bongaigaon-2021-07-16,bongaigaon,,2021-07-16,0,26.47703,90.55815,0,52.9,86.0,368.9,23.259999999999998,53.2,16.9,2.61,-37.9,59.0,0.36,59,33,0.0,45.0
NEG-bongaigaon-2020-06-25,bongaigaon,,2020-06-25,0,26.47703,90.55815,0,38.2,208.69999999999996,354.30000000000007,24.1,147.0,109.3,9.3,26.7,59.0,0.36,58,32,0.0,169.0
NEG-bongaigaon-2016-01-08,bongaigaon,,2016-01-08,0,26.47703,90.55815,0,0.0,0.1,0.1,17.92,6.6,0.0,0.12,0.0,59.0,0.36,49,28,0.0,129.0
NEG-bongaigaon-2020-09-21,bongaigaon,,2020-09-21,0,26.47703,90.55815,0,2.2,177.0,350.6,19.09,66.9,9.7,3.33,41.1,59.0,0.36,58,32,0.0,257.0
NEG-bongaigaon-2020-02-01,bongaigaon,,2020-02-01,0,26.47703,90.55815,0,5.5,6.0,10.699999999999998,15.150000000000002,0.4,0.0,0.14,16.7,59.0,0.36,58,32,0.0,24.0
NEG-bongaigaon-2016-06-24,bongaigaon,,2016-06-24,0,26.47703,90.55815,0,70.9,189.20000000000002,281.6,14.84,9.6,3.1,3.65,25.4,59.0,0.36,49,28,0.0,297.0
NEG-bongaigaon-2020-10-03,bongaigaon,,2020-10-03,0,26.47703,90.55815,0,19.9,95.1,344.00000000000006,20.959999999999997,9.9,15.8,2.65,-49.4,59.0,0.36,58,32,0.0,269.0
NEG-bongaigaon-2019-08-29,bongaigaon,,2019-08-29,0,26.47703,90.55815,0,3.3,73.39999999999999,123.3,27.549999999999997,3.0,30.3,3.16,-15.7,59.0,0.36,54,30,0.0,690.0
NEG-bongaigaon-2020-02-15,bongaigaon,,2020-02-15,0,26.47703,90.55815,0,0.0,0.3,1.2,21.12,0.5,0.6,0.11,0.0,59.0,0.36,58,32,0.0,38.0
NEG-bongaigaon-2021-04-28,bongaigaon,,2021-04-28,0,26.47703,90.55815,0,0.0,3.1,73.99999999999999,33.74,0.0,0.1,0.09,-64.0,59.0,0.36,58,32,0.0,476.0
NEG-bongaigaon-2021-04-07,bongaigaon,,2021-04-07,0,26.47703,90.55815,0,0.0,19.200000000000003,35.3,31.6,8.5,5.4,0.22,0.0,59.0,0.36,58,32,0.0,455.0
NEG-bongaigaon-2020-03-08,bongaigaon,,2020-03-08,0,26.47703,90.55815,0,12.299999999999999,36.5,62.800000000000004,22.59,0.3,0.8,0.12,9.1,59.0,0.36,58,32,0.0,60.0
NEG-bongaigaon-2022-07-18,bongaigaon,,2022-07-18,0,26.47703,90.55815,0,36.0,65.5,96.2,32.790000000000006,17.4,32.2,2.3,-26.0,59.0,0.36,85,34,0.0,21.0
NEG-bongaigaon-2018-06-16,bongaigaon,,2018-06-16,0,26.47703,90.55815,0,147.2,153.8,193.2,27.59,23.8,55.3,2.85,86.3,59.0,0.36,54,30,0.0,251.0
NEG-bongaigaon-2023-02-10,bongaigaon,,2023-02-10,0,26.47703,90.55815,0,3.6999999999999997,3.9,3.9,18.29,2.7,0.8,0.11,0.0,59.0,0.36,85,34,0.0,228.0
NEG-bongaigaon-2015-03-31,bongaigaon,,2015-03-31,0,26.47703,90.55815,0,3.3000000000000003,9.200000000000001,14.499999999999998,27.229999999999997,6.5,25.2,0.09,0.0,59.0,0.36,46,28,0.0,40.0
NEG-botad-2019-06-10,botad,,2019-06-10,0,22.16917,71.66671,0,0.0,0.0,0.0,57.75,0.0,1.8,0.31,0.0,88.0,0.541,23,16,0.0,152.0
NEG-botad-2017-11-08,botad,,2017-11-08,0,22.16917,71.66671,0,0.0,0.0,0.0,37.28,0.0,0.0,0.26,-7.1,88.0,0.541,21,14,0.0,525.0
NEG-botad-2015-01-13,botad,,2015-01-13,0,22.16917,71.66671,0,0.0,0.0,0.5,29.93,0.0,0.0,0.23,0.0,88.0,0.541,19,12,0.0,474.0
NEG-botad-2023-05-13,botad,,2023-05-13,0,22.16917,71.66671,0,0.0,0.0,20.199999999999996,60.4,0.0,0.0,0.31,-8.8,88.0,0.541,26,17,0.0,933.0
NEG-botad-2017-06-11,botad,,2017-06-11,0,22.16917,71.66671,0,28.200000000000003,29.5,35.8,46.449999999999996,0.0,0.2,0.59,90.3,88.0,0.541,21,14,0.0,375.0
NEG-botad-2021-06-26,botad,,2021-06-26,0,22.16917,71.66671,0,5.7,43.0,80.89999999999998,35.64,0.3,0.0,0.37,-80.3,88.0,0.541,26,17,0.0,247.0
NEG-botad-2015-10-27,botad,,2015-10-27,0,22.16917,71.66671,0,0.0,0.0,0.2,37.89,0.0,0.0,0.28,0.0,88.0,0.541,20,13,0.0,136.0
NEG-botad-2015-07-05,botad,,2015-07-05,0,22.16917,71.66671,0,0.0,0.0,77.4,44.94,0.0,0.0,0.31,-41.5,88.0,0.541,20,13,0.0,22.0
NEG-botad-2019-10-02,botad,,2019-10-02,0,22.16917,71.66671,0,71.8,149.0,205.0,18.379999999999995,0.2,1.3,1.86,36.8,88.0,0.541,23,16,0.0,266.0
NEG-botad-2018-11-12,botad,,2018-11-12,0,22.16917,71.66671,0,0.0,0.0,0.0,38.89,0.0,0.0,0.26,0.0,88.0,0.541,22,15,0.0,122.0
NEG-botad-2022-11-08,botad,,2022-11-08,0,22.16917,71.66671,0,0.0,0.0,0.0,40.69,0.0,0.0,0.27,0.0,88.0,0.541,26,17,0.0,747.0
NEG-botad-2015-09-19,botad,,2015-09-19,0,22.16917,71.66671,0,1.4000000000000001,25.8,27.400000000000002,37.59,55.6,4.1,5.58,952.8,88.0,0.541,20,13,0.0,98.0
NEG-botad-2021-01-25,botad,,2021-01-25,0,22.16917,71.66671,0,0.0,0.0,0.0,33.959999999999994,0.0,0.0,0.23,0.0,88.0,0.541,26,17,0.0,95.0
NEG-botad-2015-09-04,botad,,2015-09-04,0,22.16917,71.66671,0,0.1,0.1,0.4,38.519999999999996,0.0,0.0,0.28,0.0,88.0,0.541,20,13,0.0,83.0
NEG-botad-2015-10-10,botad,,2015-10-10,0,22.16917,71.66671,0,0.0,0.0,0.0,39.96,0.0,0.0,0.29,-6.5,88.0,0.541,20,13,0.0,119.0
NEG-botad-2020-04-17,botad,,2020-04-17,0,22.16917,71.66671,0,0.0,0.0,0.0,63.34,0.0,0.0,0.31,0.0,88.0,0.541,23,16,0.0,464.0
NEG-botad-2015-05-10,botad,,2015-05-10,0,22.16917,71.66671,0,0.0,0.0,0.0,59.379999999999995,0.0,1.8,0.28,0.0,88.0,0.541,19,12,0.0,591.0
NEG-botad-2018-03-21,botad,,2018-03-21,0,22.16917,71.66671,0,0.0,0.0,0.0,52.82,0.0,0.0,0.28,0.0,88.0,0.541,21,14,0.0,658.0
NEG-botad-2019-08-02,botad,,2019-08-02,0,22.16917,71.66671,0,186.10000000000002,230.8,272.20000000000005,25.85,19.8,30.9,1.48,279.5,88.0,0.541,23,16,0.0,205.0
NEG-botad-2017-01-07,botad,,2017-01-07,0,22.16917,71.66671,0,0.0,0.0,0.0,30.089999999999996,0.0,0.0,0.23,-8.0,88.0,0.541,21,14,0.0,220.0
NEG-botad-2023-08-16,botad,,2023-08-16,0,22.16917,71.66671,0,0.9,4.2,7.199999999999999,36.45,0.0,0.1,0.31,-29.5,88.0,0.541,26,17,0.0,1028.0
NEG-budaun-2023-08-03,budaun,,2023-08-03,0,28.03811,79.12668,0,29.0,58.6,95.79999999999998,28.349999999999998,9.1,12.9,0.81,161.3,176.0,0.631,34,23,0.0,27.0
NEG-budaun-2022-03-12,budaun,,2022-03-12,0,28.03811,79.12668,0,0.0,0.0,0.7999999999999999,32.71,0.0,0.0,0.09,-25.0,176.0,0.631,33,22,0.0,223.0
NEG-budaun-2023-03-07,budaun,,2023-03-07,0,28.03811,79.12668,0,0.0,0.2,0.2,38.44,0.0,3.4,0.09,0.0,176.0,0.631,33,22,0.0,583.0
NEG-budaun-2022-03-30,budaun,,2022-03-30,0,28.03811,79.12668,0,0.0,0.0,0.0,50.94,0.0,0.0,0.09,0.0,176.0,0.631,33,22,0.0,241.0
NEG-budaun-2019-09-18,budaun,,2019-09-18,0,28.03811,79.12668,0,21.4,41.60000000000001,89.89999999999999,23.23,1.3,4.0,0.37,12.1,176.0,0.631,32,21,0.0,284.0
NEG-budaun-2019-03-14,budaun,,2019-03-14,0,28.03811,79.12668,0,0.0,0.0,6.3,32.42,2.0,0.0,0.09,-25.0,176.0,0.631,32,21,0.0,96.0
NEG-budaun-2019-04-16,budaun,,2019-04-16,0,28.03811,79.12668,0,0.0,0.0,4.1,49.760000000000005,1.4,0.0,0.09,0.0,176.0,0.631,32,21,0.0,129.0
NEG-budaun-2020-01-12,budaun,,2020-01-12,0,28.03811,79.12668,0,4.8,16.6,18.2,12.19,0.0,5.4,0.12,33.3,176.0,0.631,32,21,0.0,400.0
NEG-budaun-2019-03-27,budaun,,2019-03-27,0,28.03811,79.12668,0,0.0,0.0,2.7,42.32000000000001,0.0,0.0,0.09,0.0,176.0,0.631,32,21,0.0,109.0
NEG-budaun-2019-03-19,budaun,,2019-03-19,0,28.03811,79.12668,0,0.0,2.7,2.7,34.2,0.0,0.0,0.09,0.0,176.0,0.631,32,21,0.0,101.0
NEG-budaun-2015-11-25,budaun,,2015-11-25,0,28.03811,79.12668,0,0.0,0.0,0.0,22.259999999999998,0.0,0.2,0.09,0.0,176.0,0.631,28,19,0.0,28.0
NEG-budaun-2022-08-28,budaun,,2022-08-28,0,28.03811,79.12668,0,3.4,17.799999999999997,55.1,31.939999999999998,2.4,0.4,0.23,-8.0,176.0,0.631,33,22,0.0,392.0
NEG-budaun-2022-06-03,budaun,,2022-06-03,0,28.03811,79.12668,0,0.0,0.6000000000000001,10.3,46.66,0.0,0.0,0.12,-25.0,176.0,0.631,33,22,0.0,306.0
NEG-budaun-2021-01-17,budaun,,2021-01-17,0,28.03811,79.12668,0,0.0,0.0,9.7,15.969999999999999,0.0,0.0,0.08,0.0,176.0,0.631,32,21,0.0,771.0
NEG-budaun-2016-06-28,budaun,,2016-06-28,0,28.03811,79.12668,0,25.9,54.300000000000004,75.2,31.57,0.0,0.2,0.28,12.0,176.0,0.631,28,19,0.0,244.0
NEG-budaun-2022-04-30,budaun,,2022-04-30,0,28.03811,79.12668,0,0.0,0.0,0.0,63.45,4.4,0.2,0.09,0.0,176.0,0.631,33,22,0.0,272.0
NEG-budaun-2018-11-25,budaun,,2018-11-25,0,28.03811,79.12668,0,0.0,0.0,0.6,22.47,0.0,0.0,0.2,-4.8,176.0,0.631,31,21,0.0,93.0
NEG-budaun-2016-04-30,budaun,,2016-04-30,0,28.03811,79.12668,0,0.1,0.1,0.4,59.209999999999994,0.0,0.0,0.06,-33.3,176.0,0.631,28,19,0.0,185.0
NEG-budaun-2017-01-01,budaun,,2017-01-01,0,28.03811,79.12668,0,0.0,0.3,0.3,17.310000000000002,0.9,0.0,0.08,0.0,176.0,0.631,29,20,0.0,167.0
NEG-budaun-2021-01-09,budaun,,2021-01-09,0,28.03811,79.12668,0,1.5,10.5,10.5,12.97,0.0,0.0,0.08,0.0,176.0,0.631,32,21,0.0,763.0
NEG-budaun-2019-05-29,budaun,,2019-05-29,0,28.03811,79.12668,0,0.0,0.0,0.30000000000000004,57.559999999999995,0.0,0.0,0.09,0.0,176.0,0.631,32,21,0.0,172.0
NEG-budaun-2020-12-06,budaun,,2020-12-06,0,28.03811,79.12668,0,0.0,0.0,0.0,18.15,0.0,0.0,0.08,-11.1,176.0,0.631,32,21,0.0,729.0
NEG-budaun-2016-06-05,budaun,,2016-06-05,0,28.03811,79.12668,0,0.0,15.499999999999998,37.6,42.74999999999999,0.6,0.1,0.12,-25.0,176.0,0.631,28,19,0.0,221.0
NEG-budaun-2023-03-01,budaun,,2023-03-01,0,28.03811,79.12668,0,0.0,0.0,0.0,30.639999999999993,0.0,0.0,0.09,0.0,176.0,0.631,33,22,0.0,577.0
NEG-budaun-2017-07-01,budaun,,2017-07-01,0,28.03811,79.12668,0,58.0,71.2,93.10000000000001,38.13,18.8,8.6,0.75,435.7,176.0,0.631,29,20,0.0,348.0
NEG-budaun-2015-01-15,budaun,,2015-01-15,0,28.03811,79.12668,0,4.5,4.5,20.3,14.25,0.0,0.0,0.09,-18.2,176.0,0.631,26,18,0.0,1605.0
NEG-budaun-2023-06-25,budaun,,2023-06-25,0,28.03811,79.12668,0,24.0,60.5,62.0,32.129999999999995,9.3,10.8,0.22,144.4,176.0,0.631,33,22,0.0,693.0
NEG-bulandshahr-2015-04-04,bulandshahr,,2015-04-04,0,28.40392,77.85773,0,11.799999999999999,17.099999999999998,17.099999999999998,32.51,0.0,0.0,0.09,200.0,209.0,1.171,27,17,0.0,2498.0
NEG-bulandshahr-2018-05-07,bulandshahr,,2018-05-07,0,28.40392,77.85773,0,0.1,4.9,7.699999999999999,47.0,0.4,0.1,0.03,0.0,209.0,1.171,30,19,0.0,658.0
NEG-bulandshahr-2020-03-11,bulandshahr,,2020-03-11,0,28.40392,77.85773,0,0.0,47.0,49.2,22.029999999999998,0.2,0.1,0.06,0.0,209.0,1.171,31,20,0.0,593.0
NEG-bulandshahr-2022-07-21,bulandshahr,,2022-07-21,0,28.40392,77.85773,0,27.0,51.7,74.69999999999999,34.459999999999994,2.8,11.1,0.09,50.0,209.0,1.171,31,20,0.0,1455.0
NEG-bulandshahr-2023-01-24,bulandshahr,,2023-01-24,0,28.40392,77.85773,0,0.0,0.4,2.6999999999999997,16.64,0.5,0.0,0.03,0.0,209.0,1.171,33,21,0.0,107.0
NEG-bulandshahr-2021-02-08,bulandshahr,,2021-02-08,0,28.40392,77.85773,0,0.0,11.0,11.0,19.3,0.0,0.0,0.03,0.0,209.0,1.171,31,20,0.0,927.0
NEG-bulandshahr-2019-10-04,bulandshahr,,2019-10-04,0,28.40392,77.85773,0,7.1000000000000005,19.599999999999998,66.4,19.970000000000002,0.0,0.0,0.06,-50.0,209.0,1.171,31,20,0.0,434.0
NEG-bulandshahr-2020-12-18,bulandshahr,,2020-12-18,0,28.40392,77.85773,0,0.0,0.4,0.4,15.989999999999998,0.0,0.0,0.03,-25.0,209.0,1.171,31,20,0.0,875.0
NEG-bulandshahr-2019-04-03,bulandshahr,,2019-04-03,0,28.40392,77.85773,0,0.0,0.0,1.2,42.739999999999995,0.0,0.1,0.03,0.0,209.0,1.171,31,20,0.0,250.0
NEG-bulandshahr-2017-07-29,bulandshahr,,2017-07-29,0,28.40392,77.85773,0,7.5,35.9,69.5,27.269999999999996,9.6,6.1,0.06,-25.0,209.0,1.171,30,19,0.0,376.0
NEG-bulandshahr-2017-10-10,bulandshahr,,2017-10-10,0,28.40392,77.85773,0,0.0,0.0,0.0,30.240000000000002,0.0,0.0,0.05,0.0,209.0,1.171,30,19,0.0,449.0
NEG-bulandshahr-2020-03-01,bulandshahr,,2020-03-01,0,28.40392,77.85773,0,2.2,6.4,11.3,21.259999999999998,0.0,0.0,0.08,0.0,209.0,1.171,31,20,0.0,583.0
NEG-bulandshahr-2018-11-18,bulandshahr,,2018-11-18,0,28.40392,77.85773,0,0.8,2.0,2.0,20.85,0.0,0.0,0.06,20.0,209.0,1.171,31,20,0.0,114.0
NEG-bulandshahr-2016-09-27,bulandshahr,,2016-09-27,0,28.40392,77.85773,0,2.1,8.9,10.7,27.04,0.0,0.8,0.06,0.0,209.0,1.171,30,19,0.0,71.0
NEG-bulandshahr-2018-02-03,bulandshahr,,2018-02-03,0,28.40392,77.85773,0,0.0,0.0,3.2,21.509999999999998,0.0,0.0,0.03,0.0,209.0,1.171,30,19,0.0,565.0
NEG-bulandshahr-2017-02-11,bulandshahr,,2017-02-11,0,28.40392,77.85773,0,0.0,3.8,3.8,20.26,0.0,0.0,0.03,0.0,209.0,1.171,30,19,0.0,208.0
NEG-bulandshahr-2023-02-17,bulandshahr,,2023-02-17,0,28.40392,77.85773,0,0.0,0.0,0.0,28.1,0.0,0.0,0.03,-40.0,209.0,1.171,33,21,0.0,131.0
NEG-bulandshahr-2023-08-02,bulandshahr,,2023-08-02,0,28.40392,77.85773,0,3.3,76.39999999999999,103.1,28.240000000000002,16.1,37.9,0.26,225.0,209.0,1.171,33,21,0.0,297.0
NEG-bundi-2016-04-07,bundi,,2016-04-07,0,21.78062,83.91393,0,2.3,2.5,2.5,46.11000000000001,0.0,0.0,5.87,-4.2,205.0,1.351,20,16,0.0,3514.0
NEG-bundi-2015-05-12,bundi,,2015-05-12,0,21.78062,83.91393,0,2.7,2.7,3.9,46.38,1.3,2.0,8.68,-7.2,205.0,1.351,20,16,0.0,3183.0
NEG-bundi-2022-05-28,bundi,,2022-05-28,0,21.78062,83.91393,0,0.2,2.7,13.699999999999998,46.32000000000001,2.2,0.0,7.0,-34.7,205.0,1.351,29,20,0.0,147.0
NEG-bundi-2021-11-23,bundi,,2021-11-23,0,21.78062,83.91393,0,10.1,10.2,76.49999999999999,20.750000000000004,0.0,0.0,29.55,-27.5,205.0,1.351,28,19,0.0,110.0
NEG-bundi-2023-08-04,bundi,,2023-08-04,0,21.78062,83.91393,0,160.8,271.7,323.19999999999993,20.190000000000005,4.1,8.1,203.64,226.4,205.0,1.351,30,20,0.0,347.0
NEG-bundi-2015-03-06,bundi,,2015-03-06,0,21.78062,83.91393,0,0.3,3.5999999999999996,3.5999999999999996,33.55,0.0,0.0,9.67,-2.9,205.0,1.351,20,16,0.0,3116.0
NEG-bundi-2017-09-12,bundi,,2017-09-12,0,21.78062,83.91393,0,29.5,39.0,113.9,24.78,4.5,3.7,208.89,-11.9,205.0,1.351,20,16,0.0,4037.0
NEG-bundi-2017-04-24,bundi,,2017-04-24,0,21.78062,83.91393,0,0.0,0.0,2.2,57.99999999999999,0.0,0.0,6.24,0.5,205.0,1.351,20,16,0.0,3896.0
NEG-bundi-2015-10-03,bundi,,2015-10-03,0,21.78062,83.91393,0,0.8999999999999999,0.8999999999999999,44.7,28.639999999999997,0.1,0.0,108.65,-21.5,205.0,1.351,20,16,0.0,3327.0
NEG-bundi-2016-02-18,bundi,,2016-02-18,0,21.78062,83.91393,0,0.0,0.0,0.0,28.98,0.0,0.0,8.16,-6.0,205.0,1.351,20,16,0.0,3465.0
NEG-bundi-2021-08-29,bundi,,2021-08-29,0,21.78062,83.91393,0,26.6,34.7,150.50000000000003,25.009999999999998,3.2,6.3,145.55,-2.7,205.0,1.351,28,19,0.0,24.0
NEG-bundi-2015-05-18,bundi,,2015-05-18,0,21.78062,83.91393,0,11.7,17.5,17.9,40.79,0.0,0.0,9.26,6.1,205.0,1.351,20,16,0.0,3189.0
NEG-bundi-2020-01-03,bundi,,2020-01-03,0,21.78062,83.91393,0,0.1,0.6,4.1,22.32,0.0,0.0,15.87,1.5,205.0,1.351,27,18,0.0,109.0
NEG-bundi-2021-09-14,bundi,,2021-09-14,0,21.78062,83.91393,0,93.1,117.6,167.6,23.189999999999998,20.7,2.9,141.23,22.4,205.0,1.351,28,19,0.0,40.0
NEG-bundi-2022-07-15,bundi,,2022-07-15,0,21.78062,83.91393,0,140.0,174.5,268.7,26.680000000000007,17.6,24.9,33.59,32.8,205.0,1.351,29,20,0.0,195.0
NEG-bundi-2022-11-20,bundi,,2022-11-20,0,21.78062,83.91393,0,0.0,0.0,0.0,27.17,0.0,0.0,25.18,-30.8,205.0,1.351,30,20,0.0,90.0
NEG-bundi-2015-07-19,bundi,,2015-07-19,0,21.78062,83.91393,0,29.9,47.6,210.0,22.91,2.1,7.3,129.62,9.7,205.0,1.351,20,16,0.0,3251.0
NEG-bundi-2017-09-29,bundi,,2017-09-29,0,21.78062,83.91393,0,17.0,19.9,193.6,28.0,8.0,7.4,205.06,-19.2,205.0,1.351,20,16,0.0,4054.0
NEG-bundi-2023-04-22,bundi,,2023-04-22,0,21.78062,83.91393,0,1.4,1.4,1.9,46.36,2.1,0.0,8.91,-1.8,205.0,1.351,30,20,0.0,243.0
NEG-bundi-2015-07-01,bundi,,2015-07-01,0,21.78062,83.91393,0,45.6,64.9,186.00000000000003,26.12,12.8,11.6,26.8,17.7,205.0,1.351,20,16,0.0,3233.0
NEG-bundi-2019-12-03,bundi,,2019-12-03,0,21.78062,83.91393,0,0.0,0.0,0.0,22.82,0.0,0.0,41.27,-25.8,205.0,1.351,27,18,0.0,78.0
NEG-bundi-2017-08-17,bundi,,2017-08-17,0,21.78062,83.91393,0,36.0,78.10000000000001,195.29999999999998,20.16,21.4,1.4,280.84,-2.3,205.0,1.351,20,16,0.0,4011.0
NEG-bundi-2021-01-19,bundi,,2021-01-19,0,21.78062,83.91393,0,0.0,0.0,0.0,28.97,0.0,0.0,12.65,-8.3,205.0,1.351,27,18,0.0,491.0
NEG-bundi-2017-06-08,bundi,,2017-06-08,0,21.78062,83.91393,0,7.4,10.799999999999999,29.6,47.98,0.7,0.8,0.12,33.3,205.0,1.351,20,16,0.0,3941.0
NEG-bundi-2023-06-17,bundi,,2023-06-17,0,21.78062,83.91393,0,0.5,0.6000000000000001,0.7,56.05,0.0,0.1,0.12,0.0,205.0,1.351,30,20,0.0,299.0
NEG-bundi-2023-09-14,bundi,,2023-09-14,0,21.78062,83.91393,0,40.7,93.4,193.89999999999995,23.959999999999997,3.2,14.0,126.35,1.4,205.0,1.351,30,20,0.0,388.0
NEG-bundi-2015-08-20,bundi,,2015-08-20,0,21.78062,83.91393,0,21.6,43.400000000000006,70.2,20.77,1.1,1.9,260.82,-13.9,205.0,1.351,20,16,0.0,3283.0
NEG-bundi-2016-07-27,bundi,,2016-07-27,0,21.78062,83.91393,0,35.3,70.39999999999999,135.39999999999998,20.470000000000002,2.1,2.8,38.08,74.7,205.0,1.351,20,16,0.0,3625.0
NEG-bundi-2020-08-25,bundi,,2020-08-25,0,21.78062,83.91393,0,23.6,109.8,274.3,20.6,36.4,79.5,275.69,6.4,205.0,1.351,27,18,0.0,344.0
NEG-bundi-2018-03-30,bundi,,2018-03-30,0,21.78062,83.91393,0,0.0,0.0,1.2,51.57,0.0,1.5,7.43,-4.6,205.0,1.351,20,16,0.0,4236.0
NEG-burhanpur-2017-08-17,burhanpur,,2017-08-17,0,21.30868,76.23026,0,5.9,9.9,19.2,30.020000000000003,8.2,41.5,12.21,-51.2,249.0,1.892,14,13,0.0,760.0
NEG-burhanpur-2023-03-16,burhanpur,,2023-03-16,0,21.30868,76.23026,0,0.9,0.9,7.6,38.88,11.5,0.0,6.78,-13.9,249.0,1.892,19,17,0.0,182.0
NEG-burhanpur-2021-06-17,burhanpur,,2021-06-17,0,21.30868,76.23026,0,0.7,6.9,37.8,43.550000000000004,0.0,0.0,1.78,3.5,249.0,1.892,17,16,0.0,190.0
NEG-burhanpur-2018-07-30,burhanpur,,2018-07-30,0,21.30868,76.23026,0,1.2999999999999998,35.199999999999996,80.30000000000001,22.02,1.9,1.9,213.78,-21.0,249.0,1.892,14,13,0.0,1107.0
NEG-burhanpur-2021-06-23,burhanpur,,2021-06-23,0,21.30868,76.23026,0,8.7,9.2,20.4,43.65,14.9,12.9,1.88,7.4,249.0,1.892,17,16,0.0,196.0
NEG-burhanpur-2021-09-15,burhanpur,,2021-09-15,0,21.30868,76.23026,0,16.0,41.3,140.50000000000003,22.53,6.0,0.5,337.84,-19.3,249.0,1.892,17,16,0.0,280.0
NEG-burhanpur-2023-08-31,burhanpur,,2023-08-31,0,21.30868,76.23026,0,1.0,4.3,87.89999999999999,33.09,0.0,0.1,308.03,-37.3,249.0,1.892,19,17,0.0,350.0
NEG-burhanpur-2022-07-17,burhanpur,,2022-07-17,0,21.30868,76.23026,0,40.2,242.89999999999998,344.09999999999997,15.919999999999998,104.6,2.7,1123.61,-48.1,249.0,1.892,17,16,0.0,585.0
NEG-burhanpur-2018-08-06,burhanpur,,2018-08-06,0,21.30868,76.23026,0,7.2,14.799999999999999,49.99999999999999,31.78,0.6,17.4,150.36,-29.7,249.0,1.892,14,13,0.0,1114.0
NEG-burhanpur-2017-08-28,burhanpur,,2017-08-28,0,21.30868,76.23026,0,23.8,41.4,121.80000000000001,16.9,13.4,1.4,57.21,135.5,249.0,1.892,14,13,0.0,771.0
NEG-burhanpur-2018-05-21,burhanpur,,2018-05-21,0,21.30868,76.23026,0,0.0,0.0,0.2,56.32,0.0,0.1,0.5,-5.7,249.0,1.892,14,13,0.0,1037.0
NEG-burhanpur-2016-08-09,burhanpur,,2016-08-09,0,21.30868,76.23026,0,17.9,73.2,178.0,11.780000000000001,9.3,0.1,876.0,-25.5,249.0,1.892,14,13,0.0,387.0
NEG-burhanpur-2022-05-28,burhanpur,,2022-05-28,0,21.30868,76.23026,0,0.0,0.0,0.0,58.709999999999994,0.0,0.0,0.47,-6.0,249.0,1.892,17,16,0.0,535.0
NEG-burhanpur-2020-11-05,burhanpur,,2020-11-05,0,21.30868,76.23026,0,0.0,0.0,0.5,32.42999999999999,0.0,0.0,84.31,-32.8,249.0,1.892,16,15,0.0,450.0
NEG-burhanpur-2017-06-24,burhanpur,,2017-06-24,0,21.30868,76.23026,0,7.9,8.9,44.00000000000001,45.269999999999996,1.0,3.3,2.13,-32.6,249.0,1.892,14,13,0.0,706.0
NEG-burhanpur-2018-05-15,burhanpur,,2018-05-15,0,21.30868,76.23026,0,0.2,0.2,0.2,55.82,0.0,0.0,0.56,5.7,249.0,1.892,14,13,0.0,1031.0
NEG-burhanpur-2018-02-01,burhanpur,,2018-02-01,0,21.30868,76.23026,0,0.0,0.0,0.0,31.950000000000003,0.0,0.0,4.43,-25.2,249.0,1.892,14,13,0.0,928.0
NEG-burhanpur-2015-09-07,burhanpur,,2015-09-07,0,21.30868,76.23026,0,0.8,4.7,22.099999999999994,28.990000000000002,2.2,7.5,235.59,-23.9,249.0,1.892,14,13,0.0,50.0
NEG-buxar-2021-03-30,buxar,,2021-03-30,0,25.57548,83.98043,0,0.0,0.0,0.0,42.78,0.0,0.0,0.03,0.0,68.0,1.441,36,22,0.0,509.0
NEG-buxar-2021-08-20,buxar,,2021-08-20,0,25.57548,83.98043,0,51.3,59.0,175.8,28.74,16.0,7.5,0.83,-30.3,68.0,1.441,37,23,0.0,13.0
NEG-buxar-2023-03-31,buxar,,2023-03-31,0,25.57548,83.98043,0,0.0,0.6,48.89999999999999,40.33,8.7,0.0,0.03,-50.0,68.0,1.441,37,23,0.0,601.0
NEG-buxar-2016-12-18,buxar,,2016-12-18,0,25.57548,83.98043,0,0.0,0.0,0.0,20.029999999999998,0.0,0.0,0.05,0.0,68.0,1.441,33,21,0.0,117.0
NEG-buxar-2022-01-08,buxar,,2022-01-08,0,25.57548,83.98043,0,0.5,0.5,12.8,13.200000000000001,0.7,1.0,0.06,-33.3,68.0,1.441,37,23,0.0,154.0
NEG-buxar-2022-08-12,buxar,,2022-08-12,0,25.57548,83.98043,0,7.9,48.800000000000004,138.29999999999998,35.589999999999996,21.8,7.8,0.08,-69.2,68.0,1.441,37,23,0.0,370.0
NEG-buxar-2019-10-16,buxar,,2019-10-16,0,25.57548,83.98043,0,0.5,4.3999999999999995,54.3,23.979999999999997,0.7,0.1,1.02,-41.4,68.0,1.441,35,22,0.0,248.0
NEG-buxar-2021-03-26,buxar,,2021-03-26,0,25.57548,83.98043,0,0.0,0.0,0.2,40.8,0.0,0.0,0.03,0.0,68.0,1.441,36,22,0.0,505.0
NEG-buxar-2020-07-23,buxar,,2020-07-23,0,25.57548,83.98043,0,46.099999999999994,69.7,167.8,24.839999999999996,34.8,38.3,2.11,13.4,68.0,1.441,36,22,0.0,259.0
NEG-buxar-2015-07-12,buxar,,2015-07-12,0,25.57548,83.98043,0,36.199999999999996,88.60000000000001,283.09999999999997,17.7,4.8,0.9,0.86,53.6,68.0,1.441,31,19,0.0,2863.0
NEG-buxar-2018-11-11,buxar,,2018-11-11,0,25.57548,83.98043,0,0.0,0.0,0.3,23.6,0.0,0.0,0.04,0.0,68.0,1.441,33,21,0.0,810.0
NEG-buxar-2022-03-20,buxar,,2022-03-20,0,25.57548,83.98043,0,0.0,0.0,0.0,38.32,0.0,0.0,0.06,0.0,68.0,1.441,37,23,0.0,225.0
NEG-buxar-2022-07-12,buxar,,2022-07-12,0,25.57548,83.98043,0,1.3,3.1,109.10000000000001,45.93,2.2,0.4,0.03,-75.0,68.0,1.441,37,23,0.0,339.0
NEG-buxar-2019-04-11,buxar,,2019-04-11,0,25.57548,83.98043,0,3.9,10.6,10.6,39.93,0.0,0.0,0.03,0.0,68.0,1.441,35,22,0.0,60.0
NEG-buxar-2023-10-24,buxar,,2023-10-24,0,25.57548,83.98043,0,0.0,0.0,0.3,26.099999999999998,0.0,0.0,0.24,-56.4,68.0,1.441,37,23,0.0,808.0
NEG-buxar-2020-11-18,buxar,,2020-11-18,0,25.57548,83.98043,0,0.0,0.0,0.0,21.97,0.0,0.0,0.06,0.0,68.0,1.441,36,22,0.0,377.0
NEG-buxar-2018-07-29,buxar,,2018-07-29,0,25.57548,83.98043,0,76.80000000000001,140.70000000000002,178.89999999999998,21.199999999999996,7.8,5.8,0.53,278.6,68.0,1.441,33,21,0.0,705.0
NEG-buxar-2022-10-23,buxar,,2022-10-23,0,25.57548,83.98043,0,0.0,0.3,39.3,25.15,0.0,0.0,0.3,-55.9,68.0,1.441,37,23,0.0,442.0
NEG-central-2019-09-02,central,,2019-09-02,0,12.91552,77.65248,0,5.0,20.1,64.30000000000001,24.18,3.0,5.1,6.8,174.2,899.0,1.712,15,8,0.0,8086.0
NEG-central-2019-07-31,central,,2019-07-31,0,12.91552,77.65248,0,0.6000000000000001,18.099999999999998,69.00000000000001,23.72,0.4,0.4,1.77,-85.4,899.0,1.712,15,8,0.0,8053.0
NEG-central-2016-09-03,central,,2016-09-03,0,12.91552,77.65248,0,7.800000000000001,21.9,37.800000000000004,21.490000000000002,0.2,0.0,3.03,-56.5,899.0,1.712,15,8,0.0,6992.0
NEG-chamba-2018-05-13,chamba,,2018-05-13,0,32.55531,76.12647,0,0.4,20.5,30.099999999999998,34.51,0.3,2.7,2.5,2.5,946.0,24.685,61,27,0.0,300.0
NEG-chamba-2019-03-22,chamba,,2019-03-22,0,32.55531,76.12647,0,19.9,22.7,75.2,23.54,4.0,0.0,7.65,-1.3,946.0,24.685,62,28,0.0,287.0
NEG-chamba-2017-01-23,chamba,,2017-01-23,0,32.55531,76.12647,0,1.7,19.799999999999997,26.8,12.66,10.3,37.9,2.56,-1.5,946.0,24.685,57,26,0.0,151.0
NEG-chamba-2023-06-18,chamba,,2023-06-18,0,32.55531,76.12647,0,1.5,8.4,33.199999999999996,32.870000000000005,0.2,1.1,4.79,-1.6,946.0,24.685,71,32,0.0,266.0
NEG-chamba-2021-01-12,chamba,,2021-01-12,0,32.55531,76.12647,0,0.0,37.6,53.300000000000004,12.750000000000002,0.0,0.0,3.22,8.4,946.0,24.685,64,30,0.0,202.0
NEG-chamba-2020-04-23,chamba,,2020-04-23,0,32.55531,76.12647,0,2.5,31.0,34.4,24.22,0.0,0.3,8.1,9.3,946.0,24.685,63,29,0.0,250.0
NEG-chamba-2017-09-14,chamba,,2017-09-14,0,32.55531,76.12647,0,0.3,19.900000000000002,52.6,28.94,0.0,0.0,7.15,-11.7,946.0,24.685,61,27,0.0,59.0
NEG-chamba-2018-05-16,chamba,,2018-05-16,0,32.55531,76.12647,0,4.300000000000001,4.7,34.400000000000006,37.160000000000004,0.0,0.4,2.5,-1.2,946.0,24.685,61,27,0.0,303.0
NEG-chamba-2022-12-08,chamba,,2022-12-08,0,32.55531,76.12647,0,0.0,0.0,0.0,15.5,2.8,11.3,4.04,-12.2,946.0,24.685,71,32,0.0,74.0
NEG-chamba-2020-03-11,chamba,,2020-03-11,0,32.55531,76.12647,0,9.3,41.300000000000004,48.70000000000001,16.95,35.5,31.2,4.22,11.3,946.0,24.685,63,29,0.0,207.0
NEG-chamba-2015-08-25,chamba,,2015-08-25,0,32.55531,76.12647,0,14.7,53.0,161.89999999999998,22.919999999999995,3.0,3.6,14.78,-7.5,946.0,24.685,51,25,0.0,17.0
NEG-chamba-2021-04-22,chamba,,2021-04-22,0,32.55531,76.12647,0,55.1,85.6,88.9,22.0,18.3,0.0,7.85,143.8,946.0,24.685,64,30,0.0,302.0
NEG-chamba-2019-09-03,chamba,,2019-09-03,0,32.55531,76.12647,0,18.4,20.299999999999997,32.4,26.28,1.6,3.6,9.86,-8.5,946.0,24.685,63,29,0.0,17.0
NEG-chamba-2021-04-01,chamba,,2021-04-01,0,32.55531,76.12647,0,6.8,6.8999999999999995,70.8,31.509999999999998,0.1,0.0,2.94,-7.8,946.0,24.685,64,30,0.0,281.0
NEG-chamba-2020-12-10,chamba,,2020-12-10,0,32.55531,76.12647,0,16.8,17.1,19.200000000000003,13.82,2.3,20.5,3.17,3.9,946.0,24.685,64,30,0.0,169.0
NEG-chamba-2019-05-10,chamba,,2019-05-10,0,32.55531,76.12647,0,0.1,0.30000000000000004,8.399999999999999,42.42,1.5,1.3,9.5,-8.2,946.0,24.685,62,28,0.0,336.0
NEG-chamba-2017-09-21,chamba,,2017-09-21,0,32.55531,76.12647,0,0.5,0.6,20.499999999999996,29.89,5.4,9.0,6.19,-13.4,946.0,24.685,61,27,0.0,66.0
NEG-chamba-2017-11-10,chamba,,2017-11-10,0,32.55531,76.12647,0,1.7999999999999998,2.1999999999999997,5.300000000000001,18.79,0.0,0.0,2.98,-5.1,946.0,24.685,61,27,0.0,116.0
NEG-chamba-2017-04-12,chamba,,2017-04-12,0,32.55531,76.12647,0,0.5,140.10000000000002,147.1,28.790000000000003,0.0,0.4,8.44,-59.5,946.0,24.685,57,26,0.0,230.0
NEG-chamba-2018-09-14,chamba,,2018-09-14,0,32.55531,76.12647,0,17.5,54.5,83.0,22.080000000000002,7.0,0.3,7.95,-3.9,946.0,24.685,62,28,0.0,98.0
NEG-chamba-2022-04-02,chamba,,2022-04-02,0,32.55531,76.12647,0,0.0,0.0,1.7999999999999998,39.19,0.0,0.0,5.12,-4.1,946.0,24.685,66,31,0.0,249.0
NEG-chamba-2015-11-20,chamba,,2015-11-20,0,32.55531,76.12647,0,0.0,2.5,6.1000000000000005,18.03,0.0,0.0,4.79,-9.3,946.0,24.685,51,25,0.0,104.0
NEG-chamba-2020-01-17,chamba,,2020-01-17,0,32.55531,76.12647,0,6.800000000000001,50.0,88.4,9.330000000000002,0.2,0.0,4.5,27.5,946.0,24.685,63,29,0.0,153.0
NEG-chamba-2019-02-28,chamba,,2019-02-28,0,32.55531,76.12647,0,7.3,85.7,164.20000000000002,12.44,0.0,19.3,7.63,-59.0,946.0,24.685,62,28,0.0,265.0
NEG-chamba-2016-01-14,chamba,,2016-01-14,0,32.55531,76.12647,0,0.9,4.5,9.1,13.84,0.0,0.0,3.07,-3.2,946.0,24.685,51,25,0.0,159.0
NEG-chamba-2021-01-02,chamba,,2021-01-02,0,32.55531,76.12647,0,0.0,3.0,3.0,13.45,10.5,4.5,2.86,-1.7,946.0,24.685,64,30,0.0,192.0
NEG-chamba-2023-02-15,chamba,,2023-02-15,0,32.55531,76.12647,0,0.0,74.19999999999999,98.4,16.310000000000002,0.0,0.0,4.25,3.9,946.0,24.685,71,32,0.0,143.0
NEG-chamba-2017-02-19,chamba,,2017-02-19,0,32.55531,76.12647,0,0.8,0.8,70.19999999999999,21.71,15.5,15.0,4.28,0.7,946.0,24.685,57,26,0.0,178.0
NEG-chamba-2018-01-04,chamba,,2018-01-04,0,32.55531,76.12647,0,0.1,0.1,6.999999999999999,15.91,1.3,0.0,2.64,-1.9,946.0,24.685,61,27,0.0,171.0
NEG-chamba-2019-03-25,chamba,,2019-03-25,0,32.55531,76.12647,0,4.1,24.200000000000003,76.49999999999999,23.400000000000002,0.0,0.0,7.49,-1.3,946.0,24.685,62,28,0.0,290.0
NEG-chamba-2022-07-22,chamba,,2022-07-22,0,32.55531,76.12647,0,25.0,48.7,141.3,23.810000000000002,7.0,6.8,15.98,141.4,946.0,24.685,67,32,0.0,23.0
NEG-chamba-2021-10-13,chamba,,2021-10-13,0,32.55531,76.12647,0,0.5,0.6,9.399999999999999,27.6,0.0,0.0,5.7,-11.8,946.0,24.685,66,31,0.0,78.0
NEG-chamba-2021-10-05,chamba,,2021-10-05,0,32.55531,76.12647,0,5.3999999999999995,9.700000000000001,22.1,23.979999999999997,0.0,0.0,6.62,-10.3,946.0,24.685,66,31,0.0,70.0
NEG-chamba-2015-10-26,chamba,,2015-10-26,0,32.55531,76.12647,0,10.0,11.100000000000001,23.0,19.560000000000002,0.7,0.0,6.76,-4.7,946.0,24.685,51,25,0.0,79.0
NEG-chamba-2017-02-09,chamba,,2017-02-09,0,32.55531,76.12647,0,8.0,73.6,134.0,14.12,0.0,0.0,4.75,32.3,946.0,24.685,57,26,0.0,168.0
NEG-chamba-2023-02-14,chamba,,2023-02-14,0,32.55531,76.12647,0,3.6,74.19999999999999,102.6,15.620000000000001,0.0,0.0,4.31,3.9,946.0,24.685,71,32,0.0,142.0
NEG-chamba-2022-07-13,chamba,,2022-07-13,0,32.55531,76.12647,0,36.5,62.5,81.9,27.46,33.5,23.4,3.72,22.0,946.0,24.685,67,32,0.0,14.0
NEG-chamba-2021-04-08,chamba,,2021-04-08,0,32.55531,76.12647,0,29.9,31.0,37.9,28.720000000000002,0.2,0.0,3.47,18.0,946.0,24.685,64,30,0.0,288.0
NEG-chamba-2020-05-17,chamba,,2020-05-17,0,32.55531,76.12647,0,2.3000000000000003,8.6,17.2,32.37,0.2,0.6,7.69,-2.8,946.0,24.685,63,29,0.0,274.0
NEG-chamba-2017-05-05,chamba,,2017-05-05,0,32.55531,76.12647,0,8.1,17.3,31.1,34.160000000000004,0.1,0.2,7.09,-7.1,946.0,24.685,57,26,0.0,253.0
NEG-chamba-2018-09-25,chamba,,2018-09-25,0,32.55531,76.12647,0,185.1,185.3,210.9,22.37,0.0,0.0,22.88,215.2,946.0,24.685,62,28,0.0,109.0
NEG-chamba-2018-05-26,chamba,,2018-05-26,0,32.55531,76.12647,0,0.4,1.7000000000000002,7.7,45.78,0.2,0.0,2.16,-13.6,946.0,24.685,61,27,0.0,313.0
NEG-chamba-2015-03-04,chamba,,2015-03-04,0,32.55531,76.12647,0,93.4,165.5,196.5,11.119999999999997,12.3,0.0,9.38,-8.5,946.0,24.685,49,24,0.0,568.0
NEG-chamba-2017-05-17,chamba,,2017-05-17,0,32.55531,76.12647,0,12.0,15.2,24.700000000000003,37.489999999999995,2.0,3.7,6.53,-3.0,946.0,24.685,57,26,0.0,265.0
NEG-chamba-2017-02-17,chamba,,2017-02-17,0,32.55531,76.12647,0,0.3,0.3,73.99999999999999,23.07,0.5,11.9,4.04,-11.4,946.0,24.685,57,26,0.0,176.0
NEG-chamba-2023-04-26,chamba,,2023-04-26,0,32.55531,76.12647,0,1.0,122.4,133.3,26.42,2.6,0.1,5.03,11.0,946.0,24.685,71,32,0.0,213.0
NEG-chamba-2016-04-25,chamba,,2016-04-25,0,32.55531,76.12647,0,4.199999999999999,7.699999999999999,15.2,34.07,0.0,1.2,5.34,-4.0,946.0,24.685,51,25,0.0,261.0
NEG-chamba-2023-05-18,chamba,,2023-05-18,0,32.55531,76.12647,0,2.5999999999999996,2.5999999999999996,55.4,39.01,0.1,0.0,4.69,-7.5,946.0,24.685,71,32,0.0,235.0
NEG-chamba-2023-06-17,chamba,,2023-06-17,0,32.55531,76.12647,0,1.1,23.1,32.4,32.660000000000004,1.1,0.2,4.86,1.0,946.0,24.685,71,32,0.0,265.0
NEG-chamba-2020-05-15,chamba,,2020-05-15,0,32.55531,76.12647,0,8.0,9.2,21.200000000000003,31.259999999999998,0.0,0.0,7.81,-1.5,946.0,24.685,63,29,0.0,272.0
NEG-chamba-2017-09-20,chamba,,2017-09-20,0,32.55531,76.12647,0,0.0,0.1,24.6,31.13,3.2,5.4,6.28,-13.7,946.0,24.685,61,27,0.0,65.0
NEG-chamba-2022-10-20,chamba,,2022-10-20,0,32.55531,76.12647,0,5.0,5.1,19.6,23.47,1.2,0.0,9.54,-11.5,946.0,24.685,71,32,0.0,25.0
NEG-chamba-2021-10-11,chamba,,2021-10-11,0,32.55531,76.12647,0,0.30000000000000004,1.6,10.1,26.89,0.1,0.0,5.56,-17.5,946.0,24.685,66,31,0.0,76.0
NEG-chamba-2022-11-22,chamba,,2022-11-22,0,32.55531,76.12647,0,0.0,3.5999999999999996,56.3,15.450000000000001,0.0,0.0,5.46,-9.2,946.0,24.685,71,32,0.0,58.0
NEG-chamba-2017-04-17,chamba,,2017-04-17,0,32.55531,76.12647,0,0.4,0.4,143.20000000000002,40.47,0.0,1.2,7.75,-17.6,946.0,24.685,57,26,0.0,235.0
NEG-chamba-2019-06-13,chamba,,2019-06-13,0,32.55531,76.12647,0,5.8,6.3999999999999995,8.7,42.06,0.0,0.0,6.13,-8.0,946.0,24.685,62,28,0.0,370.0
NEG-chamba-2017-09-07,chamba,,2017-09-07,0,32.55531,76.12647,0,7.0,32.7,67.10000000000001,24.049999999999997,0.5,0.2,8.1,-8.6,946.0,24.685,61,27,0.0,52.0
NEG-chamba-2021-03-11,chamba,,2021-03-11,0,32.55531,76.12647,0,2.6,5.4,37.6,24.69,4.1,0.0,2.6,-0.8,946.0,24.685,64,30,0.0,260.0
NEG-chamba-2018-08-10,chamba,,2018-08-10,0,32.55531,76.12647,0,25.900000000000002,146.8,161.0,18.610000000000003,2.7,53.4,11.13,32.2,946.0,24.685,62,28,0.0,63.0
NEG-chamba-2023-09-12,chamba,,2023-09-12,0,32.55531,76.12647,0,2.5,3.8000000000000003,9.200000000000001,31.21,0.9,1.4,13.13,-14.0,946.0,24.685,72,33,0.0,65.0
NEG-chamba-2018-03-05,chamba,,2018-03-05,0,32.55531,76.12647,0,19.799999999999997,26.599999999999998,55.50000000000001,19.67,0.0,0.0,2.56,2.4,946.0,24.685,61,27,0.0,231.0
NEG-chamba-2019-04-09,chamba,,2019-04-09,0,32.55531,76.12647,0,11.1,12.6,13.5,33.85,0.3,0.0,8.25,8.1,946.0,24.685,62,28,0.0,305.0
NEG-chamba-2020-03-24,chamba,,2020-03-24,0,32.55531,76.12647,0,7.1,9.2,106.4,26.79,0.0,0.0,5.65,-3.3,946.0,24.685,63,29,0.0,220.0
NEG-chamba-2020-12-25,chamba,,2020-12-25,0,32.55531,76.12647,0,0.0,0.0,22.8,16.77,0.0,2.5,2.92,-6.1,946.0,24.685,64,30,0.0,184.0
NEG-chamba-2022-04-11,chamba,,2022-04-11,0,32.55531,76.12647,0,0.0,0.0,0.0,40.92,0.2,10.5,4.75,-5.6,946.0,24.685,66,31,0.0,258.0
NEG-chamba-2019-01-11,chamba,,2019-01-11,0,32.55531,76.12647,0,1.3,20.3,27.7,9.24,6.6,1.7,2.5,1.2,946.0,24.685,62,28,0.0,217.0
NEG-chamba-2017-12-07,chamba,,2017-12-07,0,32.55531,76.12647,0,1.3,1.3,1.7999999999999998,15.91,0.0,0.0,2.72,-1.8,946.0,24.685,61,27,0.0,143.0
NEG-chamba-2019-01-13,chamba,,2019-01-13,0,32.55531,76.12647,0,9.2,15.399999999999999,35.699999999999996,10.190000000000001,0.0,0.0,2.56,0.0,946.0,24.685,62,28,0.0,219.0
NEG-chamba-2020-10-01,chamba,,2020-10-01,0,32.55531,76.12647,0,0.0,2.0,2.5,30.330000000000002,0.0,0.0,6.64,-13.2,946.0,24.685,64,30,0.0,99.0
NEG-chamoli-2020-07-29,chamoli,,2020-07-29,0,30.40271,79.33303,0,107.6,135.9,255.09999999999997,24.46,1.2,10.6,250.77,3.3,1102.0,40.18,28,17,0.0,234.0
NEG-chamoli-2020-03-23,chamoli,,2020-03-23,0,30.40271,79.33303,0,0.1,0.1,17.3,26.31,2.0,0.4,33.83,-6.0,1102.0,40.18,28,17,0.0,106.0
NEG-chamoli-2016-02-08,chamoli,,2016-02-08,0,30.40271,79.33303,0,16.9,16.9,26.5,18.51,1.0,6.5,27.12,-1.7,1102.0,40.18,22,15,0.0,969.0
NEG-chamoli-2023-02-07,chamoli,,2023-02-07,0,30.40271,79.33303,0,3.5,3.5,34.7,18.7,0.0,0.9,42.45,-3.7,1102.0,40.18,31,19,0.0,479.0
NEG-chamoli-2020-04-07,chamoli,,2020-04-07,0,30.40271,79.33303,0,0.2,2.4000000000000004,17.900000000000002,29.89,0.8,0.0,35.9,-5.7,1102.0,40.18,28,17,0.0,121.0
NEG-chamoli-2018-08-04,chamoli,,2018-08-04,0,30.40271,79.33303,0,19.6,63.6,176.2,17.439999999999998,14.9,5.7,277.61,-13.9,1102.0,40.18,23,16,0.0,762.0
NEG-chamoli-2017-04-12,chamoli,,2017-04-12,0,30.40271,79.33303,0,0.0,47.7,48.800000000000004,28.509999999999998,0.0,0.4,28.72,20.2,1102.0,40.18,23,16,0.0,283.0
NEG-chamoli-2019-02-27,chamoli,,2019-02-27,0,30.40271,79.33303,0,7.8,35.0,76.69999999999999,15.149999999999999,0.2,0.0,44.08,9.4,1102.0,40.18,24,17,0.0,21.0
NEG-chamoli-2018-07-05,chamoli,,2018-07-05,0,30.40271,79.33303,0,93.8,174.8,187.20000000000002,25.2,3.1,0.2,115.14,178.4,1102.0,40.18,23,16,0.0,732.0
NEG-chamoli-2019-08-23,chamoli,,2019-08-23,0,30.40271,79.33303,0,10.3,60.0,198.8,19.79,1.0,5.4,280.19,-2.5,1102.0,40.18,27,17,0.0,15.0
NEG-chamoli-2015-07-07,chamoli,,2015-07-07,0,30.40271,79.33303,0,31.5,85.9,151.5,20.54,11.5,17.1,141.56,63.3,1102.0,40.18,22,15,0.0,753.0
NEG-chamoli-2021-04-23,chamoli,,2021-04-23,0,30.40271,79.33303,0,22.3,32.0,32.2,27.29,0.0,0.0,31.28,12.6,1102.0,40.18,30,19,0.0,75.0
NEG-chamoli-2017-06-25,chamoli,,2017-06-25,0,30.40271,79.33303,0,3.3,24.5,36.8,30.77,5.1,14.3,37.46,32.0,1102.0,40.18,23,16,0.0,357.0
NEG-chamoli-2023-04-25,chamoli,,2023-04-25,0,30.40271,79.33303,0,1.9,8.9,8.9,28.129999999999995,0.0,0.6,36.5,2.2,1102.0,40.18,31,19,0.0,556.0
NEG-chamoli-2016-08-20,chamoli,,2016-08-20,0,30.40271,79.33303,0,31.599999999999998,82.6,264.0,18.11,4.6,16.7,166.88,-16.3,1102.0,40.18,23,16,0.0,48.0
NEG-chamoli-2015-03-08,chamoli,,2015-03-08,0,30.40271,79.33303,0,0.6,72.39999999999999,108.89999999999998,16.29,10.5,0.0,42.15,10.4,1102.0,40.18,22,15,0.0,632.0
NEG-chamoli-2017-12-04,chamoli,,2017-12-04,0,30.40271,79.33303,0,0.0,0.0,0.0,16.62,0.0,0.0,35.73,-7.7,1102.0,40.18,23,16,0.0,519.0
NEG-chamoli-2021-03-16,chamoli,,2021-03-16,0,30.40271,79.33303,0,0.0,0.1,9.0,27.04,0.0,0.0,30.62,-8.4,1102.0,40.18,30,19,0.0,37.0
NEG-chamoli-2021-07-20,chamoli,,2021-07-20,0,30.40271,79.33303,0,75.0,105.69999999999999,158.1,23.479999999999997,5.1,6.3,326.34,36.0,1102.0,40.18,30,19,0.0,163.0
NEG-chamoli-2021-06-30,chamoli,,2021-06-30,0,30.40271,79.33303,0,5.7,7.3,226.6,31.829999999999995,6.8,6.1,157.85,-14.8,1102.0,40.18,30,19,0.0,143.0
NEG-chamoli-2023-01-28,chamoli,,2023-01-28,0,30.40271,79.33303,0,7.8,7.8999999999999995,32.7,17.07,0.1,23.2,43.98,-3.0,1102.0,40.18,31,19,0.0,469.0
NEG-chamoli-2019-09-07,chamoli,,2019-09-07,0,30.40271,79.33303,0,59.0,76.0,111.2,20.89,9.4,0.0,240.55,-0.2,1102.0,40.18,27,17,0.0,30.0
NEG-chamoli-2018-04-24,chamoli,,2018-04-24,0,30.40271,79.33303,0,0.8,6.2,15.5,33.480000000000004,0.0,0.0,21.96,-4.5,1102.0,40.18,23,16,0.0,660.0
NEG-chamoli-2016-09-16,chamoli,,2016-09-16,0,30.40271,79.33303,0,10.4,27.6,48.9,23.83,0.8,1.2,74.16,-17.2,1102.0,40.18,23,16,0.0,75.0
NEG-chamoli-2017-03-14,chamoli,,2017-03-14,0,30.40271,79.33303,0,21.4,66.10000000000001,67.80000000000001,17.7,0.0,3.3,23.32,12.0,1102.0,40.18,23,16,0.0,254.0
NEG-chamoli-2018-09-13,chamoli,,2018-09-13,0,30.40271,79.33303,0,15.100000000000001,28.700000000000003,74.3,24.19,5.6,2.9,224.42,-22.6,1102.0,40.18,23,16,0.0,802.0
NEG-chamoli-2017-07-31,chamoli,,2017-07-31,0,30.40271,79.33303,0,26.9,49.5,88.80000000000001,18.17,3.3,15.4,240.55,20.9,1102.0,40.18,23,16,0.0,393.0
NEG-chamoli-2019-04-05,chamoli,,2019-04-05,0,30.40271,79.33303,0,1.2,2.0,9.1,32.12,6.2,3.7,40.59,6.1,1102.0,40.18,24,17,0.0,58.0
NEG-chamoli-2021-05-22,chamoli,,2021-05-22,0,30.40271,79.33303,0,99.1,100.1,115.2,25.299999999999997,0.0,0.6,57.61,93.1,1102.0,40.18,30,19,0.0,104.0
NEG-chamoli-2017-10-03,chamoli,,2017-10-03,0,30.40271,79.33303,0,0.1,0.30000000000000004,50.7,24.79,0.0,0.0,97.86,-20.5,1102.0,40.18,23,16,0.0,457.0
NEG-chamoli-2020-08-07,chamoli,,2020-08-07,0,30.40271,79.33303,0,5.3,38.50000000000001,308.59999999999997,25.56,12.6,12.5,301.0,18.9,1102.0,40.18,28,17,0.0,243.0
NEG-chamoli-2021-03-05,chamoli,,2021-03-05,0,30.40271,79.33303,0,0.5,1.4,3.0,25.099999999999998,0.0,0.7,30.62,2.2,1102.0,40.18,30,19,0.0,26.0
NEG-chamoli-2022-05-05,chamoli,,2022-05-05,0,30.40271,79.33303,0,8.7,8.7,8.899999999999999,34.88999999999999,2.1,0.6,40.4,-4.8,1102.0,40.18,31,19,0.0,201.0
NEG-chamoli-2022-09-06,chamoli,,2022-09-06,0,30.40271,79.33303,0,59.6,86.6,129.0,26.459999999999997,0.0,2.8,314.5,-11.5,1102.0,40.18,31,19,0.0,325.0
NEG-chamoli-2018-10-14,chamoli,,2018-10-14,0,30.40271,79.33303,0,0.0,0.0,0.2,25.63,0.0,0.0,106.89,-17.9,1102.0,40.18,23,16,0.0,833.0
NEG-chamoli-2017-11-20,chamoli,,2017-11-20,0,30.40271,79.33303,0,4.3,9.3,9.7,15.91,0.0,0.0,43.16,-8.1,1102.0,40.18,23,16,0.0,505.0
NEG-champawat-2023-07-24,champawat,,2023-07-24,0,29.33501,80.07783,0,19.2,47.2,91.0,24.22,4.5,9.0,2.85,-6.6,1637.0,27.117,8,6,0.0,646.0
NEG-champawat-2020-06-24,champawat,,2020-06-24,0,29.33501,80.07783,0,16.099999999999998,55.2,95.7,21.01,8.1,18.5,6.6,-37.5,1637.0,27.117,7,5,0.0,4360.0
NEG-champawat-2023-02-11,champawat,,2023-02-11,0,29.33501,80.07783,0,1.2,1.5,9.5,18.97,0.0,0.0,0.31,-8.8,1637.0,27.117,8,6,0.0,483.0
NEG-chandauli-2022-03-13,chandauli,,2022-03-13,0,25.25803,83.26825,0,0.0,0.0,1.8,36.94,0.0,0.0,0.06,0.0,82.0,0.541,24,15,0.0,1323.0
NEG-chandauli-2023-04-18,chandauli,,2023-04-18,0,25.25803,83.26825,0,0.0,0.0,0.0,58.55000000000001,0.0,0.0,0.09,0.0,82.0,0.541,25,16,0.0,209.0
NEG-chandauli-2020-07-02,chandauli,,2020-07-02,0,25.25803,83.26825,0,116.5,175.20000000000002,291.50000000000006,22.759999999999998,17.1,23.9,1.95,114.3,82.0,0.541,24,15,0.0,704.0
NEG-chandauli-2020-03-02,chandauli,,2020-03-02,0,25.25803,83.26825,0,0.0,9.5,13.3,23.440000000000005,0.3,0.6,0.09,-18.2,82.0,0.541,24,15,0.0,582.0
NEG-chandauli-2016-11-20,chandauli,,2016-11-20,0,25.25803,83.26825,0,0.0,0.0,0.0,25.61,0.0,0.0,0.16,-42.9,82.0,0.541,21,13,0.0,3094.0
NEG-chandauli-2023-03-21,chandauli,,2023-03-21,0,25.25803,83.26825,0,24.200000000000003,28.900000000000002,30.5,28.64,0.0,0.0,0.16,166.7,82.0,0.541,25,16,0.0,181.0
NEG-chandauli-2023-12-01,chandauli,,2023-12-01,0,25.25803,83.26825,0,28.400000000000002,28.400000000000002,28.400000000000002,16.01,0.2,0.0,0.48,242.9,82.0,0.541,25,16,0.0,436.0
NEG-chandauli-2018-12-13,chandauli,,2018-12-13,0,25.25803,83.26825,0,0.0,0.0,0.0,18.810000000000002,0.0,0.0,0.09,-67.9,82.0,0.541,24,15,0.0,137.0
NEG-chandauli-2016-11-24,chandauli,,2016-11-24,0,25.25803,83.26825,0,0.0,0.0,0.0,25.36,0.0,0.0,0.23,35.3,82.0,0.541,21,13,0.0,3098.0
NEG-chandauli-2016-07-27,chandauli,,2016-07-27,0,25.25803,83.26825,0,34.400000000000006,57.9,146.8,22.490000000000002,3.0,8.3,0.72,53.2,82.0,0.541,21,13,0.0,2978.0
NEG-chandauli-2023-01-29,chandauli,,2023-01-29,0,25.25803,83.26825,0,0.1,9.1,28.599999999999998,17.86,0.0,0.0,0.08,-11.1,82.0,0.541,25,16,0.0,130.0
NEG-chandauli-2021-02-16,chandauli,,2021-02-16,0,25.25803,83.26825,0,0.0,0.0,4.3,25.84,0.2,0.0,0.06,-33.3,82.0,0.541,24,15,0.0,933.0
NEG-chandigarh-2020-06-23,chandigarh,,2020-06-23,0,30.73629,76.7884,0,1.2,1.2,1.2,47.47,2.1,0.0,0.17,6.3,350.0,0.541,18,14,0.0,4309.0
NEG-chandigarh-2017-01-23,chandigarh,,2017-01-23,0,30.73629,76.7884,0,0.1,4.3999999999999995,4.499999999999999,16.24,0.1,20.3,0.12,-78.6,350.0,0.541,18,14,0.0,3062.0
NEG-chandigarh-2021-01-29,chandigarh,,2021-01-29,0,30.73629,76.7884,0,0.0,6.300000000000001,6.300000000000001,16.14,0.0,0.0,0.14,-12.5,350.0,0.541,18,14,0.0,4529.0
NEG-chandrapur-2022-03-13,chandrapur,,2022-03-13,0,19.95076,79.29523,0,0.0,0.0,0.0,38.78,0.0,0.0,0.09,0.0,184.0,1.261,58,34,0.0,64.0
NEG-chandrapur-2015-08-29,chandrapur,,2015-08-29,0,19.95076,79.29523,0,36.599999999999994,38.3,54.6,26.610000000000003,12.0,40.9,5.27,1600.0,184.0,1.261,47,28,0.0,23.0
NEG-chandrapur-2020-11-16,chandrapur,,2020-11-16,0,19.95076,79.29523,0,0.0,0.0,0.0,29.349999999999998,0.0,0.0,0.13,0.0,184.0,1.261,54,32,0.0,79.0
NEG-chandrapur-2015-05-19,chandrapur,,2015-05-19,0,19.95076,79.29523,0,2.9,24.9,28.9,42.15,0.0,0.0,0.19,111.1,184.0,1.261,46,27,0.0,253.0
NEG-chandrapur-2015-11-01,chandrapur,,2015-11-01,0,19.95076,79.29523,0,0.5,0.5,0.5,29.900000000000002,0.0,0.0,0.12,-7.7,184.0,1.261,47,28,0.0,87.0
NEG-chandrapur-2022-06-30,chandrapur,,2022-06-30,0,19.95076,79.29523,0,16.2,25.8,119.7,28.230000000000004,12.6,4.3,1.01,46.4,184.0,1.261,58,34,0.0,173.0
NEG-chandrapur-2015-07-18,chandrapur,,2015-07-18,0,19.95076,79.29523,0,0.0,8.8,28.6,30.89,0.4,1.4,0.7,-56.5,184.0,1.261,46,27,0.0,313.0
NEG-chandrapur-2015-01-27,chandrapur,,2015-01-27,0,19.95076,79.29523,0,0.0,0.0,0.0,30.45,0.0,0.0,0.06,-25.0,184.0,1.261,46,27,0.0,141.0
NEG-chandrapur-2019-08-17,chandrapur,,2019-08-17,0,19.95076,79.29523,0,19.2,78.0,225.9,26.18,8.4,2.3,1.44,-71.9,184.0,1.261,53,31,0.0,130.0
NEG-chandrapur-2022-01-27,chandrapur,,2022-01-27,0,19.95076,79.29523,0,0.0,0.0,5.3,27.62,0.0,0.0,0.08,-11.1,184.0,1.261,58,34,0.0,19.0
NEG-chandrapur-2017-08-05,chandrapur,,2017-08-05,0,19.95076,79.29523,0,10.700000000000001,11.3,33.7,30.640000000000004,7.7,4.0,0.25,-57.6,184.0,1.261,49,29,0.0,389.0
NEG-chandrapur-2015-10-06,chandrapur,,2015-10-06,0,19.95076,79.29523,0,4.3,10.7,11.299999999999999,30.940000000000005,0.0,0.0,0.24,-22.6,184.0,1.261,47,28,0.0,61.0
NEG-chandrapur-2022-12-06,chandrapur,,2022-12-06,0,19.95076,79.29523,0,0.0,0.0,0.0,26.68,0.0,0.0,0.12,0.0,184.0,1.261,60,34,0.0,86.0
NEG-chandrapur-2016-09-10,chandrapur,,2016-09-10,0,19.95076,79.29523,0,0.3,1.0,62.2,29.19,10.9,11.0,1.06,-42.4,184.0,1.261,49,29,0.0,60.0
NEG-chandrapur-2015-02-07,chandrapur,,2015-02-07,0,19.95076,79.29523,0,0.0,0.0,0.0,32.050000000000004,0.0,0.0,0.09,50.0,184.0,1.261,46,27,0.0,152.0
NEG-chandrapur-2017-06-14,chandrapur,,2017-06-14,0,19.95076,79.29523,0,14.9,29.0,39.4,33.63,14.9,11.0,0.47,-16.1,184.0,1.261,49,29,0.0,337.0
NEG-chandrapur-2020-02-11,chandrapur,,2020-02-11,0,19.95076,79.29523,0,4.2,18.8,21.900000000000002,22.95,0.0,0.0,0.11,22.2,184.0,1.261,53,31,0.0,308.0
NEG-chandrapur-2019-03-09,chandrapur,,2019-03-09,0,19.95076,79.29523,0,0.0,0.4,0.4,42.17,0.0,0.1,0.09,0.0,184.0,1.261,52,31,0.0,58.0
NEG-chandrapur-2015-09-05,chandrapur,,2015-09-05,0,19.95076,79.29523,0,3.8000000000000003,89.6,127.89999999999999,23.740000000000002,0.5,12.7,1.17,-77.8,184.0,1.261,47,28,0.0,30.0
NEG-chandrapur-2021-12-05,chandrapur,,2021-12-05,0,19.95076,79.29523,0,0.0,0.0,5.3,28.59,0.0,0.0,0.11,-8.3,184.0,1.261,57,33,0.0,76.0
NEG-chandrapur-2022-02-25,chandrapur,,2022-02-25,0,19.95076,79.29523,0,0.0,0.0,10.8,33.81,0.0,0.0,0.09,12.5,184.0,1.261,58,34,0.0,48.0
NEG-chandrapur-2022-06-24,chandrapur,,2022-06-24,0,19.95076,79.29523,0,25.200000000000003,87.3,113.5,29.7,0.3,2.3,0.47,6.8,184.0,1.261,58,34,0.0,167.0
NEG-chandrapur-2021-11-30,chandrapur,,2021-11-30,0,19.95076,79.29523,0,0.0,2.0,10.5,28.14,0.0,0.0,0.12,-29.4,184.0,1.261,57,33,0.0,71.0
NEG-chandrapur-2020-06-02,chandrapur,,2020-06-02,0,19.95076,79.29523,0,1.3,1.3,1.3,52.769999999999996,16.2,0.2,0.09,0.0,184.0,1.261,53,31,0.0,420.0
NEG-chandrapur-2022-05-24,chandrapur,,2022-05-24,0,19.95076,79.29523,0,0.0,6.3999999999999995,6.8,53.67999999999999,0.0,0.5,0.09,0.0,184.0,1.261,58,34,0.0,136.0
NEG-chandrapur-2020-06-21,chandrapur,,2020-06-21,0,19.95076,79.29523,0,1.9000000000000001,37.1,64.69999999999999,24.979999999999997,6.1,2.3,0.37,-33.9,184.0,1.261,53,31,0.0,439.0
NEG-chandrapur-2015-03-06,chandrapur,,2015-03-06,0,19.95076,79.29523,0,0.7,32.900000000000006,32.900000000000006,31.13,0.0,2.0,0.19,111.1,184.0,1.261,46,27,0.0,179.0
NEG-chandrapur-2015-01-28,chandrapur,,2015-01-28,0,19.95076,79.29523,0,0.0,0.0,0.0,30.819999999999997,0.0,0.0,0.06,-25.0,184.0,1.261,46,27,0.0,142.0
NEG-chandrapur-2020-12-19,chandrapur,,2020-12-19,0,19.95076,79.29523,0,0.0,0.0,0.0,23.34,0.0,0.0,0.11,0.0,184.0,1.261,54,32,0.0,112.0
NEG-chandrapur-2021-03-09,chandrapur,,2021-03-09,0,19.95076,79.29523,0,0.0,0.0,0.0,43.06999999999999,0.0,0.0,0.09,0.0,184.0,1.261,54,32,0.0,192.0
NEG-chandrapur-2019-08-12,chandrapur,,2019-08-12,0,19.95076,79.29523,0,7.3,72.3,507.99999999999994,23.040000000000003,51.8,18.0,2.01,-81.8,184.0,1.261,53,31,0.0,125.0
NEG-chandrapur-2015-02-18,chandrapur,,2015-02-18,0,19.95076,79.29523,0,0.0,0.0,0.0,32.82,0.0,0.0,0.09,0.0,184.0,1.261,46,27,0.0,163.0
NEG-chandrapur-2015-03-10,chandrapur,,2015-03-10,0,19.95076,79.29523,0,2.9,3.6,35.8,33.49,0.2,0.0,0.12,-72.7,184.0,1.261,46,27,0.0,183.0
NEG-chandrapur-2020-12-08,chandrapur,,2020-12-08,0,19.95076,79.29523,0,0.0,0.0,0.5,26.67,0.0,0.0,0.12,0.0,184.0,1.261,54,32,0.0,101.0
NEG-chandrapur-2023-02-06,chandrapur,,2023-02-06,0,19.95076,79.29523,0,0.0,0.0,0.0,32.04,0.0,0.0,0.08,0.0,184.0,1.261,60,34,0.0,148.0
NEG-chandrapur-2018-01-30,chandrapur,,2018-01-30,0,19.95076,79.29523,0,0.0,0.0,0.0,30.28,0.0,0.0,0.06,-25.0,184.0,1.261,49,29,0.0,567.0
NEG-chandrapur-2021-01-03,chandrapur,,2021-01-03,0,19.95076,79.29523,0,0.0,0.0,0.0,26.13,0.0,0.0,0.08,-11.1,184.0,1.261,54,32,0.0,127.0
NEG-chandrapur-2018-03-20,chandrapur,,2018-03-20,0,19.95076,79.29523,0,0.0,5.699999999999999,6.3999999999999995,33.269999999999996,0.1,0.0,0.09,0.0,184.0,1.261,49,29,0.0,616.0
NEG-chandrapur-2015-03-12,chandrapur,,2015-03-12,0,19.95076,79.29523,0,1.1,3.1,36.0,34.46,0.4,0.0,0.09,-59.1,184.0,1.261,46,27,0.0,185.0
NEG-chandrapur-2022-10-29,chandrapur,,2022-10-29,0,19.95076,79.29523,0,0.0,0.0,33.5,31.480000000000004,0.0,0.0,0.16,-38.5,184.0,1.261,60,34,0.0,48.0
NEG-chandrapur-2022-07-23,chandrapur,,2022-07-23,0,19.95076,79.29523,0,32.1,125.89999999999999,528.0,24.42,18.5,21.2,7.53,-51.0,184.0,1.261,58,34,0.0,196.0
NEG-chandrapur-2019-10-30,chandrapur,,2019-10-30,0,19.95076,79.29523,0,5.0,18.7,31.2,22.14,5.0,5.3,0.69,122.6,184.0,1.261,53,31,0.0,204.0
NEG-chandrapur-2017-01-04,chandrapur,,2017-01-04,0,19.95076,79.29523,0,0.0,0.0,0.0,26.2,0.0,0.0,0.09,0.0,184.0,1.261,49,29,0.0,176.0
NEG-chandrapur-2016-03-14,chandrapur,,2016-03-14,0,19.95076,79.29523,0,0.2,0.2,7.0,42.93,3.1,0.3,0.12,-14.3,184.0,1.261,47,28,0.0,221.0
NEG-chandrapur-2016-01-30,chandrapur,,2016-01-30,0,19.95076,79.29523,0,0.0,0.0,0.1,30.97,0.0,0.0,0.08,0.0,184.0,1.261,47,28,0.0,177.0
NEG-chandrapur-2020-11-17,chandrapur,,2020-11-17,0,19.95076,79.29523,0,0.0,0.0,0.0,28.939999999999998,0.0,0.0,0.13,0.0,184.0,1.261,54,32,0.0,80.0
NEG-chandrapur-2016-09-01,chandrapur,,2016-09-01,0,19.95076,79.29523,0,37.900000000000006,46.3,51.7,25.11,14.3,0.7,1.82,658.3,184.0,1.261,49,29,0.0,51.0
NEG-chandrapur-2017-09-14,chandrapur,,2017-09-14,0,19.95076,79.29523,0,13.6,36.800000000000004,48.50000000000001,26.93,3.9,2.0,2.24,16.7,184.0,1.261,49,29,0.0,429.0
NEG-chandrapur-2017-02-25,chandrapur,,2017-02-25,0,19.95076,79.29523,0,0.0,0.0,0.7,42.32,0.0,0.0,0.09,0.0,184.0,1.261,49,29,0.0,228.0
NEG-chandrapur-2021-12-13,chandrapur,,2021-12-13,0,19.95076,79.29523,0,0.0,0.0,0.0,27.0,0.0,0.0,0.08,-27.3,184.0,1.261,57,33,0.0,84.0
NEG-chandrapur-2020-11-26,chandrapur,,2020-11-26,0,19.95076,79.29523,0,0.0,1.3,1.3,27.43,0.2,0.2,0.12,0.0,184.0,1.261,54,32,0.0,89.0
NEG-chandrapur-2017-10-30,chandrapur,,2017-10-30,0,19.95076,79.29523,0,0.1,0.6,16.3,28.620000000000005,0.0,0.0,0.14,-54.8,184.0,1.261,49,29,0.0,475.0
NEG-chandrapur-2018-12-22,chandrapur,,2018-12-22,0,19.95076,79.29523,0,0.0,19.099999999999998,24.0,21.580000000000002,0.0,0.0,0.12,50.0,184.0,1.261,51,30,0.0,124.0
NEG-chandrapur-2017-12-30,chandrapur,,2017-12-30,0,19.95076,79.29523,0,0.0,0.0,0.0,25.810000000000002,0.0,0.0,0.08,0.0,184.0,1.261,49,29,0.0,536.0
NEG-changlang-2023-12-01,changlang,,2023-12-01,0,27.13177,95.73486,0,0.0,0.0,37.6,18.950000000000003,0.0,0.0,6.67,-38.2,367.0,21.802,23,18,0.0,556.0
NEG-changlang-2019-06-14,changlang,,2019-06-14,0,27.13177,95.73486,0,28.0,136.3,210.20000000000002,25.57,61.5,13.4,44.81,41.5,367.0,21.802,20,17,0.0,273.0
NEG-changlang-2015-11-20,changlang,,2015-11-20,0,27.13177,95.73486,0,1.5,3.0,4.8,15.24,0.0,0.0,8.82,-26.3,367.0,21.802,18,15,0.0,163.0
NEG-changlang-2019-03-09,changlang,,2019-03-09,0,27.13177,95.73486,0,19.5,36.4,94.99999999999999,18.18,0.6,1.8,19.04,5.7,367.0,21.802,20,17,0.0,176.0
NEG-changlang-2019-07-22,changlang,,2019-07-22,0,27.13177,95.73486,0,32.1,50.4,312.49999999999994,25.0,26.9,9.5,96.72,-43.9,367.0,21.802,20,17,0.0,311.0
NEG-changlang-2020-02-24,changlang,,2020-02-24,0,27.13177,95.73486,0,2.4000000000000004,25.100000000000005,36.8,15.11,1.0,14.8,7.97,15.7,367.0,21.802,20,17,0.0,528.0
NEG-changlang-2021-05-03,changlang,,2021-05-03,0,27.13177,95.73486,0,33.800000000000004,36.7,46.6,31.03,11.2,31.5,6.59,2.5,367.0,21.802,20,17,0.0,962.0
NEG-changlang-2017-09-23,changlang,,2017-09-23,0,27.13177,95.73486,0,46.2,53.0,275.9,21.459999999999997,9.3,6.0,57.88,-16.7,367.0,21.802,19,16,0.0,517.0
NEG-changlang-2022-10-26,changlang,,2022-10-26,0,27.13177,95.73486,0,100.9,105.5,159.0,18.33,0.2,0.0,140.25,193.0,367.0,21.802,23,18,0.0,155.0
NEG-changlang-2017-07-14,changlang,,2017-07-14,0,27.13177,95.73486,0,10.4,149.29999999999998,448.29999999999995,17.299999999999997,2.3,2.5,89.36,-24.5,367.0,21.802,19,16,0.0,446.0
NEG-changlang-2018-05-13,changlang,,2018-05-13,0,27.13177,95.73486,0,9.399999999999999,169.7,226.39999999999998,21.09,2.0,6.3,46.86,8.8,367.0,21.802,19,16,0.0,749.0
NEG-changlang-2022-09-02,changlang,,2022-09-02,0,27.13177,95.73486,0,32.2,81.90000000000002,148.70000000000002,22.47,23.2,36.7,63.27,41.9,367.0,21.802,23,18,0.0,101.0
NEG-changlang-2015-11-27,changlang,,2015-11-27,0,27.13177,95.73486,0,0.0,0.0,3.0,19.269999999999996,0.2,0.0,6.4,-27.4,367.0,21.802,18,15,0.0,170.0
NEG-changlang-2022-05-01,changlang,,2022-05-01,0,27.13177,95.73486,0,22.4,75.7,119.5,21.57,10.0,14.9,24.23,-18.0,367.0,21.802,20,17,0.0,1325.0
NEG-changlang-2022-04-15,changlang,,2022-04-15,0,27.13177,95.73486,0,58.900000000000006,89.80000000000001,225.10000000000002,18.43,2.2,9.5,34.16,81.1,367.0,21.802,20,17,0.0,1309.0
NEG-changlang-2023-07-09,changlang,,2023-07-09,0,27.13177,95.73486,0,39.8,83.8,206.0,23.939999999999998,22.6,19.3,93.62,25.1,367.0,21.802,23,18,0.0,411.0
NEG-changlang-2015-05-10,changlang,,2015-05-10,0,27.13177,95.73486,0,9.700000000000001,19.0,77.1,27.2,8.3,18.4,24.88,-25.8,367.0,21.802,17,14,0.0,683.0
NEG-changlang-2016-01-18,changlang,,2016-01-18,0,27.13177,95.73486,0,2.3,2.5,12.6,16.150000000000002,0.1,3.9,5.56,-13.3,367.0,21.802,18,15,0.0,222.0
NEG-chatra-2019-07-19,chatra,,2019-07-19,0,24.20645,84.87085,0,3.9,4.300000000000001,82.6,36.04,0.7,4.9,0.02,0.0,438.0,1.622,7,3,0.0,1013.0
NEG-chatra-2019-04-03,chatra,,2019-04-03,0,24.20645,84.87085,1,0.2,0.2,1.2000000000000002,44.519999999999996,0.0,0.0,0.0,,438.0,1.622,7,3,0.0,906.0
NEG-chatra-2019-03-25,chatra,,2019-03-25,0,24.20645,84.87085,1,0.4,2.3,4.700000000000001,42.089999999999996,0.6,0.0,0.0,,438.0,1.622,7,3,0.0,897.0
NEG-chatra-2021-03-13,chatra,,2021-03-13,0,24.20645,84.87085,1,0.0,0.0,0.0,39.88,0.0,0.0,0.0,,438.0,1.622,8,4,0.0,364.0
NEG-chatra-2020-05-03,chatra,,2020-05-03,0,24.20645,84.87085,1,7.4,48.5,56.699999999999996,31.07,2.4,0.7,0.0,,438.0,1.622,8,4,0.0,50.0
NEG-chatra-2015-08-18,chatra,,2015-08-18,0,24.20645,84.87085,0,23.799999999999997,37.7,55.900000000000006,25.880000000000003,20.3,1.4,0.67,-28.7,438.0,1.622,3,2,0.0,2967.0
NEG-chatra-2022-02-21,chatra,,2022-02-21,0,24.20645,84.87085,0,0.2,0.2,5.0,31.830000000000005,0.0,0.0,0.03,-40.0,438.0,1.622,8,4,0.0,709.0
NEG-chatra-2015-02-08,chatra,,2015-02-08,0,24.20645,84.87085,1,0.0,0.0,13.799999999999999,25.390000000000008,0.0,0.0,0.0,,438.0,1.622,3,2,0.0,2776.0
NEG-chatra-2022-11-18,chatra,,2022-11-18,0,24.20645,84.87085,0,0.0,0.0,0.0,26.439999999999998,0.0,0.0,0.03,0.0,438.0,1.622,8,4,0.0,979.0
NEG-chatra-2016-12-02,chatra,,2016-12-02,0,24.20645,84.87085,0,0.0,0.0,0.0,21.51,0.0,0.0,0.05,-16.7,438.0,1.622,7,3,0.0,54.0
NEG-chatra-2015-12-05,chatra,,2015-12-05,0,24.20645,84.87085,0,1.6,2.2,2.2,21.91,0.0,0.0,0.01,0.0,438.0,1.622,3,2,0.0,3076.0
NEG-chatra-2020-08-09,chatra,,2020-08-09,0,24.20645,84.87085,0,44.5,143.0,186.60000000000002,26.03,1.9,6.8,1.17,37.6,438.0,1.622,8,4,0.0,148.0
NEG-chatra-2019-11-13,chatra,,2019-11-13,0,24.20645,84.87085,0,0.0,0.7,0.7999999999999999,22.560000000000002,0.0,0.0,0.06,-75.0,438.0,1.622,7,3,0.0,1130.0
NEG-chatra-2022-03-26,chatra,,2022-03-26,0,24.20645,84.87085,0,0.0,0.0,0.0,48.77,0.0,0.0,0.03,0.0,438.0,1.622,8,4,0.0,742.0
NEG-chatra-2023-10-18,chatra,,2023-10-18,0,24.20645,84.87085,0,0.6,0.6,19.0,31.27,0.1,0.0,0.44,-52.7,438.0,1.622,8,4,0.0,1313.0
NEG-chennai-2018-09-18,chennai,,2018-09-18,0,13.08784,80.27847,2,35.3,44.7,54.9,32.62,9.3,0.4,,,15.0,0.901,53,32,0.0,188.0
NEG-chennai-2021-05-06,chennai,,2021-05-06,0,13.08784,80.27847,2,2.0999999999999996,2.8,4.5,38.82,1.3,0.4,,,15.0,0.901,54,33,0.0,814.0
NEG-chennai-2016-01-26,chennai,,2016-01-26,0,13.08784,80.27847,2,4.4,5.4,5.4,24.23,0.0,0.0,,,15.0,0.901,51,30,0.0,49.0
NEG-chennai-2020-12-03,chennai,,2020-12-03,0,13.08784,80.27847,2,12.1,32.7,152.89999999999998,24.139999999999997,46.5,18.9,,,15.0,0.901,54,33,0.0,660.0
NEG-chennai-2017-07-30,chennai,,2017-07-30,0,13.08784,80.27847,2,22.4,23.9,25.8,40.0,9.7,11.2,,,15.0,0.901,52,31,0.0,169.0
NEG-chennai-2017-05-15,chennai,,2017-05-15,0,13.08784,80.27847,2,1.9,3.8,6.199999999999999,40.07,0.0,0.0,,,15.0,0.901,52,31,0.0,93.0
NEG-chennai-2022-10-06,chennai,,2022-10-06,0,13.08784,80.27847,2,10.2,32.0,67.8,24.049999999999997,5.4,51.5,,,15.0,0.901,57,34,0.0,280.0
NEG-chennai-2021-05-10,chennai,,2021-05-10,0,13.08784,80.27847,2,2.4000000000000004,4.6,5.900000000000001,37.54,0.0,1.2,,,15.0,0.901,54,33,0.0,818.0
NEG-chennai-2020-05-01,chennai,,2020-05-01,0,13.08784,80.27847,2,1.2,4.8,5.6000000000000005,37.32,0.0,0.0,,,15.0,0.901,54,33,0.0,444.0
NEG-chennai-2018-01-15,chennai,,2018-01-15,0,13.08784,80.27847,2,0.0,24.7,26.3,24.92,0.0,0.0,,,15.0,0.901,52,31,0.0,338.0
NEG-chennai-2022-09-04,chennai,,2022-09-04,0,13.08784,80.27847,2,20.6,43.3,89.8,29.810000000000002,0.1,6.3,,,15.0,0.901,57,34,0.0,248.0
NEG-chennai-2018-02-22,chennai,,2018-02-22,0,13.08784,80.27847,2,0.0,0.1,0.8,33.269999999999996,0.0,0.0,,,15.0,0.901,52,31,0.0,376.0
NEG-chennai-2021-02-02,chennai,,2021-02-02,0,13.08784,80.27847,2,0.0,1.5,4.3,30.510000000000005,0.0,0.0,,,15.0,0.901,54,33,0.0,721.0
NEG-chennai-2021-04-27,chennai,,2021-04-27,0,13.08784,80.27847,2,0.7000000000000001,1.5,7.9,39.790000000000006,0.0,0.0,,,15.0,0.901,54,33,0.0,805.0
NEG-chennai-2022-05-19,chennai,,2022-05-19,0,13.08784,80.27847,2,7.199999999999999,60.6,87.39999999999999,33.6,7.3,0.6,,,15.0,0.901,57,34,0.0,140.0
NEG-chennai-2015-05-15,chennai,,2015-05-15,0,13.08784,80.27847,2,24.1,24.5,27.299999999999997,32.349999999999994,7.7,10.5,,,15.0,0.901,42,29,0.0,611.0
NEG-chennai-2017-01-04,chennai,,2017-01-04,0,13.08784,80.27847,2,2.2,2.2,2.2,29.819999999999997,0.0,0.3,,,15.0,0.901,51,30,0.0,393.0
NEG-chennai-2018-07-12,chennai,,2018-07-12,0,13.08784,80.27847,2,3.9,8.5,57.29999999999999,36.67000000000001,1.1,0.1,,,15.0,0.901,53,32,0.0,120.0
NEG-chennai-2015-03-06,chennai,,2015-03-06,0,13.08784,80.27847,2,0.7,3.2,3.2,31.98,0.5,0.7,,,15.0,0.901,42,29,0.0,541.0
NEG-chennai-2017-04-28,chennai,,2017-04-28,0,13.08784,80.27847,2,0.0,0.0,0.0,43.45,0.0,0.0,,,15.0,0.901,52,31,0.0,76.0
NEG-chennai-2021-08-01,chennai,,2021-08-01,0,13.08784,80.27847,2,0.7,2.6,22.800000000000004,43.879999999999995,1.1,0.6,,,15.0,0.901,54,33,0.0,901.0
NEG-chennai-2016-08-13,chennai,,2016-08-13,0,13.08784,80.27847,2,1.7,1.9,10.2,40.77,0.0,0.0,,,15.0,0.901,51,30,0.0,249.0
NEG-chennai-2023-06-09,chennai,,2023-06-09,0,13.08784,80.27847,2,16.900000000000002,17.7,25.5,44.93000000000001,0.8,5.8,,,15.0,0.901,58,35,0.0,220.0
NEG-chennai-2022-12-29,chennai,,2022-12-29,0,13.08784,80.27847,2,8.200000000000001,25.799999999999997,28.499999999999993,23.540000000000003,0.0,0.0,,,15.0,0.901,58,35,0.0,58.0
NEG-chennai-2019-06-20,chennai,,2019-06-20,0,13.08784,80.27847,2,0.1,0.6,0.7,48.059999999999995,1.0,1.7,,,15.0,0.901,54,33,0.0,128.0
NEG-chennai-2018-05-10,chennai,,2018-05-10,0,13.08784,80.27847,2,0.2,3.2,3.8000000000000003,39.78,0.0,0.1,,,15.0,0.901,53,32,0.0,57.0
NEG-chennai-2016-10-27,chennai,,2016-10-27,0,13.08784,80.27847,2,0.0,0.0,0.2,35.46,3.2,14.5,,,15.0,0.901,51,30,0.0,324.0
NEG-chennai-2021-04-28,chennai,,2021-04-28,0,13.08784,80.27847,2,0.8,1.7,8.1,39.59,0.0,0.3,,,15.0,0.901,54,33,0.0,806.0
NEG-chennai-2017-09-11,chennai,,2017-09-11,0,13.08784,80.27847,2,16.2,44.7,84.7,31.950000000000003,5.6,1.6,,,15.0,0.901,52,31,0.0,212.0
NEG-chennai-2021-05-10,chennai,,2021-05-10,0,13.08784,80.27847,2,2.4000000000000004,4.6,5.900000000000001,37.54,0.0,1.2,,,15.0,0.901,54,33,0.0,818.0
NEG-chennai-2019-05-13,chennai,,2019-05-13,0,13.08784,80.27847,2,0.0,0.0,0.8999999999999999,45.230000000000004,0.0,0.0,,,15.0,0.901,54,33,0.0,90.0
NEG-chennai-2022-08-05,chennai,,2022-08-05,0,13.08784,80.27847,2,57.099999999999994,68.3,100.39999999999999,28.73,2.8,0.4,,,15.0,0.901,57,34,0.0,218.0
NEG-chennai-2021-01-23,chennai,,2021-01-23,0,13.08784,80.27847,2,1.3,1.3,10.399999999999999,27.009999999999998,0.3,0.8,,,15.0,0.901,54,33,0.0,711.0
NEG-chennai-2018-09-20,chennai,,2018-09-20,0,13.08784,80.27847,2,45.099999999999994,68.0,75.2,27.62,7.1,0.0,,,15.0,0.901,53,32,0.0,190.0
NEG-chennai-2019-04-22,chennai,,2019-04-22,0,13.08784,80.27847,2,2.4000000000000004,2.4000000000000004,2.7,41.849999999999994,0.0,0.0,,,15.0,0.901,54,33,0.0,69.0
NEG-chennai-2023-06-22,chennai,,2023-06-22,0,13.08784,80.27847,2,20.1,24.3,32.6,39.02,0.3,0.2,,,15.0,0.901,58,35,0.0,233.0
NEG-chennai-2023-04-18,chennai,,2023-04-18,0,13.08784,80.27847,2,0.0,0.0,0.6,41.650000000000006,0.0,0.0,,,15.0,0.901,58,35,0.0,168.0
NEG-chennai-2016-07-27,chennai,,2016-07-27,0,13.08784,80.27847,2,33.5,84.60000000000001,122.0,24.929999999999996,6.7,15.7,,,15.0,0.901,51,30,0.0,232.0
NEG-chennai-2023-11-12,chennai,,2023-11-12,0,13.08784,80.27847,2,14.4,78.8,167.8,23.2,3.8,51.8,,,15.0,0.901,58,35,0.0,376.0
NEG-chennai-2022-09-24,chennai,,2022-09-24,0,13.08784,80.27847,2,0.4,1.2999999999999998,10.200000000000001,38.72,1.4,3.5,,,15.0,0.901,57,34,0.0,268.0
NEG-chennai-2023-02-14,chennai,,2023-02-14,0,13.08784,80.27847,2,0.0,0.0,3.8,31.63,0.0,0.0,,,15.0,0.901,58,35,0.0,105.0
NEG-chennai-2020-08-13,chennai,,2020-08-13,0,13.08784,80.27847,2,15.100000000000001,22.599999999999998,51.2,32.68,0.3,0.0,,,15.0,0.901,54,33,0.0,548.0
NEG-chennai-2023-05-12,chennai,,2023-05-12,0,13.08784,80.27847,2,0.1,18.3,92.8,31.779999999999998,0.0,0.0,,,15.0,0.901,58,35,0.0,192.0
NEG-chennai-2018-11-17,chennai,,2018-11-17,0,13.08784,80.27847,2,16.3,16.4,26.199999999999996,29.199999999999996,2.4,2.1,,,15.0,0.901,53,32,0.0,248.0
NEG-chennai-2015-08-08,chennai,,2015-08-08,0,13.08784,80.27847,2,1.4,11.899999999999999,19.9,35.64,3.0,5.6,,,15.0,0.901,44,30,0.0,22.0
NEG-chennai-2016-02-05,chennai,,2016-02-05,0,13.08784,80.27847,2,0.0,0.0,5.4,30.779999999999994,0.0,0.0,,,15.0,0.901,51,30,0.0,59.0
NEG-chennai-2019-11-26,chennai,,2019-11-26,0,13.08784,80.27847,2,17.6,53.300000000000004,89.7,23.169999999999998,4.9,10.6,,,15.0,0.901,54,33,0.0,287.0
NEG-chennai-2017-08-08,chennai,,2017-08-08,0,13.08784,80.27847,2,10.7,26.4,67.5,36.10000000000001,11.7,14.7,,,15.0,0.901,52,31,0.0,178.0
NEG-chhatarpur-2015-11-08,chhatarpur,,2015-11-08,0,19.7246,83.40138,0,0.0,10.8,12.100000000000001,23.01,0.0,0.0,0.36,-16.3,410.0,1.081,13,11,0.0,2699.0
NEG-chhatarpur-2018-10-27,chhatarpur,,2018-10-27,0,19.7246,83.40138,0,0.0,0.0,1.3,29.710000000000004,0.0,0.1,1.5,-41.4,410.0,1.081,13,11,0.0,3783.0
NEG-chhatarpur-2021-10-14,chhatarpur,,2021-10-14,0,19.7246,83.40138,0,1.2,2.3,38.800000000000004,29.459999999999997,22.5,4.0,1.36,-39.0,410.0,1.081,14,12,0.0,412.0
NEG-chhatarpur-2023-08-16,chhatarpur,,2023-08-16,0,19.7246,83.40138,0,14.5,18.2,55.6,31.64,10.1,13.9,3.14,-38.7,410.0,1.081,17,13,0.0,335.0
NEG-chhatarpur-2021-11-19,chhatarpur,,2021-11-19,0,19.7246,83.40138,0,2.8,38.0,40.6,16.45,4.7,0.0,0.47,6.8,410.0,1.081,14,12,0.0,448.0
NEG-chhatarpur-2021-09-05,chhatarpur,,2021-09-05,0,19.7246,83.40138,0,28.3,47.50000000000001,130.90000000000003,27.33,41.6,7.3,1.59,-17.2,410.0,1.081,14,12,0.0,373.0
NEG-chhatarpur-2019-06-13,chhatarpur,,2019-06-13,0,19.7246,83.40138,0,0.1,1.2000000000000002,4.299999999999999,40.4,0.2,1.1,0.22,0.0,410.0,1.081,13,11,0.0,4012.0
NEG-chhatarpur-2023-09-04,chhatarpur,,2023-09-04,0,19.7246,83.40138,0,16.8,17.5,99.10000000000002,30.86,8.2,9.1,2.32,-34.1,410.0,1.081,17,13,0.0,354.0
NEG-chhatarpur-2018-08-29,chhatarpur,,2018-08-29,0,19.7246,83.40138,0,129.0,147.2,269.6,19.83,2.0,7.1,4.5,-2.4,410.0,1.081,13,11,0.0,3724.0
NEG-chhatarpur-2015-05-02,chhatarpur,,2015-05-02,0,19.7246,83.40138,0,2.9,9.7,24.5,41.28999999999999,1.1,5.7,0.28,0.0,410.0,1.081,13,11,0.0,2509.0
NEG-chhatarpur-2022-02-10,chhatarpur,,2022-02-10,0,19.7246,83.40138,0,0.0,1.2,1.2,28.59,0.0,0.0,0.39,-4.9,410.0,1.081,14,12,0.0,531.0
NEG-chhatarpur-2018-01-24,chhatarpur,,2018-01-24,0,19.7246,83.40138,0,0.0,0.0,0.0,28.29,0.0,0.0,0.34,0.0,410.0,1.081,13,11,0.0,3507.0
NEG-chhindwara-2023-10-15,chhindwara,,2023-10-15,0,22.05697,78.93958,0,0.0,0.0,2.0,34.31,0.2,0.1,0.11,-8.3,690.0,1.712,31,23,0.0,480.0
NEG-chhindwara-2020-01-20,chhindwara,,2020-01-20,0,22.05697,78.93958,0,2.6,4.3,13.599999999999998,20.050000000000004,0.2,1.9,0.09,-25.0,690.0,1.712,28,21,0.0,485.0
NEG-chhindwara-2020-07-02,chhindwara,,2020-07-02,0,22.05697,78.93958,0,6.0,33.599999999999994,101.6,24.509999999999998,17.8,14.0,0.94,184.8,690.0,1.712,28,21,0.0,649.0
NEG-chhindwara-2017-07-23,chhindwara,,2017-07-23,0,22.05697,78.93958,0,25.7,73.4,142.29999999999998,20.049999999999997,4.3,5.5,1.94,9.0,690.0,1.712,27,20,0.0,735.0
NEG-chhindwara-2018-12-28,chhindwara,,2018-12-28,0,22.05697,78.93958,0,0.0,0.0,7.2,22.550000000000004,0.0,0.0,0.09,0.0,690.0,1.712,28,21,0.0,97.0
NEG-chhindwara-2021-03-15,chhindwara,,2021-03-15,0,22.05697,78.93958,0,0.2,0.2,0.2,37.37,1.9,0.0,0.09,0.0,690.0,1.712,30,22,0.0,173.0
NEG-chhindwara-2019-03-18,chhindwara,,2019-03-18,0,22.05697,78.93958,0,0.8,1.0,1.0,36.96,0.0,0.7,0.12,33.3,690.0,1.712,28,21,0.0,177.0
NEG-chhindwara-2019-11-04,chhindwara,,2019-11-04,0,22.05697,78.93958,0,2.6,10.2,41.3,19.580000000000005,0.0,0.3,0.12,-89.0,690.0,1.712,28,21,0.0,408.0
NEG-chhindwara-2017-01-30,chhindwara,,2017-01-30,0,22.05697,78.93958,0,1.1,1.2000000000000002,1.2000000000000002,26.979999999999997,0.0,0.0,0.09,0.0,690.0,1.712,27,20,0.0,561.0
NEG-chhindwara-2022-08-16,chhindwara,,2022-08-16,0,22.05697,78.93958,0,135.2,282.40000000000003,352.20000000000005,15.479999999999999,1.0,0.4,9.0,417.2,690.0,1.712,31,23,0.0,55.0
NEG-chhindwara-2021-07-27,chhindwara,,2021-07-27,0,22.05697,78.93958,0,41.3,119.10000000000001,139.2,14.810000000000002,7.8,4.5,2.66,548.8,690.0,1.712,30,22,0.0,307.0
NEG-chhindwara-2022-05-30,chhindwara,,2022-05-30,0,22.05697,78.93958,0,0.0,3.9,3.9,52.77,0.0,0.0,0.09,0.0,690.0,1.712,30,22,0.0,614.0
NEG-chhindwara-2019-04-06,chhindwara,,2019-04-06,0,22.05697,78.93958,0,0.0,0.0,0.0,50.74,0.0,0.0,0.09,0.0,690.0,1.712,28,21,0.0,196.0
NEG-chhindwara-2015-12-18,chhindwara,,2015-12-18,0,22.05697,78.93958,0,1.6,1.6,1.6,24.57,0.0,0.2,0.09,0.0,690.0,1.712,27,20,0.0,152.0
NEG-chhindwara-2023-08-29,chhindwara,,2023-08-29,0,22.05697,78.93958,0,0.30000000000000004,22.6,90.89999999999999,32.059999999999995,0.0,0.1,0.16,-91.2,690.0,1.712,31,23,0.0,433.0
NEG-chikkamagaluru-2021-12-08,chikkamagaluru,,2021-12-08,0,13.32231,75.774,0,3.5,13.0,39.8,21.87,0.3,1.1,0.34,-12.8,1042.0,1.351,20,17,0.0,1098.0
NEG-chikkamagaluru-2018-04-24,chikkamagaluru,,2018-04-24,0,13.32231,75.774,0,1.9000000000000001,12.3,19.700000000000003,29.809999999999995,0.1,0.0,0.03,-50.0,1042.0,1.351,18,17,0.0,106.0
NEG-chikkamagaluru-2023-12-13,chikkamagaluru,,2023-12-13,0,13.32231,75.774,1,0.8999999999999999,4.1000000000000005,5.800000000000001,22.81,0.0,0.0,0.02,,1042.0,1.351,22,18,0.0,161.0
NEG-chikkamagaluru-2017-10-06,chikkamagaluru,,2017-10-06,0,13.32231,75.774,0,17.3,74.89999999999999,187.4,17.700000000000003,4.5,2.5,1.85,-58.7,1042.0,1.351,17,16,0.0,452.0
NEG-chikkamagaluru-2022-12-30,chikkamagaluru,,2022-12-30,0,13.32231,75.774,0,0.6,1.9000000000000001,2.0,26.36,0.0,0.0,0.09,0.0,1042.0,1.351,20,17,0.0,1485.0
NEG-chikkamagaluru-2015-10-29,chikkamagaluru,,2015-10-29,0,13.32231,75.774,0,1.6,1.6,1.8,32.040000000000006,0.7,0.7,0.09,-10.0,1042.0,1.351,16,15,0.0,131.0
NEG-chikkamagaluru-2015-12-03,chikkamagaluru,,2015-12-03,0,13.32231,75.774,0,7.199999999999999,14.200000000000001,59.9,20.87,0.0,0.0,0.12,-53.8,1042.0,1.351,16,15,0.0,166.0
NEG-chikkamagaluru-2016-09-23,chikkamagaluru,,2016-09-23,0,13.32231,75.774,0,11.5,18.0,29.900000000000006,19.97,2.9,4.6,0.12,0.0,1042.0,1.351,17,16,0.0,74.0
NEG-chikkamagaluru-2019-04-06,chikkamagaluru,,2019-04-06,0,13.32231,75.774,0,0.0,4.2,4.3999999999999995,34.35,0.0,0.3,0.03,0.0,1042.0,1.351,20,17,0.0,121.0
NEG-chikkamagaluru-2022-12-25,chikkamagaluru,,2022-12-25,0,13.32231,75.774,0,0.0,0.1,45.6,28.86,1.3,0.3,0.09,-30.8,1042.0,1.351,20,17,0.0,1480.0
NEG-chikkamagaluru-2023-10-16,chikkamagaluru,,2023-10-16,0,13.32231,75.774,0,0.0,19.1,58.2,29.29,7.8,0.5,0.09,-60.9,1042.0,1.351,22,18,0.0,103.0
NEG-chikkamagaluru-2022-02-09,chikkamagaluru,,2022-02-09,0,13.32231,75.774,0,0.0,0.0,6.6,33.4,0.0,0.0,0.09,-18.2,1042.0,1.351,20,17,0.0,1161.0
NEG-chikkamagaluru-2016-09-23,chikkamagaluru,,2016-09-23,0,13.32231,75.774,0,11.5,18.0,29.900000000000006,19.97,2.9,4.6,0.12,0.0,1042.0,1.351,17,16,0.0,74.0
NEG-chikkamagaluru-2023-04-18,chikkamagaluru,,2023-04-18,0,13.32231,75.774,0,0.0,0.0,0.1,46.839999999999996,0.0,0.1,0.03,0.0,1042.0,1.351,20,17,0.0,1594.0
NEG-chikkamagaluru-2019-05-15,chikkamagaluru,,2019-05-15,0,13.32231,75.774,0,0.8999999999999999,9.000000000000002,13.100000000000003,32.02,0.2,0.1,0.06,-80.6,1042.0,1.351,20,17,0.0,160.0
NEG-chikkamagaluru-2018-07-21,chikkamagaluru,,2018-07-21,0,13.32231,75.774,0,34.8,88.0,219.5,16.23,7.3,8.5,1.4,-18.6,1042.0,1.351,18,17,0.0,194.0
NEG-chikkamagaluru-2019-01-17,chikkamagaluru,,2019-01-17,0,13.32231,75.774,0,0.0,0.0,0.0,33.39,0.0,0.0,0.03,0.0,1042.0,1.351,20,17,0.0,42.0
NEG-chikkamagaluru-2016-03-12,chikkamagaluru,,2016-03-12,0,13.32231,75.774,0,0.0,0.0,0.4,37.02,0.3,0.0,0.03,0.0,1042.0,1.351,16,15,0.0,266.0
NEG-chikkamagaluru-2016-01-10,chikkamagaluru,,2016-01-10,0,13.32231,75.774,1,0.0,0.0,0.0,31.96,0.0,0.0,0.03,,1042.0,1.351,16,15,0.0,204.0
NEG-chikkamagaluru-2015-01-22,chikkamagaluru,,2015-01-22,0,13.32231,75.774,0,0.0,0.0,0.0,27.09,0.0,0.0,0.03,0.0,1042.0,1.351,15,14,0.0,174.0
NEG-chikkamagaluru-2018-06-16,chikkamagaluru,,2018-06-16,0,13.32231,75.774,0,12.2,56.49999999999999,115.9,18.14,1.3,4.1,0.03,-84.2,1042.0,1.351,18,17,0.0,159.0
NEG-chirang-2016-02-23,chirang,,2016-02-23,0,29.87368,79.81931,0,14.6,14.9,15.9,19.51,7.7,0.2,0.81,0.0,1202.0,33.243,24,16,0.0,188.0
NEG-chirang-2016-06-26,chirang,,2016-06-26,0,29.87368,79.81931,0,21.5,69.10000000000001,162.7,24.33,15.8,15.0,3.41,172.8,1202.0,33.243,24,16,0.0,312.0
NEG-chirang-2015-12-24,chirang,,2015-12-24,0,29.87368,79.81931,0,0.2,0.2,12.099999999999998,13.200000000000001,0.0,0.0,0.85,-2.3,1202.0,33.243,24,16,0.0,127.0
NEG-chirang-2017-02-06,chirang,,2017-02-06,0,29.87368,79.81931,0,15.7,17.099999999999998,37.4,17.31,0.0,0.0,0.81,-4.7,1202.0,33.243,27,18,0.0,30.0
NEG-chirang-2019-11-01,chirang,,2019-11-01,0,29.87368,79.81931,0,0.0,0.6,3.9000000000000004,20.62,0.1,0.8,2.3,-20.7,1202.0,33.243,35,20,0.0,25.0
NEG-chirang-2021-03-31,chirang,,2021-03-31,0,29.87368,79.81931,0,1.7,2.0,3.6,32.07,0.0,0.0,0.81,0.0,1202.0,33.243,39,21,0.0,447.0
NEG-chirang-2021-03-22,chirang,,2021-03-22,0,29.87368,79.81931,0,0.6,0.6,12.5,30.29,0.5,0.3,0.81,-4.7,1202.0,33.243,39,21,0.0,438.0
NEG-chirang-2020-09-29,chirang,,2020-09-29,0,29.87368,79.81931,0,0.1,6.899999999999999,40.900000000000006,26.740000000000002,0.0,0.4,6.73,-22.7,1202.0,33.243,39,21,0.0,264.0
NEG-chirang-2019-07-30,chirang,,2019-07-30,0,29.87368,79.81931,0,36.2,106.10000000000001,153.5,24.92,3.0,9.8,9.99,81.0,1202.0,33.243,34,20,0.0,203.0
NEG-chirang-2016-02-28,chirang,,2016-02-28,0,29.87368,79.81931,0,0.8999999999999999,10.499999999999998,24.9,20.16,0.4,0.3,0.83,2.5,1202.0,33.243,24,16,0.0,193.0
NEG-chirang-2015-04-18,chirang,,2015-04-18,0,29.87368,79.81931,0,13.700000000000001,32.400000000000006,62.60000000000001,25.93,0.5,0.5,1.16,-2.5,1202.0,33.243,22,16,0.0,58.0
NEG-chirang-2016-01-03,chirang,,2016-01-03,0,29.87368,79.81931,0,0.0,0.0,0.2,15.989999999999998,0.0,0.3,0.84,-1.2,1202.0,33.243,24,16,0.0,137.0
NEG-chirang-2018-12-20,chirang,,2018-12-20,0,29.87368,79.81931,0,0.0,1.5,3.7999999999999994,13.780000000000001,0.0,0.0,1.06,-8.6,1202.0,33.243,32,19,0.0,345.0
NEG-chirang-2021-03-20,chirang,,2021-03-20,0,29.87368,79.81931,0,0.0,0.0,12.0,30.48,0.1,0.5,0.81,-4.7,1202.0,33.243,39,21,0.0,436.0
NEG-chirang-2016-01-17,chirang,,2016-01-17,0,29.87368,79.81931,0,0.1,0.1,0.5,13.98,0.0,4.2,0.83,0.0,1202.0,33.243,24,16,0.0,151.0
NEG-chirang-2023-10-19,chirang,,2023-10-19,0,29.87368,79.81931,0,7.1,9.8,10.9,22.02,0.0,0.0,2.38,-19.6,1202.0,33.243,95,24,0.0,47.0
NEG-chirang-2018-08-21,chirang,,2018-08-21,0,29.87368,79.81931,0,38.4,86.4,270.59999999999997,23.86,28.1,25.2,21.59,-9.9,1202.0,33.243,32,19,0.0,224.0
NEG-chirang-2019-04-27,chirang,,2019-04-27,0,29.87368,79.81931,0,1.1,3.8000000000000003,29.4,31.509999999999998,0.0,0.0,0.85,-2.3,1202.0,33.243,34,20,0.0,109.0
NEG-chirang-2018-04-10,chirang,,2018-04-10,0,29.87368,79.81931,0,6.500000000000001,19.5,20.900000000000002,23.330000000000002,17.1,2.1,0.75,0.0,1202.0,33.243,32,19,0.0,91.0
NEG-chirang-2019-08-22,chirang,,2019-08-22,0,29.87368,79.81931,0,12.8,91.80000000000001,167.7,22.32,0.0,33.5,10.61,-14.6,1202.0,33.243,34,20,0.0,226.0
NEG-chirang-2019-05-08,chirang,,2019-05-08,0,29.87368,79.81931,0,0.0,0.7999999999999999,1.9000000000000004,38.37,0.0,0.0,0.81,0.0,1202.0,33.243,34,20,0.0,120.0
NEG-chirang-2023-09-27,chirang,,2023-09-27,0,29.87368,79.81931,0,1.7,17.8,62.2,26.03,0.0,0.0,5.01,-10.4,1202.0,33.243,95,24,0.0,25.0
NEG-chirang-2015-12-13,chirang,,2015-12-13,0,29.87368,79.81931,0,11.799999999999999,12.399999999999999,12.399999999999999,12.04,0.0,0.0,0.88,-1.1,1202.0,33.243,24,16,0.0,116.0
NEG-chirang-2023-02-16,chirang,,2023-02-16,0,29.87368,79.81931,0,0.0,1.7000000000000002,1.9000000000000001,19.96,0.0,0.0,1.0,-2.9,1202.0,33.243,84,23,0.0,217.0
NEG-chirang-2021-04-10,chirang,,2021-04-10,0,29.87368,79.81931,0,1.8,1.9000000000000001,3.6000000000000005,32.42999999999999,0.0,0.0,0.81,0.0,1202.0,33.243,39,21,0.0,457.0
NEG-chirang-2017-09-21,chirang,,2017-09-21,0,29.87368,79.81931,0,4.8,7.2,13.7,27.880000000000003,35.6,20.6,6.52,-28.3,1202.0,33.243,30,18,0.0,14.0
NEG-chirang-2021-05-31,chirang,,2021-05-31,0,29.87368,79.81931,0,38.3,38.5,184.70000000000002,34.93,2.2,0.0,0.81,-11.0,1202.0,33.243,39,21,0.0,508.0
NEG-chirang-2020-11-04,chirang,,2020-11-04,0,29.87368,79.81931,0,0.2,0.2,0.2,21.919999999999998,0.0,0.0,1.82,-17.3,1202.0,33.243,39,21,0.0,300.0
NEG-chirang-2016-11-25,chirang,,2016-11-25,0,29.87368,79.81931,0,0.0,0.0,1.2000000000000002,18.89,0.0,0.0,0.92,-8.0,1202.0,33.243,26,17,0.0,116.0
NEG-chirang-2022-09-08,chirang,,2022-09-08,0,29.87368,79.81931,0,4.8,37.300000000000004,60.300000000000004,27.67,3.1,21.7,11.13,-6.5,1202.0,33.243,84,23,0.0,56.0
NEG-chirang-2019-04-09,chirang,,2019-04-09,0,29.87368,79.81931,0,3.8000000000000003,6.699999999999999,12.5,27.36,0.0,0.0,0.87,0.0,1202.0,33.243,34,20,0.0,91.0
NEG-chirang-2016-11-25,chirang,,2016-11-25,0,29.87368,79.81931,0,0.0,0.0,1.2000000000000002,18.89,0.0,0.0,0.92,-8.0,1202.0,33.243,26,17,0.0,116.0
NEG-chirang-2018-05-18,chirang,,2018-05-18,0,29.87368,79.81931,0,0.7999999999999999,3.2000000000000006,12.0,33.99,0.0,0.0,0.72,0.0,1202.0,33.243,32,19,0.0,129.0
NEG-chirang-2020-07-12,chirang,,2020-07-12,0,29.87368,79.81931,0,33.7,88.10000000000001,147.5,23.650000000000002,0.5,4.6,4.9,143.8,1202.0,33.243,39,21,0.0,185.0
NEG-chirang-2016-08-20,chirang,,2016-08-20,0,29.87368,79.81931,0,42.2,75.19999999999999,291.0,18.509999999999998,1.8,25.4,12.87,-23.3,1202.0,33.243,26,17,0.0,19.0
NEG-chirang-2015-09-17,chirang,,2015-09-17,0,29.87368,79.81931,0,2.9,16.400000000000002,28.099999999999998,26.990000000000002,4.9,0.0,5.12,-24.5,1202.0,33.243,24,16,0.0,29.0
NEG-chirang-2016-11-15,chirang,,2016-11-15,0,29.87368,79.81931,0,1.2000000000000002,1.2000000000000002,1.2000000000000002,19.63,0.0,0.0,1.05,-11.8,1202.0,33.243,26,17,0.0,106.0
NEG-chirang-2019-11-16,chirang,,2019-11-16,0,29.87368,79.81931,0,0.0,0.0,3.6,18.11,0.0,0.0,1.57,-15.6,1202.0,33.243,35,20,0.0,40.0
NEG-chirang-2018-02-04,chirang,,2018-02-04,0,29.87368,79.81931,0,0.0,0.0,10.1,19.72,0.0,0.0,0.78,0.0,1202.0,33.243,32,19,0.0,26.0
NEG-chirang-2019-09-21,chirang,,2019-09-21,0,29.87368,79.81931,0,1.3,22.9,49.400000000000006,23.28,2.3,0.0,11.65,-12.3,1202.0,33.243,34,20,0.0,256.0
NEG-chirang-2018-05-12,chirang,,2018-05-12,0,29.87368,79.81931,0,1.0,7.1,26.1,33.660000000000004,1.1,1.3,0.72,0.0,1202.0,33.243,32,19,0.0,123.0
NEG-chirang-2020-06-06,chirang,,2020-06-06,0,29.87368,79.81931,0,6.1,42.599999999999994,62.9,24.76,0.8,0.1,0.85,-2.3,1202.0,33.243,39,21,0.0,149.0
NEG-chirang-2023-10-11,chirang,,2023-10-11,0,29.87368,79.81931,0,0.0,1.1,15.700000000000001,26.06,0.0,0.1,3.08,-17.6,1202.0,33.243,95,24,0.0,39.0
NEG-chirang-2015-11-12,chirang,,2015-11-12,0,29.87368,79.81931,0,0.0,0.7,0.7999999999999999,17.560000000000002,0.0,0.0,1.12,-11.1,1202.0,33.243,24,16,0.0,85.0
NEG-chirang-2019-01-19,chirang,,2019-01-19,0,29.87368,79.81931,0,0.5,2.5,12.3,14.92,0.0,14.9,0.91,-3.2,1202.0,33.243,34,20,0.0,11.0
NEG-chirang-2017-10-27,chirang,,2017-10-27,0,29.87368,79.81931,0,0.0,0.0,0.0,24.400000000000002,0.1,0.3,1.98,-19.2,1202.0,33.243,31,18,0.0,19.0
NEG-chirang-2023-01-31,chirang,,2023-01-31,0,29.87368,79.81931,0,6.4,21.799999999999997,30.999999999999996,14.37,0.0,0.0,1.12,0.0,1202.0,33.243,84,23,0.0,201.0
NEG-chirang-2022-01-04,chirang,,2022-01-04,0,29.87368,79.81931,0,0.0,3.7,4.2,12.06,10.9,3.0,1.3,-5.8,1202.0,33.243,49,22,0.0,119.0
NEG-chirang-2020-07-23,chirang,,2020-07-23,0,29.87368,79.81931,0,14.399999999999999,51.5,104.5,25.12,14.9,0.9,8.73,41.0,1202.0,33.243,39,21,0.0,196.0
NEG-chirang-2021-11-30,chirang,,2021-11-30,0,29.87368,79.81931,0,0.0,0.0,0.0,15.6,0.0,0.8,2.0,-15.6,1202.0,33.243,49,22,0.0,84.0
NEG-chirang-2017-03-11,chirang,,2017-03-11,0,29.87368,79.81931,0,28.6,28.9,33.4,22.020000000000003,1.6,0.0,0.81,3.8,1202.0,33.243,27,18,0.0,63.0
NEG-chirang-2020-02-19,chirang,,2020-02-19,0,29.87368,79.81931,0,0.0,0.0,0.6,21.84,0.0,27.5,1.03,-15.6,1202.0,33.243,39,21,0.0,41.0
NEG-chirang-2016-03-14,chirang,,2016-03-14,0,29.87368,79.81931,0,21.200000000000003,23.0,35.9,22.940000000000005,0.2,0.0,0.81,0.0,1202.0,33.243,24,16,0.0,208.0
NEG-chirang-2016-07-08,chirang,,2016-07-08,0,29.87368,79.81931,0,17.2,209.7,346.80000000000007,15.29,8.0,7.9,13.29,34.1,1202.0,33.243,24,16,0.0,324.0
NEG-chirang-2018-06-01,chirang,,2018-06-01,0,29.87368,79.81931,0,1.8,1.8,1.9000000000000001,40.629999999999995,4.2,0.3,0.72,0.0,1202.0,33.243,32,19,0.0,143.0
NEG-chirang-2015-01-28,chirang,,2015-01-28,0,29.87368,79.81931,0,3.8,26.900000000000002,31.0,12.7,2.5,0.0,0.94,3.3,1202.0,33.243,21,15,0.0,572.0
NEG-chirang-2019-06-09,chirang,,2019-06-09,0,29.87368,79.81931,0,0.0,4.0,4.3999999999999995,38.800000000000004,0.0,0.0,0.78,0.0,1202.0,33.243,34,20,0.0,152.0
NEG-chirang-2018-09-22,chirang,,2018-09-22,0,29.87368,79.81931,0,7.1,8.3,36.5,28.31,33.4,7.0,10.67,-28.7,1202.0,33.243,32,19,0.0,256.0
NEG-chirang-2021-12-15,chirang,,2021-12-15,0,29.87368,79.81931,0,0.0,0.0,15.9,13.47,0.0,0.0,1.55,-12.9,1202.0,33.243,49,22,0.0,99.0
NEG-chirang-2019-04-06,chirang,,2019-04-06,0,29.87368,79.81931,0,2.9000000000000004,3.0,11.599999999999998,30.91,1.4,0.6,0.87,-7.4,1202.0,33.243,34,20,0.0,88.0
NEG-chirang-2018-09-11,chirang,,2018-09-11,0,29.87368,79.81931,0,8.1,23.099999999999998,187.7,23.25,1.2,7.5,17.32,-26.6,1202.0,33.243,32,19,0.0,245.0
NEG-chirang-2019-12-09,chirang,,2019-12-09,0,29.87368,79.81931,0,0.0,0.0,2.7,15.149999999999999,0.0,0.0,1.06,-10.9,1202.0,33.243,35,20,0.0,63.0
NEG-chirang-2018-10-03,chirang,,2018-10-03,0,29.87368,79.81931,0,0.2,3.4000000000000004,72.50000000000001,25.06,0.1,0.0,7.24,-28.2,1202.0,33.243,32,19,0.0,267.0
NEG-chirang-2019-10-30,chirang,,2019-10-30,0,29.87368,79.81931,0,0.0,0.6,4.0,22.07,0.0,0.0,2.44,-21.8,1202.0,33.243,35,20,0.0,23.0
NEG-chirang-2022-04-20,chirang,,2022-04-20,0,29.87368,79.81931,0,0.0,1.4,1.4,37.32,0.0,0.1,0.87,0.0,1202.0,33.243,49,22,0.0,225.0
NEG-chirang-2018-05-15,chirang,,2018-05-15,0,29.87368,79.81931,0,2.4000000000000004,6.0,22.3,31.42,0.1,0.0,0.72,0.0,1202.0,33.243,32,19,0.0,126.0
NEG-chirang-2018-08-06,chirang,,2018-08-06,0,29.87368,79.81931,0,83.7,145.20000000000002,248.8,16.72,25.1,3.9,17.58,-6.3,1202.0,33.243,32,19,0.0,209.0
NEG-chirang-2021-10-06,chirang,,2021-10-06,0,29.87368,79.81931,0,3.7,19.000000000000004,46.1,23.64,0.0,1.3,6.05,-14.1,1202.0,33.243,49,22,0.0,29.0
NEG-chirang-2022-10-18,chirang,,2022-10-18,0,29.87368,79.81931,0,0.0,36.8,278.3,22.130000000000003,0.2,0.0,9.76,-33.8,1202.0,33.243,84,23,0.0,96.0
NEG-chirang-2017-04-02,chirang,,2017-04-02,0,29.87368,79.81931,0,0.0,0.0,1.0,35.620000000000005,0.0,0.0,0.75,0.0,1202.0,33.243,27,18,0.0,85.0
NEG-chirang-2020-05-16,chirang,,2020-05-16,0,29.87368,79.81931,0,1.5999999999999999,6.9,34.1,30.580000000000002,0.0,0.0,0.97,0.0,1202.0,33.243,39,21,0.0,128.0
NEG-chirang-2018-07-10,chirang,,2018-07-10,0,29.87368,79.81931,0,48.4,79.0,182.7,29.450000000000003,68.6,21.9,12.49,440.7,1202.0,33.243,32,19,0.0,182.0
NEG-chirang-2019-06-20,chirang,,2019-06-20,0,29.87368,79.81931,0,0.0,0.0,0.0,40.59,1.0,3.3,0.78,0.0,1202.0,33.243,34,20,0.0,163.0
NEG-chirang-2018-07-31,chirang,,2018-07-31,0,29.87368,79.81931,0,44.1,98.7,210.89999999999998,19.650000000000002,39.5,5.5,17.97,42.1,1202.0,33.243,32,19,0.0,203.0
NEG-chirang-2018-04-08,chirang,,2018-04-08,0,29.87368,79.81931,0,6.4,16.6,18.500000000000004,25.48,0.2,0.1,0.75,0.0,1202.0,33.243,32,19,0.0,89.0
NEG-chirang-2023-03-30,chirang,,2023-03-30,0,29.87368,79.81931,0,0.2,8.1,35.9,27.009999999999998,28.3,7.4,0.87,-4.4,1202.0,33.243,84,23,0.0,259.0
NEG-chirang-2022-10-17,chirang,,2022-10-17,0,29.87368,79.81931,0,0.0,60.199999999999996,278.5,20.369999999999997,1.9,0.2,10.3,-16.7,1202.0,33.243,84,23,0.0,95.0
NEG-chirang-2022-02-05,chirang,,2022-02-05,0,29.87368,79.81931,0,32.2,34.5,64.0,13.219999999999997,0.0,0.4,2.34,12.0,1202.0,33.243,49,22,0.0,151.0
NEG-chirang-2020-07-04,chirang,,2020-07-04,0,29.87368,79.81931,0,14.700000000000001,34.7,81.5,27.61,15.6,4.2,1.39,40.4,1202.0,33.243,39,21,0.0,177.0
NEG-chirang-2021-06-16,chirang,,2021-06-16,0,29.87368,79.81931,0,11.200000000000001,37.099999999999994,37.8,24.95,29.5,45.3,1.19,52.6,1202.0,33.243,39,21,0.0,524.0
NEG-chirang-2023-10-08,chirang,,2023-10-08,0,29.87368,79.81931,0,1.1,13.700000000000001,17.4,25.19,0.0,0.0,3.21,-23.8,1202.0,33.243,95,24,0.0,36.0
NEG-chirang-2017-09-19,chirang,,2017-09-19,0,29.87368,79.81931,0,2.8,7.8999999999999995,11.500000000000002,28.94,1.7,8.7,7.15,-29.1,1202.0,33.243,30,18,0.0,12.0
NEG-chirang-2018-08-27,chirang,,2018-08-27,0,29.87368,79.81931,0,63.900000000000006,133.0,296.7,15.82,56.7,22.3,28.44,28.3,1202.0,33.243,32,19,0.0,230.0
NEG-chirang-2019-03-21,chirang,,2019-03-21,0,29.87368,79.81931,0,3.4,11.0,16.5,24.57,0.0,0.0,1.12,-12.5,1202.0,33.243,34,20,0.0,72.0
NEG-chirang-2018-02-22,chirang,,2018-02-22,0,29.87368,79.81931,0,0.0,0.1,25.8,22.06,0.0,0.4,0.78,0.0,1202.0,33.243,32,19,0.0,44.0
NEG-chirang-2023-10-24,chirang,,2023-10-24,0,29.87368,79.81931,0,0.5,1.9,10.299999999999999,21.9,0.1,0.0,2.01,-21.2,1202.0,33.243,95,24,0.0,52.0
NEG-chirang-2019-05-29,chirang,,2019-05-29,0,29.87368,79.81931,0,0.0,0.4,5.3999999999999995,39.59,0.0,0.0,0.78,0.0,1202.0,33.243,34,20,0.0,141.0
NEG-chirang-2019-02-04,chirang,,2019-02-04,0,29.87368,79.81931,0,9.5,10.9,112.0,14.64,0.0,0.7,1.06,-10.9,1202.0,33.243,34,20,0.0,27.0
NEG-chirang-2016-04-11,chirang,,2016-04-11,0,29.87368,79.81931,0,0.0,4.2,7.9,29.68,0.0,0.0,0.78,0.0,1202.0,33.243,24,16,0.0,236.0
NEG-chirang-2021-04-28,chirang,,2021-04-28,0,29.87368,79.81931,0,0.1,30.400000000000006,40.699999999999996,29.849999999999998,1.2,1.7,0.78,-3.7,1202.0,33.243,39,21,0.0,475.0
NEG-chirang-2017-03-29,chirang,,2017-03-29,0,29.87368,79.81931,0,0.0,0.8,7.1,32.8,0.0,0.0,0.75,-3.8,1202.0,33.243,27,18,0.0,81.0
NEG-chirang-2021-02-12,chirang,,2021-02-12,0,29.87368,79.81931,0,1.3,15.5,17.8,19.56,0.0,1.0,0.85,0.0,1202.0,33.243,39,21,0.0,400.0
NEG-chirang-2022-08-24,chirang,,2022-08-24,0,29.87368,79.81931,0,11.8,91.2,165.0,25.93,2.1,0.1,14.56,10.1,1202.0,33.243,84,23,0.0,41.0
NEG-chirang-2021-03-03,chirang,,2021-03-03,0,29.87368,79.81931,0,0.0,0.3,0.4,28.04,0.0,0.0,0.85,0.0,1202.0,33.243,39,21,0.0,419.0
NEG-chirang-2015-04-21,chirang,,2015-04-21,0,29.87368,79.81931,0,1.0,18.700000000000003,38.900000000000006,29.169999999999998,0.0,0.2,1.06,-5.4,1202.0,33.243,22,16,0.0,61.0
NEG-chirang-2023-02-26,chirang,,2023-02-26,0,29.87368,79.81931,0,0.0,1.2,2.3000000000000003,23.61,0.2,0.0,0.94,-3.1,1202.0,33.243,84,23,0.0,227.0
NEG-chirang-2020-03-05,chirang,,2020-03-05,0,29.87368,79.81931,0,1.4,5.0,41.9,20.82,30.6,15.0,1.12,-8.9,1202.0,33.243,39,21,0.0,56.0
NEG-chirang-2022-12-11,chirang,,2022-12-11,0,29.87368,79.81931,0,0.0,0.0,0.0,14.950000000000001,0.0,0.0,1.79,-11.8,1202.0,33.243,84,23,0.0,150.0
NEG-chirang-2017-05-08,chirang,,2017-05-08,0,29.87368,79.81931,0,1.7000000000000002,6.2,12.500000000000002,36.83,0.0,6.3,0.75,0.0,1202.0,33.243,27,18,0.0,121.0
NEG-chirang-2019-12-01,chirang,,2019-12-01,0,29.87368,79.81931,0,2.4,2.7,3.5999999999999996,14.51,0.0,0.0,1.2,-9.8,1202.0,33.243,35,20,0.0,55.0
NEG-chirang-2023-12-12,chirang,,2023-12-12,0,29.87368,79.81931,0,0.0,0.0,0.7,14.86,0.0,0.0,0.9,-3.2,1202.0,33.243,95,24,0.0,101.0
NEG-chirang-2018-04-08,chirang,,2018-04-08,0,29.87368,79.81931,0,6.4,16.6,18.500000000000004,25.48,0.2,0.1,0.75,0.0,1202.0,33.243,32,19,0.0,89.0
NEG-chirang-2022-10-08,chirang,,2022-10-08,0,29.87368,79.81931,0,20.0,29.799999999999997,140.2,21.47,139.2,23.4,4.75,-23.9,1202.0,33.243,84,23,0.0,86.0
NEG-chirang-2015-10-11,chirang,,2015-10-11,0,29.87368,79.81931,0,0.3,0.5,0.8,26.459999999999997,3.1,1.3,2.13,-20.5,1202.0,33.243,24,16,0.0,53.0
NEG-chirang-2023-12-04,chirang,,2023-12-04,0,29.87368,79.81931,0,0.0,0.7,0.7,13.27,0.0,0.0,0.94,-6.9,1202.0,33.243,95,24,0.0,93.0
NEG-chirang-2023-12-01,chirang,,2023-12-01,0,29.87368,79.81931,0,0.7,0.7,0.7,13.479999999999997,0.0,0.0,0.97,-7.6,1202.0,33.243,95,24,0.0,90.0
NEG-chirang-2019-08-03,chirang,,2019-08-03,0,29.87368,79.81931,0,32.400000000000006,85.4,168.4,21.46,6.3,20.8,11.68,26.8,1202.0,33.243,34,20,0.0,207.0
NEG-chirang-2020-08-07,chirang,,2020-08-07,0,29.87368,79.81931,0,13.6,44.50000000000001,199.39999999999998,25.58,13.7,49.2,9.09,-10.8,1202.0,33.243,39,21,0.0,211.0
NEG-chirang-2022-02-07,chirang,,2022-02-07,0,29.87368,79.81931,0,15.1,34.5,49.9,13.16,0.0,6.0,2.21,13.3,1202.0,33.243,49,22,0.0,153.0
NEG-chirang-2018-05-25,chirang,,2018-05-25,0,29.87368,79.81931,0,0.0,0.1,3.3000000000000003,44.89,0.0,0.0,0.72,0.0,1202.0,33.243,32,19,0.0,136.0
NEG-chirang-2017-09-18,chirang,,2017-09-18,0,29.87368,79.81931,0,1.8,6.6,10.200000000000001,29.8,1.6,1.7,7.43,-30.2,1202.0,33.243,30,18,0.0,11.0
NEG-chirang-2017-10-31,chirang,,2017-10-31,0,29.87368,79.81931,0,0.4,1.4000000000000001,1.4000000000000001,21.479999999999997,0.0,0.0,1.78,-17.6,1202.0,33.243,31,18,0.0,23.0
NEG-chirang-2022-05-21,chirang,,2022-05-21,0,29.87368,79.81931,0,1.3,6.8999999999999995,15.499999999999998,35.519999999999996,4.3,6.9,0.85,-2.3,1202.0,33.243,49,22,0.0,256.0
NEG-chirang-2016-09-23,chirang,,2016-09-23,0,29.87368,79.81931,0,25.1,27.8,72.5,23.759999999999998,0.7,0.2,4.31,-13.3,1202.0,33.243,26,17,0.0,53.0
NEG-chirang-2023-01-08,chirang,,2023-01-08,0,29.87368,79.81931,0,0.0,0.0,0.9,13.98,0.0,0.0,1.26,-7.4,1202.0,33.243,84,23,0.0,178.0
NEG-chirang-2023-11-07,chirang,,2023-11-07,0,29.87368,79.81931,0,0.0,0.1,0.2,20.25,0.0,0.1,1.39,-15.2,1202.0,33.243,95,24,0.0,66.0
NEG-chirang-2019-03-25,chirang,,2019-03-25,0,29.87368,79.81931,0,0.0,3.4,16.0,27.52,5.7,0.0,1.0,-16.0,1202.0,33.243,34,20,0.0,76.0
NEG-chirang-2015-10-30,chirang,,2015-10-30,0,29.87368,79.81931,0,1.1,2.4,3.9,20.720000000000002,0.0,0.0,1.42,-13.9,1202.0,33.243,24,16,0.0,72.0
NEG-chirang-2020-05-16,chirang,,2020-05-16,0,29.87368,79.81931,0,1.5999999999999999,6.9,34.1,30.580000000000002,0.0,0.0,0.97,0.0,1202.0,33.243,39,21,0.0,128.0
NEG-chirang-2021-07-12,chirang,,2021-07-12,0,29.87368,79.81931,0,39.1,51.2,63.6,29.869999999999997,5.1,7.0,5.5,61.8,1202.0,33.243,39,21,0.0,550.0
NEG-chirang-2019-06-30,chirang,,2019-06-30,0,29.87368,79.81931,0,0.1,25.5,31.5,33.78,3.6,2.5,0.78,0.0,1202.0,33.243,34,20,0.0,173.0
NEG-chirang-2020-12-28,chirang,,2020-12-28,0,29.87368,79.81931,0,0.0,0.0,0.0,15.07,0.0,0.0,0.92,-3.2,1202.0,33.243,39,21,0.0,354.0
NEG-chirang-2020-09-06,chirang,,2020-09-06,0,29.87368,79.81931,0,15.299999999999999,28.0,69.49999999999999,24.63,1.9,1.1,11.22,-25.7,1202.0,33.243,39,21,0.0,241.0
NEG-chirang-2022-10-04,chirang,,2022-10-04,0,29.87368,79.81931,0,8.7,11.2,125.9,25.94,0.3,0.2,5.5,-25.6,1202.0,33.243,84,23,0.0,82.0
NEG-chirang-2019-09-10,chirang,,2019-09-10,0,29.87368,79.81931,0,11.9,109.2,146.5,23.11,3.5,3.8,12.46,52.0,1202.0,33.243,34,20,0.0,245.0
NEG-chirang-2021-02-04,chirang,,2021-02-04,0,29.87368,79.81931,0,0.1,0.1,0.1,18.83,14.2,0.0,0.85,-1.2,1202.0,33.243,39,21,0.0,392.0
NEG-chirang-2015-05-31,chirang,,2015-05-31,0,29.87368,79.81931,0,0.0,1.2999999999999998,5.0,40.81,0.3,4.7,0.81,-4.7,1202.0,33.243,22,16,0.0,101.0
NEG-chirang-2023-11-13,chirang,,2023-11-13,0,29.87368,79.81931,0,0.3,0.5,0.6000000000000001,17.81,0.0,0.0,1.26,-11.3,1202.0,33.243,95,24,0.0,72.0
NEG-chirang-2022-11-13,chirang,,2022-11-13,0,29.87368,79.81931,0,0.0,0.0,0.1,18.09,0.0,0.0,3.4,-21.1,1202.0,33.243,84,23,0.0,122.0
NEG-chirang-2021-01-08,chirang,,2021-01-08,0,29.87368,79.81931,0,9.4,9.7,15.399999999999999,11.56,0.0,0.0,0.89,-2.2,1202.0,33.243,39,21,0.0,365.0
NEG-chirang-2022-02-26,chirang,,2022-02-26,0,29.87368,79.81931,0,14.0,14.5,17.099999999999998,19.050000000000004,0.6,0.0,1.69,-3.4,1202.0,33.243,49,22,0.0,172.0
NEG-chirang-2015-12-15,chirang,,2015-12-15,0,29.87368,79.81931,0,1.7000000000000002,12.499999999999998,12.499999999999998,12.73,0.0,0.0,0.87,-1.1,1202.0,33.243,24,16,0.0,118.0
NEG-chirang-2016-03-23,chirang,,2016-03-23,0,29.87368,79.81931,0,0.3,4.5,31.599999999999998,25.580000000000002,0.0,0.0,0.78,-3.7,1202.0,33.243,24,16,0.0,217.0
NEG-chirang-2022-05-17,chirang,,2022-05-17,0,29.87368,79.81931,0,2.3,8.6,20.500000000000004,34.42,1.1,0.0,0.85,-2.3,1202.0,33.243,49,22,0.0,252.0
NEG-chirang-2018-12-25,chirang,,2018-12-25,0,29.87368,79.81931,0,0.0,0.0,2.8,15.0,0.0,0.8,1.0,-7.4,1202.0,33.243,32,19,0.0,350.0
NEG-chirang-2016-11-12,chirang,,2016-11-12,0,29.87368,79.81931,0,0.0,0.0,2.8,20.13,0.1,0.0,1.1,-12.7,1202.0,33.243,26,17,0.0,103.0
NEG-chirang-2022-04-04,chirang,,2022-04-04,0,29.87368,79.81931,0,0.0,0.0,0.0,36.26,0.0,0.0,0.94,-8.7,1202.0,33.243,49,22,0.0,209.0
NEG-chirang-2021-11-14,chirang,,2021-11-14,0,29.87368,79.81931,0,0.0,0.0,0.9,18.29,0.0,0.0,3.16,-22.5,1202.0,33.243,49,22,0.0,68.0
NEG-chirang-2015-07-01,chirang,,2015-07-01,0,29.87368,79.81931,0,52.8,228.49999999999997,265.4,23.14,24.3,0.4,2.44,201.2,1202.0,33.243,22,16,0.0,132.0
NEG-chirang-2021-04-25,chirang,,2021-04-25,0,29.87368,79.81931,0,13.2,30.800000000000004,40.599999999999994,28.660000000000004,0.0,0.1,0.81,0.0,1202.0,33.243,39,21,0.0,472.0
NEG-chirang-2022-03-27,chirang,,2022-03-27,0,29.87368,79.81931,0,0.0,0.0,0.1,31.159999999999997,0.0,0.0,1.03,-11.2,1202.0,33.243,49,22,0.0,201.0
NEG-chirang-2022-08-06,chirang,,2022-08-06,0,29.87368,79.81931,0,42.4,80.5,138.8,21.04,45.7,0.2,15.22,9.3,1202.0,33.243,84,23,0.0,23.0
NEG-chirang-2022-04-03,chirang,,2022-04-03,0,29.87368,79.81931,0,0.0,0.0,0.0,35.739999999999995,0.0,0.0,0.94,-8.7,1202.0,33.243,49,22,0.0,208.0
NEG-chirang-2019-06-25,chirang,,2019-06-25,0,29.87368,79.81931,0,18.2,20.9,20.9,31.419999999999998,8.2,0.0,0.78,0.0,1202.0,33.243,34,20,0.0,168.0
NEG-chirang-2023-06-10,chirang,,2023-06-10,0,29.87368,79.81931,0,0.3,5.7,16.5,34.580000000000005,0.0,1.1,0.81,-4.7,1202.0,33.243,84,23,0.0,331.0
NEG-chirang-2018-09-20,chirang,,2018-09-20,0,29.87368,79.81931,0,0.0,14.5,40.5,28.689999999999998,6.3,6.3,11.53,-29.6,1202.0,33.243,32,19,0.0,254.0
NEG-chirang-2023-12-06,chirang,,2023-12-06,0,29.87368,79.81931,0,0.0,0.0,0.7,14.920000000000002,0.0,0.0,0.93,-6.1,1202.0,33.243,95,24,0.0,95.0
NEG-chirang-2019-10-30,chirang,,2019-10-30,0,29.87368,79.81931,0,0.0,0.6,4.0,22.07,0.0,0.0,2.44,-21.8,1202.0,33.243,35,20,0.0,23.0
NEG-chirang-2016-03-09,chirang,,2016-03-09,0,29.87368,79.81931,0,12.7,14.0,23.7,23.179999999999996,0.0,0.2,0.81,0.0,1202.0,33.243,24,16,0.0,203.0
NEG-chirang-2016-02-08,chirang,,2016-02-08,0,29.87368,79.81931,0,18.3,18.3,24.0,19.299999999999997,0.2,0.4,0.85,2.4,1202.0,33.243,24,16,0.0,173.0
NEG-chirang-2017-11-25,chirang,,2017-11-25,0,29.87368,79.81931,0,0.0,0.8,1.4000000000000001,16.7,0.0,0.0,1.12,-11.1,1202.0,33.243,31,18,0.0,48.0
NEG-chirang-2017-06-28,chirang,,2017-06-28,0,29.87368,79.81931,0,26.0,34.7,63.9,30.81,3.6,4.3,1.26,61.5,1202.0,33.243,27,18,0.0,172.0
NEG-chirang-2020-09-22,chirang,,2020-09-22,0,29.87368,79.81931,0,11.700000000000001,34.0,48.6,26.829999999999995,3.0,0.6,8.71,11.8,1202.0,33.243,39,21,0.0,257.0
NEG-chirang-2023-05-18,chirang,,2023-05-18,0,29.87368,79.81931,0,0.3,0.5,9.299999999999999,38.08,0.1,0.0,0.85,0.0,1202.0,33.243,84,23,0.0,308.0
NEG-chirang-2020-10-25,chirang,,2020-10-25,0,29.87368,79.81931,0,0.0,0.0,0.0,24.93,0.0,0.0,2.4,-20.5,1202.0,33.243,39,21,0.0,290.0
NEG-chirang-2021-04-04,chirang,,2021-04-04,0,29.87368,79.81931,0,0.0,1.7,3.0999999999999996,36.25,0.1,0.0,0.81,0.0,1202.0,33.243,39,21,0.0,451.0
NEG-chirang-2021-07-05,chirang,,2021-07-05,0,29.87368,79.81931,0,5.5,12.4,49.099999999999994,32.07,3.0,4.1,3.4,-22.2,1202.0,33.243,39,21,0.0,543.0
NEG-chirang-2022-09-17,chirang,,2022-09-17,0,29.87368,79.81931,0,37.2,76.80000000000001,101.7,21.779999999999998,20.0,4.2,9.14,-10.8,1202.0,33.243,84,23,0.0,65.0
NEG-chirang-2021-06-14,chirang,,2021-06-14,0,29.87368,79.81931,0,19.3,31.700000000000003,34.800000000000004,29.960000000000004,0.9,3.8,1.0,28.2,1202.0,33.243,39,21,0.0,522.0
NEG-chirang-2017-06-24,chirang,,2017-06-24,0,29.87368,79.81931,0,7.4,35.1,40.6,31.08,5.4,11.1,0.75,-3.8,1202.0,33.243,27,18,0.0,168.0
NEG-chirang-2019-03-13,chirang,,2019-03-13,0,29.87368,79.81931,0,5.0,5.5,33.0,24.369999999999997,3.9,3.4,1.31,-19.1,1202.0,33.243,34,20,0.0,64.0
NEG-chirang-2019-05-22,chirang,,2019-05-22,0,29.87368,79.81931,0,0.30000000000000004,5.0,8.999999999999998,34.06,0.4,0.0,0.78,-3.7,1202.0,33.243,34,20,0.0,134.0
NEG-chirang-2020-03-11,chirang,,2020-03-11,0,29.87368,79.81931,0,0.0,52.1,56.6,18.89,2.7,8.6,1.44,24.1,1202.0,33.243,39,21,0.0,62.0
NEG-chirang-2022-08-15,chirang,,2022-08-15,0,29.87368,79.81931,0,31.8,60.3,174.79999999999998,27.75,5.2,1.9,12.8,-16.5,1202.0,33.243,84,23,0.0,32.0
NEG-chirang-2021-08-07,chirang,,2021-08-07,0,29.87368,79.81931,0,37.3,60.5,209.4,24.779999999999998,10.8,6.6,12.43,-7.9,1202.0,33.243,39,21,0.0,576.0
NEG-chirang-2022-09-29,chirang,,2022-09-29,0,29.87368,79.81931,0,13.200000000000001,111.4,189.4,19.9,0.8,7.6,6.82,-15.8,1202.0,33.243,84,23,0.0,77.0
NEG-chirang-2020-08-11,chirang,,2020-08-11,0,29.87368,79.81931,0,199.0,220.89999999999998,375.0,24.709999999999997,36.4,35.6,13.45,31.6,1202.0,33.243,39,21,0.0,215.0
NEG-chirang-2016-09-09,chirang,,2016-09-09,0,29.87368,79.81931,0,9.1,16.799999999999997,51.400000000000006,27.229999999999997,3.9,13.2,5.52,-24.4,1202.0,33.243,26,17,0.0,39.0
NEG-chirang-2018-11-13,chirang,,2018-11-13,0,29.87368,79.81931,0,0.6,0.6,3.8000000000000003,18.220000000000002,1.1,0.0,1.81,-13.0,1202.0,33.243,32,19,0.0,308.0
NEG-chirang-2015-04-11,chirang,,2015-04-11,0,29.87368,79.81931,0,1.4,30.200000000000003,68.4,25.13,1.5,12.2,1.19,0.0,1202.0,33.243,22,16,0.0,51.0
NEG-chirang-2020-05-31,chirang,,2020-05-31,0,29.87368,79.81931,0,24.3,24.3,24.3,33.41,20.6,0.0,0.87,2.4,1202.0,33.243,39,21,0.0,143.0
NEG-chirang-2016-03-04,chirang,,2016-03-04,0,29.87368,79.81931,0,0.3,1.8,25.7,20.44,0.5,10.9,0.81,-4.7,1202.0,33.243,24,16,0.0,198.0
NEG-chirang-2018-04-25,chirang,,2018-04-25,0,29.87368,79.81931,0,0.0,1.3,20.6,36.22,0.0,4.2,0.75,0.0,1202.0,33.243,32,19,0.0,106.0
NEG-chirang-2019-08-31,chirang,,2019-08-31,0,29.87368,79.81931,0,17.7,64.7,145.29999999999995,24.070000000000004,8.6,0.2,8.4,-17.4,1202.0,33.243,34,20,0.0,235.0
NEG-chirang-2015-12-18,chirang,,2015-12-18,0,29.87368,79.81931,0,0.0,11.899999999999999,12.499999999999998,12.370000000000001,0.0,0.0,0.87,0.0,1202.0,33.243,24,16,0.0,121.0
NEG-chirang-2016-04-20,chirang,,2016-04-20,0,29.87368,79.81931,0,2.1,2.1,6.500000000000001,34.580000000000005,0.0,0.3,0.78,0.0,1202.0,33.243,24,16,0.0,245.0
NEG-chirang-2023-03-10,chirang,,2023-03-10,0,29.87368,79.81931,0,0.3,1.1,1.4000000000000001,25.159999999999997,0.0,0.0,0.87,-4.4,1202.0,33.243,84,23,0.0,239.0
NEG-chirang-2018-11-27,chirang,,2018-11-27,0,29.87368,79.81931,0,0.0,0.0,1.9000000000000001,17.49,0.0,0.0,1.38,-11.5,1202.0,33.243,32,19,0.0,322.0
NEG-chirang-2018-07-01,chirang,,2018-07-01,0,29.87368,79.81931,0,25.8,73.8,80.3,31.990000000000002,17.3,26.7,1.44,69.4,1202.0,33.243,32,19,0.0,173.0
NEG-chirang-2018-11-06,chirang,,2018-11-06,0,29.87368,79.81931,0,3.2,3.2,3.3,19.799999999999997,0.0,0.0,2.08,-16.5,1202.0,33.243,32,19,0.0,301.0
NEG-chirang-2020-02-09,chirang,,2020-02-09,0,29.87368,79.81931,0,0.6,0.6,32.1,16.98,0.0,0.0,1.33,-16.4,1202.0,33.243,39,21,0.0,31.0
NEG-chirang-2023-10-18,chirang,,2023-10-18,0,29.87368,79.81931,0,9.700000000000001,9.8,10.9,22.61,0.0,0.0,2.49,-19.2,1202.0,33.243,95,24,0.0,46.0
NEG-chirang-2017-04-27,chirang,,2017-04-27,0,29.87368,79.81931,0,1.1,5.4,6.6000000000000005,36.29,0.8,0.1,0.75,0.0,1202.0,33.243,27,18,0.0,110.0
NEG-chirang-2020-11-04,chirang,,2020-11-04,0,29.87368,79.81931,0,0.2,0.2,0.2,21.919999999999998,0.0,0.0,1.82,-17.3,1202.0,33.243,39,21,0.0,300.0
NEG-chirang-2020-06-01,chirang,,2020-06-01,0,29.87368,79.81931,0,31.4,36.2,36.2,29.89,0.0,2.0,0.87,2.4,1202.0,33.243,39,21,0.0,144.0
NEG-chirang-2018-11-27,chirang,,2018-11-27,0,29.87368,79.81931,0,0.0,0.0,1.9000000000000001,17.49,0.0,0.0,1.38,-11.5,1202.0,33.243,32,19,0.0,322.0
NEG-chirang-2020-05-04,chirang,,2020-05-04,0,29.87368,79.81931,0,10.2,36.1,56.19999999999999,25.389999999999997,4.8,4.5,1.0,9.9,1202.0,33.243,39,21,0.0,116.0
NEG-chirang-2016-02-04,chirang,,2016-02-04,0,29.87368,79.81931,0,0.0,0.1,5.9,16.02,0.0,0.0,0.83,0.0,1202.0,33.243,24,16,0.0,169.0
NEG-chirang-2019-11-30,chirang,,2019-11-30,0,29.87368,79.81931,0,2.4,3.5999999999999996,3.5999999999999996,14.0,0.0,0.0,1.22,-10.3,1202.0,33.243,35,20,0.0,54.0
NEG-chirang-2023-02-05,chirang,,2023-02-05,0,29.87368,79.81931,0,0.0,6.4,21.799999999999997,15.709999999999999,0.1,0.1,1.08,-0.9,1202.0,33.243,84,23,0.0,206.0
NEG-chirang-2022-10-24,chirang,,2022-10-24,0,29.87368,79.81931,0,0.0,2.1,62.3,22.08,0.0,0.0,7.34,-28.7,1202.0,33.243,84,23,0.0,102.0
NEG-chirang-2020-01-28,chirang,,2020-01-28,0,29.87368,79.81931,0,1.3,4.4,42.5,13.650000000000002,11.0,2.3,1.39,-14.2,1202.0,33.243,39,21,0.0,19.0
NEG-chirang-2018-07-30,chirang,,2018-07-30,0,29.87368,79.81931,0,56.1,103.6,221.49999999999997,21.25,11.8,39.5,18.77,45.2,1202.0,33.243,32,19,0.0,202.0
NEG-chirang-2015-10-03,chirang,,2015-10-03,0,29.87368,79.81931,0,0.1,0.4,7.9,26.66,0.2,0.0,2.77,-23.7,1202.0,33.243,24,16,0.0,45.0
NEG-chirang-2018-05-14,chirang,,2018-05-14,0,29.87368,79.81931,0,1.1,8.1,22.400000000000002,32.82000000000001,0.7,0.1,0.72,0.0,1202.0,33.243,32,19,0.0,125.0
NEG-chirang-2015-07-03,chirang,,2015-07-03,0,29.87368,79.81931,0,129.9,164.0,374.8,21.94,0.9,16.4,4.35,248.0,1202.0,33.243,22,16,0.0,134.0
NEG-chirang-2022-12-21,chirang,,2022-12-21,0,29.87368,79.81931,0,0.0,0.0,0.0,14.639999999999999,0.0,0.0,1.55,-9.4,1202.0,33.243,84,23,0.0,160.0
NEG-chirang-2016-04-16,chirang,,2016-04-16,0,29.87368,79.81931,0,0.0,0.4,4.6000000000000005,35.65,0.4,1.5,0.78,0.0,1202.0,33.243,24,16,0.0,241.0
NEG-chirang-2015-04-03,chirang,,2015-04-03,0,29.87368,79.81931,0,0.2,21.499999999999996,23.3,24.939999999999998,20.8,3.8,1.06,-2.8,1202.0,33.243,22,16,0.0,43.0
NEG-chirang-2018-11-06,chirang,,2018-11-06,0,29.87368,79.81931,0,3.2,3.2,3.3,19.799999999999997,0.0,0.0,2.08,-16.5,1202.0,33.243,32,19,0.0,301.0
NEG-chirang-2022-04-08,chirang,,2022-04-08,0,29.87368,79.81931,0,0.0,0.0,0.0,37.43,0.0,0.0,0.91,-6.2,1202.0,33.243,49,22,0.0,213.0
NEG-chirang-2016-03-23,chirang,,2016-03-23,0,29.87368,79.81931,0,0.3,4.5,31.599999999999998,25.580000000000002,0.0,0.0,0.78,-3.7,1202.0,33.243,24,16,0.0,217.0
NEG-chirang-2022-08-05,chirang,,2022-08-05,0,29.87368,79.81931,0,38.8,90.1,133.9,19.75,15.2,45.7,15.22,19.2,1202.0,33.243,84,23,0.0,22.0
NEG-chirang-2023-12-22,chirang,,2023-12-22,0,29.87368,79.81931,0,0.0,0.0,0.4,14.2,0.0,0.0,0.87,-2.2,1202.0,33.243,95,24,0.0,111.0
NEG-chirang-2016-11-04,chirang,,2016-11-04,0,29.87368,79.81931,0,0.0,2.8,3.0999999999999996,20.46,0.0,0.0,1.29,-13.4,1202.0,33.243,26,17,0.0,95.0
NEG-chirang-2023-04-22,chirang,,2023-04-22,0,29.87368,79.81931,0,6.4,7.7,7.8,31.639999999999997,0.0,0.6,0.85,-2.3,1202.0,33.243,84,23,0.0,282.0
NEG-chirang-2017-09-26,chirang,,2017-09-26,0,29.87368,79.81931,0,52.4,100.0,107.9,15.809999999999999,0.4,0.4,6.21,-13.1,1202.0,33.243,30,18,0.0,19.0
NEG-chirang-2020-10-14,chirang,,2020-10-14,0,29.87368,79.81931,0,0.0,0.8,1.2,27.77,0.0,0.0,3.51,-25.0,1202.0,33.243,39,21,0.0,279.0
NEG-chirang-2016-12-15,chirang,,2016-12-15,0,29.87368,79.81931,0,0.0,0.0,2.4000000000000004,15.950000000000003,0.0,0.0,0.83,-3.5,1202.0,33.243,26,17,0.0,136.0
NEG-chirang-2021-03-10,chirang,,2021-03-10,0,29.87368,79.81931,0,12.0,12.0,12.3,26.259999999999998,0.0,0.0,0.85,0.0,1202.0,33.243,39,21,0.0,426.0
NEG-chirang-2016-10-17,chirang,,2016-10-17,0,29.87368,79.81931,0,0.6,0.6,7.1,23.97,0.0,0.1,1.93,-20.2,1202.0,33.243,26,17,0.0,77.0
NEG-chirang-2018-09-17,chirang,,2018-09-17,0,29.87368,79.81931,0,7.0,23.7,52.300000000000004,25.57,0.0,0.0,13.52,-23.8,1202.0,33.243,32,19,0.0,251.0
NEG-chirang-2021-04-12,chirang,,2021-04-12,0,29.87368,79.81931,0,0.0,1.9000000000000001,3.5,32.46,0.0,0.1,0.81,0.0,1202.0,33.243,39,21,0.0,459.0
NEG-chirang-2020-03-07,chirang,,2020-03-07,0,29.87368,79.81931,0,37.1,41.1,50.5,17.33,0.0,0.0,1.5,22.0,1202.0,33.243,39,21,0.0,58.0
NEG-chirang-2017-08-07,chirang,,2017-08-07,0,29.87368,79.81931,0,50.5,98.9,178.59999999999997,16.39,6.8,55.7,16.78,10.5,1202.0,33.243,29,18,0.0,23.0
NEG-chirang-2023-12-12,chirang,,2023-12-12,0,29.87368,79.81931,0,0.0,0.0,0.7,14.86,0.0,0.0,0.9,-3.2,1202.0,33.243,95,24,0.0,101.0
NEG-chirang-2019-07-18,chirang,,2019-07-18,0,29.87368,79.81931,0,63.5,159.79999999999998,258.70000000000005,20.11,0.1,2.9,6.28,351.8,1202.0,33.243,34,20,0.0,191.0
NEG-chirang-2022-01-23,chirang,,2022-01-23,0,29.87368,79.81931,0,8.9,9.1,46.60000000000001,11.129999999999999,10.2,2.4,1.75,26.8,1202.0,33.243,49,22,0.0,138.0
NEG-chirang-2017-01-25,chirang,,2017-01-25,0,29.87368,79.81931,0,0.0,0.2,3.7,16.77,0.3,20.0,0.78,0.0,1202.0,33.243,27,18,0.0,18.0
NEG-chirang-2017-02-02,chirang,,2017-02-02,0,29.87368,79.81931,0,1.4,21.7,21.799999999999997,15.840000000000002,0.0,0.0,0.81,3.8,1202.0,33.243,27,18,0.0,26.0
NEG-chirang-2022-03-08,chirang,,2022-03-08,0,29.87368,79.81931,0,0.0,3.5999999999999996,23.400000000000002,22.979999999999997,0.0,0.0,1.47,-17.4,1202.0,33.243,49,22,0.0,182.0
NEG-chirang-2022-05-16,chirang,,2022-05-16,0,29.87368,79.81931,0,0.3,8.100000000000001,18.600000000000005,33.45,3.3,1.1,0.85,-2.3,1202.0,33.243,49,22,0.0,251.0
NEG-chitradurga-2019-11-06,chitradurga,,2019-11-06,0,14.22262,76.40038,0,1.7000000000000002,24.5,67.2,23.73,3.8,1.1,0.01,0.0,738.0,1.892,27,18,0.0,397.0
NEG-chitradurga-2019-06-09,chitradurga,,2019-06-09,0,14.22262,76.40038,1,14.100000000000001,23.0,25.0,40.209999999999994,4.2,2.1,0.0,,738.0,1.892,27,18,0.0,247.0
NEG-chitradurga-2015-04-30,chitradurga,,2015-04-30,0,14.22262,76.40038,1,0.0,12.3,16.5,38.5,0.1,0.9,0.0,,738.0,1.892,21,15,0.0,241.0
NEG-chitradurga-2023-04-09,chitradurga,,2023-04-09,0,14.22262,76.40038,1,0.0,0.0,0.0,47.580000000000005,0.0,0.0,0.0,,738.0,1.892,33,20,0.0,510.0
NEG-chitradurga-2017-03-19,chitradurga,,2017-03-19,0,14.22262,76.40038,1,13.6,17.7,17.7,41.1,0.0,0.0,0.0,,738.0,1.892,25,16,0.0,503.0
NEG-chitradurga-2021-08-22,chitradurga,,2021-08-22,0,14.22262,76.40038,0,2.0,8.900000000000002,33.699999999999996,23.68,1.9,0.8,0.02,0.0,738.0,1.892,32,19,0.0,590.0
NEG-chitradurga-2019-10-26,chitradurga,,2019-10-26,0,14.22262,76.40038,0,17.0,73.9,115.2,19.34,18.6,0.8,0.58,3.6,738.0,1.892,27,18,0.0,386.0
NEG-chitradurga-2019-05-12,chitradurga,,2019-05-12,0,14.22262,76.40038,1,0.0,0.30000000000000004,3.3000000000000003,42.96,0.0,0.0,0.0,,738.0,1.892,27,18,0.0,219.0
NEG-chitradurga-2015-01-19,chitradurga,,2015-01-19,0,14.22262,76.40038,1,0.0,0.0,0.0,34.39,0.0,0.0,0.0,,738.0,1.892,21,15,0.0,140.0
NEG-chitradurga-2022-11-26,chitradurga,,2022-11-26,0,14.22262,76.40038,0,12.899999999999999,13.8,31.1,25.34,0.1,0.5,0.01,0.0,738.0,1.892,33,20,0.0,376.0
NEG-chitradurga-2017-05-29,chitradurga,,2017-05-29,0,14.22262,76.40038,1,0.9,3.4999999999999996,5.5,41.919999999999995,0.5,0.3,0.0,,738.0,1.892,25,16,0.0,574.0
NEG-chitradurga-2017-04-22,chitradurga,,2017-04-22,0,14.22262,76.40038,1,0.0,0.6000000000000001,0.7,46.400000000000006,0.0,0.0,0.0,,738.0,1.892,25,16,0.0,537.0
NEG-chitradurga-2018-02-14,chitradurga,,2018-02-14,0,14.22262,76.40038,1,1.3,5.1,5.1,30.02,0.0,0.0,0.0,,738.0,1.892,26,17,0.0,169.0
NEG-chitradurga-2023-06-09,chitradurga,,2023-06-09,0,14.22262,76.40038,1,0.7,4.4,21.799999999999997,42.949999999999996,1.0,0.4,0.0,,738.0,1.892,33,20,0.0,571.0
NEG-chitradurga-2022-11-22,chitradurga,,2022-11-22,0,14.22262,76.40038,0,0.0,0.7,17.3,30.529999999999998,5.8,7.1,0.01,0.0,738.0,1.892,33,20,0.0,372.0
NEG-chitradurga-2023-12-05,chitradurga,,2023-12-05,0,14.22262,76.40038,0,1.4,1.9,13.8,28.93,0.0,0.0,0.0,-100.0,738.0,1.892,34,21,0.0,153.0
NEG-chitradurga-2021-06-22,chitradurga,,2021-06-22,0,14.22262,76.40038,1,2.7,17.300000000000004,52.7,25.12,0.1,0.8,0.0,,738.0,1.892,32,19,0.0,529.0
NEG-chitradurga-2016-02-21,chitradurga,,2016-02-21,0,14.22262,76.40038,1,0.0,0.0,0.0,43.06,0.0,0.0,0.0,,738.0,1.892,25,16,0.0,111.0
NEG-chitradurga-2023-12-19,chitradurga,,2023-12-19,0,14.22262,76.40038,0,1.1,1.1,5.2,30.339999999999996,0.0,0.0,0.0,-100.0,738.0,1.892,34,21,0.0,167.0
NEG-chitradurga-2021-01-08,chitradurga,,2021-01-08,0,14.22262,76.40038,1,8.3,9.0,9.0,24.989999999999995,0.1,0.0,0.0,,738.0,1.892,32,19,0.0,364.0
NEG-chitradurga-2017-02-04,chitradurga,,2017-02-04,0,14.22262,76.40038,1,0.0,0.0,2.7,38.730000000000004,0.0,0.0,0.0,,738.0,1.892,25,16,0.0,460.0
NEG-chitradurga-2019-02-07,chitradurga,,2019-02-07,0,14.22262,76.40038,1,0.0,0.0,4.6000000000000005,36.13,0.0,0.0,0.0,,738.0,1.892,27,18,0.0,125.0
NEG-chitradurga-2018-08-28,chitradurga,,2018-08-28,0,14.22262,76.40038,1,4.4,8.4,34.4,28.619999999999997,4.1,2.2,0.0,,738.0,1.892,26,17,0.0,364.0
NEG-chitradurga-2017-03-18,chitradurga,,2017-03-18,0,14.22262,76.40038,1,17.7,17.7,17.7,41.980000000000004,0.0,0.0,0.0,,738.0,1.892,25,16,0.0,502.0
NEG-chitradurga-2020-02-18,chitradurga,,2020-02-18,0,14.22262,76.40038,1,0.0,0.0,0.7,40.14999999999999,0.0,0.0,0.0,,738.0,1.892,32,19,0.0,39.0
NEG-chitradurga-2016-04-11,chitradurga,,2016-04-11,0,14.22262,76.40038,1,0.0,0.0,0.0,42.28,0.0,0.0,0.0,,738.0,1.892,25,16,0.0,161.0
NEG-chitradurga-2017-12-10,chitradurga,,2017-12-10,0,14.22262,76.40038,1,0.0,0.0,4.6,25.130000000000003,0.0,0.0,0.0,,738.0,1.892,26,17,0.0,103.0
NEG-chitradurga-2022-07-10,chitradurga,,2022-07-10,0,14.22262,76.40038,1,17.2,49.39999999999999,60.099999999999994,16.95,6.2,2.0,0.02,,738.0,1.892,33,20,0.0,237.0
NEG-chitradurga-2020-06-27,chitradurga,,2020-06-27,0,14.22262,76.40038,1,25.700000000000003,27.700000000000003,41.9,31.439999999999998,8.1,8.9,0.02,,738.0,1.892,32,19,0.0,169.0
NEG-chitradurga-2020-12-01,chitradurga,,2020-12-01,0,14.22262,76.40038,0,4.6000000000000005,9.3,14.6,22.11,0.0,0.0,0.01,0.0,738.0,1.892,32,19,0.0,326.0
NEG-chitradurga-2022-03-02,chitradurga,,2022-03-02,0,14.22262,76.40038,1,0.0,0.0,0.0,45.33,0.0,0.0,0.0,,738.0,1.892,33,20,0.0,107.0
NEG-chitradurga-2018-07-07,chitradurga,,2018-07-07,0,14.22262,76.40038,0,18.5,37.400000000000006,81.69999999999999,24.64,3.1,5.4,0.02,-95.1,738.0,1.892,26,17,0.0,312.0
NEG-chitradurga-2021-09-11,chitradurga,,2021-09-11,0,14.22262,76.40038,0,2.9000000000000004,64.3,90.0,23.099999999999998,2.3,3.5,0.01,0.0,738.0,1.892,32,19,0.0,610.0
NEG-chitradurga-2019-05-11,chitradurga,,2019-05-11,0,14.22262,76.40038,1,0.1,0.30000000000000004,3.3000000000000007,43.65,0.0,0.0,0.0,,738.0,1.892,27,18,0.0,218.0
NEG-chitradurga-2019-05-27,chitradurga,,2019-05-27,0,14.22262,76.40038,1,2.1,11.5,11.7,40.37,1.0,0.1,0.0,,738.0,1.892,27,18,0.0,234.0
NEG-chitradurga-2021-08-01,chitradurga,,2021-08-01,0,14.22262,76.40038,0,4.0,7.9,88.10000000000001,28.1,0.6,1.8,0.03,-94.8,738.0,1.892,32,19,0.0,569.0
NEG-chitradurga-2016-04-12,chitradurga,,2016-04-12,0,14.22262,76.40038,1,0.0,0.0,0.0,42.77,0.0,0.0,0.0,,738.0,1.892,25,16,0.0,162.0
NEG-chitradurga-2018-11-26,chitradurga,,2018-11-26,0,14.22262,76.40038,0,13.5,15.5,29.4,24.419999999999998,0.0,0.0,0.0,-100.0,738.0,1.892,27,18,0.0,52.0
NEG-chitradurga-2018-12-12,chitradurga,,2018-12-12,0,14.22262,76.40038,1,0.0,7.0,8.0,27.569999999999997,0.0,0.0,0.0,,738.0,1.892,27,18,0.0,68.0
NEG-chitrakoot-2020-02-19,chitrakoot,,2020-02-19,0,25.21473,80.91645,0,0.0,0.0,0.0,30.72,0.0,18.8,0.02,0.0,137.0,0.901,26,16,0.0,568.0
NEG-chitrakoot-2021-12-03,chitrakoot,,2021-12-03,0,25.21473,80.91645,0,0.0,0.0,0.1,20.5,0.0,0.0,0.05,0.0,137.0,0.901,28,17,0.0,80.0
NEG-chitrakoot-2016-12-07,chitrakoot,,2016-12-07,0,25.21473,80.91645,0,0.0,0.0,0.0,19.47,0.0,0.0,0.05,0.0,137.0,0.901,23,15,0.0,2619.0
NEG-chitrakoot-2022-07-22,chitrakoot,,2022-07-22,0,25.21473,80.91645,0,46.2,57.599999999999994,61.0,37.29,9.1,5.0,0.03,50.0,137.0,0.901,28,17,0.0,311.0
NEG-chitrakoot-2022-12-01,chitrakoot,,2022-12-01,0,25.21473,80.91645,0,0.0,0.0,0.0,22.05,0.0,0.0,0.05,0.0,137.0,0.901,29,18,0.0,103.0
NEG-chitrakoot-2023-12-24,chitrakoot,,2023-12-24,0,25.21473,80.91645,0,0.0,0.0,0.0,17.1,0.0,0.0,0.02,0.0,137.0,0.901,29,18,0.0,491.0
NEG-chitrakoot-2018-05-03,chitrakoot,,2018-05-03,0,25.21473,80.91645,0,4.5,8.7,8.7,52.260000000000005,0.0,0.3,0.03,0.0,137.0,0.901,24,16,0.0,114.0
NEG-chitrakoot-2021-11-21,chitrakoot,,2021-11-21,0,25.21473,80.91645,0,0.1,0.1,0.1,21.65,0.0,0.0,0.05,0.0,137.0,0.901,28,17,0.0,68.0
NEG-chitrakoot-2021-08-14,chitrakoot,,2021-08-14,0,25.21473,80.91645,0,4.3,57.9,181.4,21.6,0.3,0.3,0.92,-19.3,137.0,0.901,27,17,0.0,13.0
NEG-chitrakoot-2015-12-14,chitrakoot,,2015-12-14,0,25.21473,80.91645,0,0.0,0.0,9.5,22.39,0.0,0.0,0.02,0.0,137.0,0.901,23,15,0.0,2260.0
NEG-chitrakoot-2022-07-15,chitrakoot,,2022-07-15,0,25.21473,80.91645,0,1.6,3.4000000000000004,32.400000000000006,48.06999999999999,8.0,0.0,0.02,0.0,137.0,0.901,28,17,0.0,304.0
NEG-chitrakoot-2016-07-02,chitrakoot,,2016-07-02,0,25.21473,80.91645,0,14.4,24.700000000000003,64.4,40.87,23.4,8.4,0.05,66.7,137.0,0.901,23,15,0.0,2461.0
NEG-chitrakoot-2018-07-06,chitrakoot,,2018-07-06,0,25.21473,80.91645,0,7.0,14.2,62.20000000000001,37.45,0.8,2.3,0.02,-33.3,137.0,0.901,24,16,0.0,178.0
NEG-chitrakoot-2016-04-27,chitrakoot,,2016-04-27,0,25.21473,80.91645,1,0.0,0.0,0.0,63.26,0.0,0.0,0.0,,137.0,0.901,23,15,0.0,2395.0
NEG-chitrakoot-2017-09-04,chitrakoot,,2017-09-04,0,25.21473,80.91645,0,1.2000000000000002,40.6,92.9,28.71,0.4,1.3,0.12,-40.0,137.0,0.901,23,15,0.0,2890.0
NEG-chitrakoot-2018-06-04,chitrakoot,,2018-06-04,0,25.21473,80.91645,0,2.2,5.8999999999999995,6.8,51.230000000000004,0.4,0.0,0.03,0.0,137.0,0.901,24,16,0.0,146.0
NEG-chitrakoot-2016-04-24,chitrakoot,,2016-04-24,0,25.21473,80.91645,1,0.0,0.0,0.0,63.25,0.0,0.0,0.0,,137.0,0.901,23,15,0.0,2392.0
NEG-chitrakoot-2017-01-19,chitrakoot,,2017-01-19,0,25.21473,80.91645,0,0.0,0.0,6.4,20.01,0.0,0.0,0.0,-100.0,137.0,0.901,23,15,0.0,2662.0
NEG-chittoor-2019-03-10,chittoor,,2019-03-10,0,13.21055,79.0956,0,0.8,0.9,2.6,39.7,0.0,0.0,0.34,-8.1,320.0,1.712,17,13,0.0,1211.0
NEG-chittoor-2022-10-11,chittoor,,2022-10-11,0,13.21055,79.0956,0,27.200000000000003,35.9,71.0,25.359999999999996,15.3,21.9,3.1,463.6,320.0,1.712,19,15,0.0,337.0
NEG-chittoor-2016-08-02,chittoor,,2016-08-02,0,13.21055,79.0956,0,10.3,48.099999999999994,97.8,27.810000000000002,0.0,0.0,0.63,-88.4,320.0,1.712,17,13,0.0,261.0
NEG-chittoor-2019-05-11,chittoor,,2019-05-11,0,13.21055,79.0956,0,0.0,0.0,0.3,45.21,0.0,0.1,0.59,110.7,320.0,1.712,17,13,0.0,1273.0
NEG-chittoor-2019-09-10,chittoor,,2019-09-10,0,13.21055,79.0956,0,0.4,3.8000000000000003,25.5,36.32,9.7,3.7,0.41,-16.3,320.0,1.712,17,13,0.0,1395.0
NEG-chittoor-2021-09-08,chittoor,,2021-09-08,0,13.21055,79.0956,0,9.7,57.7,128.9,26.16,0.1,0.6,1.05,61.5,320.0,1.712,18,14,0.0,360.0
NEG-chittoor-2016-07-18,chittoor,,2016-07-18,0,13.21055,79.0956,0,24.700000000000003,24.700000000000003,32.0,36.730000000000004,0.3,3.4,1.26,250.0,320.0,1.712,17,13,0.0,246.0
NEG-chittoor-2021-06-12,chittoor,,2021-06-12,0,13.21055,79.0956,0,1.7,17.799999999999997,42.1,41.580000000000005,0.8,0.0,0.85,-66.8,320.0,1.712,18,14,0.0,272.0
NEG-chittoor-2019-04-21,chittoor,,2019-04-21,0,13.21055,79.0956,0,6.800000000000001,7.1,7.1,47.92,4.7,0.1,0.34,0.0,320.0,1.712,17,13,0.0,1253.0
NEG-chota udaipur-2019-09-29,chota udaipur,,2019-09-29,0,22.30401,74.0158,0,43.0,80.90000000000002,127.2,20.07,26.4,39.6,1.79,-13.5,144.0,0.901,12,8,0.0,2194.0
NEG-chota udaipur-2017-01-30,chota udaipur,,2017-01-30,0,22.30401,74.0158,1,0.0,0.0,0.0,32.04,0.0,0.0,0.0,,144.0,0.901,12,8,0.0,1222.0
NEG-chota udaipur-2020-06-16,chota udaipur,,2020-06-16,0,22.30401,74.0158,1,7.5,22.7,60.7,27.57,0.9,1.8,0.0,,144.0,0.901,12,8,0.0,2455.0
NEG-chota udaipur-2022-02-16,chota udaipur,,2022-02-16,0,22.30401,74.0158,1,0.0,0.0,0.0,32.52,0.0,0.0,0.0,,144.0,0.901,12,8,0.0,3065.0
NEG-chota udaipur-2021-01-10,chota udaipur,,2021-01-10,0,22.30401,74.0158,1,9.399999999999999,13.999999999999998,14.1,19.240000000000002,0.0,0.0,0.0,,144.0,0.901,12,8,0.0,2663.0
NEG-chota udaipur-2022-10-11,chota udaipur,,2022-10-11,0,22.30401,74.0158,0,21.5,69.8,81.7,24.73,0.1,0.0,0.22,-29.0,144.0,0.901,14,9,0.0,92.0
NEG-churu-2022-03-27,churu,,2022-03-27,0,28.30415,74.96718,1,0.0,0.0,0.0,55.239999999999995,0.0,0.0,0.0,,292.0,0.631,20,15,0.0,85.0
NEG-churu-2016-12-10,churu,,2016-12-10,0,28.30415,74.96718,1,0.0,0.0,0.0,22.819999999999997,0.0,0.0,0.02,,292.0,0.631,19,14,0.0,2333.0
NEG-churu-2021-03-22,churu,,2021-03-22,0,28.30415,74.96718,1,0.0,0.0,0.0,42.05,0.0,0.0,0.0,,292.0,0.631,19,14,0.0,3896.0
NEG-coimbatore-2016-11-14,coimbatore,,2016-11-14,0,11.00555,76.96612,0,2.1,3.2,35.20000000000001,29.11,0.8,0.2,0.77,133.3,422.0,0.811,30,21,0.0,342.0
NEG-coimbatore-2020-06-28,coimbatore,,2020-06-28,0,11.00555,76.96612,0,8.5,17.9,22.5,27.760000000000005,4.9,2.4,0.5,163.2,422.0,0.811,33,23,0.0,502.0
NEG-coimbatore-2018-03-29,coimbatore,,2018-03-29,0,11.00555,76.96612,0,0.0,1.0,47.4,42.79,0.0,1.9,0.31,-8.8,422.0,0.811,31,22,0.0,293.0
NEG-coimbatore-2016-07-28,coimbatore,,2016-07-28,0,11.00555,76.96612,0,32.2,63.2,82.30000000000001,21.06,2.5,0.0,0.85,88.9,422.0,0.811,30,21,0.0,233.0
NEG-coimbatore-2017-02-05,coimbatore,,2017-02-05,0,11.00555,76.96612,0,0.0,1.8,30.4,35.06,0.0,0.0,0.31,-69.0,422.0,0.811,30,21,0.0,425.0
NEG-coimbatore-2018-07-12,coimbatore,,2018-07-12,0,11.00555,76.96612,0,4.8,4.9,28.2,29.790000000000003,2.9,1.5,0.52,108.0,422.0,0.811,31,22,0.0,398.0
NEG-coimbatore-2020-01-22,coimbatore,,2020-01-22,0,11.00555,76.96612,0,1.1,2.3,2.3,31.289999999999996,0.0,0.0,0.25,0.0,422.0,0.811,33,23,0.0,344.0
NEG-coimbatore-2021-12-12,coimbatore,,2021-12-12,0,11.00555,76.96612,0,5.0,11.499999999999998,83.5,24.869999999999997,2.0,2.7,0.39,-33.9,422.0,0.811,33,23,0.0,1034.0
NEG-coimbatore-2015-08-08,coimbatore,,2015-08-08,0,11.00555,76.96612,0,0.4,27.599999999999998,41.5,28.09,0.6,5.9,0.26,-67.5,422.0,0.811,26,21,0.0,86.0
NEG-coimbatore-2015-02-09,coimbatore,,2015-02-09,0,11.00555,76.96612,0,0.0,0.0,0.4,33.55,0.0,0.0,0.28,0.0,422.0,0.811,25,20,0.0,264.0
NEG-coimbatore-2020-06-07,coimbatore,,2020-06-07,0,11.00555,76.96612,0,3.0999999999999996,5.7,14.7,36.120000000000005,0.0,1.0,0.47,14.6,422.0,0.811,33,23,0.0,481.0
NEG-coimbatore-2016-07-13,coimbatore,,2016-07-13,0,11.00555,76.96612,0,0.2,13.6,23.6,22.230000000000004,0.2,3.5,0.19,-81.2,422.0,0.811,30,21,0.0,218.0
NEG-coimbatore-2017-03-10,coimbatore,,2017-03-10,0,11.00555,76.96612,0,7.0,11.5,11.5,32.25,0.1,0.0,0.53,89.3,422.0,0.811,30,21,0.0,458.0
NEG-coimbatore-2019-04-22,coimbatore,,2019-04-22,0,11.00555,76.96612,0,17.7,21.599999999999998,22.299999999999997,38.18,1.5,0.0,0.87,180.6,422.0,0.811,33,23,0.0,69.0
NEG-coimbatore-2021-04-19,coimbatore,,2021-04-19,0,11.00555,76.96612,0,15.0,42.8,43.8,31.489999999999995,1.0,0.1,0.5,-30.6,422.0,0.811,33,23,0.0,797.0
NEG-coimbatore-2020-09-01,coimbatore,,2020-09-01,0,11.00555,76.96612,0,5.1,5.4,28.1,33.79,16.7,2.2,0.73,135.5,422.0,0.811,33,23,0.0,567.0
NEG-coimbatore-2022-04-28,coimbatore,,2022-04-28,0,11.00555,76.96612,0,0.0,10.1,23.9,39.91,0.1,1.7,0.34,-8.1,422.0,0.811,33,23,0.0,1171.0
NEG-coimbatore-2020-07-20,coimbatore,,2020-07-20,0,11.00555,76.96612,0,18.400000000000002,50.3,102.80000000000001,23.21,0.2,0.5,0.85,26.9,422.0,0.811,33,23,0.0,524.0
NEG-coimbatore-2019-08-03,coimbatore,,2019-08-03,0,11.00555,76.96612,0,3.9,4.1,31.799999999999997,33.68,0.4,2.4,0.2,-76.5,422.0,0.811,33,23,0.0,172.0
NEG-coimbatore-2022-09-05,coimbatore,,2022-09-05,0,11.00555,76.96612,0,4.1000000000000005,61.4,111.6,27.64,0.1,3.0,0.54,-65.6,422.0,0.811,33,23,0.0,1301.0
NEG-coimbatore-2020-07-07,coimbatore,,2020-07-07,0,11.00555,76.96612,0,0.6000000000000001,18.599999999999998,49.60000000000001,26.23,9.7,9.5,0.25,-19.4,422.0,0.811,33,23,0.0,511.0
NEG-coimbatore-2019-08-30,coimbatore,,2019-08-30,0,11.00555,76.96612,0,7.9,22.2,99.60000000000001,21.990000000000002,0.0,1.4,0.39,-44.3,422.0,0.811,33,23,0.0,199.0
NEG-coimbatore-2022-12-18,coimbatore,,2022-12-18,0,11.00555,76.96612,0,0.1,48.6,106.79999999999998,22.34,1.4,0.0,0.37,-69.7,422.0,0.811,33,23,0.0,1405.0
NEG-coimbatore-2019-12-24,coimbatore,,2019-12-24,0,11.00555,76.96612,0,0.0,3.2,28.400000000000002,20.96,0.6,0.2,0.25,-24.2,422.0,0.811,33,23,0.0,315.0
NEG-cooch behar-2020-06-24,cooch behar,,2020-06-24,0,26.32539,89.44508,0,29.9,155.2,264.1,18.650000000000002,65.6,78.9,858.01,8.7,49.0,0.541,31,24,0.0,346.0
NEG-cooch behar-2016-11-16,cooch behar,,2016-11-16,0,26.32539,89.44508,0,0.2,1.4000000000000001,1.4000000000000001,20.159999999999997,0.0,0.0,114.88,-21.8,49.0,0.541,28,21,0.0,115.0
NEG-cooch behar-2015-12-05,cooch behar,,2015-12-05,0,26.32539,89.44508,0,3.1999999999999997,3.1999999999999997,3.1999999999999997,18.33,0.0,0.0,64.01,6.5,49.0,0.541,27,20,0.0,1964.0
NEG-cooch behar-2021-05-04,cooch behar,,2021-05-04,0,26.32539,89.44508,0,10.9,11.0,16.8,33.15,10.5,6.1,76.45,14.0,49.0,0.541,31,24,0.0,660.0
NEG-cooch behar-2015-05-07,cooch behar,,2015-05-07,0,26.32539,89.44508,0,15.6,33.5,112.59999999999998,27.95,0.6,0.1,92.33,7.5,49.0,0.541,27,20,0.0,1752.0
NEG-cooch behar-2023-12-04,cooch behar,,2023-12-04,0,26.32539,89.44508,0,0.0,0.0,0.0,18.11,0.0,0.0,59.81,-13.3,49.0,0.541,33,25,0.0,568.0
NEG-cooch behar-2023-07-15,cooch behar,,2023-07-15,0,26.32539,89.44508,0,140.8,254.2,454.3,18.43,4.6,14.9,1498.69,83.8,49.0,0.541,33,25,0.0,426.0
NEG-cooch behar-2017-06-22,cooch behar,,2017-06-22,0,26.32539,89.44508,0,58.7,125.29999999999998,195.1,17.2,11.2,14.2,754.09,181.2,49.0,0.541,28,21,0.0,333.0
NEG-cooch behar-2018-04-11,cooch behar,,2018-04-11,0,26.32539,89.44508,0,25.4,33.0,85.4,28.48,26.3,13.0,85.7,25.7,49.0,0.541,29,22,0.0,246.0
NEG-cooch behar-2015-05-14,cooch behar,,2015-05-14,0,26.32539,89.44508,0,61.0,108.0,141.5,27.549999999999997,19.5,16.0,102.51,11.0,49.0,0.541,27,20,0.0,1759.0
NEG-cooch behar-2018-01-30,cooch behar,,2018-01-30,0,26.32539,89.44508,0,0.2,0.30000000000000004,0.30000000000000004,17.259999999999998,0.0,0.0,40.78,2.1,49.0,0.541,29,22,0.0,175.0
NEG-cooch behar-2017-07-09,cooch behar,,2017-07-09,0,26.32539,89.44508,0,65.30000000000001,171.3,309.5,14.42,32.3,112.8,1865.38,92.8,49.0,0.541,28,21,0.0,350.0
NEG-cooch behar-2021-01-11,cooch behar,,2021-01-11,0,26.32539,89.44508,0,0.1,0.1,0.1,16.44,3.1,2.0,45.56,-0.2,49.0,0.541,31,24,0.0,547.0
NEG-cooch behar-2018-03-28,cooch behar,,2018-03-28,0,26.32539,89.44508,0,2.1999999999999997,2.3,19.0,31.239999999999995,19.8,24.4,68.98,1.4,49.0,0.541,29,22,0.0,232.0
NEG-cooch behar-2016-11-19,cooch behar,,2016-11-19,0,26.32539,89.44508,0,0.0,0.6000000000000001,1.4000000000000001,20.87,0.0,0.0,101.09,-22.4,49.0,0.541,28,21,0.0,118.0
NEG-cooch behar-2023-10-03,cooch behar,,2023-10-03,0,26.32539,89.44508,0,36.5,45.7,235.60000000000002,24.77,32.2,44.7,373.97,-50.6,49.0,0.541,33,25,0.0,506.0
NEG-cooch behar-2020-02-17,cooch behar,,2020-02-17,0,26.32539,89.44508,0,0.0,0.0,0.2,22.28,0.5,0.7,41.07,0.2,49.0,0.541,31,24,0.0,218.0
NEG-cooch behar-2021-05-05,cooch behar,,2021-05-05,0,26.32539,89.44508,0,29.400000000000002,33.1,38.900000000000006,30.119999999999997,6.1,15.1,77.16,16.4,49.0,0.541,31,24,0.0,661.0
NEG-cuddalore-2023-04-30,cuddalore,,2023-04-30,0,11.75617,79.76693,2,14.600000000000001,25.8,25.8,35.46,20.7,10.5,,,7.0,0.36,30,19,0.0,1538.0
NEG-cuddalore-2023-08-31,cuddalore,,2023-08-31,0,11.75617,79.76693,2,32.699999999999996,34.4,52.0,36.86,3.7,3.3,,,7.0,0.36,30,19,0.0,1661.0
NEG-cuddalore-2023-08-04,cuddalore,,2023-08-04,0,11.75617,79.76693,2,0.0,0.6,21.3,48.35999999999999,0.2,1.3,,,7.0,0.36,30,19,0.0,1634.0
NEG-cuddalore-2020-07-21,cuddalore,,2020-07-21,0,11.75617,79.76693,2,18.5,29.1,55.8,28.709999999999997,0.8,0.5,,,7.0,0.36,30,19,0.0,525.0
NEG-cuddalore-2021-03-01,cuddalore,,2021-03-01,0,11.75617,79.76693,2,0.0,1.0,19.900000000000002,32.78,0.0,0.0,,,7.0,0.36,30,19,0.0,748.0
NEG-cuddalore-2020-09-23,cuddalore,,2020-09-23,0,11.75617,79.76693,2,2.7,17.599999999999998,53.2,28.47,0.1,8.3,,,7.0,0.36,30,19,0.0,589.0
NEG-cuddalore-2016-04-08,cuddalore,,2016-04-08,0,11.75617,79.76693,2,1.4,1.4,2.2,40.81,0.0,0.0,,,7.0,0.36,28,17,0.0,142.0
NEG-cuddalore-2021-06-03,cuddalore,,2021-06-03,0,11.75617,79.76693,2,0.3,0.5,10.6,47.79,3.3,5.2,,,7.0,0.36,30,19,0.0,842.0
NEG-cuddalore-2016-04-12,cuddalore,,2016-04-12,0,11.75617,79.76693,2,0.0,2.5,3.3000000000000003,39.72,0.0,0.0,,,7.0,0.36,28,17,0.0,146.0
NEG-cuddalore-2018-01-02,cuddalore,,2018-01-02,0,11.75617,79.76693,2,0.2,2.4,13.799999999999999,27.68,0.5,0.0,,,7.0,0.36,29,18,0.0,325.0
NEG-cuddalore-2023-09-10,cuddalore,,2023-09-10,0,11.75617,79.76693,2,5.3,13.600000000000001,58.900000000000006,37.92,13.8,4.9,,,7.0,0.36,30,19,0.0,1671.0
NEG-cuddalore-2021-02-02,cuddalore,,2021-02-02,0,11.75617,79.76693,2,0.1,1.6,8.9,29.909999999999997,0.0,0.0,,,7.0,0.36,30,19,0.0,721.0
NEG-cuttack-2019-02-11,cuttack,,2019-02-11,0,20.46497,85.87927,0,0.7,0.7,0.8999999999999999,29.659999999999997,0.0,0.0,416.83,-6.7,27.0,0.18,54,30,0.0,181.0
NEG-cuttack-2021-01-29,cuttack,,2021-01-29,0,20.46497,85.87927,0,1.0,1.0,2.1,22.959999999999997,0.2,0.0,486.53,-8.6,27.0,0.18,56,32,0.0,190.0
NEG-cuttack-2023-06-27,cuttack,,2023-06-27,0,20.46497,85.87927,0,59.5,86.5,96.19999999999999,24.86,6.1,4.4,112.5,562400.0,27.0,0.18,57,33,0.0,653.0
NEG-cuttack-2015-06-20,cuttack,,2015-06-20,0,20.46497,85.87927,0,24.8,54.0,99.89999999999999,26.48,9.3,21.1,21.18,570.3,27.0,0.18,53,29,0.0,321.0
NEG-cuttack-2023-07-10,cuttack,,2023-07-10,0,20.46497,85.87927,0,31.7,55.900000000000006,94.5,30.13,9.8,2.0,1255.03,64.1,27.0,0.18,57,33,0.0,666.0
NEG-cuttack-2023-01-23,cuttack,,2023-01-23,0,20.46497,85.87927,0,0.0,0.8999999999999999,0.8999999999999999,21.64,0.0,0.0,460.32,-6.7,27.0,0.18,57,33,0.0,498.0
NEG-cuttack-2019-12-13,cuttack,,2019-12-13,0,20.46497,85.87927,0,0.2,0.30000000000000004,0.30000000000000004,19.29,0.1,0.0,1100.54,-4.3,27.0,0.18,55,31,0.0,35.0
NEG-cuttack-2021-02-15,cuttack,,2021-02-15,0,20.46497,85.87927,0,0.0,0.0,0.0,29.619999999999997,0.0,0.0,489.91,-7.1,27.0,0.18,56,32,0.0,207.0
NEG-cuttack-2017-06-14,cuttack,,2017-06-14,0,20.46497,85.87927,0,28.2,66.10000000000001,69.7,26.0,20.1,11.3,6.35,2167.9,27.0,0.18,53,29,0.0,1046.0
NEG-cuttack-2019-10-08,cuttack,,2019-10-08,0,20.46497,85.87927,0,22.1,39.4,134.5,24.180000000000003,1.9,6.7,6759.83,-33.0,27.0,0.18,54,30,0.0,420.0
NEG-cuttack-2016-02-24,cuttack,,2016-02-24,0,20.46497,85.87927,0,0.7,0.7,1.5,34.7,2.7,0.0,234.5,-18.2,27.0,0.18,53,29,0.0,570.0
NEG-cuttack-2023-04-03,cuttack,,2023-04-03,0,20.46497,85.87927,0,31.499999999999996,41.4,47.4,29.909999999999997,0.2,0.2,287.4,7.9,27.0,0.18,57,33,0.0,568.0
NEG-dadra and nagar haveli-2022-05-01,dadra and nagar haveli,,2022-05-01,0,32.4983,74.68715,0,0.0,0.0,0.30000000000000004,50.160000000000004,0.0,1.6,0.06,0.0,263.0,0.27,1,1,0.0,16710.0
NEG-dadra and nagar haveli-2023-06-05,dadra and nagar haveli,,2023-06-05,0,32.4983,74.68715,0,0.0,43.6,50.5,31.319999999999997,0.8,0.0,0.06,0.0,263.0,0.27,1,1,0.0,17110.0
NEG-dadra and nagar haveli-2017-10-10,dadra and nagar haveli,,2017-10-10,0,32.4983,74.68715,0,0.0,0.0,0.0,30.51,0.0,0.0,0.19,-5.0,263.0,0.27,1,1,0.0,15046.0
NEG-dahod-2018-05-04,dahod,,2018-05-04,0,23.03621,77.48981,1,0.0,4.4,4.4,60.62,0.0,0.0,0.0,,465.0,1.532,13,9,0.0,702.0
NEG-dahod-2015-05-13,dahod,,2015-05-13,0,23.03621,77.48981,1,2.0,2.3,2.4,56.199999999999996,0.0,1.5,0.0,,465.0,1.532,12,8,0.0,594.0
NEG-dahod-2020-01-17,dahod,,2020-01-17,0,23.03621,77.48981,0,3.8,3.8,5.0,19.34,0.0,0.0,0.06,0.0,465.0,1.532,13,9,0.0,1325.0
NEG-dahod-2017-12-12,dahod,,2017-12-12,0,23.03621,77.48981,0,0.0,0.7,0.7,22.810000000000002,0.2,0.3,0.05,0.0,465.0,1.532,13,9,0.0,559.0
NEG-dahod-2018-11-28,dahod,,2018-11-28,0,23.03621,77.48981,0,0.0,0.0,0.0,26.729999999999997,0.0,0.0,0.05,0.0,465.0,1.532,13,9,0.0,910.0
NEG-dahod-2015-12-23,dahod,,2015-12-23,0,23.03621,77.48981,1,0.0,0.0,0.0,27.1,0.0,0.0,0.0,,465.0,1.532,12,8,0.0,818.0
NEG-damoh-2019-12-04,damoh,,2019-12-04,0,23.83312,79.4419,0,0.1,0.1,0.1,21.11,0.0,0.0,0.06,-25.0,377.0,0.811,17,15,0.0,1244.0
NEG-damoh-2016-04-25,damoh,,2016-04-25,0,23.83312,79.4419,0,0.0,0.0,0.0,62.31,0.0,0.0,0.06,0.0,377.0,0.811,16,14,0.0,3524.0
NEG-damoh-2023-09-12,damoh,,2023-09-12,0,23.83312,79.4419,0,57.4,151.3,152.7,20.35,12.8,12.2,1.44,289.2,377.0,0.811,18,16,0.0,179.0
NEG-damoh-2017-08-28,damoh,,2017-08-28,0,23.83312,79.4419,0,22.8,37.7,73.1,26.259999999999998,6.3,6.8,0.75,36.4,377.0,0.811,17,15,0.0,416.0
NEG-damoh-2017-05-09,damoh,,2017-05-09,0,23.83312,79.4419,0,1.3,1.7000000000000002,2.1,57.949999999999996,0.0,0.0,0.06,0.0,377.0,0.811,17,15,0.0,305.0
NEG-damoh-2023-04-10,damoh,,2023-04-10,0,23.83312,79.4419,0,5.8,5.8,10.1,41.22,0.0,0.0,0.06,0.0,377.0,0.811,18,16,0.0,24.0
NEG-dangs-2021-08-05,dangs,,2021-08-05,0,26.31191,84.60651,0,43.2,98.4,171.5,24.41,5.4,17.6,4.11,-16.1,67.0,0.36,24,17,0.0,940.0
NEG-dangs-2022-09-23,dangs,,2022-09-23,0,26.31191,84.60651,0,11.200000000000001,74.50000000000001,228.3,22.369999999999997,11.8,7.8,5.95,26.6,67.0,0.36,27,18,0.0,73.0
NEG-dangs-2018-12-07,dangs,,2018-12-07,0,26.31191,84.60651,0,0.0,0.0,0.0,18.25,0.0,0.0,0.17,-22.7,67.0,0.36,23,16,0.0,165.0
NEG-dangs-2022-12-21,dangs,,2022-12-21,0,26.31191,84.60651,0,0.0,0.0,0.0,16.88,0.0,0.0,0.5,-3.8,67.0,0.36,27,18,0.0,162.0
NEG-dangs-2021-11-04,dangs,,2021-11-04,0,26.31191,84.60651,0,0.0,0.0,1.0,23.59,0.0,0.0,1.06,-41.8,67.0,0.36,24,17,0.0,1031.0
NEG-dangs-2022-02-04,dangs,,2022-02-04,0,26.31191,84.60651,0,2.5,2.5,7.5,16.880000000000003,6.2,0.0,1.14,119.2,67.0,0.36,24,17,0.0,1123.0
NEG-dangs-2019-10-20,dangs,,2019-10-20,0,26.31191,84.60651,0,0.2,0.5,9.2,24.7,0.2,0.0,2.8,-41.1,67.0,0.36,24,17,0.0,285.0
NEG-dangs-2016-11-10,dangs,,2016-11-10,0,26.31191,84.60651,0,0.0,0.0,0.2,27.93,0.0,0.0,0.34,-24.4,67.0,0.36,21,14,0.0,162.0
NEG-dangs-2021-11-28,dangs,,2021-11-28,0,26.31191,84.60651,0,0.0,0.0,0.0,18.99,0.0,0.0,0.53,-1.9,67.0,0.36,24,17,0.0,1055.0
NEG-dangs-2016-07-24,dangs,,2016-07-24,0,26.31191,84.60651,0,27.6,58.199999999999996,130.79999999999998,14.89,11.6,8.1,1.0,12.4,67.0,0.36,21,14,0.0,53.0
NEG-dangs-2023-10-20,dangs,,2023-10-20,0,26.31191,84.60651,0,0.0,4.3999999999999995,7.699999999999999,25.7,0.0,0.0,1.6,-41.8,67.0,0.36,27,18,0.0,465.0
NEG-dangs-2017-04-26,dangs,,2017-04-26,0,26.31191,84.60651,0,0.5,3.5999999999999996,5.0,42.56,0.0,0.0,0.5,35.1,67.0,0.36,22,15,0.0,110.0
NEG-dangs-2017-04-27,dangs,,2017-04-27,0,26.31191,84.60651,0,0.0,2.2,5.0,47.57,0.0,1.3,0.44,7.3,67.0,0.36,22,15,0.0,111.0
NEG-dangs-2015-09-01,dangs,,2015-09-01,0,26.31191,84.60651,0,11.0,48.70000000000001,100.30000000000001,21.56,0.0,0.6,1.7,0.0,67.0,0.36,20,13,0.0,705.0
NEG-dangs-2021-05-24,dangs,,2021-05-24,0,26.31191,84.60651,0,17.299999999999997,57.699999999999996,61.699999999999996,30.089999999999996,9.3,4.0,0.44,41.9,67.0,0.36,24,17,0.0,867.0
NEG-dangs-2018-12-07,dangs,,2018-12-07,0,26.31191,84.60651,0,0.0,0.0,0.0,18.25,0.0,0.0,0.17,-22.7,67.0,0.36,23,16,0.0,165.0
NEG-dangs-2020-12-20,dangs,,2020-12-20,0,26.31191,84.60651,0,0.0,0.0,0.0,19.79,0.0,0.0,0.41,0.0,67.0,0.36,24,17,0.0,712.0
NEG-dangs-2018-02-25,dangs,,2018-02-25,0,26.31191,84.60651,0,0.0,0.0,0.0,26.939999999999998,0.0,0.0,0.19,0.0,67.0,0.36,22,15,0.0,415.0
NEG-dangs-2021-09-10,dangs,,2021-09-10,0,26.31191,84.60651,0,18.4,51.3,120.59999999999998,26.88,5.9,0.3,3.0,-26.1,67.0,0.36,24,17,0.0,976.0
NEG-dangs-2021-01-15,dangs,,2021-01-15,0,26.31191,84.60651,0,0.0,0.0,0.0,17.64,0.0,0.0,0.36,-2.7,67.0,0.36,24,17,0.0,738.0
NEG-dangs-2016-11-20,dangs,,2016-11-20,0,26.31191,84.60651,0,0.0,0.0,0.0,26.42,0.0,0.0,0.33,-2.9,67.0,0.36,21,14,0.0,172.0
NEG-darbhanga-2018-08-18,darbhanga,,2018-08-18,0,26.15216,85.89707,0,9.200000000000001,100.1,176.0,26.59,7.5,0.4,0.87,-15.5,51.0,0.18,59,36,0.0,284.0
NEG-darbhanga-2022-11-23,darbhanga,,2022-11-23,0,26.15216,85.89707,0,0.0,0.0,0.0,20.340000000000003,0.0,0.0,0.23,0.0,51.0,0.18,67,40,0.0,188.0
NEG-darbhanga-2018-04-13,darbhanga,,2018-04-13,0,26.15216,85.89707,0,3.5,8.3,13.7,36.97,0.0,0.4,0.28,12.0,51.0,0.18,59,36,0.0,157.0
NEG-darbhanga-2018-03-31,darbhanga,,2018-03-31,0,26.15216,85.89707,0,2.2,2.2,2.4000000000000004,41.06,0.0,0.2,0.25,13.6,51.0,0.18,59,36,0.0,144.0
NEG-darbhanga-2021-06-03,darbhanga,,2021-06-03,0,26.15216,85.89707,0,2.3,197.80000000000004,254.40000000000003,23.64,0.4,0.0,0.34,-74.0,51.0,0.18,65,38,0.0,312.0
NEG-darbhanga-2017-12-31,darbhanga,,2017-12-31,0,26.15216,85.89707,0,0.0,0.0,0.0,16.39,0.0,0.0,0.2,0.0,51.0,0.18,59,36,0.0,54.0
NEG-darbhanga-2020-10-08,darbhanga,,2020-10-08,0,26.15216,85.89707,0,13.0,28.3,78.6,19.7,0.4,0.0,1.04,2.0,51.0,0.18,65,38,0.0,74.0
NEG-darbhanga-2022-08-14,darbhanga,,2022-08-14,0,26.15216,85.89707,0,2.7,10.3,226.10000000000002,37.86,1.0,1.2,0.59,-41.6,51.0,0.18,67,40,0.0,87.0
NEG-darbhanga-2016-01-26,darbhanga,,2016-01-26,0,26.15216,85.89707,0,0.0,6.699999999999999,6.699999999999999,15.58,0.0,0.0,0.2,-9.1,51.0,0.18,56,34,0.0,186.0
NEG-darbhanga-2016-07-09,darbhanga,,2016-07-09,0,26.15216,85.89707,0,5.0,23.799999999999997,69.4,23.020000000000003,8.1,6.1,0.3,-18.9,51.0,0.18,56,34,0.0,351.0
NEG-darbhanga-2023-05-31,darbhanga,,2023-05-31,0,26.15216,85.89707,0,7.3,27.2,65.10000000000001,38.61,0.0,0.0,0.28,12.0,51.0,0.18,67,40,0.0,377.0
NEG-darbhanga-2023-10-24,darbhanga,,2023-10-24,0,26.15216,85.89707,0,0.0,2.6,10.2,26.42,0.0,0.0,0.58,-37.0,51.0,0.18,67,40,0.0,523.0
NEG-darbhanga-2019-08-13,darbhanga,,2019-08-13,0,26.15216,85.89707,0,37.800000000000004,71.7,101.6,31.78,14.2,11.0,1.22,-18.7,51.0,0.18,62,37,0.0,22.0
NEG-darbhanga-2015-08-31,darbhanga,,2015-08-31,0,26.15216,85.89707,0,7.0,50.8,326.5,19.3,1.3,1.1,1.75,-19.7,51.0,0.18,56,34,0.0,38.0
NEG-darbhanga-2018-02-09,darbhanga,,2018-02-09,0,26.15216,85.89707,0,0.0,0.0,0.0,23.080000000000002,0.0,0.0,0.22,0.0,51.0,0.18,59,36,0.0,94.0
NEG-darbhanga-2016-06-03,darbhanga,,2016-06-03,0,26.15216,85.89707,0,11.399999999999999,23.999999999999996,61.6,35.37,0.0,0.3,0.31,-24.4,51.0,0.18,56,34,0.0,315.0
NEG-darbhanga-2022-11-13,darbhanga,,2022-11-13,0,26.15216,85.89707,0,0.0,0.0,0.0,21.39,0.0,0.0,0.23,0.0,51.0,0.18,67,40,0.0,178.0
NEG-darbhanga-2016-06-27,darbhanga,,2016-06-27,0,26.15216,85.89707,0,40.7,98.39999999999999,246.00000000000003,24.220000000000002,0.2,1.0,0.47,-9.6,51.0,0.18,56,34,0.0,339.0
NEG-darbhanga-2017-10-19,darbhanga,,2017-10-19,0,26.15216,85.89707,0,1.2,2.8,52.900000000000006,25.61,0.4,0.0,0.58,-60.8,51.0,0.18,58,35,0.0,422.0
NEG-darbhanga-2022-12-23,darbhanga,,2022-12-23,0,26.15216,85.89707,0,0.0,0.0,0.0,15.99,0.0,0.0,0.19,0.0,51.0,0.18,67,40,0.0,218.0
NEG-darbhanga-2018-08-12,darbhanga,,2018-08-12,0,26.15216,85.89707,0,17.9,73.29999999999998,204.00000000000003,28.26,33.3,13.6,1.19,43.4,51.0,0.18,59,36,0.0,278.0
NEG-darbhanga-2017-10-10,darbhanga,,2017-10-10,0,26.15216,85.89707,0,12.700000000000001,15.1,48.39999999999999,24.68,34.1,0.9,1.28,128.6,51.0,0.18,58,35,0.0,413.0
NEG-darbhanga-2023-07-16,darbhanga,,2023-07-16,0,26.15216,85.89707,0,63.9,133.0,228.6,25.82,0.7,0.1,0.77,57.1,51.0,0.18,67,40,0.0,423.0
NEG-darbhanga-2022-08-01,darbhanga,,2022-08-01,0,26.15216,85.89707,0,90.8,162.20000000000002,225.89999999999998,23.95,46.6,5.7,0.89,89.4,51.0,0.18,67,40,0.0,74.0
NEG-darbhanga-2019-05-28,darbhanga,,2019-05-28,0,26.15216,85.89707,0,0.0,0.0,1.4,47.93000000000001,0.0,0.0,0.25,0.0,51.0,0.18,60,37,0.0,138.0
NEG-darbhanga-2020-06-27,darbhanga,,2020-06-27,0,26.15216,85.89707,0,87.0,104.69999999999999,238.7,25.07,26.4,26.1,1.48,134.9,51.0,0.18,64,38,0.0,171.0
NEG-darbhanga-2016-08-05,darbhanga,,2016-08-05,0,26.15216,85.89707,0,5.6,59.1,172.4,27.0,3.2,0.5,1.03,-32.2,51.0,0.18,57,35,0.0,11.0
NEG-darbhanga-2021-06-23,darbhanga,,2021-06-23,0,26.15216,85.89707,0,146.99999999999997,224.49999999999997,309.2,20.230000000000004,4.5,15.3,1.16,33.3,51.0,0.18,65,38,0.0,332.0
NEG-darbhanga-2022-02-03,darbhanga,,2022-02-03,0,26.15216,85.89707,0,0.1,0.1,8.4,16.0,41.4,2.1,0.41,105.0,51.0,0.18,66,39,0.0,180.0
NEG-darbhanga-2018-01-05,darbhanga,,2018-01-05,0,26.15216,85.89707,0,0.0,0.0,0.0,16.3,0.0,0.0,0.19,-5.0,51.0,0.18,59,36,0.0,59.0
NEG-darbhanga-2022-01-15,darbhanga,,2022-01-15,0,26.15216,85.89707,0,10.6,10.6,11.5,11.800000000000002,0.0,0.0,0.22,0.0,51.0,0.18,66,39,0.0,161.0
NEG-darbhanga-2019-08-24,darbhanga,,2019-08-24,0,26.15216,85.89707,0,29.2,69.10000000000001,138.29999999999998,26.9,4.9,0.8,1.33,-8.3,51.0,0.18,62,37,0.0,33.0
NEG-darbhanga-2019-03-17,darbhanga,,2019-03-17,0,26.15216,85.89707,0,0.3,0.3,0.3,40.43,0.4,0.0,0.22,0.0,51.0,0.18,60,37,0.0,66.0
NEG-darbhanga-2020-01-26,darbhanga,,2020-01-26,0,26.15216,85.89707,0,0.0,0.0,1.2,14.82,0.0,0.0,0.22,-12.0,51.0,0.18,64,38,0.0,18.0
NEG-darbhanga-2015-11-06,darbhanga,,2015-11-06,0,26.15216,85.89707,0,0.1,0.5,2.8,24.04,0.0,0.0,0.23,-4.2,51.0,0.18,56,34,0.0,105.0
NEG-darbhanga-2022-02-08,darbhanga,,2022-02-08,0,26.15216,85.89707,0,2.1,45.5,50.5,15.940000000000001,0.0,0.0,0.34,47.8,51.0,0.18,66,39,0.0,185.0
NEG-darjeeling-2023-11-29,darjeeling,,2023-11-29,0,27.03333,88.26667,0,0.0,3.5999999999999996,5.5,14.290000000000001,0.1,0.0,0.1,0.0,2134.0,52.793,67,35,0.0,1786.0
NEG-darjeeling-2023-08-16,darjeeling,,2023-08-16,0,27.03333,88.26667,0,129.2,170.29999999999998,284.0,16.23,9.9,2.5,4.48,18.2,2134.0,52.793,67,35,0.0,1681.0
NEG-darjeeling-2016-01-17,darjeeling,,2016-01-17,0,27.03333,88.26667,0,19.2,23.799999999999997,53.7,7.36,6.2,7.5,0.25,8.7,2134.0,52.793,63,32,0.0,1676.0
NEG-darjeeling-2019-07-09,darjeeling,,2019-07-09,0,27.03333,88.26667,0,232.79999999999998,273.7,358.3,19.53,100.7,70.5,11.85,212.7,2134.0,52.793,67,35,0.0,182.0
NEG-darjeeling-2020-10-12,darjeeling,,2020-10-12,0,27.03333,88.26667,0,0.0,21.900000000000002,56.3,19.96,0.0,0.6,2.59,-49.0,2134.0,52.793,67,35,0.0,643.0
NEG-darjeeling-2023-05-30,darjeeling,,2023-05-30,0,27.03333,88.26667,0,9.8,56.39999999999999,84.60000000000001,22.849999999999998,1.0,0.9,1.31,23.6,2134.0,52.793,67,35,0.0,1603.0
NEG-darjeeling-2018-02-13,darjeeling,,2018-02-13,0,27.03333,88.26667,0,0.6000000000000001,2.7,5.6,14.560000000000002,1.3,0.0,0.06,-62.5,2134.0,52.793,66,34,0.0,189.0
NEG-darjeeling-2022-10-16,darjeeling,,2022-10-16,0,27.03333,88.26667,0,2.5,16.9,89.7,16.34,0.0,0.0,2.53,9.1,2134.0,52.793,67,35,0.0,1377.0
NEG-darjeeling-2019-02-20,darjeeling,,2019-02-20,0,27.03333,88.26667,0,11.1,30.0,52.69999999999999,12.479999999999999,6.0,0.7,0.63,125.0,2134.0,52.793,67,35,0.0,43.0
NEG-darjeeling-2020-02-06,darjeeling,,2020-02-06,0,27.03333,88.26667,0,11.7,24.2,55.80000000000001,12.259999999999998,0.9,0.1,0.2,-20.0,2134.0,52.793,67,35,0.0,394.0
NEG-darjeeling-2020-06-22,darjeeling,,2020-06-22,0,27.03333,88.26667,0,83.80000000000001,264.6,356.19999999999993,16.36,14.8,3.6,6.48,25.8,2134.0,52.793,67,35,0.0,531.0
NEG-darjeeling-2018-09-02,darjeeling,,2018-09-02,0,27.03333,88.26667,0,28.400000000000002,53.7,262.9,17.02,2.4,8.3,4.43,43.4,2134.0,52.793,66,34,0.0,390.0
NEG-darrang-2021-07-11,darrang,,2021-07-11,0,26.63333,92.8,0,31.3,88.3,144.8,24.169999999999998,2.3,24.2,29579.14,-1.1,70.0,0.36,88,43,0.0,412.0
NEG-darrang-2015-01-11,darrang,,2015-01-11,0,26.63333,92.8,0,0.0,5.699999999999999,6.0,15.650000000000002,0.0,0.0,2459.37,5.2,70.0,0.36,69,37,0.0,111.0
NEG-darrang-2023-03-21,darrang,,2023-03-21,0,26.63333,92.8,0,37.2,46.1,46.1,16.7,13.3,31.8,4404.55,46.9,70.0,0.36,141,45,0.0,162.0
NEG-darrang-2016-01-17,darrang,,2016-01-17,0,26.63333,92.8,0,1.7,3.2,10.499999999999998,14.99,0.0,0.0,2083.49,-2.7,70.0,0.36,75,38,0.0,138.0
NEG-darrang-2023-03-13,darrang,,2023-03-13,0,26.63333,92.8,0,0.0,5.3,5.3,20.53,0.2,6.2,3068.02,-6.9,70.0,0.36,141,45,0.0,154.0
NEG-darrang-2020-02-21,darrang,,2020-02-21,0,26.63333,92.8,0,3.5,5.3,5.7,19.16,0.0,0.0,3325.6,15.9,70.0,0.36,87,43,0.0,44.0
NEG-darrang-2022-02-13,darrang,,2022-02-13,0,26.63333,92.8,0,23.9,25.4,67.8,12.690000000000001,0.0,0.0,3154.01,4.2,70.0,0.36,97,44,0.0,159.0
NEG-darrang-2022-10-27,darrang,,2022-10-27,0,26.63333,92.8,0,57.300000000000004,58.300000000000004,91.5,18.700000000000003,0.0,0.0,19587.44,18.0,70.0,0.36,141,45,0.0,17.0
NEG-darrang-2015-09-17,darrang,,2015-09-17,0,26.63333,92.8,0,39.1,81.30000000000001,156.3,22.439999999999998,0.0,18.5,20229.2,-14.1,70.0,0.36,75,38,0.0,16.0
NEG-darrang-2023-12-04,darrang,,2023-12-04,0,26.63333,92.8,0,0.0,0.0,1.4,20.57,0.0,0.0,2797.98,-17.4,70.0,0.36,157,46,0.0,93.0
NEG-darrang-2020-12-29,darrang,,2020-12-29,0,26.63333,92.8,0,0.0,0.0,1.0,18.39,0.0,0.0,2863.18,-14.1,70.0,0.36,88,43,0.0,218.0
NEG-darrang-2019-06-18,darrang,,2019-06-18,0,26.63333,92.8,0,55.5,79.60000000000001,151.6,29.409999999999997,7.1,4.0,27668.41,39.0,70.0,0.36,83,42,0.0,161.0
NEG-darrang-2019-10-26,darrang,,2019-10-26,0,26.63333,92.8,0,12.1,16.9,19.799999999999997,19.12,0.0,0.0,11116.32,13.5,70.0,0.36,84,42,0.0,19.0
NEG-darrang-2017-05-17,darrang,,2017-05-17,0,26.63333,92.8,0,10.6,21.000000000000004,68.89999999999999,28.78,4.4,8.6,9861.79,-19.1,70.0,0.36,77,39,0.0,289.0
NEG-darrang-2020-07-19,darrang,,2020-07-19,0,26.63333,92.8,0,16.700000000000003,83.10000000000002,266.5,21.75,37.9,36.9,44156.05,-21.5,70.0,0.36,88,43,0.0,55.0
NEG-darrang-2018-08-15,darrang,,2018-08-15,0,26.63333,92.8,0,47.6,126.60000000000001,202.99999999999997,23.87,14.5,7.8,23119.64,0.0,70.0,0.36,82,41,0.0,219.0
NEG-darrang-2018-03-07,darrang,,2018-03-07,0,26.63333,92.8,0,13.7,40.599999999999994,60.3,19.259999999999998,0.0,0.0,7062.18,145.0,70.0,0.36,82,41,0.0,58.0
NEG-darrang-2018-10-15,darrang,,2018-10-15,0,26.63333,92.8,0,14.0,26.0,66.3,20.38,0.3,0.0,14892.61,-0.2,70.0,0.36,82,41,0.0,280.0
NEG-darrang-2021-02-19,darrang,,2021-02-19,0,26.63333,92.8,0,0.6,2.3,2.4999999999999996,24.0,0.0,0.0,1944.36,0.7,70.0,0.36,88,43,0.0,270.0
NEG-darrang-2021-06-25,darrang,,2021-06-25,0,26.63333,92.8,0,73.1,85.2,142.00000000000003,29.400000000000002,4.1,2.6,23767.4,5.0,70.0,0.36,88,43,0.0,396.0
NEG-darrang-2016-06-18,darrang,,2016-06-18,0,26.63333,92.8,0,26.8,95.6,143.8,20.74,8.5,6.1,21726.01,40.0,70.0,0.36,75,38,0.0,291.0
NEG-darrang-2021-05-07,darrang,,2021-05-07,0,26.63333,92.8,0,14.8,23.9,24.9,28.209999999999997,4.5,17.4,5583.7,-5.2,70.0,0.36,88,43,0.0,347.0
NEG-darrang-2020-06-10,darrang,,2020-06-10,0,26.63333,92.8,0,21.4,104.39999999999999,159.4,24.01,15.4,14.4,19632.61,-10.3,70.0,0.36,88,43,0.0,16.0
NEG-darrang-2023-11-03,darrang,,2023-11-03,0,26.63333,92.8,0,0.0,0.0,3.8,24.74,4.2,1.8,6080.35,-22.7,70.0,0.36,157,46,0.0,62.0
NEG-darrang-2018-11-08,darrang,,2018-11-08,0,26.63333,92.8,0,15.100000000000001,25.700000000000003,25.700000000000003,18.970000000000002,0.0,0.0,8911.51,28.2,70.0,0.36,82,41,0.0,304.0
NEG-darrang-2022-08-27,darrang,,2022-08-27,0,26.63333,92.8,0,0.4,23.8,78.69999999999999,32.07,20.1,6.1,10022.05,-15.9,70.0,0.36,140,45,0.0,52.0
NEG-darrang-2016-02-12,darrang,,2016-02-12,0,26.63333,92.8,0,14.500000000000002,15.4,17.7,17.0,0.5,1.2,2617.18,26.8,70.0,0.36,75,38,0.0,164.0
NEG-darrang-2022-01-08,darrang,,2022-01-08,0,26.63333,92.8,0,0.0,0.0,1.0,16.77,0.0,0.0,2305.75,-6.7,70.0,0.36,97,44,0.0,123.0
NEG-darrang-2023-10-16,darrang,,2023-10-16,0,26.63333,92.8,0,14.8,63.6,233.6,23.28,0.0,7.2,13242.42,-11.5,70.0,0.36,157,46,0.0,44.0
NEG-darrang-2020-02-26,darrang,,2020-02-26,0,26.63333,92.8,0,5.7,7.7,11.0,23.099999999999994,1.1,0.0,3257.37,6.2,70.0,0.36,87,43,0.0,49.0
NEG-darrang-2015-03-08,darrang,,2015-03-08,0,26.63333,92.8,0,0.3,0.3,6.5,25.229999999999997,0.0,0.0,4818.48,15.3,70.0,0.36,70,38,0.0,17.0
NEG-darrang-2016-05-23,darrang,,2016-05-23,0,26.63333,92.8,0,32.400000000000006,228.00000000000003,351.4,18.520000000000003,2.5,30.0,17700.1,2.3,70.0,0.36,75,38,0.0,265.0
NEG-darrang-2016-10-09,darrang,,2016-10-09,0,26.63333,92.8,0,25.8,33.0,78.0,22.32,14.0,32.7,15204.48,-1.8,70.0,0.36,77,39,0.0,69.0
NEG-darrang-2019-12-13,darrang,,2019-12-13,0,26.63333,92.8,0,0.3,0.3,5.8,17.55,0.0,0.4,3638.15,-19.3,70.0,0.36,84,42,0.0,67.0
NEG-darrang-2020-02-13,darrang,,2020-02-13,0,26.63333,92.8,0,0.0,1.7000000000000002,12.2,20.099999999999998,1.1,0.0,2923.15,-18.5,70.0,0.36,87,43,0.0,36.0
NEG-darrang-2015-01-03,darrang,,2015-01-03,0,26.63333,92.8,0,0.0,0.0,0.0,18.92,4.3,1.4,2311.07,-11.9,70.0,0.36,69,37,0.0,103.0
NEG-darrang-2019-10-19,darrang,,2019-10-19,0,26.63333,92.8,0,1.0,2.9,42.4,25.889999999999997,0.4,3.3,9793.9,-30.8,70.0,0.36,84,42,0.0,12.0
NEG-darrang-2017-04-08,darrang,,2017-04-08,0,26.63333,92.8,0,3.5,166.0,222.1,19.479999999999997,4.7,0.9,9224.71,19.1,70.0,0.36,77,39,0.0,250.0
NEG-darrang-2022-09-21,darrang,,2022-09-21,0,26.63333,92.8,0,35.199999999999996,70.79999999999998,154.9,24.57,15.1,25.7,14790.09,-15.7,70.0,0.36,140,45,0.0,77.0
NEG-darrang-2016-06-24,darrang,,2016-06-24,0,26.63333,92.8,0,33.1,89.0,168.10000000000002,15.72,2.4,3.7,30337.9,48.3,70.0,0.36,75,38,0.0,297.0
NEG-darrang-2022-04-16,darrang,,2022-04-16,0,26.63333,92.8,0,61.7,151.09999999999997,288.59999999999997,20.279999999999998,14.9,26.2,25821.61,114.8,70.0,0.36,97,44,0.0,221.0
NEG-darrang-2018-05-21,darrang,,2018-05-21,0,26.63333,92.8,0,18.799999999999997,29.7,68.9,30.1,8.2,42.1,7260.06,-20.6,70.0,0.36,82,41,0.0,133.0
NEG-darrang-2016-10-13,darrang,,2016-10-13,0,26.63333,92.8,0,88.1,132.0,150.3,16.26,0.0,0.0,22749.97,78.7,70.0,0.36,77,39,0.0,73.0
NEG-darrang-2018-01-27,darrang,,2018-01-27,0,26.63333,92.8,0,7.1000000000000005,7.1000000000000005,7.1000000000000005,16.59,0.1,0.0,2146.83,3.0,70.0,0.36,82,41,0.0,19.0
NEG-darrang-2016-01-18,darrang,,2016-01-18,0,26.63333,92.8,0,1.7,1.7,10.5,15.69,0.0,7.4,2045.45,-6.5,70.0,0.36,75,38,0.0,139.0
NEG-darrang-2017-10-22,darrang,,2017-10-22,0,26.63333,92.8,0,56.8,63.599999999999994,139.70000000000002,20.720000000000002,7.1,2.9,15594.52,-5.6,70.0,0.36,81,40,0.0,14.0
NEG-darrang-2015-12-04,darrang,,2015-12-04,0,26.63333,92.8,0,1.4,1.4,1.4,17.25,0.2,0.0,2709.19,-10.9,70.0,0.36,75,38,0.0,94.0
NEG-darrang-2019-03-04,darrang,,2019-03-04,0,26.63333,92.8,0,0.8999999999999999,18.099999999999998,51.900000000000006,19.21,16.2,7.5,5914.62,61.1,70.0,0.36,83,42,0.0,55.0
NEG-darrang-2022-04-11,darrang,,2022-04-11,0,26.63333,92.8,0,106.8,203.90000000000003,264.0,17.44,1.1,19.1,10838.27,-31.1,70.0,0.36,97,44,0.0,216.0
NEG-darrang-2016-11-08,darrang,,2016-11-08,0,26.63333,92.8,0,0.0,0.0,3.6999999999999997,20.67,0.0,0.0,6164.95,-20.2,70.0,0.36,77,39,0.0,99.0
NEG-darrang-2015-08-01,darrang,,2015-08-01,0,26.63333,92.8,0,20.0,23.9,134.5,33.730000000000004,1.7,3.7,16787.04,-27.9,70.0,0.36,72,38,0.0,18.0
NEG-darrang-2019-06-12,darrang,,2019-06-12,0,26.63333,92.8,0,32.1,71.1,85.9,28.75,0.1,19.2,17740.9,47.2,70.0,0.36,83,42,0.0,155.0
NEG-darrang-2022-01-06,darrang,,2022-01-06,0,26.63333,92.8,0,0.0,0.6,1.0,15.66,0.0,0.0,2375.84,-4.1,70.0,0.36,97,44,0.0,121.0
NEG-darrang-2018-06-05,darrang,,2018-06-05,0,26.63333,92.8,0,22.5,30.4,184.89999999999998,29.05,6.7,14.1,12763.39,-33.2,70.0,0.36,82,41,0.0,148.0
NEG-darrang-2023-02-21,darrang,,2023-02-21,0,26.63333,92.8,0,0.5,0.5,24.3,20.130000000000003,8.4,26.0,2431.2,-12.3,70.0,0.36,141,45,0.0,134.0
NEG-darrang-2022-11-04,darrang,,2022-11-04,0,26.63333,92.8,0,0.1,0.1,59.1,23.629999999999995,0.0,0.0,10184.91,-45.2,70.0,0.36,141,45,0.0,25.0
NEG-darrang-2017-08-17,darrang,,2017-08-17,0,26.63333,92.8,0,40.3,288.19999999999993,409.19999999999993,12.94,14.4,1.7,28378.2,-26.2,70.0,0.36,79,40,0.0,60.0
NEG-darrang-2019-10-25,darrang,,2019-10-25,0,26.63333,92.8,0,5.1000000000000005,8.8,17.1,21.72,39.4,0.0,10470.29,3.5,70.0,0.36,84,42,0.0,18.0
NEG-darrang-2016-01-09,darrang,,2016-01-09,0,26.63333,92.8,0,0.1,0.1,0.2,17.4,1.5,0.0,2127.14,-5.4,70.0,0.36,75,38,0.0,130.0
NEG-darrang-2022-11-22,darrang,,2022-11-22,0,26.63333,92.8,0,0.0,0.0,0.0,21.9,0.0,0.0,4840.72,-22.7,70.0,0.36,141,45,0.0,43.0
NEG-darrang-2016-01-25,darrang,,2016-01-25,0,26.63333,92.8,0,0.0,7.4,9.1,14.49,1.9,1.5,2112.49,3.3,70.0,0.36,75,38,0.0,146.0
NEG-darrang-2015-01-05,darrang,,2015-01-05,0,26.63333,92.8,0,4.6,4.6,4.6,17.650000000000002,0.0,0.0,2408.91,-5.4,70.0,0.36,69,37,0.0,105.0
NEG-darrang-2017-05-24,darrang,,2017-05-24,0,26.63333,92.8,0,14.8,39.5,60.5,24.9,10.6,2.0,12301.69,24.7,70.0,0.36,77,39,0.0,296.0
NEG-darrang-2020-05-07,darrang,,2020-05-07,0,26.63333,92.8,0,28.200000000000003,42.9,70.1,29.2,15.1,0.0,8451.79,20.2,70.0,0.36,87,43,0.0,120.0
NEG-darrang-2015-11-16,darrang,,2015-11-16,0,26.63333,92.8,0,0.0,0.0,7.300000000000001,20.53,0.0,0.3,3862.67,-25.5,70.0,0.36,75,38,0.0,76.0
NEG-darrang-2016-06-27,darrang,,2016-06-27,0,26.63333,92.8,0,9.2,48.400000000000006,163.0,17.72,15.4,17.7,30759.96,12.7,70.0,0.36,75,38,0.0,300.0
NEG-darrang-2017-07-15,darrang,,2017-07-15,0,26.63333,92.8,0,21.799999999999997,133.3,367.4000000000001,20.61,1.8,0.3,32432.97,-26.7,70.0,0.36,79,40,0.0,27.0
NEG-darrang-2020-10-28,darrang,,2020-10-28,0,26.63333,92.8,0,6.5,117.0,129.5,17.71,0.0,0.0,13994.87,7.4,70.0,0.36,88,43,0.0,156.0
NEG-darrang-2022-08-17,darrang,,2022-08-17,0,26.63333,92.8,0,41.199999999999996,73.39999999999999,199.8,31.929999999999996,0.2,1.4,12704.74,-16.1,70.0,0.36,140,45,0.0,42.0
NEG-darrang-2015-02-08,darrang,,2015-02-08,0,26.63333,92.8,0,0.0,0.0,0.1,20.979999999999997,0.0,0.1,2008.09,-14.5,70.0,0.36,69,37,0.0,139.0
NEG-darrang-2015-02-03,darrang,,2015-02-03,0,26.63333,92.8,0,0.0,0.1,0.1,18.970000000000002,0.0,0.0,2414.46,22.2,70.0,0.36,69,37,0.0,134.0
NEG-darrang-2018-11-08,darrang,,2018-11-08,0,26.63333,92.8,0,15.100000000000001,25.700000000000003,25.700000000000003,18.970000000000002,0.0,0.0,8911.51,28.2,70.0,0.36,82,41,0.0,304.0
NEG-darrang-2016-05-08,darrang,,2016-05-08,0,26.63333,92.8,0,34.6,54.7,105.69999999999999,23.9,0.3,0.0,13802.84,-38.6,70.0,0.36,75,38,0.0,250.0
NEG-darrang-2019-09-26,darrang,,2019-09-26,0,26.63333,92.8,0,52.9,100.0,233.59999999999997,19.46,10.1,0.8,20322.57,-8.6,70.0,0.36,83,42,0.0,261.0
NEG-darrang-2016-06-25,darrang,,2016-06-25,0,26.63333,92.8,0,26.900000000000002,73.49999999999999,169.10000000000002,15.63,3.7,4.3,30198.52,39.0,70.0,0.36,75,38,0.0,298.0
NEG-darrang-2020-05-10,darrang,,2020-05-10,0,26.63333,92.8,0,19.5,56.800000000000004,68.6,30.95,1.1,17.0,7797.3,18.3,70.0,0.36,87,43,0.0,123.0
NEG-darrang-2015-10-18,darrang,,2015-10-18,0,26.63333,92.8,0,1.7,9.6,36.300000000000004,22.44,0.0,0.0,9098.14,-31.8,70.0,0.36,75,38,0.0,47.0
NEG-darrang-2017-07-26,darrang,,2017-07-26,0,26.63333,92.8,0,79.19999999999999,127.9,159.0,20.68,5.6,11.5,25291.97,-12.7,70.0,0.36,79,40,0.0,38.0
NEG-darrang-2019-04-19,darrang,,2019-04-19,0,26.63333,92.8,0,17.099999999999998,37.8,67.2,24.96,5.3,1.6,6917.31,13.8,70.0,0.36,83,42,0.0,101.0
NEG-darrang-2016-01-01,darrang,,2016-01-01,0,26.63333,92.8,0,0.1,0.1,0.30000000000000004,16.6,0.0,0.0,2274.1,-11.7,70.0,0.36,75,38,0.0,122.0
NEG-darrang-2023-03-13,darrang,,2023-03-13,0,26.63333,92.8,0,0.0,5.3,5.3,20.53,0.2,6.2,3068.02,-6.9,70.0,0.36,141,45,0.0,154.0
NEG-darrang-2016-02-24,darrang,,2016-02-24,0,26.63333,92.8,0,10.2,12.299999999999999,27.3,17.33,0.0,0.0,5955.62,101.4,70.0,0.36,75,38,0.0,176.0
NEG-darrang-2016-02-27,darrang,,2016-02-27,0,26.63333,92.8,0,0.8,12.5,15.1,21.4,0.0,0.0,4445.31,57.1,70.0,0.36,75,38,0.0,179.0
NEG-darrang-2018-07-07,darrang,,2018-07-07,0,26.63333,92.8,0,16.299999999999997,77.10000000000001,162.29999999999998,23.03,23.1,4.0,28839.32,-2.7,70.0,0.36,82,41,0.0,180.0
NEG-darrang-2019-02-14,darrang,,2019-02-14,0,26.63333,92.8,0,0.0,18.6,18.6,20.22,0.0,0.8,2505.11,16.7,70.0,0.36,83,42,0.0,37.0
NEG-darrang-2018-05-10,darrang,,2018-05-10,0,26.63333,92.8,0,26.700000000000003,42.199999999999996,72.9,23.21,5.7,0.4,10279.17,70.2,70.0,0.36,82,41,0.0,122.0
NEG-darrang-2019-04-17,darrang,,2019-04-17,0,26.63333,92.8,0,33.6,35.0,67.0,26.250000000000004,2.4,4.0,5532.5,-14.7,70.0,0.36,83,42,0.0,99.0
NEG-darrang-2016-06-29,darrang,,2016-06-29,0,26.63333,92.8,0,23.4,52.699999999999996,126.10000000000001,20.06,10.6,14.7,31840.96,-0.5,70.0,0.36,75,38,0.0,302.0
NEG-darrang-2022-03-12,darrang,,2022-03-12,0,26.63333,92.8,0,0.0,0.0,18.3,21.23,0.0,0.0,2545.83,-14.1,70.0,0.36,97,44,0.0,186.0
NEG-darrang-2022-08-05,darrang,,2022-08-05,0,26.63333,92.8,0,36.0,112.9,257.70000000000005,27.369999999999997,19.0,2.4,17020.58,-2.9,70.0,0.36,140,45,0.0,30.0
NEG-darrang-2015-10-08,darrang,,2015-10-08,0,26.63333,92.8,0,3.1,13.600000000000001,45.0,24.470000000000002,0.8,16.3,12021.64,-23.4,70.0,0.36,75,38,0.0,37.0
NEG-darrang-2020-12-12,darrang,,2020-12-12,0,26.63333,92.8,0,0.0,2.7,2.7,17.21,0.2,0.5,3490.4,-12.5,70.0,0.36,88,43,0.0,201.0
NEG-darrang-2021-04-26,darrang,,2021-04-26,0,26.63333,92.8,0,0.0,11.799999999999999,54.9,32.99,0.6,0.3,6949.24,-10.7,70.0,0.36,88,43,0.0,336.0
NEG-darrang-2015-02-04,darrang,,2015-02-04,0,26.63333,92.8,0,0.0,0.1,0.1,19.560000000000002,0.0,0.0,2311.07,14.8,70.0,0.36,69,37,0.0,135.0
NEG-darrang-2021-11-04,darrang,,2021-11-04,0,26.63333,92.8,0,0.0,0.0,4.6,24.380000000000003,0.0,0.0,6651.73,-24.7,70.0,0.36,97,44,0.0,58.0
NEG-darrang-2022-04-16,darrang,,2022-04-16,0,26.63333,92.8,0,61.7,151.09999999999997,288.59999999999997,20.279999999999998,14.9,26.2,25821.61,114.8,70.0,0.36,97,44,0.0,221.0
NEG-darrang-2016-11-03,darrang,,2016-11-03,0,26.63333,92.8,0,0.0,3.6999999999999997,3.6999999999999997,22.4,0.0,0.0,7029.72,-20.6,70.0,0.36,77,39,0.0,94.0
NEG-darrang-2019-12-08,darrang,,2019-12-08,0,26.63333,92.8,0,0.0,3.3,5.5,18.97,0.0,0.0,4177.3,-15.3,70.0,0.36,84,42,0.0,62.0
NEG-darrang-2018-12-09,darrang,,2018-12-09,0,26.63333,92.8,0,0.0,0.1,0.1,18.36,0.0,0.0,3538.97,-15.1,70.0,0.36,82,41,0.0,335.0
NEG-darrang-2023-02-07,darrang,,2023-02-07,0,26.63333,92.8,0,6.6,6.9,6.9,18.19,7.1,2.0,2201.93,0.5,70.0,0.36,141,45,0.0,120.0
NEG-darrang-2017-05-22,darrang,,2017-05-22,0,26.63333,92.8,0,24.5,37.3,57.4,26.469999999999995,4.3,6.5,12763.39,25.0,70.0,0.36,77,39,0.0,294.0
NEG-darrang-2022-01-16,darrang,,2022-01-16,0,26.63333,92.8,0,0.4,7.699999999999999,7.699999999999999,15.39,0.0,0.0,2611.16,14.3,70.0,0.36,97,44,0.0,131.0
NEG-darrang-2023-05-23,darrang,,2023-05-23,0,26.63333,92.8,0,67.8,206.99999999999997,231.3,25.88,20.1,27.2,11829.41,13.2,70.0,0.36,141,45,0.0,225.0
NEG-darrang-2016-09-12,darrang,,2016-09-12,0,26.63333,92.8,0,30.8,85.8,182.70000000000002,19.61,2.3,1.5,18280.01,-12.1,70.0,0.36,77,39,0.0,42.0
NEG-darrang-2019-08-14,darrang,,2019-08-14,0,26.63333,92.8,0,35.9,69.9,140.2,32.73,21.7,21.4,21776.09,-13.7,70.0,0.36,83,42,0.0,218.0
NEG-darrang-2021-11-28,darrang,,2021-11-28,0,26.63333,92.8,0,0.0,1.7999999999999998,1.7999999999999998,18.03,0.0,0.0,3671.82,-5.6,70.0,0.36,97,44,0.0,82.0
NEG-darrang-2022-09-13,darrang,,2022-09-13,0,26.63333,92.8,0,29.700000000000003,69.6,261.2,29.2,1.6,10.7,18491.7,-44.3,70.0,0.36,140,45,0.0,69.0
NEG-darrang-2019-12-18,darrang,,2019-12-18,0,26.63333,92.8,0,3.5999999999999996,3.9,3.9,15.2,0.0,0.0,4016.91,5.4,70.0,0.36,84,42,0.0,72.0
NEG-darrang-2015-12-22,darrang,,2015-12-22,0,26.63333,92.8,0,0.0,0.7,10.299999999999999,14.350000000000001,0.0,0.0,2702.96,-4.7,70.0,0.36,75,38,0.0,112.0
NEG-darrang-2016-02-16,darrang,,2016-02-16,0,26.63333,92.8,0,2.0,21.700000000000003,24.9,14.989999999999998,0.1,0.5,3039.89,47.3,70.0,0.36,75,38,0.0,168.0
NEG-darrang-2023-06-10,darrang,,2023-06-10,0,26.63333,92.8,0,33.4,45.199999999999996,67.6,36.41,69.9,8.4,11667.09,21.6,70.0,0.36,141,45,0.0,243.0
NEG-darrang-2016-05-19,darrang,,2016-05-19,0,26.63333,92.8,0,191.1,311.2,350.79999999999995,17.41,12.3,9.8,24377.11,109.4,70.0,0.36,75,38,0.0,261.0
NEG-darrang-2021-08-11,darrang,,2021-08-11,0,26.63333,92.8,0,17.4,61.6,174.1,29.639999999999993,16.0,10.3,20136.24,13.0,70.0,0.36,88,43,0.0,443.0
NEG-darrang-2023-03-10,darrang,,2023-03-10,0,26.63333,92.8,0,0.0,5.3,5.5,20.53,0.0,0.0,3379.65,-3.4,70.0,0.36,141,45,0.0,151.0
NEG-darrang-2019-04-22,darrang,,2019-04-22,0,26.63333,92.8,0,10.9,41.6,54.4,24.97,0.0,0.0,7395.05,34.0,70.0,0.36,83,42,0.0,104.0
NEG-darrang-2018-12-10,darrang,,2018-12-10,0,26.63333,92.8,0,0.0,0.1,0.1,18.31,0.0,0.0,3474.36,-14.5,70.0,0.36,82,41,0.0,336.0
NEG-darrang-2019-10-25,darrang,,2019-10-25,0,26.63333,92.8,0,5.1000000000000005,8.8,17.1,21.72,39.4,0.0,10470.29,3.5,70.0,0.36,84,42,0.0,18.0
NEG-darrang-2018-07-12,darrang,,2018-07-12,0,26.63333,92.8,0,30.8,81.5,167.0,28.66,13.0,1.2,30759.96,-12.3,70.0,0.36,82,41,0.0,185.0
NEG-darrang-2023-11-15,darrang,,2023-11-15,0,26.63333,92.8,0,0.0,0.0,6.0,23.75,0.0,6.0,4215.97,-21.8,70.0,0.36,157,46,0.0,74.0
NEG-darrang-2018-02-08,darrang,,2018-02-08,0,26.63333,92.8,0,4.800000000000001,6.9,11.3,13.17,0.1,0.1,2665.86,23.6,70.0,0.36,82,41,0.0,31.0
NEG-darrang-2022-03-25,darrang,,2022-03-25,0,26.63333,92.8,0,10.2,10.299999999999999,10.299999999999999,26.66,13.0,0.2,5080.6,109.0,70.0,0.36,97,44,0.0,199.0
NEG-darrang-2015-12-12,darrang,,2015-12-12,0,26.63333,92.8,0,2.6,2.8000000000000003,6.2,14.83,1.8,1.1,2569.4,-5.8,70.0,0.36,75,38,0.0,102.0
NEG-darrang-2021-03-16,darrang,,2021-03-16,0,26.63333,92.8,0,0.9,10.4,14.000000000000002,26.599999999999998,0.0,0.0,3364.12,-2.9,70.0,0.36,88,43,0.0,295.0
NEG-darrang-2021-09-27,darrang,,2021-09-27,0,26.63333,92.8,0,0.0,21.1,87.30000000000001,29.88,0.6,5.5,14654.48,-30.5,70.0,0.36,97,44,0.0,20.0
NEG-darrang-2021-09-23,darrang,,2021-09-23,0,26.63333,92.8,0,20.900000000000002,83.4,87.3,24.39,0.0,0.0,17337.03,-6.9,70.0,0.36,97,44,0.0,16.0
NEG-darrang-2023-02-01,darrang,,2023-02-01,0,26.63333,92.8,0,0.0,0.0,0.0,19.46,0.2,0.0,2196.86,-6.7,70.0,0.36,141,45,0.0,114.0
NEG-darrang-2021-10-24,darrang,,2021-10-24,0,26.63333,92.8,0,2.3000000000000003,63.0,64.6,22.34,1.7,0.6,12588.25,57.0,70.0,0.36,97,44,0.0,47.0
NEG-darrang-2018-03-13,darrang,,2018-03-13,0,26.63333,92.8,0,0.4,4.4,41.0,25.77,0.0,6.4,4334.11,-18.0,70.0,0.36,82,41,0.0,64.0
NEG-darrang-2023-09-26,darrang,,2023-09-26,0,26.63333,92.8,0,34.099999999999994,125.7,159.79999999999998,21.560000000000002,3.1,0.0,17457.23,40.3,70.0,0.36,157,46,0.0,24.0
NEG-darrang-2022-09-29,darrang,,2022-09-29,0,26.63333,92.8,0,18.7,94.49999999999999,178.3,23.75,0.0,0.0,19053.62,27.4,70.0,0.36,140,45,0.0,85.0
NEG-darrang-2015-04-20,darrang,,2015-04-20,0,26.63333,92.8,0,43.3,43.3,76.3,25.95,12.5,59.3,11829.41,37.7,70.0,0.36,70,38,0.0,60.0
NEG-darrang-2018-05-20,darrang,,2018-05-20,0,26.63333,92.8,0,16.5,27.3,69.10000000000001,30.08,0.3,8.2,7327.25,-30.2,70.0,0.36,82,41,0.0,132.0
NEG-darrang-2017-04-21,darrang,,2017-04-21,0,26.63333,92.8,0,30.5,48.8,64.9,27.919999999999998,13.5,4.2,8412.95,-1.4,70.0,0.36,77,39,0.0,263.0
NEG-darrang-2020-10-21,darrang,,2020-10-21,0,26.63333,92.8,0,12.4,12.500000000000002,33.6,25.74,6.5,39.4,13030.66,-21.3,70.0,0.36,88,43,0.0,149.0
NEG-darrang-2021-10-21,darrang,,2021-10-21,0,26.63333,92.8,0,57.8,60.699999999999996,71.3,25.110000000000003,0.1,0.0,12245.16,35.2,70.0,0.36,97,44,0.0,44.0
NEG-darrang-2020-09-18,darrang,,2020-09-18,0,26.63333,92.8,0,18.7,76.7,138.4,20.36,0.0,0.0,23767.4,20.8,70.0,0.36,88,43,0.0,116.0
NEG-darrang-2017-02-11,darrang,,2017-02-11,0,26.63333,92.8,0,0.2,0.7,5.5,22.02,0.0,0.0,1848.27,-5.4,70.0,0.36,77,39,0.0,194.0
NEG-darrang-2023-05-22,darrang,,2023-05-22,0,26.63333,92.8,0,62.49999999999999,203.8,214.3,26.91,0.1,20.1,12881.5,35.8,70.0,0.36,141,45,0.0,224.0
NEG-darrang-2019-05-24,darrang,,2019-05-24,0,26.63333,92.8,0,72.80000000000001,146.4,229.1,22.28,3.6,4.4,15775.11,-6.9,70.0,0.36,83,42,0.0,136.0
NEG-darrang-2018-04-25,darrang,,2018-04-25,0,26.63333,92.8,0,23.5,62.4,98.7,21.61,4.5,0.5,8393.6,28.8,70.0,0.36,82,41,0.0,107.0
NEG-darrang-2022-03-31,darrang,,2022-03-31,0,26.63333,92.8,0,9.0,61.6,61.7,17.72,30.8,2.4,5674.45,16.4,70.0,0.36,97,44,0.0,205.0
NEG-darrang-2023-10-16,darrang,,2023-10-16,0,26.63333,92.8,0,14.8,63.6,233.6,23.28,0.0,7.2,13242.42,-11.5,70.0,0.36,157,46,0.0,44.0
NEG-darrang-2023-11-26,darrang,,2023-11-26,0,26.63333,92.8,0,0.0,1.4,8.0,19.759999999999998,0.0,0.0,3482.37,-15.7,70.0,0.36,157,46,0.0,85.0
NEG-darrang-2020-07-20,darrang,,2020-07-20,0,26.63333,92.8,0,30.3,60.9,255.9,22.41,36.9,6.2,50814.93,4.0,70.0,0.36,88,43,0.0,56.0
NEG-darrang-2019-04-30,darrang,,2019-04-30,0,26.63333,92.8,0,63.9,65.7,94.0,27.759999999999998,68.2,8.9,7672.62,14.0,70.0,0.36,83,42,0.0,112.0
NEG-darrang-2016-04-06,darrang,,2016-04-06,0,26.63333,92.8,0,33.0,46.9,100.1,21.990000000000002,16.2,4.2,7851.36,18.3,70.0,0.36,75,38,0.0,218.0
NEG-darrang-2020-08-08,darrang,,2020-08-08,0,26.63333,92.8,0,13.6,25.5,149.5,33.120000000000005,28.3,10.9,26729.07,-20.8,70.0,0.36,88,43,0.0,75.0
NEG-darrang-2022-02-26,darrang,,2022-02-26,0,26.63333,92.8,0,9.4,38.3,44.9,18.58,0.5,17.6,2791.54,3.5,70.0,0.36,97,44,0.0,172.0
NEG-darrang-2015-10-18,darrang,,2015-10-18,0,26.63333,92.8,0,1.7,9.6,36.300000000000004,22.44,0.0,0.0,9098.14,-31.8,70.0,0.36,75,38,0.0,47.0
NEG-darrang-2020-12-03,darrang,,2020-12-03,0,26.63333,92.8,0,0.0,0.0,7.5,19.57,0.0,0.0,4196.59,-23.4,70.0,0.36,88,43,0.0,192.0
NEG-darrang-2019-01-19,darrang,,2019-01-19,0,26.63333,92.8,0,0.0,0.0,2.4,19.22,0.0,0.0,2181.73,-7.3,70.0,0.36,83,42,0.0,11.0
NEG-darrang-2018-07-20,darrang,,2018-07-20,0,26.63333,92.8,0,8.200000000000001,40.5,145.0,27.619999999999997,28.7,1.7,25467.31,-16.8,70.0,0.36,82,41,0.0,193.0
NEG-darrang-2016-06-24,darrang,,2016-06-24,0,26.63333,92.8,0,33.1,89.0,168.10000000000002,15.72,2.4,3.7,30337.9,48.3,70.0,0.36,75,38,0.0,297.0
NEG-darrang-2019-05-04,darrang,,2019-05-04,0,26.63333,92.8,0,81.00000000000001,176.40000000000003,185.40000000000003,17.560000000000002,22.1,0.1,19097.54,211.2,70.0,0.36,83,42,0.0,116.0
NEG-darrang-2021-05-17,darrang,,2021-05-17,0,26.63333,92.8,0,55.5,120.20000000000002,162.10000000000002,22.91,24.6,5.3,10184.91,51.4,70.0,0.36,88,43,0.0,357.0
NEG-darrang-2019-09-20,darrang,,2019-09-20,0,26.63333,92.8,0,43.5,130.8,254.3,22.44,6.2,19.9,20229.2,-4.9,70.0,0.36,83,42,0.0,255.0
NEG-darrang-2019-02-05,darrang,,2019-02-05,0,26.63333,92.8,0,0.0,1.0,1.0,20.23,0.0,0.0,2201.93,0.5,70.0,0.36,83,42,0.0,28.0
NEG-darrang-2021-02-15,darrang,,2021-02-15,0,26.63333,92.8,0,0.0,0.0,0.2,22.769999999999996,0.3,0.0,1882.65,-11.9,70.0,0.36,88,43,0.0,266.0
NEG-darrang-2022-08-29,darrang,,2022-08-29,0,26.63333,92.8,0,52.4,56.199999999999996,93.29999999999998,29.47,10.5,11.7,12386.96,5.4,70.0,0.36,140,45,0.0,54.0
NEG-darrang-2016-12-08,darrang,,2016-12-08,0,26.63333,92.8,0,0.0,0.0,0.0,17.990000000000002,0.0,0.0,2797.98,-10.1,70.0,0.36,77,39,0.0,129.0
NEG-darrang-2020-04-13,darrang,,2020-04-13,0,26.63333,92.8,0,6.300000000000001,10.3,11.700000000000001,40.65,0.0,0.6,5307.84,-11.7,70.0,0.36,87,43,0.0,96.0
NEG-darrang-2015-10-26,darrang,,2015-10-26,0,26.63333,92.8,0,4.3,5.0,8.9,21.72,0.0,0.0,7078.46,-18.7,70.0,0.36,75,38,0.0,55.0
NEG-darrang-2015-03-10,darrang,,2015-03-10,0,26.63333,92.8,0,0.0,0.3,6.5,26.669999999999998,0.0,0.0,4101.04,-5.8,70.0,0.36,70,38,0.0,19.0
NEG-darrang-2021-08-02,darrang,,2021-08-02,0,26.63333,92.8,0,72.80000000000001,114.20000000000002,203.89999999999998,24.889999999999997,1.5,2.8,19905.72,-0.2,70.0,0.36,88,43,0.0,434.0
NEG-darrang-2015-10-04,darrang,,2015-10-04,0,26.63333,92.8,0,10.5,10.7,216.5,25.980000000000004,0.0,0.4,14027.13,-34.2,70.0,0.36,75,38,0.0,33.0
NEG-darrang-2017-12-09,darrang,,2017-12-09,0,26.63333,92.8,0,0.0,0.0,5.1,19.66,0.0,0.0,2836.92,-15.3,70.0,0.36,81,40,0.0,62.0
NEG-darrang-2017-06-02,darrang,,2017-06-02,0,26.63333,92.8,0,99.9,103.80000000000001,155.7,27.580000000000002,26.6,5.1,26545.04,98.2,70.0,0.36,77,39,0.0,305.0
NEG-darrang-2023-11-07,darrang,,2023-11-07,0,26.63333,92.8,0,6.0,6.0,9.8,24.03,0.0,0.0,5532.5,-20.0,70.0,0.36,157,46,0.0,66.0
NEG-darrang-2019-06-19,darrang,,2019-06-19,0,26.63333,92.8,0,29.799999999999997,77.2,148.29999999999998,29.58,4.0,16.2,23932.17,34.9,70.0,0.36,83,42,0.0,162.0
NEG-darrang-2020-09-06,darrang,,2020-09-06,0,26.63333,92.8,0,11.7,50.4,89.40000000000002,24.2,7.3,15.9,22028.26,2.3,70.0,0.36,88,43,0.0,104.0
NEG-darrang-2018-03-19,darrang,,2018-03-19,0,26.63333,92.8,0,13.7,21.2,29.5,22.91,0.0,0.0,7851.36,72.6,70.0,0.36,82,41,0.0,70.0
NEG-darrang-2022-01-18,darrang,,2022-01-18,0,26.63333,92.8,0,0.0,7.699999999999999,7.699999999999999,14.65,0.0,0.1,2539.97,10.4,70.0,0.36,97,44,0.0,133.0
NEG-darrang-2022-12-28,darrang,,2022-12-28,0,26.63333,92.8,0,13.0,13.0,13.0,13.18,0.0,0.0,2611.16,4.2,70.0,0.36,141,45,0.0,79.0
NEG-darrang-2020-08-14,darrang,,2020-08-14,0,26.63333,92.8,0,44.5,104.4,127.50000000000001,21.42,28.9,4.3,29990.64,18.0,70.0,0.36,88,43,0.0,81.0
NEG-darrang-2019-08-29,darrang,,2019-08-29,0,26.63333,92.8,0,4.0,30.5,86.19999999999999,28.98,6.0,3.8,14091.89,-18.5,70.0,0.36,83,42,0.0,233.0
NEG-darrang-2022-11-14,darrang,,2022-11-14,0,26.63333,92.8,0,0.0,0.0,0.1,21.249999999999996,0.0,0.0,6530.31,-25.5,70.0,0.36,141,45,0.0,35.0
NEG-darrang-2019-07-06,darrang,,2019-07-06,0,26.63333,92.8,0,27.400000000000002,45.4,168.20000000000005,30.0,31.5,47.5,30689.22,-12.9,70.0,0.36,83,42,0.0,179.0
NEG-darrang-2015-12-04,darrang,,2015-12-04,0,26.63333,92.8,0,1.4,1.4,1.4,17.25,0.2,0.0,2709.19,-10.9,70.0,0.36,75,38,0.0,94.0
NEG-darrang-2022-03-08,darrang,,2022-03-08,0,26.63333,92.8,0,0.0,0.0,27.700000000000003,20.650000000000002,0.0,0.0,2746.89,-8.8,70.0,0.36,97,44,0.0,182.0
NEG-darrang-2021-01-06,darrang,,2021-01-06,0,26.63333,92.8,0,0.0,0.0,0.0,19.96,0.0,0.0,2470.72,-12.1,70.0,0.36,88,43,0.0,226.0
NEG-darrang-2021-01-11,darrang,,2021-01-11,0,26.63333,92.8,0,0.3,0.3,0.3,17.22,0.6,0.0,2408.91,-5.8,70.0,0.36,88,43,0.0,231.0
NEG-darrang-2021-11-28,darrang,,2021-11-28,0,26.63333,92.8,0,0.0,1.7999999999999998,1.7999999999999998,18.03,0.0,0.0,3671.82,-5.6,70.0,0.36,97,44,0.0,82.0
NEG-darrang-2016-09-17,darrang,,2016-09-17,0,26.63333,92.8,0,23.6,50.1,149.4,20.36,11.2,16.8,15169.51,-28.9,70.0,0.36,77,39,0.0,47.0
NEG-darrang-2018-02-10,darrang,,2018-02-10,0,26.63333,92.8,0,3.0000000000000004,7.599999999999999,9.4,14.450000000000001,0.0,0.0,3205.27,45.2,70.0,0.36,82,41,0.0,33.0
NEG-darrang-2015-12-09,darrang,,2015-12-09,0,26.63333,92.8,0,0.0,3.6,3.6,15.090000000000002,0.0,2.6,2641.41,-4.1,70.0,0.36,75,38,0.0,99.0
NEG-darrang-2018-06-23,darrang,,2018-06-23,0,26.63333,92.8,0,21.0,45.800000000000004,115.10000000000001,28.799999999999997,23.0,11.9,23822.19,-15.5,70.0,0.36,82,41,0.0,166.0
NEG-darrang-2015-11-20,darrang,,2015-11-20,0,26.63333,92.8,0,0.3,0.8999999999999999,0.8999999999999999,16.02,0.0,0.0,3714.35,-13.7,70.0,0.36,75,38,0.0,80.0
NEG-darrang-2020-09-25,darrang,,2020-09-25,0,26.63333,92.8,0,98.60000000000001,110.4,187.1,21.799999999999997,9.9,11.9,29173.28,22.7,70.0,0.36,88,43,0.0,123.0
NEG-darrang-2017-04-12,darrang,,2017-04-12,0,26.63333,92.8,0,5.6000000000000005,15.299999999999999,212.6,29.380000000000003,0.8,0.1,11065.24,-23.8,70.0,0.36,77,39,0.0,254.0
NEG-darrang-2016-09-28,darrang,,2016-09-28,0,26.63333,92.8,0,33.9,108.39999999999999,191.4,17.52,0.0,5.5,18662.79,14.3,70.0,0.36,77,39,0.0,58.0
NEG-darrang-2021-01-06,darrang,,2021-01-06,0,26.63333,92.8,0,0.0,0.0,0.0,19.96,0.0,0.0,2470.72,-12.1,70.0,0.36,88,43,0.0,226.0
NEG-darrang-2018-08-31,darrang,,2018-08-31,0,26.63333,92.8,0,68.10000000000001,146.9,260.8,23.3,22.8,11.5,22960.49,6.4,70.0,0.36,82,41,0.0,235.0
NEG-darrang-2019-05-20,darrang,,2019-05-20,0,26.63333,92.8,0,63.7,94.1,166.20000000000002,23.87,15.1,18.6,18878.91,-22.4,70.0,0.36,83,42,0.0,132.0
NEG-darrang-2021-07-30,darrang,,2021-07-30,0,26.63333,92.8,0,39.5,66.2,177.4,31.9,36.1,26.1,21477.29,2.6,70.0,0.36,88,43,0.0,431.0
NEG-darrang-2022-02-11,darrang,,2022-02-11,0,26.63333,92.8,0,6.2,27.099999999999998,48.60000000000001,11.34,6.6,0.0,3096.42,9.1,70.0,0.36,97,44,0.0,157.0
NEG-darrang-2022-04-15,darrang,,2022-04-15,0,26.63333,92.8,0,47.300000000000004,158.7,303.9000000000001,19.96,38.3,14.9,19814.27,49.3,70.0,0.36,97,44,0.0,220.0
NEG-darrang-2022-08-21,darrang,,2022-08-21,0,26.63333,92.8,0,16.5,60.3,150.9,32.97,0.5,2.9,11966.41,-11.5,70.0,0.36,140,45,0.0,46.0
NEG-darrang-2022-03-19,darrang,,2022-03-19,0,26.63333,92.8,0,0.0,0.0,0.0,22.980000000000004,0.1,0.0,2476.42,-2.7,70.0,0.36,97,44,0.0,193.0
NEG-darrang-2015-09-28,darrang,,2015-09-28,0,26.63333,92.8,0,3.3000000000000003,182.0,263.4,16.82,0.0,0.2,19318.67,-9.4,70.0,0.36,75,38,0.0,27.0
NEG-darrang-2018-06-24,darrang,,2018-06-24,0,26.63333,92.8,0,21.700000000000003,41.7,121.4,30.489999999999995,11.9,8.6,24433.31,-8.6,70.0,0.36,82,41,0.0,167.0
NEG-darrang-2022-11-01,darrang,,2022-11-01,0,26.63333,92.8,0,0.0,31.900000000000002,64.60000000000001,20.85,0.0,0.1,12160.86,-12.9,70.0,0.36,141,45,0.0,22.0
NEG-darrang-2019-11-27,darrang,,2019-11-27,0,26.63333,92.8,0,0.0,4.3,25.3,17.86,0.0,0.0,4644.15,-20.2,70.0,0.36,84,42,0.0,51.0
NEG-darrang-2023-03-09,darrang,,2023-03-09,0,26.63333,92.8,0,5.3,5.3,31.5,20.710000000000004,0.0,0.0,3426.68,-5.2,70.0,0.36,141,45,0.0,150.0
NEG-darrang-2015-12-20,darrang,,2015-12-20,0,26.63333,92.8,0,0.2,3.6000000000000005,10.299999999999999,13.32,0.0,0.0,2778.71,5.4,70.0,0.36,75,38,0.0,110.0
NEG-darrang-2019-11-15,darrang,,2019-11-15,0,26.63333,92.8,0,0.0,5.1,7.1,17.89,1.2,1.8,5635.38,-16.2,70.0,0.36,84,42,0.0,39.0
NEG-darrang-2016-04-20,darrang,,2016-04-20,0,26.63333,92.8,0,25.9,63.0,122.89999999999999,21.779999999999998,55.1,15.6,15994.58,7.6,70.0,0.36,75,38,0.0,232.0
NEG-darrang-2020-02-01,darrang,,2020-02-01,0,26.63333,92.8,0,4.9,5.0,21.8,15.05,4.2,0.3,3731.5,-13.1,70.0,0.36,87,43,0.0,24.0
NEG-darrang-2021-11-12,darrang,,2021-11-12,0,26.63333,92.8,0,0.0,0.0,0.0,23.45,0.0,0.0,4999.34,-22.2,70.0,0.36,97,44,0.0,66.0
NEG-darrang-2021-10-29,darrang,,2021-10-29,0,26.63333,92.8,0,0.6,2.4,65.29999999999998,24.330000000000002,0.0,0.0,8412.95,-49.4,70.0,0.36,97,44,0.0,52.0
NEG-darrang-2018-06-20,darrang,,2018-06-20,0,26.63333,92.8,0,13.599999999999998,71.1,115.0,23.119999999999997,9.9,4.7,20416.38,21.9,70.0,0.36,82,41,0.0,163.0
NEG-darrang-2023-04-26,darrang,,2023-04-26,0,26.63333,92.8,0,6.6,34.800000000000004,42.9,26.770000000000003,4.5,11.7,8748.84,57.4,70.0,0.36,141,45,0.0,198.0
NEG-darrang-2023-04-22,darrang,,2023-04-22,0,26.63333,92.8,0,22.3,30.4,30.4,30.929999999999996,6.5,0.0,9793.9,71.4,70.0,0.36,141,45,0.0,194.0
NEG-darrang-2016-12-20,darrang,,2016-12-20,0,26.63333,92.8,0,0.0,0.0,0.0,18.009999999999998,0.0,0.0,2295.15,-9.6,70.0,0.36,77,39,0.0,141.0
NEG-darrang-2016-05-04,darrang,,2016-05-04,0,26.63333,92.8,0,19.6,59.5,192.69999999999996,24.39,9.2,9.3,16633.14,-17.8,70.0,0.36,75,38,0.0,246.0
NEG-darrang-2022-12-09,darrang,,2022-12-09,0,26.63333,92.8,0,0.0,0.0,0.0,21.5,0.0,0.0,2998.16,-15.1,70.0,0.36,141,45,0.0,60.0
NEG-darrang-2022-11-13,darrang,,2022-11-13,0,26.63333,92.8,0,0.0,0.0,0.1,21.209999999999997,0.0,0.0,6775.42,-26.4,70.0,0.36,141,45,0.0,34.0
NEG-darrang-2016-11-02,darrang,,2016-11-02,0,26.63333,92.8,0,0.0,3.6999999999999997,3.6999999999999997,22.22,0.0,0.0,7361.07,-18.5,70.0,0.36,77,39,0.0,93.0
NEG-darrang-2020-07-26,darrang,,2020-07-26,0,26.63333,92.8,0,22.1,122.60000000000001,205.7,18.96,50.5,21.7,35480.36,-19.6,70.0,0.36,88,43,0.0,62.0
NEG-darrang-2018-11-21,darrang,,2018-11-21,0,26.63333,92.8,0,0.0,12.7,13.0,17.59,0.0,0.0,6621.17,10.7,70.0,0.36,82,41,0.0,317.0
NEG-darrang-2020-11-12,darrang,,2020-11-12,0,26.63333,92.8,0,0.0,0.0,16.8,22.830000000000002,0.0,0.0,8108.61,-34.8,70.0,0.36,88,43,0.0,171.0
NEG-darrang-2020-10-19,darrang,,2020-10-19,0,26.63333,92.8,0,1.1,2.2,68.89999999999999,26.720000000000002,2.4,0.2,13151.25,-28.6,70.0,0.36,88,43,0.0,147.0
NEG-darrang-2023-10-13,darrang,,2023-10-13,0,26.63333,92.8,0,12.5,158.70000000000002,238.9,19.44,3.1,2.7,16942.38,31.5,70.0,0.36,157,46,0.0,41.0
NEG-darrang-2023-01-31,darrang,,2023-01-31,0,26.63333,92.8,0,0.0,0.0,0.0,19.770000000000003,0.1,0.2,2191.81,-8.2,70.0,0.36,141,45,0.0,113.0
NEG-darrang-2017-11-27,darrang,,2017-11-27,0,26.63333,92.8,0,0.0,0.9,0.9,18.48,2.5,0.0,3722.92,-12.5,70.0,0.36,81,40,0.0,50.0
NEG-darrang-2016-11-14,darrang,,2016-11-14,0,26.63333,92.8,0,0.0,0.1,0.1,20.23,0.0,0.0,4999.34,-19.7,70.0,0.36,77,39,0.0,105.0
NEG-darrang-2019-03-04,darrang,,2019-03-04,0,26.63333,92.8,0,0.8999999999999999,18.099999999999998,51.900000000000006,19.21,16.2,7.5,5914.62,61.1,70.0,0.36,83,42,0.0,55.0
NEG-darrang-2016-06-03,darrang,,2016-06-03,0,26.63333,92.8,0,9.4,43.3,122.00000000000001,27.660000000000004,5.8,6.4,13211.95,-25.9,70.0,0.36,75,38,0.0,276.0
NEG-darrang-2023-05-30,darrang,,2023-05-30,0,26.63333,92.8,0,5.7,80.9,287.8999999999999,28.490000000000002,0.0,10.5,9224.71,-22.0,70.0,0.36,141,45,0.0,232.0
NEG-darrang-2023-10-05,darrang,,2023-10-05,0,26.63333,92.8,0,46.0,66.1,160.8,26.41,25.0,19.1,11375.28,-20.8,70.0,0.36,157,46,0.0,33.0
NEG-darrang-2023-03-22,darrang,,2023-03-22,0,26.63333,92.8,0,57.8,72.6,72.8,15.47,31.8,5.0,5080.6,66.4,70.0,0.36,141,45,0.0,163.0
NEG-darrang-2016-04-28,darrang,,2016-04-28,0,26.63333,92.8,0,10.3,109.7,201.49999999999997,22.89,8.0,9.0,19542.39,5.2,70.0,0.36,75,38,0.0,240.0
NEG-darrang-2015-05-01,darrang,,2015-05-01,0,26.63333,92.8,0,18.3,49.8,179.29999999999998,22.73,6.7,8.0,9014.71,-42.5,70.0,0.36,70,38,0.0,71.0
NEG-darrang-2018-10-04,darrang,,2018-10-04,0,26.63333,92.8,0,31.6,63.4,174.9,22.889999999999997,0.3,5.2,17578.23,-10.9,70.0,0.36,82,41,0.0,269.0
NEG-darrang-2019-10-25,darrang,,2019-10-25,0,26.63333,92.8,0,5.1000000000000005,8.8,17.1,21.72,39.4,0.0,10470.29,3.5,70.0,0.36,84,42,0.0,18.0
NEG-darrang-2018-01-19,darrang,,2018-01-19,0,26.63333,92.8,0,0.0,0.0,1.5,15.5,0.0,0.0,2097.94,-4.3,70.0,0.36,82,41,0.0,11.0
NEG-darrang-2020-11-15,darrang,,2020-11-15,0,26.63333,92.8,0,0.0,0.0,16.8,22.82,0.0,0.5,7029.72,-32.2,70.0,0.36,88,43,0.0,174.0
NEG-darrang-2015-09-19,darrang,,2015-09-19,0,26.63333,92.8,0,5.4,54.699999999999996,114.30000000000001,25.54,23.8,32.6,19497.44,-12.1,70.0,0.36,75,38,0.0,18.0
NEG-darrang-2017-12-13,darrang,,2017-12-13,0,26.63333,92.8,0,0.8,0.8,0.8,17.53,4.9,0.0,2715.44,-10.5,70.0,0.36,81,40,0.0,66.0
NEG-darrang-2022-12-27,darrang,,2022-12-27,0,26.63333,92.8,0,9.0,9.0,9.0,13.899999999999999,0.2,0.0,2539.97,0.5,70.0,0.36,141,45,0.0,78.0
NEG-darrang-2021-06-19,darrang,,2021-06-19,0,26.63333,92.8,0,17.799999999999997,51.1,310.4,26.619999999999997,2.4,2.5,23066.47,10.2,70.0,0.36,88,43,0.0,390.0
NEG-darrang-2022-01-14,darrang,,2022-01-14,0,26.63333,92.8,0,7.6,7.6,7.6,16.7,0.0,0.0,2431.2,4.0,70.0,0.36,97,44,0.0,129.0
NEG-darrang-2015-11-12,darrang,,2015-11-12,0,26.63333,92.8,0,0.0,2.9,7.300000000000001,20.759999999999998,0.0,0.0,4496.8,-18.5,70.0,0.36,75,38,0.0,72.0
NEG-darrang-2020-07-25,darrang,,2020-07-25,0,26.63333,92.8,0,25.3,129.5,240.9,16.79,4.7,50.5,37152.54,-10.1,70.0,0.36,88,43,0.0,61.0
NEG-darrang-2020-02-08,darrang,,2020-02-08,0,26.63333,92.8,0,1.8,6.8999999999999995,11.900000000000002,16.08,0.4,0.0,3325.6,-10.9,70.0,0.36,87,43,0.0,31.0
NEG-darrang-2020-09-23,darrang,,2020-09-23,0,26.63333,92.8,0,68.2,85.4,160.0,23.439999999999998,21.7,15.9,21876.62,-13.1,70.0,0.36,88,43,0.0,121.0
NEG-darrang-2020-08-08,darrang,,2020-08-08,0,26.63333,92.8,0,13.6,25.5,149.5,33.120000000000005,28.3,10.9,26729.07,-20.8,70.0,0.36,88,43,0.0,75.0
NEG-darrang-2021-05-10,darrang,,2021-05-10,0,26.63333,92.8,0,26.4,41.9,51.3,24.439999999999998,13.1,18.6,6728.77,26.5,70.0,0.36,88,43,0.0,350.0
NEG-darrang-2016-11-14,darrang,,2016-11-14,0,26.63333,92.8,0,0.0,0.1,0.1,20.23,0.0,0.0,4999.34,-19.7,70.0,0.36,77,39,0.0,105.0
NEG-darrang-2019-02-15,darrang,,2019-02-15,0,26.63333,92.8,0,0.0,18.6,18.6,20.310000000000002,0.8,2.9,2381.32,13.0,70.0,0.36,83,42,0.0,38.0
NEG-darrang-2016-10-06,darrang,,2016-10-06,0,26.63333,92.8,0,2.5,18.3,98.6,21.259999999999998,11.9,13.3,12734.03,-27.4,70.0,0.36,77,39,0.0,66.0
NEG-darrang-2017-11-10,darrang,,2017-11-10,0,26.63333,92.8,0,0.0,0.0,30.5,23.39,0.0,0.0,6193.41,-28.6,70.0,0.36,81,40,0.0,33.0
NEG-darrang-2016-02-26,darrang,,2016-02-26,0,26.63333,92.8,0,1.5,12.5,20.3,19.950000000000003,0.0,0.0,4919.39,74.6,70.0,0.36,75,38,0.0,178.0
NEG-darrang-2021-06-08,darrang,,2021-06-08,0,26.63333,92.8,0,240.20000000000002,322.0,412.9,22.279999999999998,1.4,0.7,22960.49,16.4,70.0,0.36,88,43,0.0,379.0
NEG-darrang-2022-07-24,darrang,,2022-07-24,0,26.63333,92.8,0,43.1,111.8,166.89999999999998,27.46,42.6,14.7,21133.88,11.7,70.0,0.36,140,45,0.0,18.0
NEG-darrang-2023-02-08,darrang,,2023-02-08,0,26.63333,92.8,0,15.1,15.4,15.4,18.09,2.0,0.0,2237.72,1.9,70.0,0.36,141,45,0.0,121.0
NEG-darrang-2016-04-17,darrang,,2016-04-17,0,26.63333,92.8,0,36.7,52.2,130.0,23.849999999999998,16.9,4.8,14722.13,-10.1,70.0,0.36,75,38,0.0,229.0
NEG-darrang-2017-07-24,darrang,,2017-07-24,0,26.63333,92.8,0,53.3,84.5,146.89999999999998,26.48,5.1,11.0,27860.22,-8.0,70.0,0.36,79,40,0.0,36.0
NEG-darrang-2023-04-23,darrang,,2023-04-23,0,26.63333,92.8,0,17.3,36.3,36.3,29.86,0.0,0.1,11480.54,108.9,70.0,0.36,141,45,0.0,195.0
NEG-darrang-2020-09-15,darrang,,2020-09-15,0,26.63333,92.8,0,45.5,88.0,128.3,21.0,6.5,9.7,24377.11,15.6,70.0,0.36,88,43,0.0,113.0
NEG-darrang-2015-01-11,darrang,,2015-01-11,0,26.63333,92.8,0,0.0,5.699999999999999,6.0,15.650000000000002,0.0,0.0,2459.37,5.2,70.0,0.36,69,37,0.0,111.0
NEG-darrang-2015-06-30,darrang,,2015-06-30,0,26.63333,92.8,0,52.0,217.20000000000002,331.00000000000006,20.849999999999998,3.9,8.6,32283.93,-1.1,70.0,0.36,71,38,0.0,21.0
NEG-darrang-2020-04-16,darrang,,2020-04-16,0,26.63333,92.8,0,0.6,10.9,12.3,36.46,6.1,5.8,4719.63,-10.5,70.0,0.36,87,43,0.0,99.0
NEG-darrang-2019-01-30,darrang,,2019-01-30,0,26.63333,92.8,0,1.0,1.0,1.0,19.78,0.0,0.0,2242.88,7.4,70.0,0.36,83,42,0.0,22.0
NEG-darrang-2019-04-18,darrang,,2019-04-18,0,26.63333,92.8,0,28.3,35.4,67.39999999999999,25.880000000000006,4.0,5.3,6038.49,-4.1,70.0,0.36,83,42,0.0,100.0
NEG-datia-2016-09-06,datia,,2016-09-06,0,25.67312,78.45908,0,0.0,13.5,39.5,30.200000000000003,0.0,0.2,0.15,-59.5,249.0,1.171,11,10,0.0,3658.0
NEG-datia-2017-01-03,datia,,2017-01-03,0,25.67312,78.45908,1,1.1,1.1,1.1,19.509999999999998,0.0,0.0,0.0,,249.0,1.171,11,10,0.0,3777.0
NEG-datia-2015-05-25,datia,,2015-05-25,0,25.67312,78.45908,1,1.5,1.8,2.6,65.13000000000001,0.0,0.0,0.0,,249.0,1.171,11,10,0.0,3188.0
NEG-dausa-2021-03-14,dausa,,2021-03-14,0,26.89,76.33584,0,0.0,0.0,0.0,38.45,0.0,0.0,0.31,0.0,348.0,6.937,14,12,0.0,2407.0
NEG-dausa-2023-01-03,dausa,,2023-01-03,0,26.89,76.33584,0,0.0,0.8,0.8,17.619999999999997,0.0,0.0,0.29,3.6,348.0,6.937,15,13,0.0,367.0
NEG-dausa-2023-04-22,dausa,,2023-04-22,0,26.89,76.33584,0,0.4,0.4,0.4,52.61,0.0,0.0,0.37,0.0,348.0,6.937,15,13,0.0,476.0
NEG-davangere-2019-09-14,davangere,,2019-09-14,0,14.46693,75.92694,0,8.9,19.2,67.9,25.130000000000003,6.4,8.0,0.01,-50.0,588.0,0.901,21,15,0.0,1444.0
NEG-davangere-2017-07-08,davangere,,2017-07-08,0,14.46693,75.92694,0,7.699999999999999,14.600000000000001,37.4,25.63,0.8,1.0,0.0,-100.0,588.0,0.901,21,15,0.0,646.0
NEG-davangere-2018-08-11,davangere,,2018-08-11,0,14.46693,75.92694,1,17.299999999999997,27.299999999999997,38.3,24.17,23.0,9.4,0.02,,588.0,0.901,21,15,0.0,1045.0
NEG-davangere-2017-10-13,davangere,,2017-10-13,0,14.46693,75.92694,0,41.0,76.10000000000001,134.6,22.92,9.9,11.2,0.38,-32.1,588.0,0.901,21,15,0.0,743.0
NEG-davangere-2019-09-01,davangere,,2019-09-01,0,14.46693,75.92694,0,14.9,34.3,71.7,24.200000000000003,11.2,1.9,0.03,-40.0,588.0,0.901,21,15,0.0,1431.0
NEG-davangere-2023-01-29,davangere,,2023-01-29,0,14.46693,75.92694,0,0.0,0.0,0.0,38.800000000000004,0.0,0.0,0.05,0.0,588.0,0.901,31,19,0.0,257.0
NEG-davangere-2018-08-03,davangere,,2018-08-03,0,14.46693,75.92694,1,6.0,10.499999999999998,32.400000000000006,26.16,0.9,1.9,0.0,,588.0,0.901,21,15,0.0,1037.0
NEG-davangere-2018-01-16,davangere,,2018-01-16,0,14.46693,75.92694,1,0.0,0.0,0.0,35.36,0.0,0.0,0.05,,588.0,0.901,21,15,0.0,838.0
NEG-davangere-2015-11-16,davangere,,2015-11-16,0,14.46693,75.92694,0,1.2,5.9,29.3,27.14,3.7,0.0,0.01,0.0,588.0,0.901,21,15,0.0,46.0
NEG-davangere-2021-05-30,davangere,,2021-05-30,0,14.46693,75.92694,0,2.3,8.8,50.800000000000004,33.69,1.6,1.1,0.0,-100.0,588.0,0.901,30,18,0.0,49.0
NEG-davangere-2019-03-08,davangere,,2019-03-08,0,14.46693,75.92694,0,0.0,0.0,0.0,43.38999999999999,0.0,0.0,0.03,0.0,588.0,0.901,21,15,0.0,1254.0
NEG-davangere-2016-05-04,davangere,,2016-05-04,0,14.46693,75.92694,1,2.9000000000000004,2.9000000000000004,2.9000000000000004,46.8,1.2,0.0,0.0,,588.0,0.901,21,15,0.0,216.0
NEG-davangere-2020-08-18,davangere,,2020-08-18,0,14.46693,75.92694,0,24.5,30.2,92.9,20.02,1.4,5.7,0.33,-48.4,588.0,0.901,29,17,0.0,221.0
NEG-davangere-2022-07-20,davangere,,2022-07-20,0,14.46693,75.92694,0,15.399999999999999,34.4,96.10000000000001,23.52,0.7,2.8,0.02,-90.9,588.0,0.901,31,19,0.0,64.0
NEG-davangere-2015-08-04,davangere,,2015-08-04,0,14.46693,75.92694,0,4.8,16.1,39.1,26.419999999999998,1.3,2.2,0.02,0.0,588.0,0.901,20,14,0.0,745.0
NEG-davangere-2017-01-04,davangere,,2017-01-04,0,14.46693,75.92694,1,0.0,0.0,0.0,38.559999999999995,0.0,0.0,0.0,,588.0,0.901,21,15,0.0,461.0
NEG-davangere-2017-07-03,davangere,,2017-07-03,0,14.46693,75.92694,0,8.3,21.2,39.49999999999999,23.25,0.4,2.4,0.02,0.0,588.0,0.901,21,15,0.0,641.0
NEG-davangere-2020-10-13,davangere,,2020-10-13,0,14.46693,75.92694,0,32.800000000000004,36.0,58.6,23.650000000000002,20.0,10.1,0.16,220.0,588.0,0.901,29,17,0.0,277.0
NEG-davangere-2015-07-08,davangere,,2015-07-08,0,14.46693,75.92694,1,0.2,3.0,12.899999999999999,31.779999999999998,3.0,3.5,0.0,,588.0,0.901,20,14,0.0,718.0
NEG-davangere-2019-07-01,davangere,,2019-07-01,0,14.46693,75.92694,0,13.3,33.6,83.8,26.330000000000002,11.2,2.0,0.03,0.0,588.0,0.901,21,15,0.0,1369.0
NEG-davangere-2020-03-20,davangere,,2020-03-20,0,14.46693,75.92694,0,0.0,0.0,0.6,44.779999999999994,0.0,0.0,0.03,0.0,588.0,0.901,29,17,0.0,70.0
NEG-davangere-2018-03-02,davangere,,2018-03-02,0,14.46693,75.92694,0,0.0,0.0,0.0,53.63,0.0,0.0,0.03,0.0,588.0,0.901,21,15,0.0,883.0
NEG-davangere-2023-09-04,davangere,,2023-09-04,0,14.46693,75.92694,0,9.2,21.400000000000002,43.0,34.14999999999999,24.5,1.7,0.01,0.0,588.0,0.901,32,20,0.0,61.0
NEG-davangere-2018-06-26,davangere,,2018-06-26,0,14.46693,75.92694,1,28.9,51.10000000000001,69.6,22.07,4.1,15.0,0.03,,588.0,0.901,21,15,0.0,999.0
NEG-davangere-2018-09-02,davangere,,2018-09-02,0,14.46693,75.92694,1,14.499999999999998,29.700000000000003,42.300000000000004,25.01,0.4,1.6,0.02,,588.0,0.901,21,15,0.0,1067.0
NEG-davangere-2015-12-20,davangere,,2015-12-20,0,14.46693,75.92694,1,0.0,0.0,0.1,33.99,0.0,0.0,0.0,,588.0,0.901,21,15,0.0,80.0
NEG-davangere-2021-03-15,davangere,,2021-03-15,0,14.46693,75.92694,0,0.0,0.0,0.0,49.77,0.0,0.0,0.03,0.0,588.0,0.901,29,17,0.0,430.0
NEG-davangere-2020-02-14,davangere,,2020-02-14,0,14.46693,75.92694,0,0.0,0.3,0.4,39.52,0.0,0.0,0.05,0.0,588.0,0.901,29,17,0.0,35.0
NEG-davangere-2015-02-02,davangere,,2015-02-02,0,14.46693,75.92694,0,0.0,0.0,0.0,39.69,0.0,0.0,0.03,-40.0,588.0,0.901,20,14,0.0,562.0
NEG-davangere-2019-02-20,davangere,,2019-02-20,0,14.46693,75.92694,0,0.0,0.0,1.5,41.900000000000006,0.0,0.0,0.03,0.0,588.0,0.901,21,15,0.0,1238.0
NEG-davangere-2017-04-01,davangere,,2017-04-01,0,14.46693,75.92694,0,0.0,0.0,0.0,48.760000000000005,0.0,0.3,0.0,-100.0,588.0,0.901,21,15,0.0,548.0
NEG-davangere-2018-04-09,davangere,,2018-04-09,0,14.46693,75.92694,1,8.299999999999999,8.399999999999999,8.399999999999999,37.64,0.1,2.7,0.0,,588.0,0.901,21,15,0.0,921.0
NEG-davangere-2021-04-28,davangere,,2021-04-28,0,14.46693,75.92694,0,0.2,6.099999999999999,17.1,38.309999999999995,0.5,0.0,0.0,-100.0,588.0,0.901,30,18,0.0,17.0
NEG-davangere-2023-10-19,davangere,,2023-10-19,0,14.46693,75.92694,0,35.699999999999996,36.4,40.599999999999994,36.11,0.0,0.0,0.0,-100.0,588.0,0.901,32,20,0.0,106.0
NEG-davangere-2018-05-29,davangere,,2018-05-29,0,14.46693,75.92694,0,2.5,31.4,44.300000000000004,36.21,2.7,1.4,0.03,0.0,588.0,0.901,21,15,0.0,971.0
NEG-davangere-2023-04-18,davangere,,2023-04-18,0,14.46693,75.92694,0,0.0,0.0,0.0,48.839999999999996,0.0,0.0,0.66,94.1,588.0,0.901,31,19,0.0,336.0
NEG-dehradun-2021-12-25,dehradun,,2021-12-25,0,30.32443,78.03392,0,0.0,0.0,0.0,13.059999999999999,0.1,0.0,0.2,0.0,660.0,2.072,24,15,0.0,528.0
NEG-dehradun-2017-09-20,dehradun,,2017-09-20,0,30.32443,78.03392,0,4.9,5.5,10.6,27.009999999999998,0.5,33.2,2.21,-31.8,660.0,2.072,20,12,0.0,431.0
NEG-dehradun-2020-03-15,dehradun,,2020-03-15,0,30.32443,78.03392,0,49.300000000000004,53.199999999999996,90.09999999999998,21.89,0.0,0.0,1.19,52.6,660.0,2.072,23,14,0.0,170.0
NEG-dehradun-2019-02-17,dehradun,,2019-02-17,0,30.32443,78.03392,0,9.8,9.899999999999999,69.4,16.39,4.3,10.0,0.81,-13.8,660.0,2.072,21,13,0.0,102.0
NEG-dehradun-2021-08-20,dehradun,,2021-08-20,0,30.32443,78.03392,0,10.2,28.0,69.99999999999999,28.150000000000002,2.5,4.5,6.31,110.3,660.0,2.072,24,15,0.0,401.0
NEG-dehradun-2023-08-31,dehradun,,2023-08-31,0,30.32443,78.03392,0,3.5,22.8,191.5,30.23,0.8,0.9,2.56,-91.7,660.0,2.072,28,17,0.0,17.0
NEG-dehradun-2023-09-14,dehradun,,2023-09-14,0,30.32443,78.03392,0,3.8,52.300000000000004,55.300000000000004,24.23,11.6,1.4,1.96,1.0,660.0,2.072,28,17,0.0,31.0
NEG-dehradun-2017-03-11,dehradun,,2017-03-11,0,30.32443,78.03392,0,21.0,21.7,24.2,25.279999999999998,0.0,0.0,1.12,409.1,660.0,2.072,20,12,0.0,238.0
NEG-dehradun-2023-03-20,dehradun,,2023-03-20,0,30.32443,78.03392,0,1.3,1.6,3.0999999999999996,24.330000000000002,27.6,0.0,2.81,290.3,660.0,2.072,27,16,0.0,179.0
NEG-dehradun-2021-02-16,dehradun,,2021-02-16,0,30.32443,78.03392,0,0.6000000000000001,0.6000000000000001,4.300000000000001,19.599999999999998,0.0,0.0,0.25,-10.7,660.0,2.072,24,15,0.0,216.0
NEG-dehradun-2023-07-12,dehradun,,2023-07-12,0,30.32443,78.03392,0,35.1,51.2,108.19999999999999,21.91,10.1,5.0,8.27,204.0,660.0,2.072,27,16,0.0,293.0
NEG-dehradun-2023-12-05,dehradun,,2023-12-05,0,30.32443,78.03392,0,0.0,16.900000000000002,16.900000000000002,12.569999999999999,0.0,0.0,0.27,12.5,660.0,2.072,28,17,0.0,113.0
NEG-dehradun-2017-10-01,dehradun,,2017-10-01,0,30.32443,78.03392,0,1.2,31.9,132.0,25.099999999999998,0.8,0.0,3.93,-82.9,660.0,2.072,20,12,0.0,442.0
NEG-dehradun-2016-09-08,dehradun,,2016-09-08,0,30.32443,78.03392,0,4.3999999999999995,11.500000000000002,63.50000000000001,25.61,1.8,1.6,2.3,-50.2,660.0,2.072,20,12,0.0,54.0
NEG-dehradun-2015-01-27,dehradun,,2015-01-27,0,30.32443,78.03392,0,3.6,16.3,24.200000000000003,12.13,0.1,2.7,0.78,254.5,660.0,2.072,19,11,0.0,1592.0
NEG-dehradun-2019-08-07,dehradun,,2019-08-07,0,30.32443,78.03392,0,88.3,114.3,196.2,22.740000000000002,2.1,9.5,2.34,-31.4,660.0,2.072,21,13,0.0,273.0
NEG-dehradun-2015-04-08,dehradun,,2015-04-08,0,30.32443,78.03392,0,5.199999999999999,35.300000000000004,50.20000000000001,25.38,0.0,0.0,0.87,47.5,660.0,2.072,19,11,0.0,1663.0
NEG-dehradun-2017-08-12,dehradun,,2017-08-12,0,30.32443,78.03392,0,59.50000000000001,106.1,210.79999999999998,16.75,8.8,3.8,5.53,-49.1,660.0,2.072,20,12,0.0,392.0
NEG-dehradun-2021-01-27,dehradun,,2021-01-27,0,30.32443,78.03392,0,0.0,0.0,0.0,15.679999999999998,0.0,0.0,0.22,0.0,660.0,2.072,24,15,0.0,196.0
NEG-dehradun-2018-11-19,dehradun,,2018-11-19,0,30.32443,78.03392,0,0.0,0.0,0.0,18.790000000000003,0.0,0.0,0.26,-10.3,660.0,2.072,21,13,0.0,12.0
NEG-dehradun-2022-02-17,dehradun,,2022-02-17,0,30.32443,78.03392,0,0.0,0.0,34.2,18.450000000000003,0.0,0.0,0.23,-54.0,660.0,2.072,24,15,0.0,582.0
NEG-dehradun-2022-10-11,dehradun,,2022-10-11,0,30.32443,78.03392,0,20.3,24.0,25.700000000000003,17.89,0.0,0.0,4.04,215.6,660.0,2.072,27,16,0.0,19.0
NEG-dehradun-2015-02-09,dehradun,,2015-02-09,0,30.32443,78.03392,0,0.0,14.4,23.200000000000003,17.36,0.0,0.0,0.25,-72.5,660.0,2.072,19,11,0.0,1605.0
NEG-dehradun-2018-10-04,dehradun,,2018-10-04,0,30.32443,78.03392,0,0.0,3.5,118.39999999999999,27.59,0.0,0.8,1.9,-38.1,660.0,2.072,20,12,0.0,810.0
NEG-dehradun-2015-01-06,dehradun,,2015-01-06,0,30.32443,78.03392,0,30.8,44.3,44.3,11.189999999999998,0.0,0.0,0.44,120.0,660.0,2.072,19,11,0.0,1571.0
NEG-dehradun-2023-07-06,dehradun,,2023-07-06,0,30.32443,78.03392,0,12.6,55.099999999999994,147.5,30.71,0.2,11.0,4.64,181.2,660.0,2.072,27,16,0.0,287.0
NEG-dehradun-2022-05-16,dehradun,,2022-05-16,0,30.32443,78.03392,0,0.0,12.099999999999998,20.8,36.84,0.0,0.2,0.56,80.6,660.0,2.072,24,15,0.0,670.0
NEG-deogarh-2019-03-22,deogarh,,2019-03-22,0,21.53827,84.73337,0,0.6,40.599999999999994,41.39999999999999,29.580000000000002,0.0,0.0,0.37,-48.6,215.0,6.577,17,12,0.0,220.0
NEG-deogarh-2023-04-12,deogarh,,2023-04-12,0,21.53827,84.73337,0,0.0,4.6,33.6,41.15,0.0,0.0,0.22,-29.0,215.0,6.577,19,14,0.0,993.0
NEG-deogarh-2023-02-26,deogarh,,2023-02-26,0,21.53827,84.73337,0,0.0,0.0,0.0,38.31999999999999,0.0,0.0,0.41,-6.8,215.0,6.577,19,14,0.0,948.0
NEG-deogarh-2018-06-13,deogarh,,2018-06-13,0,21.53827,84.73337,0,24.7,84.9,104.8,23.84,0.0,0.0,0.19,216.7,215.0,6.577,16,11,0.0,3558.0
NEG-deogarh-2016-03-01,deogarh,,2016-03-01,0,21.53827,84.73337,0,23.900000000000002,66.8,66.8,24.560000000000002,0.5,0.0,0.34,13.3,215.0,6.577,16,11,0.0,2724.0
NEG-deogarh-2017-04-20,deogarh,,2017-04-20,0,21.53827,84.73337,0,0.9,5.6,6.8999999999999995,44.24,0.0,0.0,0.03,0.0,215.0,6.577,16,11,0.0,3139.0
NEG-deogarh-2020-12-10,deogarh,,2020-12-10,0,21.53827,84.73337,0,0.0,0.0,0.0,23.79,0.0,0.0,1.01,-3.8,215.0,6.577,19,14,0.0,140.0
NEG-deogarh-2017-09-02,deogarh,,2017-09-02,0,21.53827,84.73337,0,60.599999999999994,95.80000000000001,146.0,21.44,1.7,0.1,12.96,-7.4,215.0,6.577,16,11,0.0,3274.0
NEG-deogarh-2019-09-16,deogarh,,2019-09-16,0,21.53827,84.73337,0,11.2,66.1,203.39999999999998,21.009999999999998,3.9,5.9,13.93,8.0,215.0,6.577,17,12,0.0,398.0
NEG-deoria-2020-07-08,deoria,,2020-07-08,0,26.50167,83.77936,0,61.7,161.1,284.0,20.12,20.8,24.1,1.88,79.0,77.0,0.09,50,31,0.0,13.0
NEG-deoria-2015-09-03,deoria,,2015-09-03,0,26.50167,83.77936,0,12.0,58.1,83.2,25.220000000000002,0.0,0.0,0.58,-1.7,77.0,0.09,44,27,0.0,1408.0
NEG-deoria-2022-12-24,deoria,,2022-12-24,0,26.50167,83.77936,0,0.0,0.0,0.0,16.83,0.0,0.0,0.1,0.0,77.0,0.09,55,32,0.0,94.0
NEG-deoria-2018-02-20,deoria,,2018-02-20,0,26.50167,83.77936,0,0.0,0.0,0.2,24.230000000000004,0.0,0.0,0.03,0.0,77.0,0.09,48,29,0.0,317.0
NEG-deoria-2016-01-17,deoria,,2016-01-17,0,26.50167,83.77936,0,0.0,0.0,0.0,20.03,0.0,6.4,0.02,-33.3,77.0,0.09,44,27,0.0,1544.0
NEG-deoria-2015-06-29,deoria,,2015-06-29,0,26.50167,83.77936,0,63.0,110.5,125.2,24.6,13.6,4.8,0.28,833.3,77.0,0.09,44,27,0.0,1342.0
NEG-deoria-2017-08-06,deoria,,2017-08-06,0,26.50167,83.77936,0,80.0,154.6,205.0,18.189999999999998,9.3,10.0,1.74,75.8,77.0,0.09,48,29,0.0,119.0
NEG-deoria-2020-10-29,deoria,,2020-10-29,0,26.50167,83.77936,0,0.0,0.8999999999999999,0.8999999999999999,29.63,0.0,0.0,0.1,-56.5,77.0,0.09,52,31,0.0,72.0
NEG-deoria-2019-08-19,deoria,,2019-08-19,0,26.50167,83.77936,0,24.0,59.7,110.3,26.59,15.8,47.6,0.89,-5.3,77.0,0.09,48,29,0.0,862.0
NEG-deoria-2022-11-10,deoria,,2022-11-10,0,26.50167,83.77936,0,0.0,0.0,0.0,21.699999999999996,0.0,0.0,0.11,-38.9,77.0,0.09,55,32,0.0,50.0
NEG-deoria-2019-03-06,deoria,,2019-03-06,0,26.50167,83.77936,0,0.0,4.8999999999999995,5.6,24.549999999999997,0.0,0.0,0.03,0.0,77.0,0.09,48,29,0.0,696.0
NEG-deoria-2020-02-21,deoria,,2020-02-21,0,26.50167,83.77936,0,0.0,0.0,0.0,22.630000000000003,7.0,5.7,0.06,0.0,77.0,0.09,49,30,0.0,148.0
NEG-deoria-2023-05-22,deoria,,2023-05-22,0,26.50167,83.77936,0,0.0,0.3,0.4,47.0,0.7,0.0,0.06,0.0,77.0,0.09,55,32,0.0,243.0
NEG-deoria-2015-12-14,deoria,,2015-12-14,0,26.50167,83.77936,0,0.0,0.0,1.2,17.890000000000004,0.0,0.0,0.04,-20.0,77.0,0.09,44,27,0.0,1510.0
NEG-deoria-2021-07-06,deoria,,2021-07-06,0,26.50167,83.77936,0,10.3,20.5,170.0,23.590000000000003,8.1,14.5,1.17,-29.1,77.0,0.09,52,31,0.0,322.0
NEG-deoria-2016-01-27,deoria,,2016-01-27,0,26.50167,83.77936,0,0.0,2.0,8.4,17.33,0.0,0.0,0.02,0.0,77.0,0.09,44,27,0.0,1554.0
NEG-deoria-2020-09-01,deoria,,2020-09-01,0,26.50167,83.77936,0,2.3,25.799999999999997,97.20000000000002,29.869999999999997,19.9,0.4,0.91,-30.5,77.0,0.09,52,31,0.0,14.0
NEG-deoria-2022-02-23,deoria,,2022-02-23,0,26.50167,83.77936,0,0.0,0.0,0.0,25.68,0.0,0.0,0.09,-18.2,77.0,0.09,52,31,0.0,554.0
NEG-deoria-2019-06-04,deoria,,2019-06-04,0,26.50167,83.77936,0,0.1,0.1,0.1,53.63,0.0,0.1,0.03,0.0,77.0,0.09,48,29,0.0,786.0
NEG-deoria-2015-11-03,deoria,,2015-11-03,0,26.50167,83.77936,0,0.0,11.1,11.1,21.650000000000002,0.0,0.0,0.06,0.0,77.0,0.09,44,27,0.0,1469.0
NEG-deoria-2021-08-21,deoria,,2021-08-21,0,26.50167,83.77936,0,35.8,62.699999999999996,188.9,23.89,10.4,20.7,0.85,-22.0,77.0,0.09,52,31,0.0,368.0
NEG-deoria-2021-05-14,deoria,,2021-05-14,0,26.50167,83.77936,0,3.6999999999999997,6.199999999999999,14.700000000000001,39.05,0.0,0.0,0.06,0.0,77.0,0.09,52,31,0.0,269.0
NEG-deoria-2015-09-13,deoria,,2015-09-13,0,26.50167,83.77936,0,27.3,27.3,50.00000000000001,32.64,7.2,8.5,0.28,-33.3,77.0,0.09,44,27,0.0,1418.0
NEG-deoria-2019-11-17,deoria,,2019-11-17,0,26.50167,83.77936,0,0.0,0.0,0.0,23.46,0.0,0.0,0.07,-12.5,77.0,0.09,49,30,0.0,52.0
NEG-deoria-2022-06-06,deoria,,2022-06-06,0,26.50167,83.77936,0,1.1,1.4000000000000001,31.300000000000004,41.489999999999995,5.0,14.2,0.09,0.0,77.0,0.09,52,31,0.0,657.0
NEG-deoria-2016-06-19,deoria,,2016-06-19,0,26.50167,83.77936,0,22.2,42.4,52.8,35.02000000000001,5.2,37.7,0.06,100.0,77.0,0.09,44,27,0.0,1698.0
NEG-deoria-2017-08-27,deoria,,2017-08-27,0,26.50167,83.77936,0,34.199999999999996,61.099999999999994,115.79999999999998,26.029999999999998,7.7,6.2,1.37,-9.9,77.0,0.09,48,29,0.0,140.0
NEG-deoria-2018-04-09,deoria,,2018-04-09,0,26.50167,83.77936,0,10.600000000000001,12.3,16.799999999999997,43.150000000000006,0.0,1.1,0.03,0.0,77.0,0.09,48,29,0.0,365.0
NEG-deoria-2017-12-05,deoria,,2017-12-05,0,26.50167,83.77936,0,0.0,0.0,0.0,19.19,0.0,0.0,0.05,0.0,77.0,0.09,48,29,0.0,240.0
NEG-deoria-2018-07-14,deoria,,2018-07-14,0,26.50167,83.77936,0,39.4,54.8,157.2,31.13,0.3,1.1,0.06,-33.3,77.0,0.09,48,29,0.0,461.0
NEG-deoria-2023-12-25,deoria,,2023-12-25,0,26.50167,83.77936,0,0.0,0.0,0.0,17.029999999999998,0.0,0.0,0.09,0.0,77.0,0.09,56,33,0.0,106.0
NEG-deoria-2019-05-29,deoria,,2019-05-29,0,26.50167,83.77936,0,0.0,0.0,0.0,51.300000000000004,0.0,0.0,0.03,0.0,77.0,0.09,48,29,0.0,780.0
NEG-deoria-2022-11-10,deoria,,2022-11-10,0,26.50167,83.77936,0,0.0,0.0,0.0,21.699999999999996,0.0,0.0,0.11,-38.9,77.0,0.09,55,32,0.0,50.0
NEG-deoria-2023-04-01,deoria,,2023-04-01,0,26.50167,83.77936,0,1.3,2.5,30.8,40.8,0.1,0.0,0.09,0.0,77.0,0.09,55,32,0.0,192.0
NEG-deoria-2018-08-29,deoria,,2018-08-29,0,26.50167,83.77936,0,26.200000000000003,84.7,118.0,20.95,16.3,12.0,1.65,37.5,77.0,0.09,48,29,0.0,507.0
NEG-deoria-2018-07-26,deoria,,2018-07-26,0,26.50167,83.77936,0,37.5,94.69999999999999,119.19999999999999,30.37,37.9,5.1,0.12,140.0,77.0,0.09,48,29,0.0,473.0
NEG-dewas-2020-01-29,dewas,,2020-01-29,0,22.96585,76.05526,0,0.0,0.5,4.4,24.77,0.0,0.0,0.05,66.7,546.0,0.901,15,13,0.0,6016.0
NEG-dewas-2018-01-18,dewas,,2018-01-18,0,22.96585,76.05526,0,0.0,0.0,0.0,25.630000000000003,0.0,0.0,0.02,0.0,546.0,0.901,15,13,0.0,5275.0
NEG-dewas-2017-08-14,dewas,,2017-08-14,0,22.96585,76.05526,0,4.4,28.9,36.1,20.36,0.4,0.0,0.89,-20.5,546.0,0.901,15,13,0.0,5118.0
NEG-dhalai-2015-11-02,dhalai,,2015-11-02,0,24.60117,92.84785,0,6.4,6.6,8.100000000000001,20.43,0.0,0.4,42.85,-13.2,32.0,0.631,19,12,0.0,501.0
NEG-dhalai-2017-04-10,dhalai,,2017-04-10,0,24.60117,92.84785,0,5.699999999999999,63.49999999999999,186.0,19.73,2.1,0.0,17.97,-3.3,32.0,0.631,19,12,0.0,1026.0
NEG-dhalai-2016-07-11,dhalai,,2016-07-11,0,24.60117,92.84785,0,102.0,179.5,294.4,18.0,9.2,8.4,85.9,16.6,32.0,0.631,19,12,0.0,753.0
NEG-dhalai-2023-09-30,dhalai,,2023-09-30,0,24.60117,92.84785,0,7.6,24.5,122.49999999999999,31.479999999999997,48.0,4.9,57.08,-13.7,32.0,0.631,23,14,0.0,1538.0
NEG-dhalai-2023-08-21,dhalai,,2023-08-21,0,24.60117,92.84785,0,20.799999999999997,90.5,193.8,29.0,7.3,20.6,49.12,-6.8,32.0,0.631,23,14,0.0,1498.0
NEG-dhalai-2021-07-22,dhalai,,2021-07-22,0,24.60117,92.84785,0,51.5,103.5,219.99999999999997,22.19,16.7,6.3,32.88,4.6,32.0,0.631,23,14,0.0,738.0
NEG-dhalai-2016-03-22,dhalai,,2016-03-22,0,24.60117,92.84785,0,18.8,23.1,36.7,28.860000000000003,15.8,0.0,15.0,2.2,32.0,0.631,19,12,0.0,642.0
NEG-dhalai-2016-09-28,dhalai,,2016-09-28,0,24.60117,92.84785,0,41.3,139.3,293.1,23.38,7.3,16.6,68.98,2.4,32.0,0.631,19,12,0.0,832.0
NEG-dhalai-2016-03-08,dhalai,,2016-03-08,0,24.60117,92.84785,0,3.5,4.8,62.5,27.2,1.8,3.1,14.81,-2.0,32.0,0.631,19,12,0.0,628.0
NEG-dhalai-2016-11-04,dhalai,,2016-11-04,0,24.60117,92.84785,0,9.5,21.5,50.10000000000001,21.45,11.1,87.8,47.31,-7.7,32.0,0.631,19,12,0.0,869.0
NEG-dhalai-2020-01-16,dhalai,,2020-01-16,0,24.60117,92.84785,0,0.0,0.8999999999999999,44.4,15.969999999999999,0.0,0.0,18.86,-5.7,32.0,0.631,23,14,0.0,185.0
NEG-dhalai-2020-03-23,dhalai,,2020-03-23,0,24.60117,92.84785,0,0.4,0.4,0.5,28.090000000000003,1.1,0.0,15.71,-0.3,32.0,0.631,23,14,0.0,252.0
NEG-dhamtari-2018-07-10,dhamtari,,2018-07-10,0,20.70718,81.54874,0,73.1,101.80000000000001,160.29999999999998,24.009999999999998,17.4,10.2,2.03,463.9,323.0,0.27,2,2,0.0,2863.0
NEG-dhamtari-2019-07-24,dhamtari,,2019-07-24,0,20.70718,81.54874,0,13.4,48.3,56.3,29.96,27.9,18.0,0.05,150.0,323.0,0.27,2,2,0.0,3242.0
NEG-dhamtari-2016-05-09,dhamtari,,2016-05-09,0,20.70718,81.54874,0,2.5999999999999996,6.5,11.799999999999997,50.77,0.1,2.2,0.06,0.0,323.0,0.27,2,2,0.0,2071.0
NEG-dhanbad-2021-01-04,dhanbad,,2021-01-04,0,23.79759,86.42992,0,0.0,0.0,0.0,22.53,0.0,0.0,0.09,0.0,242.0,1.351,3,2,0.0,296.0
NEG-dhanbad-2019-01-07,dhanbad,,2019-01-07,0,23.79759,86.42992,0,0.0,0.0,0.0,19.970000000000002,0.0,0.0,0.03,-40.0,242.0,1.351,2,1,0.0,4489.0
NEG-dhanbad-2023-08-22,dhanbad,,2023-08-22,0,23.79759,86.42992,0,6.1,54.7,130.00000000000003,28.500000000000004,24.5,19.5,0.52,-7.1,242.0,1.351,3,2,0.0,1256.0
NEG-dhar-2017-04-30,dhar,,2017-04-30,0,20.82177,82.69849,0,0.0,0.0,4.699999999999999,62.12,0.1,0.0,0.09,-91.5,292.0,1.081,16,13,0.0,2513.0
NEG-dhar-2020-01-26,dhar,,2020-01-26,0,20.82177,82.69849,0,0.1,0.2,0.2,27.16,0.0,0.5,0.28,-9.7,292.0,1.081,16,13,0.0,3514.0
NEG-dhar-2018-06-16,dhar,,2018-06-16,0,20.82177,82.69849,0,0.7,39.00000000000001,67.0,34.13,0.0,0.0,0.06,-33.3,292.0,1.081,16,13,0.0,2925.0
NEG-dhar-2020-03-12,dhar,,2020-03-12,0,20.82177,82.69849,0,0.1,10.599999999999998,17.700000000000003,26.729999999999997,0.0,0.0,0.66,-8.3,292.0,1.081,16,13,0.0,3560.0
NEG-dhar-2017-12-21,dhar,,2017-12-21,0,20.82177,82.69849,0,0.0,0.0,0.0,24.18,0.0,0.0,0.55,-5.2,292.0,1.081,16,13,0.0,2748.0
NEG-dhar-2016-05-06,dhar,,2016-05-06,0,20.82177,82.69849,0,0.7999999999999999,3.1,7.199999999999999,52.779999999999994,3.0,0.6,0.0,-100.0,292.0,1.081,16,13,0.0,2154.0
NEG-dhar-2016-01-06,dhar,,2016-01-06,0,20.82177,82.69849,0,0.0,0.0,1.1,25.11,0.0,0.0,0.06,-62.5,292.0,1.081,16,13,0.0,2033.0
NEG-dhar-2016-10-07,dhar,,2016-10-07,0,20.82177,82.69849,0,27.3,49.0,115.1,22.13,15.0,20.1,38.63,81.0,292.0,1.081,16,13,0.0,2308.0
NEG-dhar-2022-09-11,dhar,,2022-09-11,0,20.82177,82.69849,0,23.2,63.8,97.89999999999998,26.42,21.5,13.4,1.67,-45.2,292.0,1.081,19,14,0.0,641.0
NEG-dhar-2018-05-31,dhar,,2018-05-31,0,20.82177,82.69849,1,1.8,7.5,16.2,50.0,5.2,0.3,0.0,,292.0,1.081,16,13,0.0,2909.0
NEG-dhar-2022-11-26,dhar,,2022-11-26,0,20.82177,82.69849,0,0.0,0.0,0.0,26.259999999999998,0.0,0.0,2.37,270.3,292.0,1.081,19,14,0.0,717.0
NEG-dhar-2022-10-25,dhar,,2022-10-25,0,20.82177,82.69849,0,0.0,10.1,50.3,28.400000000000002,0.0,0.0,1.54,-18.1,292.0,1.081,19,14,0.0,685.0
NEG-dhar-2021-10-07,dhar,,2021-10-07,0,20.82177,82.69849,0,3.2,29.399999999999995,78.7,25.36,0.5,0.0,1.77,-83.6,292.0,1.081,19,14,0.0,302.0
NEG-dhar-2015-06-15,dhar,,2015-06-15,0,20.82177,82.69849,0,38.0,40.2,55.699999999999996,38.81,2.9,9.2,0.19,533.3,292.0,1.081,16,13,0.0,1828.0
NEG-dhar-2017-05-30,dhar,,2017-05-30,0,20.82177,82.69849,1,0.2,6.6000000000000005,6.7,55.76,1.8,2.6,0.0,,292.0,1.081,16,13,0.0,2543.0
NEG-dharashiv-2018-09-04,dharashiv,,2018-09-04,0,18.18158,76.03889,0,10.600000000000001,17.6,51.800000000000004,24.45,1.5,1.3,0.22,-56.0,665.0,2.072,29,23,0.0,15.0
NEG-dharashiv-2016-08-30,dharashiv,,2016-08-30,0,18.18158,76.03889,0,13.0,20.8,25.7,25.210000000000004,7.5,3.3,0.13,-48.0,665.0,2.072,25,20,0.0,450.0
NEG-dharashiv-2016-01-09,dharashiv,,2016-01-09,0,18.18158,76.03889,0,0.0,0.0,0.0,30.22,0.0,0.0,0.03,50.0,665.0,2.072,25,20,0.0,216.0
NEG-dharashiv-2022-12-22,dharashiv,,2022-12-22,0,18.18158,76.03889,0,0.0,0.0,15.799999999999999,29.58,0.0,0.0,0.06,-25.0,665.0,2.072,44,26,0.0,66.0
NEG-dharashiv-2017-10-13,dharashiv,,2017-10-13,0,18.18158,76.03889,0,25.3,51.7,59.60000000000001,20.820000000000004,14.0,13.8,0.45,275.0,665.0,2.072,27,22,0.0,222.0
NEG-dharashiv-2018-12-28,dharashiv,,2018-12-28,0,18.18158,76.03889,0,0.0,0.0,1.6,28.310000000000002,0.0,0.0,0.03,0.0,665.0,2.072,29,23,0.0,130.0
NEG-dharashiv-2019-06-12,dharashiv,,2019-06-12,0,18.18158,76.03889,0,28.6,30.400000000000002,32.7,44.26,1.3,0.1,0.03,0.0,665.0,2.072,29,23,0.0,296.0
NEG-dharashiv-2015-07-20,dharashiv,,2015-07-20,0,18.18158,76.03889,0,3.5999999999999996,3.7,6.1,40.58,0.4,2.9,0.03,0.0,665.0,2.072,25,20,0.0,43.0
NEG-dharashiv-2022-08-05,dharashiv,,2022-08-05,0,18.18158,76.03889,0,38.6,78.0,138.8,26.01,11.4,29.0,1.36,2.3,665.0,2.072,43,25,0.0,300.0
NEG-dharashiv-2018-05-09,dharashiv,,2018-05-09,0,18.18158,76.03889,0,1.2000000000000002,1.3000000000000003,1.4000000000000001,49.2,2.4,0.4,0.03,0.0,665.0,2.072,28,23,0.0,24.0
NEG-dharashiv-2017-12-01,dharashiv,,2017-12-01,0,18.18158,76.03889,0,0.0,0.0,7.000000000000001,31.049999999999997,0.0,0.0,0.03,0.0,665.0,2.072,27,22,0.0,271.0
NEG-dharashiv-2016-12-13,dharashiv,,2016-12-13,0,18.18158,76.03889,0,0.0,0.0,0.0,34.33,1.0,0.0,0.03,0.0,665.0,2.072,26,21,0.0,72.0
NEG-dharashiv-2015-05-08,dharashiv,,2015-05-08,0,18.18158,76.03889,0,1.9,2.7,2.7,52.269999999999996,0.1,0.2,0.03,0.0,665.0,2.072,24,19,0.0,2429.0
NEG-dharashiv-2019-07-15,dharashiv,,2019-07-15,0,18.18158,76.03889,0,11.0,68.8,105.60000000000001,24.610000000000003,1.9,1.4,0.11,-8.3,665.0,2.072,29,23,0.0,329.0
NEG-dharashiv-2020-01-27,dharashiv,,2020-01-27,0,18.18158,76.03889,0,0.0,0.1,2.4,30.349999999999998,0.0,0.0,0.03,0.0,665.0,2.072,30,24,0.0,24.0
NEG-dharashiv-2021-03-27,dharashiv,,2021-03-27,0,18.18158,76.03889,0,0.1,0.9,0.9,43.86,0.0,0.0,0.03,0.0,665.0,2.072,35,25,0.0,37.0
NEG-dharashiv-2023-05-23,dharashiv,,2023-05-23,0,18.18158,76.03889,0,0.1,0.1,0.7,51.980000000000004,0.1,0.0,0.03,0.0,665.0,2.072,44,26,0.0,218.0
NEG-dharashiv-2021-03-03,dharashiv,,2021-03-03,0,18.18158,76.03889,0,0.0,0.0,11.5,39.09,0.0,0.0,0.03,0.0,665.0,2.072,35,25,0.0,13.0
NEG-dharashiv-2017-10-20,dharashiv,,2017-10-20,0,18.18158,76.03889,0,0.2,43.6,95.29999999999998,27.240000000000002,3.7,0.2,0.26,-42.2,665.0,2.072,27,22,0.0,229.0
NEG-dharashiv-2016-01-23,dharashiv,,2016-01-23,0,18.18158,76.03889,0,0.0,0.0,0.0,32.74,0.0,0.0,0.03,0.0,665.0,2.072,25,20,0.0,230.0
NEG-dharashiv-2020-03-07,dharashiv,,2020-03-07,0,18.18158,76.03889,0,0.0,0.0,0.0,38.13,0.1,0.0,0.03,0.0,665.0,2.072,30,24,0.0,64.0
NEG-dharashiv-2016-02-22,dharashiv,,2016-02-22,0,18.18158,76.03889,0,0.0,0.0,0.0,44.44,0.0,0.0,0.03,0.0,665.0,2.072,25,20,0.0,260.0
NEG-dharashiv-2023-11-26,dharashiv,,2023-11-26,0,18.18158,76.03889,0,7.1,7.1,7.1,31.07,6.2,65.1,0.03,0.0,665.0,2.072,44,26,0.0,405.0
NEG-dharashiv-2016-07-26,dharashiv,,2016-07-26,0,18.18158,76.03889,0,33.0,89.9,100.69999999999999,14.6,13.7,11.0,0.55,511.1,665.0,2.072,25,20,0.0,415.0
NEG-dharashiv-2016-05-12,dharashiv,,2016-05-12,0,18.18158,76.03889,0,2.9000000000000004,3.5,6.9,47.870000000000005,0.0,0.1,0.03,0.0,665.0,2.072,25,20,0.0,340.0
NEG-dharashiv-2015-02-18,dharashiv,,2015-02-18,0,18.18158,76.03889,0,0.0,0.0,0.0,39.23,0.0,0.0,0.03,0.0,665.0,2.072,24,19,0.0,2350.0
NEG-dharashiv-2015-09-10,dharashiv,,2015-09-10,0,18.18158,76.03889,0,70.9,102.3,112.9,26.26,0.7,26.2,0.3,900.0,665.0,2.072,25,20,0.0,95.0
NEG-dharashiv-2023-10-04,dharashiv,,2023-10-04,0,18.18158,76.03889,0,45.1,130.50000000000003,195.6,26.13,0.0,0.0,0.71,36.5,665.0,2.072,44,26,0.0,352.0
NEG-dharashiv-2017-06-29,dharashiv,,2017-06-29,0,18.18158,76.03889,0,33.7,52.7,95.3,24.020000000000003,11.5,5.6,0.14,180.0,665.0,2.072,27,22,0.0,116.0
NEG-dharashiv-2016-06-19,dharashiv,,2016-06-19,0,18.18158,76.03889,0,3.8000000000000003,6.1000000000000005,25.6,43.72,11.6,10.1,0.14,133.3,665.0,2.072,25,20,0.0,378.0
NEG-dharashiv-2017-03-22,dharashiv,,2017-03-22,0,18.18158,76.03889,0,0.0,12.5,12.5,45.99999999999999,0.0,0.0,0.03,-66.7,665.0,2.072,27,22,0.0,17.0
NEG-dharashiv-2019-06-29,dharashiv,,2019-06-29,0,18.18158,76.03889,0,39.3,84.4,87.10000000000001,25.07,10.2,9.4,0.44,1366.7,665.0,2.072,29,23,0.0,313.0
NEG-dharashiv-2019-03-05,dharashiv,,2019-03-05,0,18.18158,76.03889,0,0.0,0.0,0.0,43.870000000000005,0.0,0.0,0.03,0.0,665.0,2.072,29,23,0.0,197.0
NEG-dharashiv-2022-09-12,dharashiv,,2022-09-12,0,18.18158,76.03889,0,34.5,103.99999999999999,173.6,18.97,14.3,2.2,1.05,133.3,665.0,2.072,43,25,0.0,338.0
NEG-dharashiv-2022-01-25,dharashiv,,2022-01-25,0,18.18158,76.03889,0,0.0,0.0,0.8,31.029999999999998,0.0,0.0,0.03,0.0,665.0,2.072,43,25,0.0,108.0
NEG-dharashiv-2022-03-25,dharashiv,,2022-03-25,0,18.18158,76.03889,0,0.0,0.0,4.0,46.199999999999996,0.0,0.0,0.03,0.0,665.0,2.072,43,25,0.0,167.0
NEG-dharashiv-2015-12-11,dharashiv,,2015-12-11,0,18.18158,76.03889,0,0.0,0.0,0.3,31.740000000000002,0.0,0.0,0.02,-33.3,665.0,2.072,25,20,0.0,187.0
NEG-dharashiv-2021-07-28,dharashiv,,2021-07-28,0,18.18158,76.03889,0,4.9,68.20000000000002,186.79999999999998,22.93,1.3,0.7,1.3,-22.2,665.0,2.072,37,25,0.0,19.0
NEG-dharashiv-2017-11-26,dharashiv,,2017-11-26,0,18.18158,76.03889,0,0.7,7.000000000000001,7.000000000000001,25.16,0.0,0.0,0.03,-50.0,665.0,2.072,27,22,0.0,266.0
NEG-dharashiv-2015-11-04,dharashiv,,2015-11-04,0,18.18158,76.03889,0,0.0,0.0,0.0,33.44,0.0,0.0,0.02,-33.3,665.0,2.072,25,20,0.0,150.0
NEG-dharashiv-2015-03-31,dharashiv,,2015-03-31,0,18.18158,76.03889,0,0.3,0.3,0.5,45.2,0.0,0.0,0.03,0.0,665.0,2.072,24,19,0.0,2391.0
NEG-dharashiv-2015-09-22,dharashiv,,2015-09-22,0,18.18158,76.03889,0,0.9,68.2,200.79999999999998,20.450000000000003,0.2,0.9,0.31,-38.0,665.0,2.072,25,20,0.0,107.0
NEG-dharashiv-2017-03-20,dharashiv,,2017-03-20,0,18.18158,76.03889,0,0.0,12.5,12.5,45.769999999999996,0.0,0.0,0.03,0.0,665.0,2.072,27,22,0.0,15.0
NEG-dharashiv-2022-03-30,dharashiv,,2022-03-30,0,18.18158,76.03889,0,0.0,0.0,0.0,44.769999999999996,0.0,0.0,0.03,0.0,665.0,2.072,43,25,0.0,172.0
NEG-dharashiv-2019-12-22,dharashiv,,2019-12-22,0,18.18158,76.03889,0,0.0,0.1,0.30000000000000004,26.6,0.0,0.0,0.08,-11.1,665.0,2.072,29,23,0.0,489.0
NEG-dharashiv-2016-06-11,dharashiv,,2016-06-11,0,18.18158,76.03889,0,9.600000000000001,25.999999999999996,28.2,34.19,2.1,0.0,0.06,100.0,665.0,2.072,25,20,0.0,370.0
NEG-dharashiv-2016-01-12,dharashiv,,2016-01-12,0,18.18158,76.03889,0,0.0,0.0,0.0,30.419999999999998,0.0,0.0,0.03,50.0,665.0,2.072,25,20,0.0,219.0
NEG-dharashiv-2018-09-20,dharashiv,,2018-09-20,0,18.18158,76.03889,0,16.0,23.599999999999998,27.999999999999996,28.52,0.2,1.8,0.09,12.5,665.0,2.072,29,23,0.0,31.0
NEG-dharashiv-2016-05-16,dharashiv,,2016-05-16,0,18.18158,76.03889,0,0.1,5.2,6.8999999999999995,45.83,0.0,0.0,0.03,0.0,665.0,2.072,25,20,0.0,344.0
NEG-dharashiv-2015-06-24,dharashiv,,2015-06-24,0,18.18158,76.03889,0,39.699999999999996,58.1,106.2,19.659999999999997,1.1,0.4,0.16,33.3,665.0,2.072,25,20,0.0,17.0
NEG-dharashiv-2020-03-03,dharashiv,,2020-03-03,0,18.18158,76.03889,0,0.0,0.0,0.0,39.78,0.0,0.0,0.03,0.0,665.0,2.072,30,24,0.0,60.0
NEG-dharashiv-2015-07-27,dharashiv,,2015-07-27,0,18.18158,76.03889,0,7.7,12.399999999999999,16.1,28.979999999999997,0.0,0.3,0.05,66.7,665.0,2.072,25,20,0.0,50.0
NEG-dharashiv-2016-11-19,dharashiv,,2016-11-19,0,18.18158,76.03889,0,0.0,0.1,0.1,34.71,0.0,0.0,0.03,-50.0,665.0,2.072,26,21,0.0,48.0
NEG-dharashiv-2021-06-08,dharashiv,,2021-06-08,0,18.18158,76.03889,0,7.6,21.200000000000003,36.0,27.369999999999997,5.0,3.8,0.06,0.0,665.0,2.072,36,25,0.0,30.0
NEG-dharashiv-2019-11-10,dharashiv,,2019-11-10,0,18.18158,76.03889,0,0.6,13.2,47.900000000000006,24.91,0.0,0.0,0.47,-46.6,665.0,2.072,29,23,0.0,447.0
NEG-dharashiv-2023-02-15,dharashiv,,2023-02-15,0,18.18158,76.03889,0,0.0,0.0,0.0,42.7,0.0,0.0,0.03,0.0,665.0,2.072,44,26,0.0,121.0
NEG-dharashiv-2019-06-06,dharashiv,,2019-06-06,0,18.18158,76.03889,0,2.3000000000000003,2.3000000000000003,2.3000000000000003,53.599999999999994,0.4,1.2,0.03,0.0,665.0,2.072,29,23,0.0,290.0
NEG-dharashiv-2020-07-25,dharashiv,,2020-07-25,0,18.18158,76.03889,0,26.0,38.900000000000006,98.8,20.990000000000002,0.7,3.1,0.99,8.8,665.0,2.072,30,24,0.0,204.0
NEG-dharashiv-2015-05-01,dharashiv,,2015-05-01,0,18.18158,76.03889,0,0.0,0.0,0.2,53.42000000000001,0.0,0.0,0.03,0.0,665.0,2.072,24,19,0.0,2422.0
NEG-dharashiv-2019-04-17,dharashiv,,2019-04-17,0,18.18158,76.03889,0,0.1,1.6,1.6,49.19,0.0,0.0,0.03,0.0,665.0,2.072,29,23,0.0,240.0
NEG-dharmapuri-2022-08-30,dharmapuri,,2022-08-30,0,12.1277,78.15794,0,39.400000000000006,94.3,111.5,26.89,8.5,11.3,1.06,5200.0,467.0,1.171,15,9,0.0,2457.0
NEG-dharmapuri-2019-10-14,dharmapuri,,2019-10-14,0,12.1277,78.15794,0,11.0,25.1,43.599999999999994,30.359999999999996,7.1,11.9,0.07,250.0,467.0,1.171,15,9,0.0,1406.0
NEG-dharmapuri-2016-12-08,dharmapuri,,2016-12-08,0,12.1277,78.15794,0,0.3,27.6,27.6,21.29,0.0,0.0,0.0,-100.0,467.0,1.171,15,9,0.0,366.0
NEG-dharmapuri-2018-12-20,dharmapuri,,2018-12-20,0,12.1277,78.15794,1,0.30000000000000004,0.30000000000000004,2.4000000000000004,28.83,0.0,1.2,0.0,,467.0,1.171,15,9,0.0,1108.0
NEG-dharmapuri-2017-05-29,dharmapuri,,2017-05-29,0,12.1277,78.15794,0,21.0,32.3,65.89999999999999,37.33,0.1,0.5,0.0,-100.0,467.0,1.171,15,9,0.0,538.0
NEG-dharmapuri-2017-02-05,dharmapuri,,2017-02-05,0,12.1277,78.15794,1,0.0,0.2,22.800000000000004,34.36,0.0,0.0,0.0,,467.0,1.171,15,9,0.0,425.0
NEG-dharmapuri-2018-01-31,dharmapuri,,2018-01-31,0,12.1277,78.15794,1,0.0,0.0,0.1,33.83,0.0,0.0,0.0,,467.0,1.171,15,9,0.0,785.0
NEG-dharmapuri-2018-02-20,dharmapuri,,2018-02-20,0,12.1277,78.15794,1,0.0,0.1,8.6,36.47,0.0,0.0,0.0,,467.0,1.171,15,9,0.0,805.0
NEG-dharmapuri-2020-01-01,dharmapuri,,2020-01-01,0,12.1277,78.15794,1,2.4000000000000004,11.2,12.2,22.07,1.0,0.7,0.0,,467.0,1.171,15,9,0.0,1485.0
NEG-dharmapuri-2016-08-31,dharmapuri,,2016-08-31,0,12.1277,78.15794,1,8.1,18.6,19.200000000000003,32.15,0.3,0.2,0.14,,467.0,1.171,15,9,0.0,267.0
NEG-dharmapuri-2015-05-22,dharmapuri,,2015-05-22,0,12.1277,78.15794,0,6.4,41.10000000000001,74.70000000000002,29.549999999999997,2.5,0.4,0.0,-100.0,467.0,1.171,10,8,0.0,552.0
NEG-dharmapuri-2021-11-20,dharmapuri,,2021-11-20,0,12.1277,78.15794,0,92.5,180.70000000000002,272.4,15.479999999999999,0.3,6.9,6.29,12.1,467.0,1.171,15,9,0.0,2174.0
NEG-dharmapuri-2021-12-11,dharmapuri,,2021-12-11,0,12.1277,78.15794,0,4.0,24.0,67.10000000000001,23.8,4.1,4.4,0.03,-72.7,467.0,1.171,15,9,0.0,2195.0
NEG-dharmapuri-2021-12-02,dharmapuri,,2021-12-02,0,12.1277,78.15794,0,11.8,51.800000000000004,152.2,15.03,1.6,12.9,0.75,368.7,467.0,1.171,15,9,0.0,2186.0
NEG-dharmapuri-2017-10-03,dharmapuri,,2017-10-03,0,12.1277,78.15794,0,7.6000000000000005,42.6,70.6,25.490000000000002,2.3,7.9,0.02,-93.5,467.0,1.171,15,9,0.0,665.0
NEG-dharwad-2022-04-05,dharwad,,2022-04-05,0,15.46005,75.00778,0,0.0,0.0,2.3000000000000003,43.82,0.0,0.0,0.28,12.0,728.0,1.712,52,29,0.0,257.0
NEG-dharwad-2018-04-23,dharwad,,2018-04-23,0,15.46005,75.00778,0,0.2,0.8,4.6000000000000005,39.86,0.0,0.0,0.22,0.0,728.0,1.712,40,26,0.0,48.0
NEG-dharwad-2020-08-05,dharwad,,2020-08-05,0,15.46005,75.00778,0,85.6,135.1,197.89999999999998,17.77,14.5,10.2,7.11,777.8,728.0,1.712,50,28,0.0,208.0
NEG-dharwad-2019-08-15,dharwad,,2019-08-15,0,15.46005,75.00778,0,12.899999999999999,54.29999999999999,294.8,19.15,2.4,2.1,1.05,-91.2,728.0,1.712,42,27,0.0,99.0
NEG-dharwad-2021-03-05,dharwad,,2021-03-05,0,15.46005,75.00778,0,0.0,0.0,2.9,44.959999999999994,0.0,0.0,0.25,0.0,728.0,1.712,50,28,0.0,420.0
NEG-dharwad-2020-05-16,dharwad,,2020-05-16,0,15.46005,75.00778,0,2.0,3.0,3.6,39.39,2.3,0.2,0.31,40.9,728.0,1.712,50,28,0.0,127.0
NEG-dharwad-2015-09-07,dharwad,,2015-09-07,0,15.46005,75.00778,0,0.2,1.6,4.9,31.92,16.5,17.1,0.28,12.0,728.0,1.712,37,23,0.0,337.0
NEG-dharwad-2015-12-26,dharwad,,2015-12-26,0,15.46005,75.00778,0,0.0,0.0,0.0,30.06,0.0,0.0,0.24,0.0,728.0,1.712,38,24,0.0,86.0
NEG-dharwad-2018-02-19,dharwad,,2018-02-19,0,15.46005,75.00778,0,0.0,0.8,1.8,37.17,0.0,0.0,0.25,0.0,728.0,1.712,39,25,0.0,146.0
NEG-dharwad-2019-04-18,dharwad,,2019-04-18,0,15.46005,75.00778,0,0.4,0.5,1.0,41.25,0.0,0.0,0.22,0.0,728.0,1.712,41,26,0.0,195.0
NEG-dharwad-2016-07-16,dharwad,,2016-07-16,0,15.46005,75.00778,0,4.0,30.8,52.20000000000001,20.389999999999997,1.5,4.7,0.3,-18.9,728.0,1.712,38,24,0.0,289.0
NEG-dharwad-2017-03-27,dharwad,,2017-03-27,0,15.46005,75.00778,0,0.0,0.0,0.0,47.459999999999994,0.2,0.0,0.19,0.0,728.0,1.712,38,24,0.0,543.0
NEG-dharwad-2022-03-17,dharwad,,2022-03-17,0,15.46005,75.00778,0,0.0,0.0,0.0,47.84,0.0,0.2,0.25,0.0,728.0,1.712,52,29,0.0,238.0
NEG-dharwad-2023-12-10,dharwad,,2023-12-10,0,15.46005,75.00778,0,0.30000000000000004,0.5,5.8,29.86,0.0,0.0,0.22,-8.3,728.0,1.712,56,31,0.0,158.0
NEG-dharwad-2020-11-23,dharwad,,2020-11-23,0,15.46005,75.00778,0,0.0,2.8000000000000003,4.0,30.63,0.0,0.0,0.29,-6.5,728.0,1.712,50,28,0.0,318.0
NEG-dharwad-2017-10-17,dharwad,,2017-10-17,0,15.46005,75.00778,0,29.6,50.8,92.1,20.160000000000004,0.0,0.0,1.01,-32.7,728.0,1.712,39,25,0.0,21.0
NEG-dharwad-2022-01-27,dharwad,,2022-01-27,0,15.46005,75.00778,0,0.0,0.0,0.7,32.209999999999994,0.0,0.0,0.2,0.0,728.0,1.712,52,29,0.0,189.0
NEG-dharwad-2023-12-30,dharwad,,2023-12-30,0,15.46005,75.00778,0,0.0,0.0,0.0,36.51,0.0,0.0,0.22,0.0,728.0,1.712,56,31,0.0,178.0
NEG-dharwad-2021-02-04,dharwad,,2021-02-04,0,15.46005,75.00778,0,0.0,0.0,0.0,35.93,0.0,0.0,0.25,25.0,728.0,1.712,50,28,0.0,391.0
NEG-dharwad-2023-11-30,dharwad,,2023-11-30,0,15.46005,75.00778,0,2.4,9.4,9.4,29.55,0.6,0.0,0.27,12.5,728.0,1.712,56,31,0.0,148.0
NEG-dharwad-2015-03-21,dharwad,,2015-03-21,0,15.46005,75.00778,0,0.0,0.5,15.799999999999999,36.8,0.0,0.0,0.25,-10.7,728.0,1.712,37,23,0.0,167.0
NEG-dharwad-2019-04-16,dharwad,,2019-04-16,0,15.46005,75.00778,0,0.5,0.5,1.0,41.46,0.0,0.0,0.22,0.0,728.0,1.712,41,26,0.0,193.0
NEG-dharwad-2023-10-08,dharwad,,2023-10-08,0,15.46005,75.00778,0,1.4,17.099999999999998,61.3,29.120000000000005,0.0,1.6,0.28,-63.6,728.0,1.712,56,31,0.0,95.0
NEG-dharwad-2022-12-31,dharwad,,2022-12-31,0,15.46005,75.00778,0,0.0,0.0,0.0,32.93000000000001,0.0,0.0,0.22,-4.3,728.0,1.712,55,30,0.0,123.0
NEG-dharwad-2019-01-10,dharwad,,2019-01-10,0,15.46005,75.00778,0,0.0,0.0,0.1,36.47,0.0,0.0,0.19,-13.6,728.0,1.712,41,26,0.0,97.0
NEG-dharwad-2020-05-18,dharwad,,2020-05-18,0,15.46005,75.00778,0,4.4,5.5,5.8,37.61,2.0,0.1,0.31,10.7,728.0,1.712,50,28,0.0,129.0
NEG-dharwad-2021-02-08,dharwad,,2021-02-08,0,15.46005,75.00778,0,0.0,0.0,0.0,38.510000000000005,0.0,0.0,0.25,0.0,728.0,1.712,50,28,0.0,395.0
NEG-dharwad-2023-10-06,dharwad,,2023-10-06,0,15.46005,75.00778,0,6.6,27.599999999999998,64.5,26.39,0.0,0.0,0.36,-36.8,728.0,1.712,56,31,0.0,93.0
NEG-dharwad-2020-06-08,dharwad,,2020-06-08,0,15.46005,75.00778,0,2.4,51.699999999999996,58.69999999999999,23.55,1.2,0.7,0.31,-38.0,728.0,1.712,50,28,0.0,150.0
NEG-dharwad-2018-11-10,dharwad,,2018-11-10,0,15.46005,75.00778,0,0.3,4.1000000000000005,5.999999999999999,33.279999999999994,0.0,0.0,0.26,-21.2,728.0,1.712,41,26,0.0,36.0
NEG-dharwad-2021-05-05,dharwad,,2021-05-05,0,15.46005,75.00778,0,2.1,3.8,5.2,38.05,0.3,1.6,0.31,0.0,728.0,1.712,50,28,0.0,481.0
NEG-dharwad-2020-08-19,dharwad,,2020-08-19,0,15.46005,75.00778,0,25.900000000000002,54.5,145.0,14.18,8.1,7.3,1.52,-32.4,728.0,1.712,50,28,0.0,222.0
NEG-dharwad-2018-08-10,dharwad,,2018-08-10,0,15.46005,75.00778,0,14.200000000000001,22.9,33.8,23.610000000000003,3.6,27.3,0.31,19.2,728.0,1.712,40,26,0.0,157.0
NEG-dharwad-2018-01-12,dharwad,,2018-01-12,0,15.46005,75.00778,0,0.0,0.0,0.0,31.71,0.0,0.0,0.2,-9.1,728.0,1.712,39,25,0.0,108.0
NEG-dharwad-2017-01-06,dharwad,,2017-01-06,0,15.46005,75.00778,0,0.0,0.0,0.0,35.77,0.0,0.0,0.22,0.0,728.0,1.712,38,24,0.0,463.0
NEG-dharwad-2015-04-17,dharwad,,2015-04-17,0,15.46005,75.00778,0,0.0,6.1,6.1,37.36,0.0,0.0,0.28,12.0,728.0,1.712,37,23,0.0,194.0
NEG-dharwad-2018-07-30,dharwad,,2018-07-30,0,15.46005,75.00778,0,5.5,14.4,63.599999999999994,19.72,1.2,2.0,0.26,-36.6,728.0,1.712,40,26,0.0,146.0
NEG-dharwad-2021-09-11,dharwad,,2021-09-11,0,15.46005,75.00778,0,13.100000000000001,56.39999999999999,81.89999999999998,19.33,7.0,5.3,0.4,-23.1,728.0,1.712,52,29,0.0,51.0
NEG-dharwad-2017-06-16,dharwad,,2017-06-16,0,15.46005,75.00778,0,7.9,81.0,116.6,17.65,6.5,2.5,0.94,129.3,728.0,1.712,38,24,0.0,624.0
NEG-dharwad-2015-05-01,dharwad,,2015-05-01,0,15.46005,75.00778,0,0.0,0.3,8.0,41.23,0.3,0.0,0.25,-32.4,728.0,1.712,37,23,0.0,208.0
NEG-dharwad-2023-09-24,dharwad,,2023-09-24,0,15.46005,75.00778,0,8.9,21.5,37.99999999999999,27.7,6.2,16.8,0.3,-3.2,728.0,1.712,56,31,0.0,81.0
NEG-dharwad-2015-08-28,dharwad,,2015-08-28,0,15.46005,75.00778,0,1.5,11.299999999999999,18.9,25.39,0.4,0.1,0.26,-40.9,728.0,1.712,37,23,0.0,327.0
NEG-dharwad-2020-04-16,dharwad,,2020-04-16,0,15.46005,75.00778,0,0.0,0.1,1.8000000000000003,43.04,0.0,1.8,0.25,-10.7,728.0,1.712,50,28,0.0,97.0
NEG-dharwad-2020-12-08,dharwad,,2020-12-08,0,15.46005,75.00778,0,0.0,0.0,3.8999999999999995,33.370000000000005,4.3,0.0,0.25,-3.8,728.0,1.712,50,28,0.0,333.0
NEG-dharwad-2019-01-04,dharwad,,2019-01-04,0,15.46005,75.00778,0,0.0,0.0,0.1,37.260000000000005,0.0,0.0,0.22,0.0,728.0,1.712,41,26,0.0,91.0
NEG-dharwad-2023-08-07,dharwad,,2023-08-07,0,15.46005,75.00778,0,5.0,13.5,80.9,27.61,0.8,1.8,0.34,-68.8,728.0,1.712,56,31,0.0,33.0
NEG-dharwad-2017-08-11,dharwad,,2017-08-11,0,15.46005,75.00778,0,9.2,15.599999999999998,22.2,24.6,3.4,0.6,0.47,67.9,728.0,1.712,38,24,0.0,680.0
NEG-dharwad-2016-10-15,dharwad,,2016-10-15,0,15.46005,75.00778,0,3.0,11.0,14.200000000000001,22.76,0.0,0.0,0.31,3.3,728.0,1.712,38,24,0.0,380.0
NEG-dharwad-2016-02-15,dharwad,,2016-02-15,0,15.46005,75.00778,0,0.0,0.0,0.0,33.71,0.0,0.0,0.26,4.0,728.0,1.712,38,24,0.0,137.0
NEG-dharwad-2017-10-12,dharwad,,2017-10-12,0,15.46005,75.00778,0,19.7,43.3,167.19999999999996,21.94,4.6,10.4,0.97,-73.1,728.0,1.712,39,25,0.0,16.0
NEG-dharwad-2017-09-14,dharwad,,2017-09-14,0,15.46005,75.00778,0,13.0,58.199999999999996,85.59999999999998,25.86,4.9,17.6,1.99,-26.3,728.0,1.712,38,24,0.0,714.0
NEG-dharwad-2017-12-27,dharwad,,2017-12-27,0,15.46005,75.00778,0,0.0,0.0,0.0,33.99999999999999,0.0,0.0,0.22,0.0,728.0,1.712,39,25,0.0,92.0
NEG-dharwad-2020-12-25,dharwad,,2020-12-25,0,15.46005,75.00778,0,0.0,0.0,0.3,32.620000000000005,0.0,0.0,0.22,-12.0,728.0,1.712,50,28,0.0,350.0
NEG-dharwad-2023-11-15,dharwad,,2023-11-15,0,15.46005,75.00778,0,0.0,16.7,26.500000000000004,30.42,0.0,0.0,0.27,-63.0,728.0,1.712,56,31,0.0,133.0
NEG-dharwad-2023-04-07,dharwad,,2023-04-07,0,15.46005,75.00778,0,0.0,0.0,0.0,47.94,0.2,0.0,0.31,24.0,728.0,1.712,55,30,0.0,220.0
NEG-dharwad-2015-08-18,dharwad,,2015-08-18,0,15.46005,75.00778,0,2.3000000000000003,13.299999999999999,22.4,21.95,0.9,3.0,0.26,-7.1,728.0,1.712,37,23,0.0,317.0
NEG-dharwad-2023-07-27,dharwad,,2023-07-27,0,15.46005,75.00778,0,44.5,122.0,175.00000000000003,12.129999999999999,1.9,2.4,6.87,318.9,728.0,1.712,56,31,0.0,22.0
NEG-dhemaji-2017-06-17,dhemaji,,2017-06-17,0,27.48333,94.58333,0,28.6,90.80000000000001,142.3,25.12,13.9,6.4,30.92,102.6,109.0,1.081,125,34,0.0,161.0
NEG-dhemaji-2021-06-16,dhemaji,,2021-06-16,0,27.48333,94.58333,0,58.199999999999996,99.4,269.4,27.1,22.1,20.5,10.99,-44.5,109.0,1.081,142,38,0.0,15.0
NEG-dhemaji-2023-12-11,dhemaji,,2023-12-11,0,27.48333,94.58333,0,8.5,8.6,8.6,14.47,0.0,3.4,1.43,4.4,109.0,1.081,202,40,0.0,101.0
NEG-dhemaji-2019-05-10,dhemaji,,2019-05-10,0,27.48333,94.58333,0,71.1,146.0,274.20000000000005,18.76,11.4,59.4,14.28,17.8,109.0,1.081,134,36,0.0,122.0
NEG-dhemaji-2018-12-24,dhemaji,,2018-12-24,0,27.48333,94.58333,0,0.0,22.0,22.0,13.02,0.0,0.0,1.58,3.3,109.0,1.081,132,35,0.0,148.0
NEG-dhemaji-2016-12-12,dhemaji,,2016-12-12,0,27.48333,94.58333,0,0.0,0.0,0.0,17.78,0.0,0.0,1.34,-3.6,109.0,1.081,124,33,0.0,90.0
NEG-dhemaji-2016-12-22,dhemaji,,2016-12-22,0,27.48333,94.58333,0,0.0,0.0,0.0,15.190000000000001,0.0,1.0,1.28,-3.8,109.0,1.081,124,33,0.0,100.0
NEG-dhemaji-2017-08-26,dhemaji,,2017-08-26,0,27.48333,94.58333,0,7.300000000000001,15.0,193.5,28.23,1.5,8.1,14.67,-40.0,109.0,1.081,126,34,0.0,48.0
NEG-dhemaji-2023-04-12,dhemaji,,2023-04-12,0,27.48333,94.58333,0,1.1,19.900000000000002,62.0,24.169999999999998,0.0,0.0,4.87,-50.9,109.0,1.081,189,39,0.0,184.0
NEG-dhemaji-2022-10-28,dhemaji,,2022-10-28,0,27.48333,94.58333,0,34.4,52.5,77.19999999999999,19.009999999999998,0.0,0.0,9.62,-13.6,109.0,1.081,189,39,0.0,18.0
NEG-dhemaji-2015-04-26,dhemaji,,2015-04-26,0,27.48333,94.58333,0,32.9,84.1,133.79999999999998,17.83,1.2,0.1,14.17,-22.1,109.0,1.081,111,32,0.0,66.0
NEG-dhemaji-2022-11-21,dhemaji,,2022-11-21,0,27.48333,94.58333,0,0.0,0.0,0.0,19.990000000000002,0.0,0.0,1.57,-33.8,109.0,1.081,189,39,0.0,42.0
NEG-dhemaji-2022-11-09,dhemaji,,2022-11-09,0,27.48333,94.58333,0,0.0,0.0,12.0,21.78,0.0,0.0,3.56,-42.9,109.0,1.081,189,39,0.0,30.0
NEG-dhemaji-2018-12-11,dhemaji,,2018-12-11,0,27.48333,94.58333,0,0.0,0.0,0.0,15.98,0.0,0.0,1.58,-4.2,109.0,1.081,132,35,0.0,135.0
NEG-dhemaji-2021-05-14,dhemaji,,2021-05-14,0,27.48333,94.58333,0,33.7,65.2,117.6,21.970000000000002,34.8,12.7,1.97,69.8,109.0,1.081,141,37,0.0,354.0
NEG-dhemaji-2021-04-27,dhemaji,,2021-04-27,0,27.48333,94.58333,0,0.0,40.1,82.20000000000002,30.72,0.0,0.0,1.59,-55.3,109.0,1.081,141,37,0.0,337.0
NEG-dhemaji-2021-04-25,dhemaji,,2021-04-25,0,27.48333,94.58333,0,13.8,71.20000000000002,92.4,27.229999999999997,0.0,2.7,1.94,22.0,109.0,1.081,141,37,0.0,335.0
NEG-dhemaji-2017-02-10,dhemaji,,2017-02-10,0,27.48333,94.58333,0,1.7,1.7,8.6,18.990000000000002,2.8,0.0,1.06,-2.8,109.0,1.081,125,34,0.0,34.0
NEG-dhemaji-2020-07-09,dhemaji,,2020-07-09,0,27.48333,94.58333,0,38.8,113.1,248.50000000000003,19.77,17.3,24.7,36.84,40.4,109.0,1.081,141,37,0.0,45.0
NEG-dhemaji-2021-01-29,dhemaji,,2021-01-29,0,27.48333,94.58333,0,0.0,0.0,10.600000000000001,13.850000000000001,0.5,0.0,1.25,-9.4,109.0,1.081,141,37,0.0,249.0
NEG-dhemaji-2016-12-20,dhemaji,,2016-12-20,0,27.48333,94.58333,0,0.0,0.0,0.0,16.51,0.0,0.0,1.3,-3.0,109.0,1.081,124,33,0.0,98.0
NEG-dhemaji-2020-07-01,dhemaji,,2020-07-01,0,27.48333,94.58333,0,12.2,171.20000000000002,296.40000000000003,16.89,50.9,5.6,28.31,-14.7,109.0,1.081,141,37,0.0,37.0
NEG-dhemaji-2016-01-05,dhemaji,,2016-01-05,0,27.48333,94.58333,0,0.0,0.0,0.0,15.53,0.0,0.0,1.17,-4.1,109.0,1.081,119,32,0.0,104.0
NEG-dhemaji-2017-08-10,dhemaji,,2017-08-10,0,27.48333,94.58333,0,91.7,146.9,208.5,18.900000000000002,120.0,30.5,30.19,102.3,109.0,1.081,126,34,0.0,32.0
NEG-dhemaji-2021-09-30,dhemaji,,2021-09-30,0,27.48333,94.58333,0,2.4,2.5,96.6,30.1,1.8,4.2,6.85,-38.2,109.0,1.081,152,38,0.0,23.0
NEG-dhemaji-2017-06-15,dhemaji,,2017-06-15,0,27.48333,94.58333,0,57.8,76.80000000000001,153.60000000000002,26.9,10.4,104.2,29.41,62.1,109.0,1.081,125,34,0.0,159.0
NEG-dhemaji-2015-03-23,dhemaji,,2015-03-23,0,27.48333,94.58333,0,0.0,5.9,7.0,23.77,0.0,0.0,0.87,0.0,109.0,1.081,111,32,0.0,32.0
NEG-dhemaji-2020-11-26,dhemaji,,2020-11-26,0,27.48333,94.58333,0,0.0,15.499999999999998,17.3,13.959999999999999,0.0,0.0,1.93,-25.8,109.0,1.081,141,37,0.0,185.0
NEG-dhemaji-2020-05-11,dhemaji,,2020-05-11,0,27.48333,94.58333,0,12.3,65.7,93.5,28.820000000000004,2.3,41.9,1.88,-34.0,109.0,1.081,140,37,0.0,122.0
NEG-dhemaji-2015-01-03,dhemaji,,2015-01-03,0,27.48333,94.58333,0,0.0,0.0,0.0,16.52,2.5,7.0,1.11,-4.3,109.0,1.081,110,31,0.0,103.0
NEG-dhemaji-2018-09-20,dhemaji,,2018-09-20,0,27.48333,94.58333,0,0.2,23.2,167.79999999999995,26.939999999999998,5.6,17.2,15.75,-48.9,109.0,1.081,132,35,0.0,53.0
NEG-dhemaji-2021-11-20,dhemaji,,2021-11-20,0,27.48333,94.58333,0,0.0,0.0,0.0,20.229999999999997,0.0,4.9,1.33,-3.6,109.0,1.081,152,38,0.0,74.0
NEG-dhemaji-2017-04-05,dhemaji,,2017-04-05,0,27.48333,94.58333,0,91.8,160.39999999999998,195.89999999999998,17.24,0.0,1.2,17.54,428.3,109.0,1.081,125,34,0.0,88.0
NEG-dhemaji-2018-10-27,dhemaji,,2018-10-27,0,27.48333,94.58333,0,0.0,0.0,28.9,24.96,0.0,0.0,4.37,-39.3,109.0,1.081,132,35,0.0,90.0
NEG-dhemaji-2023-01-15,dhemaji,,2023-01-15,0,27.48333,94.58333,0,5.7,5.7,5.7,13.250000000000002,1.4,6.0,1.16,-0.9,109.0,1.081,189,39,0.0,97.0
NEG-dhemaji-2016-12-27,dhemaji,,2016-12-27,0,27.48333,94.58333,0,6.1,6.1,6.1,12.17,0.0,0.0,1.3,0.0,109.0,1.081,124,33,0.0,105.0
NEG-dhemaji-2023-12-31,dhemaji,,2023-12-31,0,27.48333,94.58333,0,0.0,0.0,0.0,15.899999999999999,0.0,0.0,1.21,-4.0,109.0,1.081,202,40,0.0,121.0
NEG-dhemaji-2018-08-18,dhemaji,,2018-08-18,0,27.48333,94.58333,0,32.5,89.1,174.39999999999998,23.04,0.0,17.0,16.86,-22.9,109.0,1.081,132,35,0.0,20.0
NEG-dhemaji-2015-03-31,dhemaji,,2015-03-31,0,27.48333,94.58333,0,7.4,7.4,13.1,26.500000000000004,15.9,30.0,1.16,36.5,109.0,1.081,111,32,0.0,40.0
NEG-dhemaji-2021-07-30,dhemaji,,2021-07-30,0,27.48333,94.58333,0,6.7,28.999999999999996,97.80000000000001,31.24,18.5,60.6,8.77,-17.8,109.0,1.081,142,38,0.0,59.0
NEG-dhemaji-2022-11-26,dhemaji,,2022-11-26,0,27.48333,94.58333,0,0.0,0.0,0.0,19.669999999999998,0.0,0.0,1.47,-14.0,109.0,1.081,189,39,0.0,47.0
NEG-dhemaji-2016-03-30,dhemaji,,2016-03-30,0,27.48333,94.58333,0,15.9,17.2,70.3,21.34,2.1,0.4,2.72,-38.6,109.0,1.081,119,32,0.0,189.0
NEG-dhemaji-2020-11-25,dhemaji,,2020-11-25,0,27.48333,94.58333,0,3.1,17.1,17.3,13.049999999999999,0.0,0.0,2.05,-24.9,109.0,1.081,141,37,0.0,184.0
NEG-dhemaji-2019-02-03,dhemaji,,2019-02-03,0,27.48333,94.58333,0,0.0,7.6000000000000005,7.6000000000000005,17.75,0.0,0.0,1.31,0.0,109.0,1.081,134,36,0.0,26.0
NEG-dhemaji-2015-10-25,dhemaji,,2015-10-25,0,27.48333,94.58333,0,0.9,0.9,3.4,22.27,0.0,0.0,4.6,-39.4,109.0,1.081,119,32,0.0,32.0
NEG-dhemaji-2019-03-11,dhemaji,,2019-03-11,0,27.48333,94.58333,0,1.6,34.6,70.29999999999998,17.590000000000003,3.6,0.0,4.13,-22.2,109.0,1.081,134,36,0.0,62.0
NEG-dhemaji-2022-11-25,dhemaji,,2022-11-25,0,27.48333,94.58333,0,0.0,0.0,0.0,19.9,0.0,0.0,1.48,-18.2,109.0,1.081,189,39,0.0,46.0
NEG-dhemaji-2019-06-09,dhemaji,,2019-06-09,0,27.48333,94.58333,0,35.5,97.89999999999999,113.89999999999999,27.169999999999998,7.1,2.3,7.04,-11.9,109.0,1.081,134,36,0.0,152.0
NEG-dhemaji-2021-07-28,dhemaji,,2021-07-28,0,27.48333,94.58333,0,13.0,41.0,109.60000000000001,29.060000000000002,6.7,13.6,9.02,-20.8,109.0,1.081,142,38,0.0,57.0
NEG-dhemaji-2016-02-18,dhemaji,,2016-02-18,0,27.48333,94.58333,0,0.0,12.1,31.200000000000003,11.15,0.0,0.7,1.05,-19.8,109.0,1.081,119,32,0.0,148.0
NEG-dhemaji-2018-10-10,dhemaji,,2018-10-10,0,27.48333,94.58333,0,7.5,13.7,87.0,24.51,6.2,10.9,9.21,-32.2,109.0,1.081,132,35,0.0,73.0
NEG-dhemaji-2018-05-21,dhemaji,,2018-05-21,0,27.48333,94.58333,0,12.3,37.6,103.39999999999999,27.340000000000003,14.9,23.6,5.44,-45.3,109.0,1.081,130,35,0.0,132.0
NEG-dhemaji-2018-08-14,dhemaji,,2018-08-14,0,27.48333,94.58333,0,50.0,117.6,212.70000000000002,21.299999999999997,15.7,5.2,20.43,-20.8,109.0,1.081,132,35,0.0,16.0
NEG-dhemaji-2016-10-07,dhemaji,,2016-10-07,0,27.48333,94.58333,0,0.4,7.499999999999999,35.0,24.45,14.4,20.4,5.52,-34.9,109.0,1.081,124,33,0.0,24.0
NEG-dhemaji-2023-03-19,dhemaji,,2023-03-19,0,27.48333,94.58333,0,6.199999999999999,15.6,15.7,20.05,13.0,9.5,1.47,31.2,109.0,1.081,189,39,0.0,160.0
NEG-dhemaji-2019-11-25,dhemaji,,2019-11-25,0,27.48333,94.58333,0,1.0,2.3000000000000003,23.400000000000002,14.820000000000002,0.0,0.0,1.69,-8.2,109.0,1.081,135,36,0.0,49.0
NEG-dhemaji-2023-11-18,dhemaji,,2023-11-18,0,27.48333,94.58333,0,14.4,14.4,28.3,18.9,0.0,0.0,1.62,4.5,109.0,1.081,202,40,0.0,78.0
NEG-dhemaji-2022-03-03,dhemaji,,2022-03-03,0,27.48333,94.58333,0,5.0,5.0,23.9,18.23,0.0,0.2,0.91,-3.2,109.0,1.081,152,38,0.0,177.0
NEG-dhemaji-2020-06-18,dhemaji,,2020-06-18,0,27.48333,94.58333,0,49.6,116.5,205.29999999999998,21.189999999999998,1.2,7.4,15.83,18.0,109.0,1.081,141,37,0.0,24.0
NEG-dhemaji-2022-04-13,dhemaji,,2022-04-13,0,27.48333,94.58333,0,6.1,18.700000000000003,220.2,22.65,49.2,50.6,20.83,36.2,109.0,1.081,152,38,0.0,218.0
NEG-dhemaji-2016-12-14,dhemaji,,2016-12-14,0,27.48333,94.58333,0,0.0,0.0,0.0,17.380000000000003,0.0,0.0,1.33,-3.6,109.0,1.081,124,33,0.0,92.0
NEG-dhemaji-2022-12-06,dhemaji,,2022-12-06,0,27.48333,94.58333,0,0.0,0.0,0.0,18.49,0.0,0.0,1.37,-4.9,109.0,1.081,189,39,0.0,57.0
NEG-dhemaji-2021-04-20,dhemaji,,2021-04-20,0,27.48333,94.58333,0,32.6,42.1,102.09999999999998,25.900000000000002,0.0,13.4,3.56,132.7,109.0,1.081,141,37,0.0,330.0
NEG-dhemaji-2021-11-18,dhemaji,,2021-11-18,0,27.48333,94.58333,0,0.0,0.0,0.0,20.69,0.0,0.0,1.33,-4.3,109.0,1.081,152,38,0.0,72.0
NEG-dhemaji-2023-10-29,dhemaji,,2023-10-29,0,27.48333,94.58333,0,0.2,0.2,0.8999999999999999,21.779999999999998,0.0,0.0,2.61,-43.4,109.0,1.081,202,40,0.0,58.0
NEG-dhemaji-2021-08-09,dhemaji,,2021-08-09,0,27.48333,94.58333,0,56.6,76.5,180.3,31.2,15.4,22.0,9.35,-9.7,109.0,1.081,142,38,0.0,69.0
NEG-dhemaji-2016-12-19,dhemaji,,2016-12-19,0,27.48333,94.58333,0,0.0,0.0,0.0,16.62,0.0,0.0,1.3,-3.0,109.0,1.081,124,33,0.0,97.0
NEG-dhemaji-2019-03-30,dhemaji,,2019-03-30,0,27.48333,94.58333,0,7.3,18.0,48.9,25.560000000000002,23.3,17.7,3.62,-37.0,109.0,1.081,134,36,0.0,81.0
NEG-dhemaji-2023-03-26,dhemaji,,2023-03-26,0,27.48333,94.58333,0,18.6,78.9,94.5,15.229999999999999,24.0,15.1,3.5,138.1,109.0,1.081,189,39,0.0,167.0
NEG-dhemaji-2018-04-21,dhemaji,,2018-04-21,0,27.48333,94.58333,0,41.1,108.89999999999998,148.29999999999998,24.199999999999996,13.4,18.0,15.11,95.0,109.0,1.081,130,35,0.0,102.0
NEG-dhemaji-2016-06-05,dhemaji,,2016-06-05,0,27.48333,94.58333,0,0.1,3.3,53.89999999999999,31.450000000000003,2.6,0.0,9.86,-32.8,109.0,1.081,119,32,0.0,256.0
NEG-dhemaji-2023-03-05,dhemaji,,2023-03-05,0,27.48333,94.58333,0,0.0,0.0,110.49999999999999,21.110000000000003,0.0,0.1,1.56,-65.1,109.0,1.081,189,39,0.0,146.0
NEG-dhemaji-2015-01-08,dhemaji,,2015-01-08,0,27.48333,94.58333,0,7.0,9.5,9.5,14.360000000000001,0.0,0.0,1.14,1.8,109.0,1.081,110,31,0.0,108.0
NEG-dhemaji-2022-11-15,dhemaji,,2022-11-15,0,27.48333,94.58333,0,0.0,0.0,0.0,20.529999999999998,0.0,0.0,2.21,-42.7,109.0,1.081,189,39,0.0,36.0
NEG-dhemaji-2019-05-23,dhemaji,,2019-05-23,0,27.48333,94.58333,0,95.0,134.39999999999998,398.19999999999993,22.4,25.8,2.7,13.76,-36.3,109.0,1.081,134,36,0.0,135.0
NEG-dhemaji-2021-05-13,dhemaji,,2021-05-13,0,27.48333,94.58333,0,32.6,48.6,97.6,22.780000000000005,24.2,34.8,1.31,10.1,109.0,1.081,141,37,0.0,353.0
NEG-dhemaji-2015-05-13,dhemaji,,2015-05-13,0,27.48333,94.58333,0,4.9,10.9,36.8,26.25,3.6,14.6,6.28,-17.9,109.0,1.081,111,32,0.0,83.0
NEG-dhemaji-2021-10-03,dhemaji,,2021-10-03,0,27.48333,94.58333,0,8.600000000000001,11.0,69.2,27.85,7.2,0.0,5.9,-32.3,109.0,1.081,152,38,0.0,26.0
NEG-dhemaji-2021-11-09,dhemaji,,2021-11-09,0,27.48333,94.58333,0,0.0,0.0,4.5,22.18,0.0,0.0,1.4,-5.4,109.0,1.081,152,38,0.0,63.0
NEG-dhemaji-2017-06-23,dhemaji,,2017-06-23,0,27.48333,94.58333,0,32.6,167.50000000000003,251.30000000000004,18.28,0.5,36.3,18.45,-25.1,109.0,1.081,125,34,0.0,167.0
NEG-dhemaji-2022-03-04,dhemaji,,2022-03-04,0,27.48333,94.58333,0,0.0,5.0,23.8,20.02,0.2,0.0,0.87,-7.4,109.0,1.081,152,38,0.0,178.0
NEG-dhemaji-2021-05-05,dhemaji,,2021-05-05,0,27.48333,94.58333,0,31.2,40.3,56.8,30.370000000000005,3.4,1.5,1.12,-25.3,109.0,1.081,141,37,0.0,345.0
NEG-dhemaji-2016-03-02,dhemaji,,2016-03-02,0,27.48333,94.58333,0,0.0,3.7,33.9,25.34,0.0,0.0,1.05,-33.5,109.0,1.081,119,32,0.0,161.0
NEG-dhemaji-2020-07-25,dhemaji,,2020-07-25,0,27.48333,94.58333,0,46.9,124.6,227.9,12.989999999999998,14.8,4.0,27.91,-12.3,109.0,1.081,141,37,0.0,61.0
NEG-dhemaji-2018-09-18,dhemaji,,2018-09-18,0,27.48333,94.58333,0,0.2,75.39999999999998,185.89999999999998,20.71,0.0,0.5,17.49,-43.2,109.0,1.081,132,35,0.0,51.0
NEG-dhemaji-2023-05-11,dhemaji,,2023-05-11,0,27.48333,94.58333,0,9.6,43.699999999999996,127.80000000000001,25.16,7.7,0.0,5.1,-26.2,109.0,1.081,189,39,0.0,213.0
NEG-dhemaji-2015-11-15,dhemaji,,2015-11-15,0,27.48333,94.58333,0,0.0,0.0,27.099999999999998,20.619999999999997,2.3,2.4,1.55,-34.6,109.0,1.081,119,32,0.0,53.0
NEG-dhemaji-2018-11-21,dhemaji,,2018-11-21,0,27.48333,94.58333,0,0.0,32.9,33.4,13.06,0.0,0.0,3.52,44.3,109.0,1.081,132,35,0.0,115.0
NEG-dhemaji-2016-11-18,dhemaji,,2016-11-18,0,27.48333,94.58333,0,0.1,0.1,0.2,17.81,0.0,0.0,1.53,-4.4,109.0,1.081,124,33,0.0,66.0
NEG-dhemaji-2022-02-18,dhemaji,,2022-02-18,0,27.48333,94.58333,0,0.1,13.700000000000001,55.5,18.07,4.6,7.5,0.94,-6.9,109.0,1.081,152,38,0.0,164.0
NEG-dhemaji-2015-12-30,dhemaji,,2015-12-30,0,27.48333,94.58333,0,0.0,0.0,0.0,15.07,0.0,0.0,1.21,-4.0,109.0,1.081,119,32,0.0,98.0
NEG-dhemaji-2022-12-13,dhemaji,,2022-12-13,0,27.48333,94.58333,0,0.0,0.0,0.0,17.48,0.0,0.0,1.31,-4.4,109.0,1.081,189,39,0.0,64.0
NEG-dhemaji-2022-03-02,dhemaji,,2022-03-02,0,27.48333,94.58333,0,5.0,5.0,23.9,18.12,0.0,0.0,0.91,-6.2,109.0,1.081,152,38,0.0,176.0
NEG-dhemaji-2023-03-07,dhemaji,,2023-03-07,0,27.48333,94.58333,0,0.0,0.0,102.29999999999998,20.29,0.0,0.0,1.34,-56.6,109.0,1.081,189,39,0.0,148.0
NEG-dhemaji-2018-10-07,dhemaji,,2018-10-07,0,27.48333,94.58333,0,0.1,32.8,184.7,21.07,4.2,3.0,11.02,-24.7,109.0,1.081,132,35,0.0,70.0
NEG-dhemaji-2017-12-22,dhemaji,,2017-12-22,0,27.48333,94.58333,0,0.0,0.1,2.6,15.27,0.0,0.0,1.39,-3.5,109.0,1.081,128,34,0.0,75.0
NEG-dhemaji-2017-05-08,dhemaji,,2017-05-08,0,27.48333,94.58333,0,77.8,113.1,338.90000000000003,22.5,0.6,5.9,27.18,-2.6,109.0,1.081,125,34,0.0,121.0
NEG-dhemaji-2017-10-19,dhemaji,,2017-10-19,0,27.48333,94.58333,0,0.2,53.2,58.7,18.54,11.5,33.6,7.11,10.1,109.0,1.081,128,34,0.0,11.0
NEG-dhemaji-2015-10-05,dhemaji,,2015-10-05,0,27.48333,94.58333,0,2.6,2.9,99.3,27.39,0.0,0.0,11.91,-39.5,109.0,1.081,119,32,0.0,12.0
NEG-dhemaji-2018-12-06,dhemaji,,2018-12-06,0,27.48333,94.58333,0,0.0,0.0,0.0,15.739999999999998,0.0,0.0,1.61,-19.9,109.0,1.081,132,35,0.0,130.0
NEG-dhemaji-2017-11-17,dhemaji,,2017-11-17,0,27.48333,94.58333,0,0.0,0.0,0.0,20.04,0.0,0.0,1.73,-32.4,109.0,1.081,128,34,0.0,40.0
NEG-dhemaji-2023-10-29,dhemaji,,2023-10-29,0,27.48333,94.58333,0,0.2,0.2,0.8999999999999999,21.779999999999998,0.0,0.0,2.61,-43.4,109.0,1.081,202,40,0.0,58.0
NEG-dhemaji-2016-03-18,dhemaji,,2016-03-18,0,27.48333,94.58333,0,35.6,50.0,62.2,15.41,0.0,0.0,3.0,145.9,109.0,1.081,119,32,0.0,177.0
NEG-dhemaji-2023-01-29,dhemaji,,2023-01-29,0,27.48333,94.58333,0,0.0,0.0,13.2,13.799999999999999,0.0,0.0,1.06,-4.5,109.0,1.081,189,39,0.0,111.0
NEG-dhemaji-2015-01-06,dhemaji,,2015-01-06,0,27.48333,94.58333,0,9.5,9.5,9.5,14.780000000000001,0.0,0.0,1.17,2.6,109.0,1.081,110,31,0.0,106.0
NEG-dhemaji-2019-04-30,dhemaji,,2019-04-30,0,27.48333,94.58333,0,21.2,21.6,47.2,29.8,46.7,36.4,3.56,24.9,109.0,1.081,134,36,0.0,112.0
NEG-dhemaji-2019-11-30,dhemaji,,2019-11-30,0,27.48333,94.58333,0,0.0,1.0,20.700000000000003,16.64,3.4,0.0,1.65,-2.9,109.0,1.081,135,36,0.0,54.0
NEG-dhemaji-2023-03-20,dhemaji,,2023-03-20,0,27.48333,94.58333,0,9.1,20.1,20.2,18.349999999999998,9.5,33.3,1.53,40.4,109.0,1.081,189,39,0.0,161.0
NEG-dhemaji-2019-09-15,dhemaji,,2019-09-15,0,27.48333,94.58333,0,114.60000000000001,219.90000000000003,268.0,13.82,39.7,16.5,19.84,91.1,109.0,1.081,134,36,0.0,250.0
NEG-dhemaji-2016-11-12,dhemaji,,2016-11-12,0,27.48333,94.58333,0,0.0,0.1,0.1,17.04,0.0,0.0,1.59,-15.4,109.0,1.081,124,33,0.0,60.0
NEG-dhemaji-2019-08-23,dhemaji,,2019-08-23,0,27.48333,94.58333,0,17.200000000000003,38.8,130.9,27.17,0.5,0.0,12.18,-31.2,109.0,1.081,134,36,0.0,227.0
NEG-dhemaji-2020-07-12,dhemaji,,2020-07-12,0,27.48333,94.58333,0,77.9,129.1,219.10000000000002,17.389999999999997,6.5,11.7,42.75,96.6,109.0,1.081,141,37,0.0,48.0
NEG-dhemaji-2019-04-01,dhemaji,,2019-04-01,0,27.48333,94.58333,0,25.6,33.0,73.5,24.4,11.0,5.4,4.53,-8.9,109.0,1.081,134,36,0.0,83.0
NEG-dhemaji-2018-12-09,dhemaji,,2018-12-09,0,27.48333,94.58333,0,0.0,0.0,0.0,15.14,0.0,0.0,1.59,-9.1,109.0,1.081,132,35,0.0,133.0
NEG-dhemaji-2021-02-14,dhemaji,,2021-02-14,0,27.48333,94.58333,0,0.0,0.0,0.0,21.9,0.0,0.0,1.16,-2.5,109.0,1.081,141,37,0.0,265.0
NEG-dhemaji-2019-03-18,dhemaji,,2019-03-18,0,27.48333,94.58333,0,3.8,7.5,42.1,19.77,1.7,2.4,3.47,-16.0,109.0,1.081,134,36,0.0,69.0
NEG-dhemaji-2016-02-20,dhemaji,,2016-02-20,0,27.48333,94.58333,0,0.0,0.8,31.2,13.51,15.4,7.1,1.06,-18.5,109.0,1.081,119,32,0.0,150.0
NEG-dhemaji-2023-11-05,dhemaji,,2023-11-05,0,27.48333,94.58333,0,13.9,13.9,14.1,23.349999999999998,0.0,0.0,1.67,-36.0,109.0,1.081,202,40,0.0,65.0
NEG-dhemaji-2021-06-25,dhemaji,,2021-06-25,0,27.48333,94.58333,0,29.8,64.1,180.1,24.560000000000002,8.8,3.1,10.59,-0.9,109.0,1.081,142,38,0.0,24.0
NEG-dhemaji-2022-04-20,dhemaji,,2022-04-20,0,27.48333,94.58333,0,39.300000000000004,208.4,227.1,16.07,0.2,6.7,25.73,23.5,109.0,1.081,152,38,0.0,225.0
NEG-dhemaji-2016-10-28,dhemaji,,2016-10-28,0,27.48333,94.58333,0,0.3,0.3,0.3,22.55,0.0,0.0,3.43,-41.8,109.0,1.081,124,33,0.0,45.0
NEG-dhemaji-2020-01-23,dhemaji,,2020-01-23,0,27.48333,94.58333,0,10.399999999999999,26.900000000000002,29.500000000000004,9.58,4.9,0.0,1.5,7.1,109.0,1.081,140,37,0.0,13.0
NEG-dhemaji-2015-10-29,dhemaji,,2015-10-29,0,27.48333,94.58333,0,0.0,0.9,2.4,22.09,0.0,0.0,3.36,-40.5,109.0,1.081,119,32,0.0,36.0
NEG-dhemaji-2023-12-18,dhemaji,,2023-12-18,0,27.48333,94.58333,0,0.0,3.4,12.0,14.61,0.0,0.0,1.32,-7.7,109.0,1.081,202,40,0.0,108.0
NEG-dhemaji-2015-05-17,dhemaji,,2015-05-17,0,27.48333,94.58333,0,31.0,41.3,63.3,18.509999999999998,3.3,0.2,7.22,15.7,109.0,1.081,111,32,0.0,87.0
NEG-dhemaji-2018-04-22,dhemaji,,2018-04-22,0,27.48333,94.58333,0,53.400000000000006,84.5,181.0,24.31,18.0,0.1,13.06,74.4,109.0,1.081,130,35,0.0,103.0
NEG-dhemaji-2015-03-24,dhemaji,,2015-03-24,0,27.48333,94.58333,0,0.0,5.7,7.000000000000001,26.31,0.0,0.0,0.85,-6.6,109.0,1.081,111,32,0.0,33.0
NEG-dhemaji-2017-12-05,dhemaji,,2017-12-05,0,27.48333,94.58333,0,0.0,0.7,0.7999999999999999,17.630000000000003,0.0,0.0,1.52,-4.4,109.0,1.081,128,34,0.0,58.0
NEG-dhemaji-2016-03-04,dhemaji,,2016-03-04,0,27.48333,94.58333,0,0.0,0.0,33.9,26.28,0.0,0.6,1.03,-28.5,109.0,1.081,119,32,0.0,163.0
NEG-dhemaji-2015-10-31,dhemaji,,2015-10-31,0,27.48333,94.58333,0,0.0,0.9,0.9,22.509999999999998,0.0,0.0,2.85,-42.2,109.0,1.081,119,32,0.0,38.0
NEG-dhemaji-2018-11-01,dhemaji,,2018-11-01,0,27.48333,94.58333,0,0.0,0.0,1.4,23.46,0.0,2.8,2.98,-41.0,109.0,1.081,132,35,0.0,95.0
NEG-dhemaji-2016-11-27,dhemaji,,2016-11-27,0,27.48333,94.58333,0,0.0,0.0,0.1,18.839999999999996,0.0,0.0,1.45,-4.6,109.0,1.081,124,33,0.0,75.0
NEG-dhemaji-2019-03-18,dhemaji,,2019-03-18,0,27.48333,94.58333,0,3.8,7.5,42.1,19.77,1.7,2.4,3.47,-16.0,109.0,1.081,134,36,0.0,69.0
NEG-dhemaji-2016-10-21,dhemaji,,2016-10-21,0,27.48333,94.58333,0,0.0,0.0,96.3,25.029999999999998,0.0,0.0,5.89,-48.3,109.0,1.081,124,33,0.0,38.0
NEG-dhemaji-2023-03-18,dhemaji,,2023-03-18,0,27.48333,94.58333,0,10.0,11.0,11.1,21.24,4.5,13.0,1.59,37.1,109.0,1.081,189,39,0.0,159.0
NEG-dhemaji-2015-11-04,dhemaji,,2015-11-04,0,27.48333,94.58333,0,0.0,0.0,0.9,21.55,2.4,0.0,2.46,-32.6,109.0,1.081,119,32,0.0,42.0
NEG-dhemaji-2021-02-18,dhemaji,,2021-02-18,0,27.48333,94.58333,0,0.0,0.0,0.0,20.77,0.0,0.0,1.12,-3.4,109.0,1.081,141,37,0.0,269.0
NEG-dhemaji-2016-01-17,dhemaji,,2016-01-17,0,27.48333,94.58333,0,0.0,0.0,12.1,15.959999999999997,0.0,0.0,1.16,-20.0,109.0,1.081,119,32,0.0,116.0
NEG-dhemaji-2018-10-16,dhemaji,,2018-10-16,0,27.48333,94.58333,0,27.4,47.5,65.4,19.12,0.1,1.2,9.52,-3.4,109.0,1.081,132,35,0.0,79.0
NEG-dhemaji-2021-11-18,dhemaji,,2021-11-18,0,27.48333,94.58333,0,0.0,0.0,0.0,20.69,0.0,0.0,1.33,-4.3,109.0,1.081,152,38,0.0,72.0
NEG-dhemaji-2022-11-25,dhemaji,,2022-11-25,0,27.48333,94.58333,0,0.0,0.0,0.0,19.9,0.0,0.0,1.48,-18.2,109.0,1.081,189,39,0.0,46.0
NEG-dhemaji-2015-05-07,dhemaji,,2015-05-07,0,27.48333,94.58333,0,10.1,23.1,62.89999999999999,23.94,0.2,0.0,7.53,-24.2,109.0,1.081,111,32,0.0,77.0
NEG-dhemaji-2019-11-02,dhemaji,,2019-11-02,0,27.48333,94.58333,0,0.0,20.400000000000002,61.699999999999996,20.38,0.0,0.0,3.21,-32.7,109.0,1.081,135,36,0.0,26.0
NEG-dhemaji-2022-05-01,dhemaji,,2022-05-01,0,27.48333,94.58333,0,7.3,22.799999999999997,114.49999999999999,23.38,16.4,22.2,19.18,-58.5,109.0,1.081,152,38,0.0,236.0
NEG-dhemaji-2016-11-06,dhemaji,,2016-11-06,0,27.48333,94.58333,0,0.0,0.0,0.3,21.51,0.0,0.1,1.78,-39.0,109.0,1.081,124,33,0.0,54.0
NEG-dhemaji-2021-10-23,dhemaji,,2021-10-23,0,27.48333,94.58333,0,57.099999999999994,96.8,97.60000000000001,22.380000000000003,0.0,0.1,2.75,10.9,109.0,1.081,152,38,0.0,46.0
NEG-dhemaji-2019-11-14,dhemaji,,2019-11-14,0,27.48333,94.58333,0,2.3,3.8999999999999995,4.8999999999999995,15.98,0.4,1.8,1.78,-20.2,109.0,1.081,135,36,0.0,38.0
NEG-dhemaji-2016-10-05,dhemaji,,2016-10-05,0,27.48333,94.58333,0,0.4,7.3999999999999995,60.8,24.43,0.0,1.5,6.33,-33.9,109.0,1.081,124,33,0.0,22.0
NEG-dhemaji-2015-08-08,dhemaji,,2015-08-08,0,27.48333,94.58333,0,17.8,45.4,53.9,19.5,6.7,4.8,10.89,-15.2,109.0,1.081,115,32,0.0,25.0
NEG-dhemaji-2016-02-19,dhemaji,,2016-02-19,0,27.48333,94.58333,0,0.0,3.6,31.2,12.24,0.7,15.4,1.03,-24.3,109.0,1.081,119,32,0.0,149.0
NEG-dhemaji-2018-09-18,dhemaji,,2018-09-18,0,27.48333,94.58333,0,0.2,75.39999999999998,185.89999999999998,20.71,0.0,0.5,17.49,-43.2,109.0,1.081,132,35,0.0,51.0
NEG-dhemaji-2017-04-21,dhemaji,,2017-04-21,0,27.48333,94.58333,0,24.9,32.7,77.8,24.25,5.8,10.6,6.57,-29.2,109.0,1.081,125,34,0.0,104.0
NEG-dhemaji-2017-02-17,dhemaji,,2017-02-17,0,27.48333,94.58333,0,0.2,3.6,5.3,21.33,0.0,0.0,1.0,-5.7,109.0,1.081,125,34,0.0,41.0
NEG-dhemaji-2019-08-04,dhemaji,,2019-08-04,0,27.48333,94.58333,0,32.5,144.8,310.8999999999999,20.61,1.0,0.6,22.44,-20.0,109.0,1.081,134,36,0.0,208.0
NEG-dhemaji-2022-10-26,dhemaji,,2022-10-26,0,27.48333,94.58333,0,40.5,43.0,120.9,21.160000000000004,8.0,0.0,11.53,-12.2,109.0,1.081,189,39,0.0,16.0
NEG-dhemaji-2021-03-19,dhemaji,,2021-03-19,0,27.48333,94.58333,0,0.0,3.6,41.300000000000004,23.71,0.0,0.1,1.09,-2.7,109.0,1.081,141,37,0.0,298.0
NEG-dhemaji-2023-02-05,dhemaji,,2023-02-05,0,27.48333,94.58333,0,0.0,0.0,0.0,17.28,3.1,19.3,1.03,-2.8,109.0,1.081,189,39,0.0,118.0
NEG-dhemaji-2023-03-09,dhemaji,,2023-03-09,0,27.48333,94.58333,0,0.1,0.1,4.699999999999999,20.47,0.0,0.0,1.22,-47.2,109.0,1.081,189,39,0.0,150.0
NEG-dhemaji-2021-01-21,dhemaji,,2021-01-21,0,27.48333,94.58333,0,7.6,9.2,11.1,12.87,0.0,0.0,1.4,7.7,109.0,1.081,141,37,0.0,241.0
NEG-dhemaji-2017-12-22,dhemaji,,2017-12-22,0,27.48333,94.58333,0,0.0,0.1,2.6,15.27,0.0,0.0,1.39,-3.5,109.0,1.081,128,34,0.0,75.0
NEG-dhemaji-2018-02-27,dhemaji,,2018-02-27,0,27.48333,94.58333,0,3.4,6.3,10.2,19.410000000000004,0.0,0.0,1.09,-2.7,109.0,1.081,130,35,0.0,49.0
NEG-dhemaji-2018-05-03,dhemaji,,2018-05-03,0,27.48333,94.58333,0,20.7,31.8,116.69999999999999,26.32,6.3,24.7,3.97,-44.0,109.0,1.081,130,35,0.0,114.0
NEG-dhemaji-2016-01-28,dhemaji,,2016-01-28,0,27.48333,94.58333,0,0.8,0.8,3.5000000000000004,15.700000000000001,0.0,0.0,1.09,-4.4,109.0,1.081,119,32,0.0,127.0
NEG-dhemaji-2019-05-29,dhemaji,,2019-05-29,0,27.48333,94.58333,0,15.200000000000001,137.2,230.5,24.86,0.0,0.4,10.35,-29.6,109.0,1.081,134,36,0.0,141.0
NEG-dhemaji-2021-03-01,dhemaji,,2021-03-01,0,27.48333,94.58333,0,9.8,9.9,9.9,19.33,1.1,0.5,1.12,0.0,109.0,1.081,141,37,0.0,280.0
NEG-dhemaji-2020-07-03,dhemaji,,2020-07-03,0,27.48333,94.58333,0,72.9,131.20000000000002,292.2,17.259999999999998,5.4,12.4,24.53,-67.0,109.0,1.081,141,37,0.0,39.0
NEG-dhemaji-2015-01-16,dhemaji,,2015-01-16,0,27.48333,94.58333,0,0.0,0.0,9.5,17.9,0.0,0.0,1.06,-4.5,109.0,1.081,110,31,0.0,116.0
NEG-dhemaji-2019-10-18,dhemaji,,2019-10-18,0,27.48333,94.58333,0,3.7,7.6,77.7,24.560000000000002,0.0,0.4,5.15,-38.0,109.0,1.081,135,36,0.0,11.0
NEG-dhemaji-2015-12-25,dhemaji,,2015-12-25,0,27.48333,94.58333,0,0.0,0.0,4.1,14.46,0.0,0.0,1.24,-3.9,109.0,1.081,119,32,0.0,93.0
NEG-dhemaji-2018-04-21,dhemaji,,2018-04-21,0,27.48333,94.58333,0,41.1,108.89999999999998,148.29999999999998,24.199999999999996,13.4,18.0,15.11,95.0,109.0,1.081,130,35,0.0,102.0
NEG-dhemaji-2022-01-04,dhemaji,,2022-01-04,0,27.48333,94.58333,0,0.0,0.1,0.7,13.090000000000002,0.0,0.0,1.05,-2.8,109.0,1.081,152,38,0.0,119.0
NEG-dhemaji-2021-09-24,dhemaji,,2021-09-24,0,27.48333,94.58333,0,57.8,71.3,94.3,24.759999999999998,0.0,0.0,10.25,-3.2,109.0,1.081,152,38,0.0,17.0
NEG-dhemaji-2017-03-28,dhemaji,,2017-03-28,0,27.48333,94.58333,0,35.3,35.3,54.5,25.69,19.4,15.0,2.5,-37.5,109.0,1.081,125,34,0.0,80.0
NEG-dhemaji-2016-02-02,dhemaji,,2016-02-02,0,27.48333,94.58333,0,0.0,0.2,3.5000000000000004,16.42,0.3,0.0,1.06,-4.5,109.0,1.081,119,32,0.0,132.0
NEG-dhemaji-2015-04-16,dhemaji,,2015-04-16,0,27.48333,94.58333,0,0.2,42.300000000000004,169.3,24.49,20.7,28.8,7.47,-70.0,109.0,1.081,111,32,0.0,56.0
NEG-dhemaji-2017-04-27,dhemaji,,2017-04-27,0,27.48333,94.58333,0,155.1,186.29999999999998,206.29999999999998,14.139999999999999,12.7,14.1,52.21,688.7,109.0,1.081,125,34,0.0,110.0
NEG-dhemaji-2016-11-30,dhemaji,,2016-11-30,0,27.48333,94.58333,0,0.0,0.0,0.0,18.080000000000002,0.0,0.0,1.44,-2.7,109.0,1.081,124,33,0.0,78.0
NEG-dhemaji-2022-02-27,dhemaji,,2022-02-27,0,27.48333,94.58333,0,0.0,14.2,18.9,17.07,5.0,0.0,0.91,-6.2,109.0,1.081,152,38,0.0,173.0
NEG-dhemaji-2018-04-10,dhemaji,,2018-04-10,0,27.48333,94.58333,0,2.7,4.8,23.200000000000003,26.72,8.8,9.0,1.81,-28.5,109.0,1.081,130,35,0.0,91.0
NEG-dhemaji-2015-12-02,dhemaji,,2015-12-02,0,27.48333,94.58333,0,0.0,0.0,0.0,16.97,2.4,2.6,1.36,-4.2,109.0,1.081,119,32,0.0,70.0
NEG-dhemaji-2020-04-23,dhemaji,,2020-04-23,0,27.48333,94.58333,0,80.5,169.8,181.59999999999997,18.48,1.2,0.0,10.75,781.1,109.0,1.081,140,37,0.0,104.0
NEG-dhemaji-2016-04-18,dhemaji,,2016-04-18,0,27.48333,94.58333,0,20.6,93.6,187.1,18.57,0.0,10.6,15.56,3.3,109.0,1.081,119,32,0.0,208.0
NEG-dhemaji-2023-10-20,dhemaji,,2023-10-20,0,27.48333,94.58333,0,0.1,3.7,122.59999999999998,24.020000000000003,0.0,0.0,5.38,-60.6,109.0,1.081,202,40,0.0,49.0
NEG-dhemaji-2019-06-17,dhemaji,,2019-06-17,0,27.48333,94.58333,0,92.0,122.0,257.0,25.45,61.0,2.9,7.24,0.0,109.0,1.081,134,36,0.0,160.0
NEG-dhemaji-2020-04-12,dhemaji,,2020-04-12,0,27.48333,94.58333,0,11.2,16.2,51.60000000000001,28.72,0.0,0.0,1.4,12.0,109.0,1.081,140,37,0.0,93.0
NEG-dhemaji-2020-06-26,dhemaji,,2020-06-26,0,27.48333,94.58333,0,128.6,161.0,297.9000000000001,21.259999999999998,16.3,4.6,74.34,380.2,109.0,1.081,141,37,0.0,32.0
NEG-dhemaji-2017-12-21,dhemaji,,2017-12-21,0,27.48333,94.58333,0,0.0,1.5,2.6,15.07,0.0,0.0,1.39,-3.5,109.0,1.081,128,34,0.0,74.0
NEG-dhemaji-2016-01-09,dhemaji,,2016-01-09,0,27.48333,94.58333,0,1.0,1.0,1.0,16.439999999999998,0.0,0.0,1.3,9.2,109.0,1.081,119,32,0.0,108.0
NEG-dhemaji-2022-03-14,dhemaji,,2022-03-14,0,27.48333,94.58333,0,0.0,0.0,5.2,25.34,0.0,0.0,0.85,-2.3,109.0,1.081,152,38,0.0,188.0
NEG-dhemaji-2021-02-06,dhemaji,,2021-02-06,0,27.48333,94.58333,0,0.0,0.5,0.5,19.509999999999998,0.0,0.0,1.22,-2.4,109.0,1.081,141,37,0.0,257.0
NEG-dhemaji-2019-05-07,dhemaji,,2019-05-07,0,27.48333,94.58333,0,58.8,181.5,203.10000000000002,18.65,10.5,50.0,15.0,321.3,109.0,1.081,134,36,0.0,119.0
NEG-dhemaji-2017-01-27,dhemaji,,2017-01-27,0,27.48333,94.58333,0,0.0,0.0,0.0,20.43,0.1,0.0,1.06,-5.4,109.0,1.081,125,34,0.0,20.0
NEG-dhemaji-2019-02-28,dhemaji,,2019-02-28,0,27.48333,94.58333,0,20.3,33.7,83.0,14.02,6.6,0.0,7.43,110.5,109.0,1.081,134,36,0.0,51.0
NEG-dhemaji-2019-04-12,dhemaji,,2019-04-12,0,27.48333,94.58333,0,18.5,22.5,85.39999999999999,25.42,0.0,10.9,3.97,-22.5,109.0,1.081,134,36,0.0,94.0
NEG-dhemaji-2019-02-22,dhemaji,,2019-02-22,0,27.48333,94.58333,0,20.299999999999997,49.3,62.8,13.61,3.8,9.5,3.09,147.2,109.0,1.081,134,36,0.0,45.0
NEG-dhemaji-2017-02-03,dhemaji,,2017-02-03,0,27.48333,94.58333,0,6.8,6.8999999999999995,6.8999999999999995,17.939999999999998,0.0,0.0,1.09,2.8,109.0,1.081,125,34,0.0,27.0
NEG-dhemaji-2015-07-02,dhemaji,,2015-07-02,0,27.48333,94.58333,0,37.400000000000006,88.69999999999999,138.60000000000002,26.990000000000002,9.7,23.8,20.93,10.4,109.0,1.081,114,32,0.0,12.0
NEG-dhemaji-2017-12-14,dhemaji,,2017-12-14,0,27.48333,94.58333,0,1.1,1.1,1.1,15.82,0.1,0.0,1.44,-4.0,109.0,1.081,128,34,0.0,67.0
NEG-dhemaji-2019-12-07,dhemaji,,2019-12-07,0,27.48333,94.58333,0,0.0,4.3,5.3,16.01,0.0,0.0,1.59,-3.6,109.0,1.081,135,36,0.0,61.0
NEG-dhemaji-2020-03-19,dhemaji,,2020-03-19,0,27.48333,94.58333,0,0.4,3.3000000000000003,21.000000000000004,24.56,1.5,0.2,1.22,-11.6,109.0,1.081,140,37,0.0,69.0
NEG-dhemaji-2017-12-14,dhemaji,,2017-12-14,0,27.48333,94.58333,0,1.1,1.1,1.1,15.82,0.1,0.0,1.44,-4.0,109.0,1.081,128,34,0.0,67.0
NEG-dhemaji-2021-04-30,dhemaji,,2021-04-30,0,27.48333,94.58333,0,2.7,3.1,75.9,33.959999999999994,8.9,6.5,1.31,-45.4,109.0,1.081,141,37,0.0,340.0
NEG-dhemaji-2023-06-09,dhemaji,,2023-06-09,0,27.48333,94.58333,0,2.6,26.6,90.89999999999999,36.61,44.8,42.2,9.62,201.6,109.0,1.081,189,39,0.0,242.0
NEG-dhemaji-2022-10-23,dhemaji,,2022-10-23,0,27.48333,94.58333,0,0.0,8.7,270.5,26.550000000000004,18.1,22.4,9.52,-48.7,109.0,1.081,189,39,0.0,13.0
NEG-dhemaji-2016-02-01,dhemaji,,2016-02-01,0,27.48333,94.58333,0,0.0,0.8,3.5000000000000004,16.76,0.0,0.3,1.06,-4.5,109.0,1.081,119,32,0.0,131.0
NEG-dhemaji-2015-12-18,dhemaji,,2015-12-18,0,27.48333,94.58333,0,0.6,4.1,6.699999999999999,10.55,0.0,0.0,1.29,-2.3,109.0,1.081,119,32,0.0,86.0
NEG-dhemaji-2018-11-09,dhemaji,,2018-11-09,0,27.48333,94.58333,0,16.8,53.599999999999994,53.599999999999994,16.12,0.0,0.0,3.63,31.5,109.0,1.081,132,35,0.0,103.0
NEG-dhemaji-2021-01-26,dhemaji,,2021-01-26,0,27.48333,94.58333,0,0.0,10.3,13.7,11.26,0.0,0.0,1.28,0.0,109.0,1.081,141,37,0.0,246.0
NEG-dhemaji-2019-08-23,dhemaji,,2019-08-23,0,27.48333,94.58333,0,17.200000000000003,38.8,130.9,27.17,0.5,0.0,12.18,-31.2,109.0,1.081,134,36,0.0,227.0
NEG-dhemaji-2021-08-12,dhemaji,,2021-08-12,0,27.48333,94.58333,0,47.2,111.5,223.10000000000002,25.29,10.5,6.2,15.29,66.4,109.0,1.081,142,38,0.0,72.0
NEG-dhemaji-2017-07-20,dhemaji,,2017-07-20,0,27.48333,94.58333,0,23.6,44.5,477.1,32.72,11.3,7.1,22.77,-28.8,109.0,1.081,126,34,0.0,11.0
NEG-dhemaji-2021-03-17,dhemaji,,2021-03-17,0,27.48333,94.58333,0,3.0,4.9,42.2,23.22,0.0,0.0,1.16,3.6,109.0,1.081,141,37,0.0,296.0
NEG-dhemaji-2019-05-05,dhemaji,,2019-05-05,0,27.48333,94.58333,0,74.4,164.70000000000002,166.3,18.99,7.3,10.6,21.54,930.6,109.0,1.081,134,36,0.0,117.0
NEG-dhemaji-2020-11-10,dhemaji,,2020-11-10,0,27.48333,94.58333,0,0.0,39.6,52.7,18.69,0.0,0.0,4.89,-17.0,109.0,1.081,141,37,0.0,169.0
NEG-dhemaji-2019-09-11,dhemaji,,2019-09-11,0,27.48333,94.58333,0,84.0,131.1,151.3,18.13,36.6,67.2,15.48,57.3,109.0,1.081,134,36,0.0,246.0
NEG-dhemaji-2021-01-02,dhemaji,,2021-01-02,0,27.48333,94.58333,0,0.0,0.0,0.0,16.419999999999998,0.0,0.0,1.38,-2.8,109.0,1.081,141,37,0.0,222.0
NEG-dhemaji-2020-04-28,dhemaji,,2020-04-28,0,27.48333,94.58333,0,0.5,59.300000000000004,173.69999999999996,23.520000000000003,12.4,0.1,4.47,-17.4,109.0,1.081,140,37,0.0,109.0
NEG-dhemaji-2017-08-23,dhemaji,,2017-08-23,0,27.48333,94.58333,0,7.4,59.3,388.79999999999995,23.189999999999998,5.7,1.2,17.32,-23.9,109.0,1.081,126,34,0.0,45.0
NEG-dhemaji-2020-05-04,dhemaji,,2020-05-04,0,27.48333,94.58333,0,8.0,27.800000000000004,111.89999999999999,25.82,21.9,23.0,2.85,-42.3,109.0,1.081,140,37,0.0,115.0
NEG-dhemaji-2018-05-09,dhemaji,,2018-05-09,0,27.48333,94.58333,0,16.8,50.50000000000001,79.99999999999999,24.25,32.8,9.1,12.77,198.4,109.0,1.081,130,35,0.0,120.0
NEG-dhemaji-2015-11-20,dhemaji,,2015-11-20,0,27.48333,94.58333,0,2.4,4.699999999999999,4.699999999999999,15.64,0.0,0.0,1.48,-11.4,109.0,1.081,119,32,0.0,58.0
NEG-dhemaji-2019-06-06,dhemaji,,2019-06-06,0,27.48333,94.58333,0,61.8,63.199999999999996,124.8,29.29,25.7,9.8,6.85,-29.3,109.0,1.081,134,36,0.0,149.0
NEG-dhemaji-2023-01-04,dhemaji,,2023-01-04,0,27.48333,94.58333,0,0.0,0.5,25.799999999999997,12.709999999999999,0.0,0.0,1.2,-11.1,109.0,1.081,189,39,0.0,86.0
NEG-dhemaji-2020-08-18,dhemaji,,2020-08-18,0,27.48333,94.58333,0,32.3,74.5,144.79999999999998,14.309999999999999,2.2,9.7,21.44,-10.7,109.0,1.081,141,37,0.0,85.0
NEG-dhemaji-2020-10-17,dhemaji,,2020-10-17,0,27.48333,94.58333,0,0.0,1.0,39.0,27.05,0.3,2.8,8.71,-38.8,109.0,1.081,141,37,0.0,145.0
NEG-dhemaji-2023-12-23,dhemaji,,2023-12-23,0,27.48333,94.58333,0,0.0,0.0,6.0,15.809999999999999,0.0,0.0,1.28,-5.2,109.0,1.081,202,40,0.0,113.0
NEG-dhemaji-2022-08-07,dhemaji,,2022-08-07,0,27.48333,94.58333,0,22.7,79.7,256.4,24.39,4.6,18.9,10.8,-24.2,109.0,1.081,187,39,0.0,33.0
NEG-dhemaji-2021-12-15,dhemaji,,2021-12-15,0,27.48333,94.58333,0,0.0,0.4,0.4,15.58,0.0,0.0,1.16,-3.3,109.0,1.081,152,38,0.0,99.0
NEG-dhemaji-2016-05-07,dhemaji,,2016-05-07,0,27.48333,94.58333,0,2.2,28.599999999999998,130.70000000000002,25.51,5.5,0.0,15.48,-54.8,109.0,1.081,119,32,0.0,227.0
NEG-dhemaji-2016-12-09,dhemaji,,2016-12-09,0,27.48333,94.58333,0,0.0,0.0,0.0,17.13,0.0,0.0,1.36,-2.9,109.0,1.081,124,33,0.0,87.0
NEG-dhemaji-2016-11-15,dhemaji,,2016-11-15,0,27.48333,94.58333,0,0.0,0.1,0.1,18.150000000000002,0.0,0.0,1.56,-6.6,109.0,1.081,124,33,0.0,63.0
NEG-dhemaji-2017-05-17,dhemaji,,2017-05-17,0,27.48333,94.58333,0,15.600000000000001,24.700000000000003,106.19999999999999,32.18,1.3,11.8,13.52,-37.6,109.0,1.081,125,34,0.0,130.0
NEG-dhemaji-2017-02-28,dhemaji,,2017-02-28,0,27.48333,94.58333,0,0.7,66.5,93.30000000000001,14.68,0.0,6.1,1.56,-9.3,109.0,1.081,125,34,0.0,52.0
NEG-dhemaji-2016-05-31,dhemaji,,2016-05-31,0,27.48333,94.58333,0,1.5,30.7,129.2,26.700000000000003,0.4,0.0,12.9,-30.1,109.0,1.081,119,32,0.0,251.0
NEG-dhemaji-2015-11-17,dhemaji,,2015-11-17,0,27.48333,94.58333,0,2.3,2.3,29.4,19.16,0.0,0.0,1.54,-24.1,109.0,1.081,119,32,0.0,55.0
NEG-dhemaji-2022-08-30,dhemaji,,2022-08-30,0,27.48333,94.58333,0,146.1,176.39999999999998,195.1,23.569999999999997,8.2,16.4,5.15,-7.4,109.0,1.081,187,39,0.0,56.0
NEG-dhemaji-2019-11-19,dhemaji,,2019-11-19,0,27.48333,94.58333,0,19.700000000000003,20.700000000000003,25.000000000000004,16.46,0.0,0.0,1.85,-1.6,109.0,1.081,135,36,0.0,43.0
NEG-dhemaji-2017-04-07,dhemaji,,2017-04-07,0,27.48333,94.58333,0,10.2,126.00000000000001,195.89999999999998,21.550000000000004,6.4,20.1,11.85,191.9,109.0,1.081,125,34,0.0,90.0
NEG-dhemaji-2022-01-13,dhemaji,,2022-01-13,0,27.48333,94.58333,0,6.7,6.7,6.8,14.02,0.0,0.0,1.03,0.0,109.0,1.081,152,38,0.0,128.0
NEG-dhemaji-2017-11-22,dhemaji,,2017-11-22,0,27.48333,94.58333,0,0.0,0.0,0.0,16.86,0.0,0.0,1.62,-12.0,109.0,1.081,128,34,0.0,45.0
NEG-dhemaji-2023-02-26,dhemaji,,2023-02-26,0,27.48333,94.58333,0,4.6,110.49999999999999,120.1,15.17,0.0,0.0,4.47,334.0,109.0,1.081,189,39,0.0,139.0
NEG-dhemaji-2015-12-23,dhemaji,,2015-12-23,0,27.48333,94.58333,0,0.0,0.0,4.1,14.990000000000002,0.0,0.0,1.26,-3.8,109.0,1.081,119,32,0.0,91.0
NEG-dhemaji-2019-05-09,dhemaji,,2019-05-09,0,27.48333,94.58333,0,28.4,132.39999999999998,224.2,18.0,29.5,11.4,14.67,2.0,109.0,1.081,134,36,0.0,121.0
NEG-dhemaji-2021-03-28,dhemaji,,2021-03-28,0,27.48333,94.58333,0,0.6,0.7,3.7,29.28,0.0,11.5,1.0,-5.7,109.0,1.081,141,37,0.0,307.0
NEG-dhemaji-2019-06-16,dhemaji,,2019-06-16,0,27.48333,94.58333,0,74.5,121.6,219.49999999999997,24.94,3.0,61.0,7.13,1.3,109.0,1.081,134,36,0.0,159.0
NEG-dhemaji-2021-03-11,dhemaji,,2021-03-11,0,27.48333,94.58333,0,1.6,38.099999999999994,58.099999999999994,19.089999999999996,0.0,0.6,1.12,0.0,109.0,1.081,141,37,0.0,290.0
NEG-dhemaji-2018-08-28,dhemaji,,2018-08-28,0,27.48333,94.58333,0,39.599999999999994,137.2,193.79999999999998,17.41,28.8,9.7,17.71,-1.4,109.0,1.081,132,35,0.0,30.0
NEG-dhemaji-2018-02-05,dhemaji,,2018-02-05,0,27.48333,94.58333,0,14.600000000000001,14.600000000000001,25.6,10.979999999999999,0.0,1.9,1.22,2.5,109.0,1.081,130,35,0.0,27.0
NEG-dhemaji-2020-10-29,dhemaji,,2020-10-29,0,27.48333,94.58333,0,0.0,85.3,88.69999999999999,18.75,0.0,3.4,7.36,6.2,109.0,1.081,141,37,0.0,157.0
NEG-dhemaji-2020-02-20,dhemaji,,2020-02-20,0,27.48333,94.58333,0,29.9,32.3,34.1,14.71,0.0,0.0,1.38,5.3,109.0,1.081,140,37,0.0,41.0
NEG-dhemaji-2023-10-27,dhemaji,,2023-10-27,0,27.48333,94.58333,0,0.1,0.1,3.8000000000000003,22.759999999999998,0.0,0.0,3.07,-42.9,109.0,1.081,202,40,0.0,56.0
NEG-dhemaji-2022-11-08,dhemaji,,2022-11-08,0,27.48333,94.58333,0,0.0,0.0,34.4,22.11,0.0,0.0,3.86,-42.9,109.0,1.081,189,39,0.0,29.0
NEG-dhemaji-2021-12-27,dhemaji,,2021-12-27,0,27.48333,94.58333,0,0.6,0.6,0.6,15.47,0.0,0.0,1.09,-2.7,109.0,1.081,152,38,0.0,111.0
NEG-dhemaji-2021-08-03,dhemaji,,2021-08-03,0,27.48333,94.58333,0,79.19999999999999,99.5,145.9,27.44,8.3,7.7,9.99,4.7,109.0,1.081,142,38,0.0,63.0
NEG-dhemaji-2020-11-10,dhemaji,,2020-11-10,0,27.48333,94.58333,0,0.0,39.6,52.7,18.69,0.0,0.0,4.89,-17.0,109.0,1.081,141,37,0.0,169.0
NEG-dhemaji-2023-10-07,dhemaji,,2023-10-07,0,27.48333,94.58333,0,56.400000000000006,76.2,150.1,21.56,47.0,26.7,12.61,59.4,109.0,1.081,202,40,0.0,36.0
NEG-dhemaji-2019-09-15,dhemaji,,2019-09-15,0,27.48333,94.58333,0,114.60000000000001,219.90000000000003,268.0,13.82,39.7,16.5,19.84,91.1,109.0,1.081,134,36,0.0,250.0
NEG-dhemaji-2016-04-05,dhemaji,,2016-04-05,0,27.48333,94.58333,0,3.0,15.1,35.4,22.65,15.4,18.0,2.97,13.4,109.0,1.081,119,32,0.0,195.0
NEG-dhemaji-2019-08-25,dhemaji,,2019-08-25,0,27.48333,94.58333,0,11.3,40.3,114.90000000000002,25.97,0.2,4.4,11.13,-28.1,109.0,1.081,134,36,0.0,229.0
NEG-dhemaji-2021-05-09,dhemaji,,2021-05-09,0,27.48333,94.58333,0,12.3,52.199999999999996,64.0,24.43,18.9,5.1,1.12,-3.4,109.0,1.081,141,37,0.0,349.0
NEG-dhemaji-2021-08-05,dhemaji,,2021-08-05,0,27.48333,94.58333,0,12.200000000000001,111.6,137.3,26.490000000000002,22.3,25.4,9.19,4.8,109.0,1.081,142,38,0.0,65.0
NEG-dhemaji-2021-07-14,dhemaji,,2021-07-14,0,27.48333,94.58333,0,13.2,106.3,203.0,24.29,9.0,12.9,14.24,-16.2,109.0,1.081,142,38,0.0,43.0
NEG-dhemaji-2016-02-15,dhemaji,,2016-02-15,0,27.48333,94.58333,0,3.6,31.2,31.5,11.81,0.0,0.0,1.11,2.8,109.0,1.081,119,32,0.0,145.0
NEG-dhemaji-2016-03-08,dhemaji,,2016-03-08,0,27.48333,94.58333,0,5.699999999999999,5.699999999999999,16.4,23.18,2.5,1.5,1.36,28.3,109.0,1.081,119,32,0.0,167.0
NEG-dhemaji-2021-04-23,dhemaji,,2021-04-23,0,27.48333,94.58333,0,39.7,72.80000000000001,133.1,24.45,0.0,0.0,2.4,63.3,109.0,1.081,141,37,0.0,333.0
NEG-dhemaji-2023-09-29,dhemaji,,2023-09-29,0,27.48333,94.58333,0,0.1,107.10000000000001,180.79999999999998,22.700000000000003,0.0,2.6,8.55,-18.0,109.0,1.081,202,40,0.0,28.0
NEG-dhemaji-2016-02-18,dhemaji,,2016-02-18,0,27.48333,94.58333,0,0.0,12.1,31.200000000000003,11.15,0.0,0.7,1.05,-19.8,109.0,1.081,119,32,0.0,148.0
NEG-dhemaji-2023-10-24,dhemaji,,2023-10-24,0,27.48333,94.58333,0,0.0,0.1,33.0,25.78,0.0,0.1,3.92,-43.7,109.0,1.081,202,40,0.0,53.0
NEG-dhemaji-2018-03-17,dhemaji,,2018-03-17,0,27.48333,94.58333,0,65.6,66.0,114.89999999999999,21.290000000000003,2.9,0.0,9.0,155.0,109.0,1.081,130,35,0.0,67.0
NEG-dhemaji-2021-01-02,dhemaji,,2021-01-02,0,27.48333,94.58333,0,0.0,0.0,0.0,16.419999999999998,0.0,0.0,1.38,-2.8,109.0,1.081,141,37,0.0,222.0
NEG-dhemaji-2018-11-09,dhemaji,,2018-11-09,0,27.48333,94.58333,0,16.8,53.599999999999994,53.599999999999994,16.12,0.0,0.0,3.63,31.5,109.0,1.081,132,35,0.0,103.0
NEG-dhemaji-2019-08-11,dhemaji,,2019-08-11,0,27.48333,94.58333,0,25.2,32.599999999999994,177.40000000000003,31.69,0.0,13.4,17.97,-19.9,109.0,1.081,134,36,0.0,215.0
NEG-dhemaji-2017-12-17,dhemaji,,2017-12-17,0,27.48333,94.58333,0,1.5,2.6,2.6,13.68,0.0,0.0,1.42,-3.4,109.0,1.081,128,34,0.0,70.0
NEG-dhemaji-2019-04-18,dhemaji,,2019-04-18,0,27.48333,94.58333,0,15.0,25.900000000000002,51.60000000000001,26.27,8.8,1.4,3.25,-24.6,109.0,1.081,134,36,0.0,100.0
NEG-dhemaji-2020-06-11,dhemaji,,2020-06-11,0,27.48333,94.58333,0,4.3,88.80000000000001,237.20000000000002,24.529999999999998,11.2,11.1,13.42,-46.1,109.0,1.081,141,37,0.0,17.0
NEG-dhemaji-2021-10-30,dhemaji,,2021-10-30,0,27.48333,94.58333,0,0.0,4.7,101.5,23.54,0.0,0.0,1.62,-41.1,109.0,1.081,152,38,0.0,53.0
NEG-dhenkanal-2020-04-21,dhenkanal,,2020-04-21,0,20.65744,85.59693,0,7.8,9.0,9.0,39.23,1.8,0.9,0.09,-25.0,73.0,3.333,25,18,0.0,165.0
NEG-dhenkanal-2015-06-03,dhenkanal,,2015-06-03,0,20.65744,85.59693,0,0.8999999999999999,0.8999999999999999,2.6,42.03,0.4,8.5,0.03,0.0,73.0,3.333,23,16,0.0,2452.0
NEG-dhenkanal-2016-12-06,dhenkanal,,2016-12-06,0,20.65744,85.59693,0,0.0,0.0,0.0,24.219999999999995,0.0,0.0,0.12,-14.3,73.0,3.333,23,16,0.0,3004.0
NEG-dhenkanal-2018-02-02,dhenkanal,,2018-02-02,0,20.65744,85.59693,0,0.0,0.0,0.0,30.17,0.0,0.0,0.12,0.0,73.0,3.333,23,16,0.0,3427.0
NEG-dhenkanal-2019-07-09,dhenkanal,,2019-07-09,0,20.65744,85.59693,0,33.5,132.9,234.1,20.479999999999997,15.4,16.6,1.47,38.7,73.0,3.333,24,17,0.0,329.0
NEG-dhenkanal-2016-08-12,dhenkanal,,2016-08-12,0,20.65744,85.59693,0,111.8,199.10000000000002,353.1000000000001,10.75,1.4,11.5,3.58,29.2,73.0,3.333,23,16,0.0,2888.0
NEG-dhenkanal-2021-12-07,dhenkanal,,2021-12-07,0,20.65744,85.59693,0,98.2,99.6,100.5,15.440000000000001,0.0,8.7,0.73,329.4,73.0,3.333,27,20,0.0,86.0
NEG-dhenkanal-2021-10-29,dhenkanal,,2021-10-29,0,20.65744,85.59693,0,0.2,0.2,63.10000000000001,29.04,0.0,0.0,0.23,-43.9,73.0,3.333,27,20,0.0,47.0
NEG-dhenkanal-2022-08-20,dhenkanal,,2022-08-20,0,20.65744,85.59693,0,49.300000000000004,182.39999999999998,372.9,24.15,2.0,6.8,4.7,-9.8,73.0,3.333,27,20,0.0,342.0
NEG-dhenkanal-2022-10-12,dhenkanal,,2022-10-12,0,20.65744,85.59693,0,12.6,42.7,92.4,21.200000000000003,15.5,3.7,0.95,17.3,73.0,3.333,27,20,0.0,395.0
NEG-dhenkanal-2019-07-04,dhenkanal,,2019-07-04,0,20.65744,85.59693,0,148.29999999999998,174.7,211.8,23.31,19.4,29.3,0.75,525.0,73.0,3.333,24,17,0.0,324.0
NEG-dhenkanal-2015-06-08,dhenkanal,,2015-06-08,0,20.65744,85.59693,0,9.3,15.500000000000002,15.900000000000002,34.42,0.0,0.0,0.03,0.0,73.0,3.333,23,16,0.0,2457.0
NEG-dholpur-2019-06-10,dholpur,,2019-06-10,0,20.70376,84.48351,0,0.5,4.2,4.2,44.07999999999999,0.0,0.0,0.94,-6.0,84.0,0.991,18,14,0.0,1419.0
NEG-dholpur-2018-09-19,dholpur,,2018-09-19,0,20.70376,84.48351,0,51.400000000000006,51.5,137.2,27.04,39.5,8.6,4384.31,-51.9,84.0,0.991,18,14,0.0,1155.0
NEG-dholpur-2022-09-29,dholpur,,2022-09-29,0,20.70376,84.48351,0,4.1,26.300000000000004,117.79999999999998,26.85,0.4,10.5,4785.3,-26.0,84.0,0.991,23,16,0.0,38.0
NEG-dholpur-2017-08-31,dholpur,,2017-08-31,0,20.70376,84.48351,0,17.9,67.4,122.60000000000002,22.599999999999998,11.4,12.0,7062.18,18.9,84.0,0.991,18,14,0.0,771.0
NEG-dholpur-2023-05-13,dholpur,,2023-05-13,0,20.70376,84.48351,0,0.0,0.0,52.7,42.699999999999996,0.0,0.0,319.63,-6.7,84.0,0.991,23,16,0.0,264.0
NEG-dholpur-2020-04-30,dholpur,,2020-04-30,0,20.70376,84.48351,0,9.0,24.0,50.50000000000001,37.36,0.0,0.0,460.32,15.4,84.0,0.991,20,15,0.0,227.0
NEG-dholpur-2018-01-05,dholpur,,2018-01-05,0,20.70376,84.48351,0,0.0,0.0,0.0,23.5,0.0,0.0,771.68,-6.7,84.0,0.991,18,14,0.0,898.0
NEG-dholpur-2019-03-06,dholpur,,2019-03-06,0,20.70376,84.48351,0,0.5,1.0,1.9,31.020000000000003,0.0,0.0,292.09,-11.1,84.0,0.991,18,14,0.0,1323.0
NEG-dholpur-2015-03-24,dholpur,,2015-03-24,0,20.70376,84.48351,0,0.0,0.9,1.4,42.38,0.4,0.1,249.03,-1.8,84.0,0.991,17,13,0.0,766.0
NEG-dholpur-2018-10-15,dholpur,,2018-10-15,0,20.70376,84.48351,0,120.8,202.5,202.5,21.060000000000002,0.0,0.0,2876.4,63.7,84.0,0.991,18,14,0.0,1181.0
NEG-dholpur-2023-11-25,dholpur,,2023-11-25,0,20.70376,84.48351,0,0.1,0.2,0.2,24.43,0.0,0.0,1108.18,-5.6,84.0,0.991,24,17,0.0,159.0
NEG-dholpur-2018-05-26,dholpur,,2018-05-26,0,20.70376,84.48351,0,4.3,9.5,21.9,40.27,0.1,0.6,9.21,-96.5,84.0,0.991,18,14,0.0,1039.0
NEG-dholpur-2018-06-27,dholpur,,2018-06-27,0,20.70376,84.48351,0,15.899999999999999,24.8,24.8,29.62,19.0,0.9,69.96,112.3,84.0,0.991,18,14,0.0,1071.0
NEG-dholpur-2018-02-22,dholpur,,2018-02-22,0,20.70376,84.48351,0,0.0,0.0,1.2,35.89,0.0,0.0,328.61,-12.9,84.0,0.991,18,14,0.0,946.0
NEG-dholpur-2020-07-06,dholpur,,2020-07-06,0,20.70376,84.48351,0,23.6,64.89999999999999,137.7,25.77,1.9,4.9,3279.95,264.2,84.0,0.991,20,15,0.0,294.0
NEG-dholpur-2022-10-22,dholpur,,2022-10-22,0,20.70376,84.48351,0,0.8,22.3,74.60000000000001,25.84,0.0,0.0,2088.3,-40.4,84.0,0.991,23,16,0.0,61.0
NEG-dholpur-2022-09-06,dholpur,,2022-09-06,0,20.70376,84.48351,0,26.299999999999997,35.8,57.900000000000006,31.43,4.6,5.3,4284.49,-45.1,84.0,0.991,23,16,0.0,15.0
NEG-dholpur-2016-02-07,dholpur,,2016-02-07,0,20.70376,84.48351,0,0.0,0.0,0.0,30.04,0.0,0.0,330.89,9.4,84.0,0.991,18,14,0.0,200.0
NEG-dholpur-2017-07-22,dholpur,,2017-07-22,0,20.70376,84.48351,0,17.9,92.99999999999999,146.0,18.48,10.2,13.0,3604.79,119.9,84.0,0.991,18,14,0.0,731.0
NEG-dholpur-2016-07-04,dholpur,,2016-07-04,0,20.70376,84.48351,0,53.2,71.5,91.9,20.86,15.5,0.6,631.41,1263.1,84.0,0.991,18,14,0.0,348.0
NEG-dholpur-2018-05-15,dholpur,,2018-05-15,0,20.70376,84.48351,0,8.7,16.8,33.5,40.88,0.0,1.7,306.61,-3.6,84.0,0.991,18,14,0.0,1028.0
NEG-dhubri-2023-05-05,dhubri,,2023-05-05,0,26.01856,89.98564,0,24.9,54.4,73.2,30.82,0.1,0.0,13334.21,41.6,34.0,0.901,116,42,0.0,207.0
NEG-dhubri-2019-12-20,dhubri,,2019-12-20,0,26.01856,89.98564,0,0.0,0.4,0.4,16.03,0.0,0.0,4633.47,4.0,34.0,0.901,79,39,0.0,74.0
NEG-dhubri-2018-08-07,dhubri,,2018-08-07,0,26.01856,89.98564,0,45.1,147.2,254.79999999999998,22.04,8.9,3.1,34434.01,-11.7,34.0,0.901,78,38,0.0,303.0
NEG-dhubri-2018-01-08,dhubri,,2018-01-08,0,26.01856,89.98564,0,0.0,3.6,3.6,15.540000000000001,0.0,0.0,2753.23,-1.8,34.0,0.901,78,38,0.0,92.0
NEG-dhubri-2023-03-05,dhubri,,2023-03-05,0,26.01856,89.98564,0,0.0,0.0,2.0,27.019999999999996,0.0,0.0,3934.5,-36.2,34.0,0.901,116,42,0.0,146.0
NEG-dhubri-2019-09-04,dhubri,,2019-09-04,0,26.01856,89.98564,0,41.2,71.10000000000001,145.89999999999998,26.38,9.2,22.1,20748.13,-5.8,34.0,0.901,78,38,0.0,696.0
NEG-dhubri-2021-10-13,dhubri,,2021-10-13,0,26.01856,89.98564,0,0.9,8.1,220.10000000000005,25.34,0.0,0.0,13000.69,-31.5,34.0,0.901,89,41,0.0,39.0
NEG-dhubri-2022-03-29,dhubri,,2022-03-29,0,26.01856,89.98564,0,0.5,1.9,2.2,32.88,1.6,17.6,7480.7,139.9,34.0,0.901,89,41,0.0,206.0
NEG-dhubri-2016-01-01,dhubri,,2016-01-01,0,26.01856,89.98564,0,0.0,0.0,0.0,18.32,0.0,0.0,2830.39,-11.1,34.0,0.901,73,36,0.0,122.0
NEG-dhubri-2017-02-08,dhubri,,2017-02-08,0,26.01856,89.98564,0,0.1,0.9,2.0,22.48,0.0,0.0,2232.57,-6.0,34.0,0.901,76,37,0.0,191.0
NEG-dhubri-2019-12-15,dhubri,,2019-12-15,0,26.01856,89.98564,0,0.0,0.0,0.2,17.28,0.3,0.0,4274.63,-17.8,34.0,0.901,79,39,0.0,69.0
NEG-dhubri-2017-05-15,dhubri,,2017-05-15,0,26.01856,89.98564,0,31.1,47.2,179.39999999999998,26.519999999999996,3.8,0.2,13962.68,-32.1,34.0,0.901,76,37,0.0,287.0
NEG-dhubri-2019-07-26,dhubri,,2019-07-26,0,26.01856,89.98564,0,103.89999999999999,180.9,392.59999999999997,20.63,6.0,1.7,53087.44,4.5,34.0,0.901,78,38,0.0,656.0
NEG-dhubri-2023-04-23,dhubri,,2023-04-23,0,26.01856,89.98564,0,19.7,27.1,27.1,38.019999999999996,0.0,0.0,10422.18,56.3,34.0,0.901,116,42,0.0,195.0
NEG-dhubri-2020-06-07,dhubri,,2020-06-07,0,26.01856,89.98564,0,87.0,178.6,436.59999999999997,21.139999999999997,4.1,1.6,31404.1,16.4,34.0,0.901,82,40,0.0,151.0
NEG-dhubri-2023-07-08,dhubri,,2023-07-08,0,26.01856,89.98564,0,36.199999999999996,108.60000000000001,225.39999999999995,20.590000000000003,4.7,19.9,45813.17,14.6,34.0,0.901,120,43,0.0,14.0
NEG-dhubri-2020-10-16,dhubri,,2020-10-16,0,26.01856,89.98564,0,0.0,0.1,81.0,28.46,0.0,0.2,20043.72,-37.3,34.0,0.901,82,40,0.0,282.0
NEG-dhubri-2019-03-12,dhubri,,2019-03-12,0,26.01856,89.98564,0,0.9,5.5,21.799999999999997,26.32,0.0,0.0,6530.31,-5.4,34.0,0.901,78,38,0.0,520.0
NEG-dhubri-2020-10-11,dhubri,,2020-10-11,0,26.01856,89.98564,0,3.7,60.9,99.19999999999999,22.21,0.0,0.0,26483.99,-10.1,34.0,0.901,82,40,0.0,277.0
NEG-dhubri-2023-11-16,dhubri,,2023-11-16,0,26.01856,89.98564,0,0.0,0.0,0.30000000000000004,21.8,0.0,0.0,5198.96,-22.6,34.0,0.901,123,43,0.0,76.0
NEG-dhubri-2016-10-13,dhubri,,2016-10-13,0,26.01856,89.98564,0,44.900000000000006,88.8,113.39999999999999,14.270000000000001,0.5,0.0,34275.77,81.6,34.0,0.901,76,37,0.0,73.0
NEG-dhubri-2015-09-26,dhubri,,2015-09-26,0,26.01856,89.98564,0,59.3,193.2,212.0,12.85,0.2,0.0,35891.18,25.0,34.0,0.901,73,36,0.0,25.0
NEG-dhubri-2018-06-28,dhubri,,2018-06-28,0,26.01856,89.98564,0,68.5,119.1,279.09999999999997,25.33,1.4,7.8,35155.04,30.0,34.0,0.901,78,38,0.0,263.0
NEG-dhubri-2022-12-16,dhubri,,2022-12-16,0,26.01856,89.98564,0,0.7,0.7,0.7,15.72,0.0,0.0,3302.7,-11.7,34.0,0.901,116,42,0.0,67.0
NEG-dhubri-2020-09-06,dhubri,,2020-09-06,0,26.01856,89.98564,0,6.7,82.69999999999999,117.0,25.11,64.9,26.1,26976.41,-2.7,34.0,0.901,82,40,0.0,242.0
NEG-dhubri-2019-07-11,dhubri,,2019-07-11,0,26.01856,89.98564,0,122.0,204.0,265.0,19.810000000000002,41.0,35.8,72776.98,94.1,34.0,0.901,78,38,0.0,641.0
NEG-dhubri-2016-07-09,dhubri,,2016-07-09,0,26.01856,89.98564,0,31.599999999999998,127.89999999999999,192.49999999999997,16.54,19.5,11.0,44257.83,-16.8,34.0,0.901,74,37,0.0,76.0
NEG-dhubri-2023-10-02,dhubri,,2023-10-02,0,26.01856,89.98564,0,43.3,53.9,169.89999999999998,25.52,30.7,11.4,17497.47,-24.7,34.0,0.901,123,43,0.0,31.0
NEG-dhubri-2020-11-17,dhubri,,2020-11-17,0,26.01856,89.98564,0,0.0,0.0,1.8,23.259999999999998,0.0,0.0,8240.38,-31.1,34.0,0.901,82,40,0.0,314.0
NEG-dhubri-2021-05-18,dhubri,,2021-05-18,0,26.01856,89.98564,0,25.1,112.19999999999999,216.6,23.35,6.6,1.0,12588.25,58.9,34.0,0.901,82,40,0.0,496.0
NEG-dhubri-2015-04-29,dhubri,,2015-04-29,0,26.01856,89.98564,0,2.1,78.5,168.99999999999997,23.419999999999998,1.5,4.0,12245.16,-3.2,34.0,0.901,69,36,0.0,69.0
NEG-dhubri-2016-12-12,dhubri,,2016-12-12,0,26.01856,89.98564,0,0.0,0.0,0.0,21.79,0.0,0.0,3279.95,-11.5,34.0,0.901,76,37,0.0,133.0
NEG-dhubri-2017-02-28,dhubri,,2017-02-28,0,26.01856,89.98564,0,0.0,11.7,14.4,25.8,0.0,0.0,4633.47,118.3,34.0,0.901,76,37,0.0,211.0
NEG-dhubri-2017-04-02,dhubri,,2017-04-02,0,26.01856,89.98564,0,25.2,43.400000000000006,87.4,18.4,21.6,41.9,11720.95,112.8,34.0,0.901,76,37,0.0,244.0
NEG-dhubri-2015-05-16,dhubri,,2015-05-16,0,26.01856,89.98564,0,62.300000000000004,87.19999999999999,146.79999999999998,25.33,8.6,4.2,10838.27,2.8,34.0,0.901,69,36,0.0,86.0
NEG-dhubri-2020-02-13,dhubri,,2020-02-13,0,26.01856,89.98564,0,0.0,0.1,1.2000000000000002,21.35,0.0,0.0,3379.65,-20.4,34.0,0.901,82,40,0.0,36.0
NEG-dhubri-2015-07-27,dhubri,,2015-07-27,0,26.01856,89.98564,0,22.0,177.5,271.00000000000006,18.37,0.1,0.8,31331.85,-9.8,34.0,0.901,70,36,0.0,13.0
NEG-dhubri-2019-01-16,dhubri,,2019-01-16,0,26.01856,89.98564,0,0.0,0.6,0.6,17.87,0.0,0.0,2765.94,-6.5,34.0,0.901,78,38,0.0,465.0
NEG-dhubri-2022-11-26,dhubri,,2022-11-26,0,26.01856,89.98564,0,0.0,0.0,0.0,18.459999999999997,0.0,0.0,5259.17,-22.0,34.0,0.901,116,42,0.0,47.0
NEG-dhubri-2017-03-26,dhubri,,2017-03-26,0,26.01856,89.98564,0,37.2,44.0,47.8,21.63,1.0,5.6,5507.08,-12.7,34.0,0.901,76,37,0.0,237.0
NEG-dhubri-2018-01-27,dhubri,,2018-01-27,0,26.01856,89.98564,0,0.1,0.1,0.1,17.79,0.0,0.0,2539.97,-1.8,34.0,0.901,78,38,0.0,111.0
NEG-dhubri-2019-02-17,dhubri,,2019-02-17,0,26.01856,89.98564,0,2.5,2.5,40.300000000000004,20.060000000000002,0.7,0.0,2740.57,10.9,34.0,0.901,78,38,0.0,497.0
NEG-dhubri-2020-03-16,dhubri,,2020-03-16,0,26.01856,89.98564,0,8.6,8.7,15.4,24.61,0.0,0.0,5068.91,13.8,34.0,0.901,82,40,0.0,68.0
NEG-dhubri-2020-08-30,dhubri,,2020-08-30,0,26.01856,89.98564,0,11.7,34.3,111.00000000000001,27.55,29.9,33.6,27732.19,-20.6,34.0,0.901,82,40,0.0,235.0
NEG-dhubri-2019-06-14,dhubri,,2019-06-14,0,26.01856,89.98564,0,14.0,37.7,122.8,29.86,19.3,13.7,21085.28,29.1,34.0,0.901,78,38,0.0,614.0
NEG-dhubri-2022-02-15,dhubri,,2022-02-15,0,26.01856,89.98564,0,0.0,5.0,40.9,16.64,0.0,0.0,3514.6,-6.9,34.0,0.901,89,41,0.0,164.0
NEG-dhubri-2016-05-22,dhubri,,2016-05-22,0,26.01856,89.98564,0,40.4,272.9,360.5,14.65,1.6,10.9,27038.6,34.3,34.0,0.901,74,37,0.0,28.0
NEG-dhubri-2022-08-22,dhubri,,2022-08-22,0,26.01856,89.98564,0,29.700000000000003,48.6,115.39999999999999,30.689999999999998,20.0,1.3,17217.69,-13.1,34.0,0.901,115,42,0.0,53.0
NEG-dhubri-2015-05-06,dhubri,,2015-05-06,0,26.01856,89.98564,0,10.0,31.000000000000004,109.5,25.62,32.6,0.3,12330.05,0.7,34.0,0.901,69,36,0.0,76.0
NEG-dhubri-2019-03-06,dhubri,,2019-03-06,0,26.01856,89.98564,0,5.2,20.5,21.7,20.040000000000003,0.0,0.0,6470.43,47.9,34.0,0.901,78,38,0.0,514.0
NEG-dhubri-2020-06-25,dhubri,,2020-06-25,0,26.01856,89.98564,0,53.8,126.2,240.5,22.13,268.3,32.5,57543.03,38.7,34.0,0.901,82,40,0.0,169.0
NEG-dhubri-2016-12-28,dhubri,,2016-12-28,0,26.01856,89.98564,0,3.4,3.4,3.4,15.78,0.0,0.0,2950.21,2.6,34.0,0.901,76,37,0.0,149.0
NEG-dhubri-2020-04-27,dhubri,,2020-04-27,0,26.01856,89.98564,0,38.800000000000004,71.2,161.0,24.050000000000004,0.9,10.6,10350.42,35.2,34.0,0.901,82,40,0.0,110.0
NEG-dhubri-2021-07-31,dhubri,,2021-07-31,0,26.01856,89.98564,0,37.8,50.1,145.99999999999997,26.87,18.2,13.0,30548.22,3.3,34.0,0.901,82,40,0.0,570.0
NEG-dhubri-2021-03-08,dhubri,,2021-03-08,0,26.01856,89.98564,0,0.5,0.5,1.5,27.419999999999995,0.5,2.5,3722.92,60.4,34.0,0.901,82,40,0.0,425.0
NEG-dhubri-2018-12-03,dhubri,,2018-12-03,0,26.01856,89.98564,0,0.0,0.0,0.0,18.77,0.0,0.0,4896.79,-21.5,34.0,0.901,78,38,0.0,421.0
NEG-dhubri-2018-11-11,dhubri,,2018-11-11,0,26.01856,89.98564,0,0.0,3.2,4.7,19.83,0.0,0.4,8569.38,7.9,34.0,0.901,78,38,0.0,399.0
NEG-dhubri-2016-10-31,dhubri,,2016-10-31,0,26.01856,89.98564,0,0.6,1.5,1.5,22.71,0.0,0.0,11586.78,-19.6,34.0,0.901,76,37,0.0,91.0
NEG-dhubri-2017-11-25,dhubri,,2017-11-25,0,26.01856,89.98564,0,0.4,0.5,0.8,19.15,0.3,0.5,5034.01,-17.4,34.0,0.901,78,38,0.0,48.0
NEG-dhubri-2023-05-26,dhubri,,2023-05-26,0,26.01856,89.98564,0,8.3,93.2,234.79999999999998,26.429999999999996,6.5,1.7,12881.5,-16.6,34.0,0.901,116,42,0.0,228.0
NEG-dhubri-2022-09-22,dhubri,,2022-09-22,0,26.01856,89.98564,0,28.9,71.5,118.8,22.4,9.7,25.4,19587.44,-18.7,34.0,0.901,115,42,0.0,84.0
NEG-dhubri-2016-01-06,dhubri,,2016-01-06,0,26.01856,89.98564,0,0.0,0.0,0.0,17.979999999999997,0.0,2.5,2696.74,-7.7,34.0,0.901,73,36,0.0,127.0
NEG-dhubri-2018-03-13,dhubri,,2018-03-13,0,26.01856,89.98564,0,0.0,0.8,2.2,31.509999999999998,0.2,1.8,5431.5,16.7,34.0,0.901,78,38,0.0,156.0
NEG-dhubri-2015-04-23,dhubri,,2015-04-23,0,26.01856,89.98564,0,53.2,131.1,142.9,23.59,19.6,10.0,13395.76,59.6,34.0,0.901,69,36,0.0,63.0
NEG-dhubri-2019-05-03,dhubri,,2019-05-03,0,26.01856,89.98564,0,70.5,124.4,128.5,23.03,69.9,0.3,16709.91,139.4,34.0,0.901,78,38,0.0,572.0
NEG-dhubri-2016-10-29,dhubri,,2016-10-29,0,26.01856,89.98564,0,1.0,1.5,1.5,23.03,0.0,0.0,12386.96,-23.1,34.0,0.901,76,37,0.0,89.0
NEG-dhubri-2021-06-01,dhubri,,2021-06-01,0,26.01856,89.98564,0,85.0,146.70000000000002,208.7,20.86,6.1,3.1,24830.33,42.9,34.0,0.901,82,40,0.0,510.0
NEG-dhubri-2023-09-30,dhubri,,2023-09-30,0,26.01856,89.98564,0,1.4000000000000001,40.5,128.70000000000002,25.080000000000002,9.0,5.9,18662.79,-12.9,34.0,0.901,123,43,0.0,29.0
NEG-dhubri-2017-05-27,dhubri,,2017-05-27,0,26.01856,89.98564,0,32.5,99.7,137.1,23.34,9.0,2.5,17178.09,30.6,34.0,0.901,76,37,0.0,299.0
NEG-dhubri-2017-06-25,dhubri,,2017-06-25,0,26.01856,89.98564,0,43.6,88.79999999999998,235.0,19.439999999999998,6.8,2.2,37582.72,-9.2,34.0,0.901,76,37,0.0,328.0
NEG-dhubri-2022-04-05,dhubri,,2022-04-05,0,26.01856,89.98564,0,84.30000000000001,127.1,129.0,16.08,39.8,26.4,18070.74,141.6,34.0,0.901,89,41,0.0,213.0
NEG-dhubri-2017-07-11,dhubri,,2017-07-11,0,26.01856,89.98564,0,102.0,218.8,415.1000000000001,14.970000000000002,16.4,4.5,70144.56,15.3,34.0,0.901,76,37,0.0,344.0
NEG-dhubri-2022-08-07,dhubri,,2022-08-07,0,26.01856,89.98564,0,37.3,138.3,265.4,23.32,10.6,0.4,24716.25,-16.1,34.0,0.901,115,42,0.0,38.0
NEG-dhubri-2017-04-26,dhubri,,2017-04-26,0,26.01856,89.98564,0,23.8,169.0,202.1,13.780000000000001,1.7,28.4,18364.38,101.8,34.0,0.901,76,37,0.0,268.0
NEG-dhubri-2018-01-07,dhubri,,2018-01-07,0,26.01856,89.98564,0,0.0,3.6,3.6,16.0,0.0,0.0,2727.98,-3.8,34.0,0.901,78,38,0.0,91.0
NEG-dhubri-2022-04-22,dhubri,,2022-04-22,0,26.01856,89.98564,0,60.1,68.7,195.39999999999998,25.91,5.9,0.1,17740.9,4.0,34.0,0.901,89,41,0.0,230.0
NEG-dhubri-2019-08-05,dhubri,,2019-08-05,0,26.01856,89.98564,0,18.9,34.1,191.3,27.79,30.0,8.7,38369.74,-14.7,34.0,0.901,78,38,0.0,666.0
NEG-dhubri-2020-10-03,dhubri,,2020-10-03,0,26.01856,89.98564,0,20.4,55.89999999999999,248.2,21.96,13.0,13.9,29375.49,-33.6,34.0,0.901,82,40,0.0,269.0
NEG-dhubri-2015-03-24,dhubri,,2015-03-24,0,26.01856,89.98564,0,3.2,3.2,3.2,38.269999999999996,0.0,0.0,4919.39,21.9,34.0,0.901,69,36,0.0,33.0
NEG-dhubri-2023-10-02,dhubri,,2023-10-02,0,26.01856,89.98564,0,43.3,53.9,169.89999999999998,25.52,30.7,11.4,17497.47,-24.7,34.0,0.901,123,43,0.0,31.0
NEG-dhubri-2023-08-10,dhubri,,2023-08-10,0,26.01856,89.98564,0,81.0,139.4,228.5,22.169999999999998,16.3,31.2,38369.74,17.8,34.0,0.901,120,43,0.0,47.0
NEG-dhubri-2022-08-26,dhubri,,2022-08-26,0,26.01856,89.98564,0,21.3,52.2,126.6,28.55,8.3,9.6,15380.54,-13.5,34.0,0.901,115,42,0.0,57.0
NEG-dhubri-2015-02-06,dhubri,,2015-02-06,0,26.01856,89.98564,0,0.0,0.0,1.7,21.75,0.0,0.0,2715.44,14.0,34.0,0.901,68,35,0.0,137.0
NEG-dhubri-2020-04-25,dhubri,,2020-04-25,0,26.01856,89.98564,0,25.5,89.5,141.4,22.12,14.4,5.2,13121.0,126.5,34.0,0.901,82,40,0.0,108.0
NEG-dhubri-2016-06-25,dhubri,,2016-06-25,0,26.01856,89.98564,0,37.2,89.7,185.09999999999997,17.23,9.0,19.2,40925.07,34.9,34.0,0.901,74,37,0.0,62.0
NEG-dhubri-2022-04-05,dhubri,,2022-04-05,0,26.01856,89.98564,0,84.30000000000001,127.1,129.0,16.08,39.8,26.4,18070.74,141.6,34.0,0.901,89,41,0.0,213.0
NEG-dhubri-2016-12-10,dhubri,,2016-12-10,0,26.01856,89.98564,0,0.0,0.0,0.0,22.32,0.0,0.0,3403.08,-9.8,34.0,0.901,76,37,0.0,131.0
NEG-dhubri-2021-09-28,dhubri,,2021-09-28,0,26.01856,89.98564,0,1.8,14.799999999999999,67.0,28.38,3.9,0.0,19452.6,-29.2,34.0,0.901,89,41,0.0,24.0
NEG-dhubri-2023-12-25,dhubri,,2023-12-25,0,26.01856,89.98564,0,0.0,0.0,3.4,15.629999999999999,0.0,0.0,3046.89,-10.3,34.0,0.901,123,43,0.0,115.0
NEG-dhubri-2015-02-04,dhubri,,2015-02-04,0,26.01856,89.98564,0,0.0,1.7,1.7,20.04,0.0,0.0,2797.98,18.6,34.0,0.901,68,35,0.0,135.0
NEG-dhubri-2017-07-05,dhubri,,2017-07-05,0,26.01856,89.98564,0,168.8,252.6,327.8,16.43,38.0,7.1,59565.23,41.3,34.0,0.901,76,37,0.0,338.0
NEG-dhubri-2017-10-30,dhubri,,2017-10-30,0,26.01856,89.98564,0,1.5,4.9,118.7,20.36,9.4,0.0,14926.94,-40.4,34.0,0.901,78,38,0.0,22.0
NEG-dhubri-2021-10-27,dhubri,,2021-10-27,0,26.01856,89.98564,0,0.9,33.5,138.5,18.68,0.0,0.0,13151.25,-16.8,34.0,0.901,89,41,0.0,53.0
NEG-dhubri-2018-06-05,dhubri,,2018-06-05,0,26.01856,89.98564,0,13.9,40.099999999999994,185.6,27.07,5.0,2.5,16825.74,-33.2,34.0,0.901,78,38,0.0,240.0
NEG-dhubri-2022-12-29,dhubri,,2022-12-29,0,26.01856,89.98564,0,1.7000000000000002,1.7000000000000002,2.5,14.620000000000001,0.0,0.0,3060.96,-0.7,34.0,0.901,116,42,0.0,80.0
NEG-dhubri-2022-12-15,dhubri,,2022-12-15,0,26.01856,89.98564,0,0.0,0.0,0.0,16.05,0.1,0.0,3356.38,-12.1,34.0,0.901,116,42,0.0,66.0
NEG-dhubri-2022-03-17,dhubri,,2022-03-17,0,26.01856,89.98564,0,0.0,0.0,0.0,32.209999999999994,0.0,0.0,2869.78,-9.4,34.0,0.901,89,41,0.0,194.0
NEG-dhubri-2018-02-01,dhubri,,2018-02-01,0,26.01856,89.98564,0,0.1,0.1,0.2,17.22,0.0,0.3,2665.86,6.2,34.0,0.901,78,38,0.0,116.0
NEG-dhubri-2019-03-23,dhubri,,2019-03-23,0,26.01856,89.98564,0,0.0,1.0,1.9000000000000001,35.61,0.0,0.0,7637.36,35.2,34.0,0.901,78,38,0.0,531.0
NEG-dhubri-2018-11-29,dhubri,,2018-11-29,0,26.01856,89.98564,0,0.0,0.0,1.6,19.57,0.0,0.0,5570.86,-27.4,34.0,0.901,78,38,0.0,417.0
NEG-dhubri-2020-02-24,dhubri,,2020-02-24,0,26.01856,89.98564,0,0.0,0.7000000000000001,0.7000000000000001,21.36,7.8,6.3,3646.54,15.6,34.0,0.901,82,40,0.0,47.0
NEG-dhubri-2017-10-29,dhubri,,2017-10-29,0,26.01856,89.98564,0,0.2,3.8000000000000003,121.10000000000001,20.679999999999996,59.0,9.4,15738.83,-36.0,34.0,0.901,78,38,0.0,21.0
NEG-dhubri-2017-06-12,dhubri,,2017-06-12,0,26.01856,89.98564,0,26.4,54.60000000000001,149.4,29.35,9.3,19.9,22802.41,-33.6,34.0,0.901,76,37,0.0,315.0
NEG-dhubri-2020-03-26,dhubri,,2020-03-26,0,26.01856,89.98564,0,0.1,4.3,12.899999999999999,28.57,0.0,0.0,4697.94,-13.5,34.0,0.901,82,40,0.0,78.0
NEG-dhubri-2018-05-22,dhubri,,2018-05-22,0,26.01856,89.98564,0,6.3,20.499999999999996,108.19999999999999,27.17,19.7,31.0,9593.01,-20.0,34.0,0.901,78,38,0.0,226.0
NEG-dhubri-2022-08-05,dhubri,,2022-08-05,0,26.01856,89.98564,0,18.0,141.1,268.2,22.16,23.9,3.6,26667.6,6.9,34.0,0.901,115,42,0.0,36.0
NEG-dhubri-2020-11-02,dhubri,,2020-11-02,0,26.01856,89.98564,0,0.2,7.0,104.3,23.57,1.8,0.0,14654.48,-42.2,34.0,0.901,82,40,0.0,299.0
NEG-dhubri-2021-12-29,dhubri,,2021-12-29,0,26.01856,89.98564,0,0.0,4.2,4.2,14.600000000000001,0.0,0.0,3012.01,-8.8,34.0,0.901,89,41,0.0,116.0
NEG-dhubri-2019-06-15,dhubri,,2019-06-15,0,26.01856,89.98564,0,9.2,40.6,96.89999999999999,29.83,13.7,13.8,22593.36,31.8,34.0,0.901,78,38,0.0,615.0
NEG-dhubri-2021-07-22,dhubri,,2021-07-22,0,26.01856,89.98564,0,33.1,96.3,144.70000000000002,18.5,15.3,2.0,31259.79,-6.9,34.0,0.901,82,40,0.0,561.0
NEG-dhubri-2016-02-24,dhubri,,2016-02-24,0,26.01856,89.98564,0,0.0,0.0,0.3,28.72,0.0,0.0,4590.98,36.5,34.0,0.901,73,36,0.0,176.0
NEG-dhubri-2015-01-31,dhubri,,2015-01-31,0,26.01856,89.98564,0,1.7,1.7,2.0,19.42,0.0,0.0,2425.61,0.5,34.0,0.901,68,35,0.0,131.0
NEG-dhubri-2020-09-26,dhubri,,2020-09-26,0,26.01856,89.98564,0,119.9,192.3,366.79999999999995,18.560000000000002,8.2,0.1,44257.83,40.9,34.0,0.901,82,40,0.0,262.0
NEG-dhubri-2019-03-13,dhubri,,2019-03-13,0,26.01856,89.98564,0,0.9,1.2,21.7,27.92,0.0,0.0,6207.69,-4.1,34.0,0.901,78,38,0.0,521.0
NEG-dhubri-2021-04-18,dhubri,,2021-04-18,0,26.01856,89.98564,0,6.4,7.2,21.300000000000004,33.69,2.0,0.3,7924.01,43.6,34.0,0.901,82,40,0.0,466.0
NEG-dhubri-2022-04-05,dhubri,,2022-04-05,0,26.01856,89.98564,0,84.30000000000001,127.1,129.0,16.08,39.8,26.4,18070.74,141.6,34.0,0.901,89,41,0.0,213.0
NEG-dhubri-2021-10-30,dhubri,,2021-10-30,0,26.01856,89.98564,0,0.0,0.9,138.5,21.270000000000003,0.0,0.0,10963.78,-46.4,34.0,0.901,89,41,0.0,56.0
NEG-dhubri-2018-03-03,dhubri,,2018-03-03,0,26.01856,89.98564,0,1.3,5.3,5.8,22.810000000000002,0.0,0.0,3474.36,2.8,34.0,0.901,78,38,0.0,146.0
NEG-dhubri-2018-05-07,dhubri,,2018-05-07,0,26.01856,89.98564,0,55.5,143.39999999999998,180.0,22.330000000000002,13.6,58.6,9224.71,10.2,34.0,0.901,78,38,0.0,211.0
NEG-dhubri-2022-09-04,dhubri,,2022-09-04,0,26.01856,89.98564,0,50.2,127.10000000000001,162.2,18.68,23.5,16.4,20748.13,41.6,34.0,0.901,115,42,0.0,66.0
NEG-dhubri-2016-03-18,dhubri,,2016-03-18,0,26.01856,89.98564,0,0.0,0.0,3.9,38.87,0.1,8.0,7062.18,67.1,34.0,0.901,73,36,0.0,199.0
NEG-dhubri-2020-05-27,dhubri,,2020-05-27,0,26.01856,89.98564,0,198.0,380.1,493.4,13.270000000000001,0.0,4.1,52359.03,367.8,34.0,0.901,82,40,0.0,140.0
NEG-dhubri-2015-09-19,dhubri,,2015-09-19,0,26.01856,89.98564,0,0.2,18.8,93.50000000000001,26.369999999999997,17.9,27.5,28706.82,-14.7,34.0,0.901,73,36,0.0,18.0
NEG-dhubri-2018-10-09,dhubri,,2018-10-09,0,26.01856,89.98564,0,3.7,5.699999999999999,47.999999999999986,26.349999999999998,0.3,6.9,18364.38,-21.1,34.0,0.901,78,38,0.0,366.0
NEG-dhubri-2018-02-06,dhubri,,2018-02-06,0,26.01856,89.98564,0,0.3,0.4,0.5,17.39,0.0,0.0,2746.89,4.0,34.0,0.901,78,38,0.0,121.0
NEG-dhubri-2022-03-08,dhubri,,2022-03-08,0,26.01856,89.98564,0,0.0,0.0,7.199999999999999,27.580000000000002,0.0,0.0,3310.31,0.9,34.0,0.901,89,41,0.0,185.0
NEG-dhubri-2018-08-24,dhubri,,2018-08-24,0,26.01856,89.98564,0,45.2,83.9,182.29999999999998,28.630000000000003,2.9,32.0,29240.53,-3.4,34.0,0.901,78,38,0.0,320.0
NEG-dhubri-2018-02-08,dhubri,,2018-02-08,0,26.01856,89.98564,0,0.2,0.5,0.6000000000000001,17.79,0.0,0.0,2856.59,7.2,34.0,0.901,78,38,0.0,123.0
NEG-dhubri-2017-12-05,dhubri,,2017-12-05,0,26.01856,89.98564,0,0.0,0.2,1.4,18.380000000000003,0.0,0.0,3980.07,-14.9,34.0,0.901,78,38,0.0,58.0
NEG-dhubri-2022-12-22,dhubri,,2022-12-22,0,26.01856,89.98564,0,0.0,0.7999999999999999,0.7999999999999999,15.06,0.0,0.0,3082.19,-8.2,34.0,0.901,116,42,0.0,73.0
NEG-dhubri-2022-04-22,dhubri,,2022-04-22,0,26.01856,89.98564,0,60.1,68.7,195.39999999999998,25.91,5.9,0.1,17740.9,4.0,34.0,0.901,89,41,0.0,230.0
NEG-dhubri-2018-05-08,dhubri,,2018-05-08,0,26.01856,89.98564,0,11.4,91.4,181.1,22.79,58.6,2.9,10161.49,15.1,34.0,0.901,78,38,0.0,212.0
NEG-dhubri-2017-02-10,dhubri,,2017-02-10,0,26.01856,89.98564,0,0.1,0.1,2.0,23.77,0.0,0.0,2093.11,-12.3,34.0,0.901,76,37,0.0,193.0
NEG-dhubri-2016-09-06,dhubri,,2016-09-06,0,26.01856,89.98564,0,46.1,104.30000000000001,127.0,17.89,6.7,0.9,28509.18,70.2,34.0,0.901,76,37,0.0,36.0
NEG-dhubri-2020-10-19,dhubri,,2020-10-19,0,26.01856,89.98564,0,0.2,0.2,48.1,27.89,0.0,0.1,17297.16,-30.3,34.0,0.901,82,40,0.0,285.0
NEG-dhubri-2023-08-02,dhubri,,2023-08-02,0,26.01856,89.98564,0,63.9,98.69999999999999,170.0,30.060000000000002,11.6,6.2,30407.84,-8.4,34.0,0.901,120,43,0.0,39.0
NEG-dhubri-2023-12-31,dhubri,,2023-12-31,0,26.01856,89.98564,0,0.0,0.0,0.0,15.689999999999998,0.0,0.0,2772.32,-10.5,34.0,0.901,123,43,0.0,121.0
NEG-dhubri-2021-09-23,dhubri,,2021-09-23,0,26.01856,89.98564,0,12.399999999999999,49.900000000000006,81.3,22.05,0.2,0.5,24377.11,-5.4,34.0,0.901,89,41,0.0,19.0
NEG-dhubri-2019-07-14,dhubri,,2019-07-14,0,26.01856,89.98564,0,161.5,335.2,375.5,11.02,37.8,25.9,78884.99,81.1,34.0,0.901,78,38,0.0,644.0
NEG-dhubri-2018-08-02,dhubri,,2018-08-02,0,26.01856,89.98564,0,53.0,123.10000000000001,212.49999999999997,21.01,2.3,20.6,44770.33,28.5,34.0,0.901,78,38,0.0,298.0
NEG-dhubri-2022-08-20,dhubri,,2022-08-20,0,26.01856,89.98564,0,21.0,88.7,128.2,30.209999999999997,4.1,1.2,17457.23,-16.4,34.0,0.901,115,42,0.0,51.0
NEG-dhubri-2023-02-02,dhubri,,2023-02-02,0,26.01856,89.98564,0,0.0,0.0,0.0,16.89,0.0,0.0,2629.27,-7.3,34.0,0.901,116,42,0.0,115.0
NEG-dhubri-2015-04-15,dhubri,,2015-04-15,0,26.01856,89.98564,0,8.1,14.4,75.1,31.15,0.0,9.2,8993.98,-34.8,34.0,0.901,69,36,0.0,55.0
NEG-dhubri-2022-05-08,dhubri,,2022-05-08,0,26.01856,89.98564,0,2.2,22.900000000000002,80.5,28.610000000000003,5.5,1.7,13739.42,-19.3,34.0,0.901,89,41,0.0,246.0
NEG-dhubri-2020-07-30,dhubri,,2020-07-30,0,26.01856,89.98564,0,121.4,167.0,373.6,21.08,13.4,5.4,53087.44,-18.0,34.0,0.901,82,40,0.0,204.0
NEG-dhubri-2018-04-25,dhubri,,2018-04-25,0,26.01856,89.98564,0,10.5,63.0,130.0,21.340000000000003,0.1,1.2,10664.96,15.3,34.0,0.901,78,38,0.0,199.0
NEG-dhubri-2017-11-28,dhubri,,2017-11-28,0,26.01856,89.98564,0,0.8,1.2,1.6,17.93,0.0,0.0,4676.35,-14.7,34.0,0.901,78,38,0.0,51.0
NEG-dhubri-2019-09-11,dhubri,,2019-09-11,0,26.01856,89.98564,0,52.199999999999996,116.4,187.50000000000003,22.560000000000002,37.9,18.8,24489.63,18.0,34.0,0.901,78,38,0.0,703.0
NEG-dhubri-2019-07-16,dhubri,,2019-07-16,0,26.01856,89.98564,0,138.7,359.90000000000003,472.50000000000006,9.969999999999999,5.0,1.1,69501.43,23.9,34.0,0.901,78,38,0.0,646.0
NEG-dhubri-2019-05-10,dhubri,,2019-05-10,0,26.01856,89.98564,0,14.5,98.60000000000001,223.00000000000003,24.37,13.7,41.3,20369.42,21.9,34.0,0.901,78,38,0.0,579.0
NEG-dhubri-2023-04-06,dhubri,,2023-04-06,0,26.01856,89.98564,0,8.0,50.2,50.5,27.269999999999996,0.0,0.0,9570.94,13.5,34.0,0.901,116,42,0.0,178.0
NEG-dhubri-2015-05-25,dhubri,,2015-05-25,0,26.01856,89.98564,0,109.9,127.6,230.39999999999998,23.41,43.8,40.0,31187.89,115.8,34.0,0.901,69,36,0.0,95.0
NEG-dhubri-2021-07-16,dhubri,,2021-07-16,0,26.01856,89.98564,0,25.9,44.2,214.70000000000002,26.990000000000002,27.5,7.9,33188.44,-11.9,34.0,0.901,82,40,0.0,555.0
NEG-dhubri-2022-12-10,dhubri,,2022-12-10,0,26.01856,89.98564,0,0.0,0.0,0.0,17.11,0.0,0.0,3671.82,-14.5,34.0,0.901,116,42,0.0,61.0
NEG-dhubri-2021-06-01,dhubri,,2021-06-01,0,26.01856,89.98564,0,85.0,146.70000000000002,208.7,20.86,6.1,3.1,24830.33,42.9,34.0,0.901,82,40,0.0,510.0
NEG-dhubri-2017-02-16,dhubri,,2017-02-16,0,26.01856,89.98564,0,0.0,0.0,0.1,26.15,0.0,0.0,2166.7,0.5,34.0,0.901,76,37,0.0,199.0
NEG-dhubri-2018-11-06,dhubri,,2018-11-06,0,26.01856,89.98564,0,3.4,3.4,4.9,21.449999999999996,0.0,0.0,8829.8,-6.2,34.0,0.901,78,38,0.0,394.0
NEG-dhubri-2023-02-23,dhubri,,2023-02-23,0,26.01856,89.98564,0,2.0,2.0,2.0,22.229999999999997,0.0,0.0,2791.54,-7.5,34.0,0.901,116,42,0.0,136.0
NEG-dhubri-2022-12-31,dhubri,,2022-12-31,0,26.01856,89.98564,0,1.6,1.7000000000000002,1.7000000000000002,14.190000000000001,0.0,0.0,3279.95,8.4,34.0,0.901,116,42,0.0,82.0
NEG-dhubri-2017-06-29,dhubri,,2017-06-29,0,26.01856,89.98564,0,22.8,82.2,202.6,25.43,39.6,26.3,41974.92,7.6,34.0,0.901,76,37,0.0,332.0
NEG-dhubri-2022-09-12,dhubri,,2022-09-12,0,26.01856,89.98564,0,5.9,51.3,186.8,25.959999999999997,4.8,20.0,26914.34,9.4,34.0,0.901,115,42,0.0,74.0
NEG-dhubri-2020-12-29,dhubri,,2020-12-29,0,26.01856,89.98564,0,0.0,0.0,0.0,16.09,0.0,0.0,3514.6,-12.7,34.0,0.901,82,40,0.0,356.0
NEG-dhubri-2022-02-27,dhubri,,2022-02-27,0,26.01856,89.98564,0,6.6,10.5,10.5,20.84,0.3,0.0,3205.27,5.0,34.0,0.901,89,41,0.0,176.0
NEG-dhubri-2023-10-20,dhubri,,2023-10-20,0,26.01856,89.98564,0,2.5,9.899999999999999,97.9,23.900000000000002,0.0,0.0,15204.48,-36.6,34.0,0.901,123,43,0.0,49.0
NEG-dhubri-2020-05-02,dhubri,,2020-05-02,0,26.01856,89.98564,0,14.9,42.699999999999996,132.20000000000002,27.0,0.5,4.5,8510.38,-35.1,34.0,0.901,82,40,0.0,115.0
NEG-gonda-2022-07-14,gonda,,2022-07-14,0,21.64469,84.54816,0,36.1,61.6,156.7,26.66,25.0,19.2,1.84,-2.1,321.0,6.937,67,37,0.0,347.0
NEG-gonda-2019-01-08,gonda,,2019-01-08,0,21.64469,84.54816,0,0.0,0.0,0.0,22.03,0.0,0.0,0.87,-4.4,321.0,6.937,63,34,0.0,142.0
NEG-gonda-2020-09-08,gonda,,2020-09-08,0,21.64469,84.54816,0,24.4,111.5,493.29999999999995,23.69,6.9,5.8,19.37,-7.5,321.0,6.937,66,36,0.0,21.0
NEG-gonda-2018-05-14,gonda,,2018-05-14,0,21.64469,84.54816,0,8.899999999999999,9.6,16.2,45.67,0.0,1.3,0.47,-6.0,321.0,6.937,61,34,0.0,35.0
NEG-gonda-2016-11-27,gonda,,2016-11-27,0,21.64469,84.54816,0,0.0,0.0,0.0,26.58,0.0,0.0,0.86,-35.3,321.0,6.937,56,32,0.0,103.0
NEG-gonda-2022-05-17,gonda,,2022-05-17,0,21.64469,84.54816,0,0.5,16.900000000000002,16.900000000000002,40.45,1.3,0.7,0.72,-4.0,321.0,6.937,67,37,0.0,289.0
NEG-gonda-2021-04-05,gonda,,2021-04-05,0,21.64469,84.54816,0,0.0,0.0,0.0,49.65,0.0,0.0,0.85,-2.3,321.0,6.937,66,36,0.0,230.0
NEG-gonda-2017-01-11,gonda,,2017-01-11,0,21.64469,84.54816,0,0.0,0.0,24.0,22.82,0.0,0.0,0.59,-7.8,321.0,6.937,56,32,0.0,148.0
NEG-gonda-2016-02-04,gonda,,2016-02-04,0,21.64469,84.54816,0,0.0,0.0,0.0,31.130000000000003,0.0,0.0,0.7,0.0,321.0,6.937,53,31,0.0,539.0
NEG-gonda-2020-04-12,gonda,,2020-04-12,0,21.64469,84.54816,0,0.0,2.4,2.5,42.040000000000006,0.0,0.0,0.75,-3.8,321.0,6.937,64,35,0.0,415.0
NEG-gonda-2016-06-08,gonda,,2016-06-08,0,21.64469,84.54816,0,0.8,7.799999999999999,8.799999999999999,40.879999999999995,2.6,1.1,0.19,0.0,321.0,6.937,53,31,0.0,664.0
NEG-gonda-2023-04-23,gonda,,2023-04-23,0,21.64469,84.54816,0,0.1,0.1,0.1,43.809999999999995,0.0,3.4,0.56,-5.1,321.0,6.937,71,38,0.0,190.0
NEG-gonda-2017-11-25,gonda,,2017-11-25,0,21.64469,84.54816,0,0.0,5.2,8.6,20.470000000000002,0.0,0.0,3.19,-22.4,321.0,6.937,58,33,0.0,103.0
NEG-gonda-2023-02-18,gonda,,2023-02-18,0,21.64469,84.54816,0,0.0,0.0,0.0,37.239999999999995,0.0,0.0,0.78,-3.7,321.0,6.937,71,38,0.0,126.0
NEG-gonda-2021-04-08,gonda,,2021-04-08,0,21.64469,84.54816,0,0.0,0.0,0.0,44.03,0.0,0.0,0.81,-4.7,321.0,6.937,66,36,0.0,233.0
NEG-gonda-2023-07-22,gonda,,2023-07-22,0,21.64469,84.54816,0,26.6,67.5,132.1,23.91,4.1,3.0,3.17,207.8,321.0,6.937,71,38,0.0,280.0
NEG-gonda-2017-01-19,gonda,,2017-01-19,0,21.64469,84.54816,0,0.0,0.0,0.1,26.029999999999998,0.0,0.0,0.56,-5.1,321.0,6.937,56,32,0.0,156.0
NEG-gonda-2022-08-16,gonda,,2022-08-16,0,21.64469,84.54816,0,173.7,286.8,379.7,12.55,0.3,14.8,10.35,145.3,321.0,6.937,67,37,0.0,380.0
NEG-gonda-2018-10-06,gonda,,2018-10-06,0,21.64469,84.54816,0,0.0,1.8,14.100000000000001,31.380000000000003,0.0,0.0,10.99,-19.1,321.0,6.937,63,34,0.0,48.0
NEG-gonda-2022-05-04,gonda,,2022-05-04,0,21.64469,84.54816,0,0.6,0.6,0.7,49.33,0.0,0.0,0.78,0.0,321.0,6.937,67,37,0.0,276.0
NEG-gonda-2016-01-01,gonda,,2016-01-01,0,21.64469,84.54816,0,0.0,0.0,10.7,24.17,0.0,0.0,0.83,-3.5,321.0,6.937,53,31,0.0,505.0
NEG-gonda-2017-06-29,gonda,,2017-06-29,0,21.64469,84.54816,0,39.300000000000004,90.2,198.7,18.679999999999996,12.9,17.8,4.56,1724.0,321.0,6.937,56,32,0.0,317.0
NEG-gonda-2018-12-26,gonda,,2018-12-26,0,21.64469,84.54816,0,0.0,0.0,79.30000000000001,20.47,0.0,0.0,0.92,-15.6,321.0,6.937,63,34,0.0,129.0
NEG-gonda-2017-07-03,gonda,,2017-07-03,0,21.64469,84.54816,0,38.1,82.00000000000001,208.00000000000003,16.700000000000003,17.5,2.1,8.44,237.6,321.0,6.937,56,32,0.0,321.0
NEG-gonda-2023-05-07,gonda,,2023-05-07,0,21.64469,84.54816,0,1.1,16.8,24.0,31.840000000000003,0.0,0.1,0.5,-5.7,321.0,6.937,71,38,0.0,204.0
NEG-gonda-2018-06-11,gonda,,2018-06-11,0,21.64469,84.54816,0,32.4,57.0,88.4,27.94,3.9,0.9,0.28,0.0,321.0,6.937,61,34,0.0,63.0
NEG-gonda-2019-09-19,gonda,,2019-09-19,0,21.64469,84.54816,0,7.8999999999999995,36.5,175.3,22.6,1.0,0.4,15.52,-5.0,321.0,6.937,64,35,0.0,209.0
NEG-gonda-2023-11-03,gonda,,2023-11-03,0,21.64469,84.54816,0,0.3,0.3,2.4,28.279999999999998,3.8,1.4,9.79,-19.6,321.0,6.937,71,38,0.0,384.0
NEG-gonda-2018-09-19,gonda,,2018-09-19,0,21.64469,84.54816,0,11.5,14.6,99.69999999999999,27.459999999999997,10.2,15.3,17.03,-16.4,321.0,6.937,63,34,0.0,31.0
NEG-gonda-2017-12-03,gonda,,2017-12-03,0,21.64469,84.54816,0,0.0,0.0,1.0,22.97,0.0,0.0,2.3,-24.8,321.0,6.937,58,33,0.0,111.0
NEG-gonda-2020-03-14,gonda,,2020-03-14,0,21.64469,84.54816,0,5.2,14.4,23.799999999999997,26.740000000000002,0.0,0.4,0.85,-2.3,321.0,6.937,64,35,0.0,386.0
NEG-gonda-2016-04-27,gonda,,2016-04-27,0,21.64469,84.54816,0,0.2,0.2,0.2,58.66,3.2,0.0,0.44,0.0,321.0,6.937,53,31,0.0,622.0
NEG-gonda-2020-04-11,gonda,,2020-04-11,0,21.64469,84.54816,0,2.4,2.4,2.5,41.39,0.0,0.0,0.75,-3.8,321.0,6.937,64,35,0.0,414.0
NEG-gonda-2015-08-08,gonda,,2015-08-08,0,21.64469,84.54816,0,0.4,277.5,422.3,18.73,0.8,14.3,23.95,57.4,321.0,6.937,53,31,0.0,359.0
NEG-gonda-2022-02-11,gonda,,2022-02-11,0,21.64469,84.54816,0,0.8,38.099999999999994,38.099999999999994,24.77,0.0,0.0,1.08,-0.9,321.0,6.937,67,37,0.0,194.0
NEG-gonda-2021-07-18,gonda,,2021-07-18,0,21.64469,84.54816,0,10.8,28.4,91.1,29.01,12.2,18.1,3.7,-21.4,321.0,6.937,66,36,0.0,334.0
NEG-gonda-2021-07-04,gonda,,2021-07-04,0,21.64469,84.54816,0,16.900000000000002,25.900000000000002,68.0,26.44,15.7,1.2,4.35,-10.7,321.0,6.937,66,36,0.0,320.0
NEG-gonda-2021-12-17,gonda,,2021-12-17,0,21.64469,84.54816,0,0.0,0.30000000000000004,2.2,20.46,0.0,0.0,1.19,-14.4,321.0,6.937,67,37,0.0,138.0
NEG-gonda-2015-10-19,gonda,,2015-10-19,0,21.64469,84.54816,0,0.9,2.5000000000000004,4.6,27.110000000000003,0.0,0.0,4.9,-21.3,321.0,6.937,53,31,0.0,431.0
NEG-gonda-2020-04-18,gonda,,2020-04-18,0,21.64469,84.54816,0,0.0,0.0,2.4,45.18000000000001,0.0,0.0,0.75,0.0,321.0,6.937,64,35,0.0,421.0
NEG-gonda-2017-03-07,gonda,,2017-03-07,0,21.64469,84.54816,0,0.5,0.5,0.5,42.55,11.4,0.5,0.44,0.0,321.0,6.937,56,32,0.0,203.0
NEG-gonda-2016-05-05,gonda,,2016-05-05,0,21.64469,84.54816,0,0.1,3.5000000000000004,3.7000000000000006,55.699999999999996,0.0,0.3,0.41,0.0,321.0,6.937,53,31,0.0,630.0
NEG-gonda-2022-08-20,gonda,,2022-08-20,0,21.64469,84.54816,0,44.3,219.7,398.8,19.8,8.6,6.8,10.35,65.9,321.0,6.937,67,37,0.0,384.0
NEG-gonda-2019-04-13,gonda,,2019-04-13,0,21.64469,84.54816,0,0.1,2.4,2.6999999999999997,40.13,0.0,0.0,0.59,0.0,321.0,6.937,64,35,0.0,50.0
NEG-gonda-2020-12-10,gonda,,2020-12-10,0,21.64469,84.54816,0,0.0,0.0,0.0,25.54,0.0,0.0,1.57,-26.3,321.0,6.937,66,36,0.0,114.0
NEG-gonda-2018-05-07,gonda,,2018-05-07,0,21.64469,84.54816,0,0.6,6.6,11.5,39.95,0.0,0.0,0.5,0.0,321.0,6.937,61,34,0.0,28.0
NEG-gonda-2019-08-20,gonda,,2019-08-20,0,21.64469,84.54816,0,68.7,257.0,442.50000000000006,19.689999999999998,13.1,3.6,10.78,19.1,321.0,6.937,64,35,0.0,179.0
NEG-gonda-2015-08-10,gonda,,2015-08-10,0,21.64469,84.54816,0,2.2,170.30000000000004,370.5,24.249999999999996,6.3,9.1,22.07,-34.5,321.0,6.937,53,31,0.0,361.0
NEG-gonda-2016-09-09,gonda,,2016-09-09,0,21.64469,84.54816,0,52.0,170.5,202.89999999999998,11.92,21.6,14.9,11.65,53.9,321.0,6.937,56,32,0.0,24.0
NEG-gonda-2016-07-16,gonda,,2016-07-16,0,21.64469,84.54816,0,53.7,61.2,188.89999999999998,13.75,1.5,7.6,0.63,75.0,321.0,6.937,54,32,0.0,15.0
NEG-gonda-2017-03-31,gonda,,2017-03-31,0,21.64469,84.54816,0,0.0,0.0,0.30000000000000004,50.6,0.0,0.0,0.34,-8.1,321.0,6.937,56,32,0.0,227.0
NEG-gonda-2018-11-04,gonda,,2018-11-04,0,21.64469,84.54816,0,0.30000000000000004,1.7,2.2,23.830000000000002,0.0,0.2,4.82,-21.1,321.0,6.937,63,34,0.0,77.0
NEG-gonda-2019-08-04,gonda,,2019-08-04,0,21.64469,84.54816,0,11.799999999999999,66.39999999999999,145.2,18.419999999999998,9.1,29.6,3.03,67.4,321.0,6.937,64,35,0.0,163.0
NEG-gonda-2021-05-21,gonda,,2021-05-21,0,21.64469,84.54816,0,1.0,1.0,30.7,37.63,0.0,0.0,0.69,-4.2,321.0,6.937,66,36,0.0,276.0
NEG-gondia-2020-02-18,gondia,,2020-02-18,0,21.46026,80.19205,0,0.0,0.0,20.2,30.86,0.0,0.0,0.39,-38.1,319.0,1.441,30,23,0.0,404.0
NEG-gondia-2016-08-09,gondia,,2016-08-09,0,21.46026,80.19205,0,22.599999999999998,152.7,197.19999999999996,12.65,2.5,1.4,52.46,169.6,319.0,1.441,27,20,0.0,80.0
NEG-gondia-2018-07-19,gondia,,2018-07-19,0,21.46026,80.19205,0,51.0,85.60000000000001,645.4,18.31,1.0,1.9,61.09,3.6,319.0,1.441,28,21,0.0,368.0
NEG-gondia-2023-01-10,gondia,,2023-01-10,0,21.46026,80.19205,0,0.0,0.2,0.2,23.689999999999998,0.0,0.0,0.42,-12.5,319.0,1.441,38,26,0.0,85.0
NEG-gondia-2017-01-08,gondia,,2017-01-08,0,21.46026,80.19205,0,0.0,0.0,0.0,26.22,0.3,0.1,0.37,-11.9,319.0,1.441,27,20,0.0,232.0
NEG-gondia-2023-09-26,gondia,,2023-09-26,0,21.46026,80.19205,0,89.39999999999999,141.4,272.00000000000006,21.31,5.5,2.2,109.66,92.1,319.0,1.441,40,27,0.0,38.0
NEG-gondia-2015-11-28,gondia,,2015-11-28,0,21.46026,80.19205,0,0.0,0.0,0.0,25.77,0.0,0.0,0.41,-10.9,319.0,1.441,26,19,0.0,480.0
NEG-gondia-2020-06-20,gondia,,2020-06-20,0,21.46026,80.19205,0,13.700000000000001,57.199999999999996,78.49999999999999,20.630000000000003,13.1,40.9,3.16,-34.8,319.0,1.441,30,23,0.0,527.0
NEG-gondia-2018-09-24,gondia,,2018-09-24,0,21.46026,80.19205,0,48.50000000000001,49.00000000000001,50.800000000000004,27.4,0.2,0.0,2.32,186.4,319.0,1.441,29,22,0.0,35.0
NEG-gondia-2022-01-28,gondia,,2022-01-28,0,21.46026,80.19205,0,0.0,0.0,1.2,25.11,0.0,0.0,0.31,-29.5,319.0,1.441,35,26,0.0,20.0
NEG-gondia-2016-12-25,gondia,,2016-12-25,0,21.46026,80.19205,0,0.0,0.0,0.0,26.19,0.0,0.0,0.47,-11.3,319.0,1.441,27,20,0.0,218.0
NEG-gondia-2018-07-07,gondia,,2018-07-07,0,21.46026,80.19205,0,402.6,430.7,502.9,22.770000000000003,52.2,54.2,25.98,1010.3,319.0,1.441,28,21,0.0,356.0
NEG-gondia-2022-02-11,gondia,,2022-02-11,0,21.46026,80.19205,0,6.6,6.6,7.5,28.36,0.0,0.0,0.06,-64.7,319.0,1.441,35,26,0.0,34.0
NEG-gondia-2015-08-26,gondia,,2015-08-26,0,21.46026,80.19205,0,0.1,2.7,76.49999999999999,29.94,11.1,14.7,1.12,-95.0,319.0,1.441,26,19,0.0,386.0
NEG-gondia-2015-01-20,gondia,,2015-01-20,0,21.46026,80.19205,0,0.0,0.0,0.0,26.03,0.0,0.0,0.05,-54.5,319.0,1.441,26,19,0.0,168.0
NEG-gondia-2020-01-26,gondia,,2020-01-26,0,21.46026,80.19205,0,2.0,2.1,3.5,22.98,0.0,0.1,0.45,-19.6,319.0,1.441,30,23,0.0,381.0
NEG-gondia-2018-01-25,gondia,,2018-01-25,0,21.46026,80.19205,0,0.0,0.0,0.0,28.380000000000003,0.0,0.0,0.05,0.0,319.0,1.441,28,21,0.0,193.0
NEG-gondia-2017-05-07,gondia,,2017-05-07,0,21.46026,80.19205,0,0.8,1.1,1.5,51.959999999999994,0.0,0.0,0.06,0.0,319.0,1.441,27,20,0.0,351.0
NEG-gondia-2023-09-04,gondia,,2023-09-04,0,21.46026,80.19205,0,12.600000000000001,15.600000000000001,63.7,30.54,11.3,24.8,1.9,-84.0,319.0,1.441,40,27,0.0,16.0
NEG-gondia-2016-11-21,gondia,,2016-11-21,0,21.46026,80.19205,0,0.0,0.0,0.0,26.580000000000002,0.0,0.0,0.7,-4.1,319.0,1.441,27,20,0.0,184.0
NEG-gondia-2021-06-18,gondia,,2021-06-18,0,21.46026,80.19205,0,29.0,110.60000000000001,181.4,24.069999999999997,3.1,1.3,17.03,163.6,319.0,1.441,31,24,0.0,256.0
NEG-gondia-2016-10-10,gondia,,2016-10-10,0,21.46026,80.19205,0,25.4,38.699999999999996,134.4,21.2,0.0,0.0,16.86,-44.0,319.0,1.441,27,20,0.0,142.0
NEG-gondia-2020-06-28,gondia,,2020-06-28,0,21.46026,80.19205,0,23.9,128.7,176.50000000000003,24.71,2.5,4.0,7.04,1.9,319.0,1.441,30,23,0.0,535.0
NEG-gondia-2023-10-22,gondia,,2023-10-22,0,21.46026,80.19205,0,0.30000000000000004,0.6,0.6,30.779999999999998,0.0,0.0,0.89,-19.1,319.0,1.441,40,27,0.0,64.0
NEG-gondia-2023-09-29,gondia,,2023-09-29,0,21.46026,80.19205,0,8.7,107.39999999999999,189.9,20.43,1.7,0.3,50.17,52.6,319.0,1.441,40,27,0.0,41.0
NEG-gondia-2015-12-27,gondia,,2015-12-27,0,21.46026,80.19205,0,0.0,2.3,3.8000000000000003,22.19,0.0,0.0,0.14,-44.0,319.0,1.441,26,19,0.0,509.0
NEG-gondia-2016-06-14,gondia,,2016-06-14,0,21.46026,80.19205,0,0.2,2.2,5.7,46.95,0.0,0.0,0.06,-33.3,319.0,1.441,27,20,0.0,24.0
NEG-gondia-2021-11-21,gondia,,2021-11-21,0,21.46026,80.19205,0,0.1,4.0,9.799999999999999,24.14,1.4,0.0,0.86,-73.0,319.0,1.441,34,25,0.0,62.0
NEG-gondia-2019-11-12,gondia,,2019-11-12,0,21.46026,80.19205,0,0.0,0.4,6.3,26.009999999999998,0.0,0.0,0.9,-12.6,319.0,1.441,30,23,0.0,306.0
NEG-gondia-2022-02-07,gondia,,2022-02-07,0,21.46026,80.19205,0,0.0,0.9,0.9,29.089999999999996,0.0,6.6,0.14,-44.0,319.0,1.441,35,26,0.0,30.0
NEG-gondia-2019-10-25,gondia,,2019-10-25,0,21.46026,80.19205,0,6.7,47.699999999999996,47.9,17.48,9.2,1.2,4.71,135.5,319.0,1.441,30,23,0.0,288.0
NEG-gondia-2019-07-11,gondia,,2019-07-11,0,21.46026,80.19205,0,14.900000000000002,50.9,227.40000000000003,21.810000000000002,1.1,1.1,23.72,47.7,319.0,1.441,30,23,0.0,182.0
NEG-gondia-2019-10-24,gondia,,2019-10-24,0,21.46026,80.19205,0,15.700000000000001,44.699999999999996,45.1,19.47,0.1,9.2,7.39,677.9,319.0,1.441,30,23,0.0,287.0
NEG-gondia-2020-05-09,gondia,,2020-05-09,0,21.46026,80.19205,0,2.2,2.2,2.2,46.89000000000001,0.6,0.0,0.06,0.0,319.0,1.441,30,23,0.0,485.0
NEG-gondia-2019-04-20,gondia,,2019-04-20,0,21.46026,80.19205,0,2.4000000000000004,2.4000000000000004,2.9,44.66,3.7,0.0,0.06,0.0,319.0,1.441,30,23,0.0,100.0
NEG-gondia-2015-01-20,gondia,,2015-01-20,0,21.46026,80.19205,0,0.0,0.0,0.0,26.03,0.0,0.0,0.05,-54.5,319.0,1.441,26,19,0.0,168.0
NEG-gondia-2015-06-04,gondia,,2015-06-04,0,21.46026,80.19205,0,0.4,0.4,0.4,50.01,0.2,0.1,0.06,0.0,319.0,1.441,26,19,0.0,303.0
NEG-gondia-2020-12-26,gondia,,2020-12-26,0,21.46026,80.19205,0,0.0,0.0,0.30000000000000004,25.099999999999994,0.0,0.0,0.63,-8.7,319.0,1.441,31,24,0.0,82.0
NEG-gondia-2017-03-27,gondia,,2017-03-27,0,21.46026,80.19205,0,0.0,0.0,0.1,46.39,0.0,0.0,0.06,0.0,319.0,1.441,27,20,0.0,310.0
NEG-gondia-2023-03-12,gondia,,2023-03-12,0,21.46026,80.19205,0,0.0,0.2,0.2,39.15,0.0,0.0,0.06,0.0,319.0,1.441,38,26,0.0,146.0
NEG-gondia-2019-03-09,gondia,,2019-03-09,0,21.46026,80.19205,0,0.0,0.4,0.4,37.010000000000005,0.0,0.0,0.06,0.0,319.0,1.441,30,23,0.0,58.0
NEG-gondia-2015-02-27,gondia,,2015-02-27,0,21.46026,80.19205,0,0.0,0.1,0.1,37.17,0.0,7.6,0.06,0.0,319.0,1.441,26,19,0.0,206.0
NEG-gopalganj-2018-08-12,gopalganj,,2018-08-12,0,26.46734,84.44041,0,27.1,72.1,226.70000000000002,27.21,11.6,18.2,1.25,-0.8,73.0,0.45,45,31,0.0,278.0
NEG-gopalganj-2023-06-28,gopalganj,,2023-06-28,0,26.46734,84.44041,0,19.8,43.4,44.1,41.870000000000005,29.7,34.0,0.17,21.4,73.0,0.45,48,34,0.0,730.0
NEG-gopalganj-2020-12-15,gopalganj,,2020-12-15,0,26.46734,84.44041,0,0.0,0.0,0.0,17.17,0.0,0.0,0.12,0.0,73.0,0.45,47,33,0.0,342.0
NEG-gopalganj-2017-02-19,gopalganj,,2017-02-19,0,26.46734,84.44041,0,0.0,0.0,0.0,27.4,0.0,0.0,0.06,0.0,73.0,0.45,44,30,0.0,180.0
NEG-gopalganj-2015-03-15,gopalganj,,2015-03-15,0,26.46734,84.44041,0,0.0,0.0,15.299999999999999,43.42,0.6,0.0,0.06,0.0,73.0,0.45,42,28,0.0,566.0
NEG-gopalganj-2022-08-03,gopalganj,,2022-08-03,0,26.46734,84.44041,0,81.7,149.79999999999998,280.90000000000003,19.610000000000003,14.0,12.3,1.2,421.7,73.0,0.45,48,34,0.0,401.0
NEG-gopalganj-2015-01-17,gopalganj,,2015-01-17,0,26.46734,84.44041,0,0.0,0.0,11.899999999999999,17.09,0.0,0.0,0.06,-25.0,73.0,0.45,42,28,0.0,509.0
NEG-gopalganj-2022-01-10,gopalganj,,2022-01-10,0,26.46734,84.44041,0,5.8999999999999995,8.2,99.99999999999999,10.44,0.0,6.7,0.16,-15.8,73.0,0.45,48,34,0.0,196.0
NEG-gopalganj-2023-03-24,gopalganj,,2023-03-24,0,26.46734,84.44041,0,0.7,24.099999999999998,24.099999999999998,26.1,0.0,0.0,0.19,18.8,73.0,0.45,48,34,0.0,634.0
NEG-gopalganj-2017-10-16,gopalganj,,2017-10-16,0,26.46734,84.44041,0,0.1,1.1,8.5,27.560000000000002,0.0,0.0,0.09,-25.0,73.0,0.45,44,30,0.0,419.0
NEG-gopalganj-2017-07-15,gopalganj,,2017-07-15,0,26.46734,84.44041,0,30.5,221.7,421.79999999999995,17.990000000000002,2.6,4.2,0.52,333.3,73.0,0.45,44,30,0.0,326.0
NEG-gopalganj-2022-10-11,gopalganj,,2022-10-11,0,26.46734,84.44041,0,7.0,102.89999999999999,133.7,17.1,2.6,0.8,1.02,18.6,73.0,0.45,48,34,0.0,470.0
NEG-gopalganj-2018-11-11,gopalganj,,2018-11-11,0,26.46734,84.44041,0,0.0,0.0,0.0,24.49,0.0,0.0,0.07,0.0,73.0,0.45,45,31,0.0,369.0
NEG-gopalganj-2018-07-02,gopalganj,,2018-07-02,0,26.46734,84.44041,0,41.4,59.5,78.7,33.45,11.1,14.8,0.34,1033.3,73.0,0.45,45,31,0.0,237.0
NEG-gopalganj-2016-06-12,gopalganj,,2016-06-12,0,26.46734,84.44041,0,7.6000000000000005,15.799999999999997,41.70000000000001,44.35,3.5,4.0,0.06,100.0,73.0,0.45,43,29,0.0,324.0
NEG-gopalganj-2016-02-25,gopalganj,,2016-02-25,0,26.46734,84.44041,0,0.0,2.0,2.0,35.74,0.0,0.0,0.03,0.0,73.0,0.45,43,29,0.0,216.0
NEG-gopalganj-2019-04-21,gopalganj,,2019-04-21,0,26.46734,84.44041,0,0.0,5.8,13.6,40.87,0.0,0.0,0.16,433.3,73.0,0.45,45,31,0.0,530.0
NEG-gopalganj-2020-08-23,gopalganj,,2020-08-23,0,26.46734,84.44041,0,23.599999999999998,31.5,121.1,30.32,15.3,1.2,1.11,-26.0,73.0,0.45,47,33,0.0,228.0
NEG-gorakhpur-2021-08-08,gorakhpur,,2021-08-08,0,19.23351,83.10413,0,20.3,29.200000000000003,74.8,24.41,3.1,1.9,0.75,-74.6,858.0,6.757,62,36,0.0,355.0
NEG-gorakhpur-2018-06-07,gorakhpur,,2018-06-07,0,19.23351,83.10413,0,18.799999999999997,44.5,59.39999999999999,27.919999999999998,1.3,8.6,0.09,0.0,858.0,6.757,60,35,0.0,30.0
NEG-gorakhpur-2016-11-15,gorakhpur,,2016-11-15,0,19.23351,83.10413,0,0.0,0.0,4.9,26.97,0.2,0.0,0.31,-3.1,858.0,6.757,58,33,0.0,91.0
NEG-gorakhpur-2015-09-25,gorakhpur,,2015-09-25,0,19.23351,83.10413,0,3.0,90.0,355.9,20.459999999999997,0.8,0.0,1.48,-89.6,858.0,6.757,55,32,0.0,1430.0
NEG-gorakhpur-2015-07-07,gorakhpur,,2015-07-07,0,19.23351,83.10413,0,0.2,55.800000000000004,99.49999999999999,23.099999999999998,1.4,6.7,0.19,-91.8,858.0,6.757,55,32,0.0,1350.0
NEG-gorakhpur-2018-04-06,gorakhpur,,2018-04-06,0,19.23351,83.10413,0,5.4,10.3,10.3,37.72,3.6,3.3,0.12,0.0,858.0,6.757,59,34,0.0,362.0
NEG-gorakhpur-2020-02-11,gorakhpur,,2020-02-11,0,19.23351,83.10413,0,20.3,28.1,37.89999999999999,17.15,0.0,0.0,0.31,24.0,858.0,6.757,60,35,0.0,644.0
NEG-gorakhpur-2023-03-01,gorakhpur,,2023-03-01,0,19.23351,83.10413,0,0.0,0.0,0.0,38.93000000000001,0.0,0.0,0.16,-15.8,858.0,6.757,64,37,0.0,143.0
NEG-gorakhpur-2020-11-01,gorakhpur,,2020-11-01,0,19.23351,83.10413,0,0.0,0.0,6.9,30.560000000000002,0.0,0.2,0.48,-5.9,858.0,6.757,62,36,0.0,75.0
NEG-gorakhpur-2021-09-08,gorakhpur,,2021-09-08,0,19.23351,83.10413,0,39.599999999999994,62.699999999999996,126.60000000000001,23.360000000000003,6.6,18.2,4.06,310.1,858.0,6.757,62,36,0.0,386.0
NEG-gorakhpur-2020-11-16,gorakhpur,,2020-11-16,0,19.23351,83.10413,0,0.0,4.4,9.4,24.359999999999996,0.0,0.0,0.45,-4.3,858.0,6.757,62,36,0.0,90.0
NEG-gorakhpur-2018-10-15,gorakhpur,,2018-10-15,0,19.23351,83.10413,0,6.1,58.8,62.0,22.43,0.0,0.0,2.56,631.4,858.0,6.757,60,35,0.0,160.0
NEG-gorakhpur-2019-11-12,gorakhpur,,2019-11-12,0,19.23351,83.10413,0,0.0,0.7,19.9,24.83,0.0,0.0,0.4,-14.9,858.0,6.757,60,35,0.0,553.0
NEG-gorakhpur-2018-11-04,gorakhpur,,2018-11-04,0,19.23351,83.10413,0,1.7,2.1,2.8,25.119999999999997,0.0,0.0,0.34,-8.1,858.0,6.757,60,35,0.0,180.0
NEG-gorakhpur-2020-06-30,gorakhpur,,2020-06-30,0,19.23351,83.10413,0,8.899999999999999,19.400000000000002,90.6,27.099999999999998,6.8,8.1,1.16,-69.4,858.0,6.757,60,35,0.0,784.0
NEG-gorakhpur-2019-01-11,gorakhpur,,2019-01-11,0,19.23351,83.10413,0,0.0,0.0,0.2,24.35,0.0,0.0,0.22,-12.0,858.0,6.757,60,35,0.0,248.0
NEG-gorakhpur-2023-05-31,gorakhpur,,2023-05-31,0,19.23351,83.10413,0,1.9,6.2,11.2,39.57,0.3,0.0,0.09,-25.0,858.0,6.757,64,37,0.0,234.0
NEG-gorakhpur-2017-02-10,gorakhpur,,2017-02-10,0,19.23351,83.10413,0,0.0,0.0,0.0,32.71,0.0,0.0,0.16,0.0,858.0,6.757,58,33,0.0,178.0
NEG-gorakhpur-2016-11-06,gorakhpur,,2016-11-06,0,19.23351,83.10413,0,4.2,5.8,8.6,22.58,0.0,0.0,0.32,-3.0,858.0,6.757,58,33,0.0,82.0
NEG-gorakhpur-2019-07-11,gorakhpur,,2019-07-11,0,19.23351,83.10413,0,4.0,40.699999999999996,55.099999999999994,19.29,1.2,2.4,0.31,63.2,858.0,6.757,60,35,0.0,429.0
NEG-gorakhpur-2015-03-20,gorakhpur,,2015-03-20,0,19.23351,83.10413,0,0.0,0.6,4.8999999999999995,38.300000000000004,0.0,0.0,0.09,0.0,858.0,6.757,55,32,0.0,1241.0
NEG-gorakhpur-2017-07-24,gorakhpur,,2017-07-24,0,19.23351,83.10413,0,1.2,229.4,321.3999999999999,18.07,0.3,1.0,1.12,-91.7,858.0,6.757,59,34,0.0,106.0
NEG-gorakhpur-2017-07-07,gorakhpur,,2017-07-07,0,19.23351,83.10413,0,11.200000000000001,29.300000000000004,160.8,15.350000000000001,4.2,0.8,2.28,-38.9,858.0,6.757,59,34,0.0,89.0
NEG-gorakhpur-2023-02-26,gorakhpur,,2023-02-26,0,19.23351,83.10413,0,0.0,0.0,0.0,37.93,0.0,0.0,0.19,0.0,858.0,6.757,64,37,0.0,140.0
NEG-gorakhpur-2017-05-15,gorakhpur,,2017-05-15,0,19.23351,83.10413,1,3.2,10.5,28.7,40.51,0.0,0.3,0.0,,858.0,6.757,59,34,0.0,36.0
NEG-gorakhpur-2023-03-26,gorakhpur,,2023-03-26,0,19.23351,83.10413,0,12.2,20.2,40.4,27.57,2.2,0.0,0.16,-15.8,858.0,6.757,64,37,0.0,168.0
NEG-gorakhpur-2015-03-31,gorakhpur,,2015-03-31,0,19.23351,83.10413,0,8.1,8.7,8.7,34.059999999999995,0.1,0.0,0.09,0.0,858.0,6.757,55,32,0.0,1252.0
NEG-gumla-2021-08-12,gumla,,2021-08-12,0,23.04268,84.54429,0,32.4,100.4,212.6,20.35,3.5,13.4,1.69,-17.6,648.0,0.811,5,4,0.0,489.0
NEG-gumla-2020-08-28,gumla,,2020-08-28,0,23.04268,84.54429,0,99.80000000000001,137.7,267.0,18.93,2.7,0.0,2.05,-26.5,648.0,0.811,5,4,0.0,140.0
NEG-gumla-2016-11-23,gumla,,2016-11-23,0,23.04268,84.54429,0,0.0,0.0,0.0,25.43,0.0,0.0,0.09,-18.2,648.0,0.811,4,3,0.0,1986.0
NEG-vijayapura-2016-05-19,vijayapura,,2016-05-19,0,16.82442,75.71537,0,7.6,11.1,11.9,48.6,1.4,0.0,0.03,0.0,599.0,0.991,23,16,0.0,635.0
NEG-vijayapura-2019-02-10,vijayapura,,2019-02-10,0,16.82442,75.71537,0,0.0,0.0,1.0,43.77,0.2,0.0,0.03,0.0,599.0,0.991,25,17,0.0,511.0
NEG-vijayapura-2022-12-22,vijayapura,,2022-12-22,0,16.82442,75.71537,0,0.0,0.0,5.2,34.980000000000004,0.0,0.0,0.02,-71.4,599.0,0.991,35,19,0.0,111.0
NEG-vijayapura-2022-04-18,vijayapura,,2022-04-18,0,16.82442,75.71537,0,0.0,0.1,0.1,50.96000000000001,0.7,0.0,0.03,0.0,599.0,0.991,32,18,0.0,829.0
NEG-vijayapura-2023-11-19,vijayapura,,2023-11-19,0,16.82442,75.71537,0,0.0,0.0,27.2,31.089999999999996,0.0,0.0,0.03,-75.0,599.0,0.991,36,20,0.0,115.0
NEG-vijayapura-2015-06-03,vijayapura,,2015-06-03,0,16.82442,75.71537,0,13.4,18.0,18.0,51.019999999999996,1.4,8.7,0.03,0.0,599.0,0.991,23,16,0.0,284.0
NEG-vijayapura-2019-03-17,vijayapura,,2019-03-17,0,16.82442,75.71537,0,0.0,0.0,0.0,53.43,0.0,0.0,0.03,0.0,599.0,0.991,25,17,0.0,546.0
NEG-vijayapura-2022-03-07,vijayapura,,2022-03-07,0,16.82442,75.71537,0,0.0,0.0,0.0,51.67,0.0,0.0,0.03,0.0,599.0,0.991,32,18,0.0,787.0
NEG-vijayapura-2017-11-13,vijayapura,,2017-11-13,0,16.82442,75.71537,0,0.0,0.0,0.0,38.14,0.0,0.0,0.02,0.0,599.0,0.991,25,17,0.0,57.0
NEG-vijayapura-2023-08-26,vijayapura,,2023-08-26,0,16.82442,75.71537,0,4.300000000000001,12.399999999999999,18.9,38.05,0.7,3.0,0.05,150.0,599.0,0.991,36,20,0.0,30.0
NEG-vijayapura-2020-12-30,vijayapura,,2020-12-30,0,16.82442,75.71537,0,0.0,0.0,0.0,35.82,0.0,0.0,0.02,0.0,599.0,0.991,32,18,0.0,355.0
NEG-vijayapura-2021-12-27,vijayapura,,2021-12-27,0,16.82442,75.71537,0,0.0,0.0,1.3,28.389999999999997,0.0,0.0,0.02,0.0,599.0,0.991,32,18,0.0,717.0
