latitude,longitude,source_file,region,label,negative_basis,elevation_m,slope_deg,aspect_sin,aspect_cos,profile_curvature,relief_local_m,block
27.28073438539538,88.57053834258154,google_earth_point,southern_sikkim,1,,1278.0,27.562,0.91804,-0.39649,-6.261e-05,159.0,4428_1364
27.25534523128074,88.63093819820688,google_earth_point,southern_sikkim,1,,1978.0,37.453,-0.85941,-0.51129,0.00024725,200.0,4431_1362
27.30864166666666,88.66735833333334,google_earth_point,southern_sikkim,1,,2038.0,26.291,0.41888,-0.90804,0.00091849,112.0,4433_1365
27.26288611111112,88.59082222222222,google_earth_point,southern_sikkim,1,,919.0,41.81,-0.4938,0.86958,-0.00099658,206.0,4429_1363
27.32809315135169,88.62380516376776,google_earth_point,southern_sikkim,1,,1398.0,30.517,0.98022,0.19793,0.00051095,125.0,4431_1366
27.35486944444445,88.66125833333334,google_earth_point,southern_sikkim,1,,1764.0,38.247,0.04405,-0.99903,-0.00067606,170.0,4433_1367
27.35799166666667,88.66255833333334,google_earth_point,southern_sikkim,1,,2046.0,37.001,0.2525,-0.9676,6.286e-05,179.0,4433_1367
27.35724722222222,88.66389444444445,google_earth_point,southern_sikkim,1,,1957.0,39.066,0.308,-0.95139,-4.547e-05,187.0,4433_1367
27.352625,88.65876111111112,google_earth_point,southern_sikkim,1,,1646.0,40.207,0.64903,-0.76076,0.00167712,201.0,4432_1367
27.29975,88.69376111111112,google_earth_point,southern_sikkim,1,,2583.0,30.241,-0.99822,-0.05956,0.00160249,116.0,4434_1364
27.38047000212643,88.68308427441023,google_earth_point,southern_sikkim,1,,3323.0,21.548,-0.6929,-0.72104,0.00442379,107.0,4434_1369
27.26688611111111,88.557125,google_earth_point,southern_sikkim,1,,908.0,45.375,-0.15216,-0.98836,-0.00074676,226.0,4427_1363
27.26787777777778,88.5586111111111,google_earth_point,southern_sikkim,1,,1008.0,45.79,0.33642,-0.94171,0.00602939,223.0,4427_1363
27.28628611111111,88.54847777777778,google_earth_point,southern_sikkim,1,,1633.0,43.371,0.39108,-0.92036,0.00165552,197.0,4427_1364
27.25210683417693,88.68219186467816,google_earth_point,southern_sikkim,1,,1960.0,33.55,0.99903,-0.04398,0.00041076,134.0,4434_1362
27.19174595343439,88.64391913232053,google_earth_point,southern_sikkim,1,,1109.0,37.924,-0.17826,0.98398,0.00557414,182.0,4432_1359
27.28974742811852,88.74852563526115,google_earth_point,southern_sikkim,1,,2222.0,46.585,0.84496,-0.53483,-0.00096826,252.0,4437_1364
27.26222246906145,88.73167796945613,google_earth_point,southern_sikkim,1,,1855.0,35.65,-0.9953,-0.09682,-0.00361621,145.0,4436_1363
27.33162777777778,88.86180470109319,google_earth_point,southern_sikkim,1,,4142.0,31.856,0.67278,-0.73984,0.00036978,166.0,4443_1366
27.33007877526835,88.85977316426641,google_earth_point,southern_sikkim,1,,4159.0,35.093,0.83022,-0.55743,0.00149754,176.0,4442_1366
27.3294340174302,88.85915227076975,google_earth_point,southern_sikkim,1,,4168.0,32.072,0.69819,-0.71592,0.00248452,167.0,4442_1366
27.29094683741536,88.87426383055326,google_earth_point,southern_sikkim,1,,3347.0,37.713,0.74721,-0.66459,0.00013184,195.0,4443_1364
27.41098611111111,88.75459416488353,google_earth_point,southern_sikkim,1,,3838.0,32.208,0.40348,0.91499,0.00172478,144.0,4437_1370
27.41181156201286,88.74598902239659,google_earth_point,southern_sikkim,1,,3856.0,32.941,-0.22079,0.97532,5.065e-05,143.0,4437_1370
27.28504021971184,88.79251830306967,google_earth_point,southern_sikkim,1,,3403.0,33.164,-0.8884,-0.45908,-0.00242053,163.0,4439_1364
27.39428131221561,88.82048835549513,google_earth_point,southern_sikkim,1,,4474.0,32.136,-0.77827,-0.62793,0.00053287,156.0,4441_1369
27.38234357101308,88.74135653941927,google_earth_point,southern_sikkim,1,,3646.0,26.403,-0.34129,0.93996,0.00340656,115.0,4437_1369
27.40117613418454,88.81546101380998,google_earth_point,southern_sikkim,1,,4497.0,22.368,-0.96191,-0.27338,0.00611183,94.0,4440_1370
27.39767848740543,88.81353310482173,google_earth_point,southern_sikkim,1,,4390.0,39.646,-0.99228,0.12403,0.00462294,168.0,4440_1369
27.39797224560936,88.81427029311833,google_earth_point,southern_sikkim,1,,4440.0,39.403,-0.98058,0.19612,0.00180883,168.0,4440_1369
27.41100045784546,88.75182980441224,google_earth_point,southern_sikkim,1,,3843.0,30.264,-0.25707,0.96639,0.00022829,121.0,4437_1370
27.286875,88.73990555555555,google_earth_point,southern_sikkim,1,,2110.0,48.953,0.61193,-0.79091,0.00146105,274.0,4436_1364
27.2703586795352,88.85630846700964,google_earth_point,southern_sikkim,1,,3074.0,37.248,0.25755,-0.96627,-0.00051093,160.0,4442_1363
27.29192233711034,88.84036757844505,google_earth_point,southern_sikkim,1,,3574.0,26.861,0.06033,-0.99818,0.00176018,108.0,4442_1364
27.29244971029751,88.84062111228512,google_earth_point,southern_sikkim,1,,3600.0,27.774,-0.07912,-0.99687,0.00086909,115.0,4442_1364
27.35604556650621,88.82425738107906,google_earth_point,southern_sikkim,1,,4060.0,41.397,0.36867,-0.92956,0.00251574,214.0,4441_1367
27.31521415421343,88.86251265193629,google_earth_point,southern_sikkim,1,,3869.0,30.759,-0.70944,-0.70477,0.00016159,146.0,4443_1365
27.30451934574344,88.8827354489395,google_earth_point,southern_sikkim,1,,3653.0,38.121,-0.90446,-0.42656,0.00127123,200.0,4444_1365
27.28327412582142,88.88891076512013,google_earth_point,southern_sikkim,1,,3626.0,22.33,-0.99413,-0.1082,0.00381724,93.0,4444_1364
27.29169828518166,88.84007468411453,google_earth_point,southern_sikkim,1,,3557.0,26.65,0.11347,-0.99354,0.00066631,104.0,4442_1364
27.24694166666667,88.78705,google_earth_point,southern_sikkim,1,,2635.0,46.925,0.87913,-0.47658,0.00657029,270.0,4439_1362
27.23971944444445,88.7763138888889,google_earth_point,southern_sikkim,1,,2183.0,32.204,0.94824,-0.31755,-0.00063907,146.0,4438_1361
27.26429722222223,88.83901666666667,google_earth_point,southern_sikkim,1,,2551.0,42.904,-0.57386,-0.81895,-0.00018958,222.0,4441_1363
27.26833055555555,88.83188888888888,google_earth_point,southern_sikkim,1,,2664.0,40.402,-0.84366,-0.53688,-0.00285196,258.0,4441_1363
27.29276388888889,88.77533611111112,google_earth_point,southern_sikkim,1,,2870.0,38.271,0.59152,-0.80629,0.00186627,188.0,4438_1364
27.29582222222223,88.78614722222223,google_earth_point,southern_sikkim,1,,3139.0,46.371,-0.52032,-0.85397,0.00330618,238.0,4439_1364
27.41307090535702,88.76545478239635,google_earth_point,southern_sikkim,1,,3760.0,27.274,-0.60344,0.79741,-0.00081822,136.0,4438_1370
27.25164444444445,88.74196388888889,google_earth_point,southern_sikkim,1,,2364.0,30.669,0.62298,-0.78224,0.00211114,150.0,4437_1362
27.29145277777778,88.70227777777778,google_earth_point,southern_sikkim,1,,2300.0,35.718,0.28007,-0.95998,0.0013345,167.0,4435_1364
27.28393888888889,88.71533333333333,google_earth_point,southern_sikkim,1,,1550.0,40.974,0.65408,-0.75643,0.00154274,214.0,4435_1364
27.28454166666667,88.71551111111111,google_earth_point,southern_sikkim,1,,1590.0,41.088,0.78366,-0.62119,0.00514402,231.0,4435_1364
27.28466666666667,88.71256666666667,google_earth_point,southern_sikkim,1,,1659.0,42.425,0.28874,-0.95741,-0.00429075,189.0,4435_1364
27.28579444444445,88.73972222222223,google_earth_point,southern_sikkim,1,,2000.0,46.901,0.54325,-0.83957,-0.00168973,273.0,4436_1364
27.28455833333334,88.74000555555556,google_earth_point,southern_sikkim,1,,1885.0,49.206,0.62089,-0.7839,0.00353151,307.0,4437_1364
27.28396388888889,88.73071388888889,google_earth_point,southern_sikkim,1,,1628.0,43.988,0.00144,-1.0,-0.00088825,182.0,4436_1364
27.30692222222222,88.72035277777778,google_earth_point,southern_sikkim,1,,2099.0,47.39,0.96714,-0.25424,0.00276834,238.0,4436_1365
27.30773611111111,88.72998333333334,google_earth_point,southern_sikkim,1,,2036.0,41.815,-0.99674,-0.08073,-0.00081911,176.0,4436_1365
27.29695555555556,88.75791111111111,google_earth_point,southern_sikkim,1,,2584.0,37.88,0.69631,-0.71774,-0.00015354,196.0,4437_1364
27.30737777777778,88.74410833333333,google_earth_point,southern_sikkim,1,,2892.0,37.175,0.75822,-0.652,0.00257952,186.0,4437_1365
27.30657222222221,88.74369444444444,google_earth_point,southern_sikkim,1,,2872.0,36.334,0.48532,-0.87434,0.00473929,174.0,4437_1365
27.29933611111111,88.77169166666667,google_earth_point,southern_sikkim,1,,3081.0,43.377,-0.49535,-0.8687,0.00574797,224.0,4438_1364
27.29409722222222,88.75883611111111,google_earth_point,southern_sikkim,1,,2346.0,41.46,0.62412,-0.78133,0.00151638,228.0,4437_1364
27.30500833333333,88.88196111111111,google_earth_point,southern_sikkim,1,,3613.0,40.818,-0.88119,-0.47276,0.00071988,217.0,4444_1365
27.29390398562222,88.7495911462523,google_earth_point,southern_sikkim,1,,2236.0,36.773,0.99983,-0.01858,0.0030648,146.0,4437_1364
27.27645479310381,88.79754610840237,google_earth_point,southern_sikkim,1,,3657.0,13.46,-0.92848,-0.37139,0.00403669,58.0,4439_1363
27.29161188257799,88.75007560026702,google_earth_point,southern_sikkim,1,,2162.0,38.27,1.0,0.0,0.00126005,176.0,4437_1364
27.27846944444444,88.79468333333332,google_earth_point,southern_sikkim,1,,3459.0,36.84,-0.99924,0.03893,0.00118341,155.0,4439_1363
27.39307270497994,88.68033287587353,google_earth_point,southern_sikkim,1,,2916.0,39.575,-0.99983,0.01848,-0.00057161,159.0,4434_1369
27.39383957010557,88.68120913031072,google_earth_point,southern_sikkim,1,,2993.0,30.329,-0.99235,0.12345,0.00390864,126.0,4434_1369
27.39179722222222,88.67811666666667,google_earth_point,southern_sikkim,1,,2752.0,36.39,-0.82355,0.56725,-0.0023601,172.0,4433_1369
27.40390333690794,88.70941133300761,google_earth_point,southern_sikkim,1,,3511.0,24.467,-0.94621,-0.32354,0.00217836,139.0,4435_1370
27.30452381400508,88.72083547491528,google_earth_point,southern_sikkim,1,,1914.0,56.452,0.88136,-0.47245,-0.00466683,310.0,4436_1365
27.19613611111111,88.72096111111111,google_earth_point,southern_sikkim,1,,1375.0,32.354,0.99976,-0.02192,0.00135629,125.0,4436_1359
27.30923029835148,88.72246040182499,google_earth_point,southern_sikkim,1,,1996.0,54.733,0.84959,-0.52744,-0.00371848,296.0,4436_1365
27.30038611111112,88.71930555555556,google_earth_point,southern_sikkim,1,,2029.0,51.738,0.96831,-0.24975,0.01124466,311.0,4435_1365
27.29355833333333,88.717825,google_earth_point,southern_sikkim,1,,1846.0,40.741,0.80135,-0.59819,0.0035096,210.0,4435_1364
27.29686388888889,88.71896666666667,google_earth_point,southern_sikkim,1,,1880.0,53.248,0.99261,-0.12135,0.0084971,285.0,4435_1364
27.2516,88.79554444444445,google_earth_point,southern_sikkim,1,,2876.0,46.522,-0.0777,-0.99698,-0.00211704,218.0,4439_1362
27.30835630000655,88.7213211418203,google_earth_point,southern_sikkim,1,,2097.0,52.433,0.85465,-0.5192,0.00399717,294.0,4436_1365
27.30124166666667,88.71953611111111,google_earth_point,southern_sikkim,1,,2024.0,49.072,0.95982,-0.2806,0.00454577,294.0,4435_1365
27.30213333333333,88.72052222222223,google_earth_point,southern_sikkim,1,,1920.0,48.32,0.99546,-0.09522,-0.00381531,228.0,4436_1365
27.30571944444445,88.72093611111111,google_earth_point,southern_sikkim,1,,2004.0,51.346,0.98092,-0.19441,-0.00057745,297.0,4436_1365
27.30852099877428,88.72153486550467,google_earth_point,southern_sikkim,1,,2073.0,53.636,0.84366,-0.53688,0.0016375,310.0,4436_1365
27.31255555555556,88.72418611111111,google_earth_point,southern_sikkim,1,,2043.0,50.904,0.99991,-0.01354,0.01486821,251.0,4436_1365
27.30874444444445,88.73506111111111,google_earth_point,southern_sikkim,1,,2388.0,39.116,-0.90016,0.43556,0.00184798,192.0,4436_1365
27.31184435229498,88.84442901511731,google_earth_point,southern_sikkim,1,,4147.0,11.766,0.99355,-0.11336,0.00693705,77.0,4442_1365
27.41556111111111,88.78766666666667,google_earth_point,southern_sikkim,1,,4371.0,30.559,-0.77626,0.63042,-0.0008982,144.0,4439_1370
27.40671567439315,88.80273481565719,google_earth_point,southern_sikkim,1,,4569.0,30.333,-0.55306,0.83314,-1.756e-05,134.0,4440_1370
27.40668695253415,88.80342775558407,google_earth_point,southern_sikkim,1,,4602.0,22.63,-0.673,0.73964,0.0040393,125.0,4440_1370
27.40695526764349,88.8041632537063,google_earth_point,southern_sikkim,1,,4631.0,26.237,-0.78905,0.61433,0.0055185,148.0,4440_1370
27.39833033265133,88.81518114438398,google_earth_point,southern_sikkim,1,,4510.0,35.685,-0.97082,0.2398,0.00422215,161.0,4440_1369
27.4041800068718,88.80970098011481,google_earth_point,southern_sikkim,1,,4504.0,30.678,0.98799,-0.15452,0.00332197,126.0,4440_1370
27.40589502680407,88.80641658423534,google_earth_point,southern_sikkim,1,,4661.0,15.237,0.20395,-0.97898,0.00385098,124.0,4440_1370
27.40665015824408,88.80578991733844,google_earth_point,southern_sikkim,1,,4701.0,5.669,-0.30782,-0.95144,0.01451474,105.0,4440_1370
27.40482081787735,88.80386120519165,google_earth_point,southern_sikkim,1,,4540.0,26.885,0.23285,-0.97251,0.00124042,114.0,4440_1370
27.40369072680698,88.79820924593324,google_earth_point,southern_sikkim,1,,4447.0,30.666,-0.65118,-0.75893,0.00153172,146.0,4439_1370
27.40761772673079,88.80520902801109,google_earth_point,southern_sikkim,1,,4630.0,29.551,-0.60508,0.79616,0.00241676,152.0,4440_1370
27.40737388799134,88.80476890773008,google_earth_point,southern_sikkim,1,,4637.0,33.47,-0.74787,0.66384,0.00486647,159.0,4440_1370
27.41417009524894,88.80466204398704,google_earth_point,southern_sikkim,1,,4658.0,28.914,-0.13579,-0.99074,-0.00102688,143.0,4440_1370
27.41427393613874,88.80364022798892,google_earth_point,southern_sikkim,1,,4644.0,35.184,-0.54374,-0.83925,0.00163287,173.0,4440_1370
27.41482912594406,88.80322023642574,google_earth_point,southern_sikkim,1,,4660.0,25.459,-0.91017,-0.41424,0.00138378,133.0,4440_1370
27.41198966400558,88.79684583317271,google_earth_point,southern_sikkim,1,,4517.0,23.845,-0.69762,-0.71647,0.0017992,120.0,4439_1370
27.41248855395779,88.79655510027685,google_earth_point,southern_sikkim,1,,4522.0,33.161,-0.75033,-0.66106,0.00135379,154.0,4439_1370
27.41289045387628,88.796270599554,google_earth_point,southern_sikkim,1,,4521.0,37.885,-0.8015,-0.598,0.00101443,182.0,4439_1370
27.41389560511123,88.79557892283405,google_earth_point,southern_sikkim,1,,4543.0,33.208,-0.82112,-0.57075,0.00246577,157.0,4439_1370
27.41400459107975,88.79383035450796,google_earth_point,southern_sikkim,1,,4459.0,26.969,-0.18561,-0.98262,-0.00053478,107.0,4439_1370
27.41729368629538,88.79111515483228,google_earth_point,southern_sikkim,1,,4434.0,33.357,-0.11182,0.99373,0.00386437,138.0,4439_1370
27.41663883335053,88.79346695605366,google_earth_point,southern_sikkim,1,,4518.0,35.321,0.11172,0.99374,0.00359991,138.0,4439_1370
27.4161011696527,88.7967213129255,google_earth_point,southern_sikkim,1,,4615.0,31.23,-0.43064,0.90252,0.00852986,150.0,4439_1370
27.41612208414823,88.79563568189525,google_earth_point,southern_sikkim,1,,4566.0,28.395,-0.67828,0.7348,0.00380703,129.0,4439_1370
27.41645466907499,88.79483410576539,google_earth_point,southern_sikkim,1,,4520.0,27.631,-0.23879,0.97107,0.00498574,129.0,4439_1370
27.41658759912672,88.79806417480142,google_earth_point,southern_sikkim,1,,4561.0,40.792,0.10301,0.99468,-0.00159292,172.0,4439_1370
27.4032026124998,88.78890470339161,google_earth_point,southern_sikkim,1,,4388.0,33.708,-0.39141,0.92022,-0.00211869,139.0,4439_1370
27.40537503739312,88.79214535847622,google_earth_point,southern_sikkim,1,,4350.0,41.231,-0.79714,0.6038,0.00011216,190.0,4439_1370
27.40241892654273,88.78812522866012,google_earth_point,southern_sikkim,1,,4426.0,22.367,-0.91129,0.41177,0.00485553,131.0,4439_1370
27.40166436912834,88.78824338896689,google_earth_point,southern_sikkim,1,,4403.0,31.991,-0.36909,-0.92939,0.00503143,139.0,4439_1370
27.40083331882461,88.78626718622523,google_earth_point,southern_sikkim,1,,4295.0,30.073,-0.23745,-0.9714,0.00162506,156.0,4439_1370
27.38502726863654,88.7907296783926,google_earth_point,southern_sikkim,1,,4293.0,37.768,-0.97698,0.21332,-0.0001953,162.0,4439_1369
27.38590818133828,88.79163544238146,google_earth_point,southern_sikkim,1,,4363.0,30.385,-0.9996,-0.02842,0.00553461,163.0,4439_1369
27.37029182313335,88.83840180560426,google_earth_point,southern_sikkim,1,,4079.0,38.341,0.50048,-0.86575,-0.0006545,164.0,4441_1368
27.36868888888889,88.84880833333332,google_earth_point,southern_sikkim,1,,4139.0,21.487,-0.58922,0.80797,0.00203915,98.0,4442_1368
27.38219404377141,88.8525635429216,google_earth_point,southern_sikkim,1,,4290.0,31.878,-0.12953,-0.99158,0.00051187,137.0,4442_1369
27.37418499215418,88.86287077031803,google_earth_point,southern_sikkim,1,,4437.0,26.599,-0.97632,-0.21634,0.00376221,114.0,4443_1368
27.36037670887603,88.88019581971824,google_earth_point,southern_sikkim,1,,4607.0,31.516,-0.90374,-0.42809,0.00059909,157.0,4444_1368
27.34747842584173,88.863660440244,google_earth_point,southern_sikkim,1,,4274.0,35.6,-0.95061,0.3104,-0.00228214,157.0,4443_1367
27.29727135475122,88.85529986394172,google_earth_point,southern_sikkim,1,,4146.0,6.34,0.6,-0.8,0.00695473,61.0,4442_1364
27.40504607525647,88.80672144844651,google_earth_point,southern_sikkim,1,,4631.0,23.307,-0.40943,-0.91234,0.00646737,132.0,4440_1370
27.27038611111111,88.38180833333332,google_earth_point,southern_sikkim,1,,1350.0,37.276,0.62224,-0.78282,0.00060803,205.0,4419_1363
27.37193515768285,88.27445913122476,google_earth_point,southern_sikkim,1,,2283.0,38.451,0.54049,-0.84135,0.00309609,192.0,4413_1368
27.33821944444444,88.28630833333334,google_earth_point,southern_sikkim,1,,1689.0,34.57,-0.09272,-0.99569,0.00051616,139.0,4414_1366
27.11244835875492,88.39664375645215,google_earth_point,southern_sikkim,1,,796.0,32.083,-0.62036,-0.78432,-0.00128757,161.0,4419_1355
27.11174005194307,88.40181870389887,google_earth_point,southern_sikkim,1,,1054.0,31.967,-0.83681,-0.54749,0.00254477,148.0,4420_1355
27.47796100595076,88.62898994374542,google_earth_point,southern_sikkim,1,,3561.0,43.909,0.20055,-0.97968,0.00521957,229.0,4431_1373
27.30454002064661,88.39427848218234,google_earth_point,southern_sikkim,1,,2213.0,31.611,-0.57996,-0.81465,0.00314561,160.0,4419_1365
27.29571388888889,88.28200555555556,google_earth_point,southern_sikkim,1,,1267.0,44.11,0.64902,-0.76077,0.00847542,231.0,4414_1364
27.390625,88.33044166666666,google_earth_point,southern_sikkim,1,,1526.0,26.296,0.65771,-0.75327,-0.00215264,135.0,4416_1369
27.29668333333333,88.29248888888888,google_earth_point,southern_sikkim,1,,929.0,39.07,0.86229,-0.50642,0.00311922,195.0,4414_1364
27.30374444444444,88.33492222222222,google_earth_point,southern_sikkim,1,,1309.0,30.662,-0.24364,-0.96987,0.00183589,132.0,4416_1365
27.30457222222222,88.33746666666666,google_earth_point,southern_sikkim,1,,1421.0,39.608,-0.30715,-0.95166,0.00050787,176.0,4416_1365
27.30546111111111,88.33938611111111,google_earth_point,southern_sikkim,1,,1529.0,31.473,-0.16109,-0.98694,0.00245875,132.0,4416_1365
27.49129444444445,88.49766111111111,google_earth_point,southern_sikkim,1,,1160.0,25.892,-0.19171,-0.98145,-1.31e-05,97.0,4424_1374
27.13973611111111,88.43181666666668,google_earth_point,southern_sikkim,1,,978.0,32.234,-0.69824,-0.71586,-8.734e-05,158.0,4421_1356
27.47769101844211,88.62982331151524,google_earth_point,southern_sikkim,1,,3480.0,44.189,0.3672,-0.93014,0.00113986,226.0,4431_1373
27.29692350400217,88.22167704839114,google_earth_point,southern_sikkim,1,,2021.0,45.584,0.63279,-0.77432,0.00214248,215.0,4411_1364
27.44541028468453,88.25940399409617,google_earth_point,southern_sikkim,1,,3248.0,40.717,0.75686,-0.65358,0.00259094,207.0,4412_1372
27.42475419842505,88.72104605731994,google_earth_point,southern_sikkim,1,,3821.0,37.219,-0.21577,-0.97644,0.00104263,173.0,4436_1371
27.44313611111111,88.14748333333334,google_earth_point,southern_sikkim,1,,3769.0,32.863,0.95888,0.2838,-0.00260434,148.0,4407_1372
27.36486111111111,88.12391388888888,google_earth_point,southern_sikkim,1,,2603.0,37.591,0.5737,-0.81906,0.00274404,174.0,4406_1368
27.37141403837876,88.11652508336468,google_earth_point,southern_sikkim,1,,2390.0,36.324,0.16624,-0.98609,-0.00057979,172.0,4405_1368
27.37864722222222,88.09322222222222,google_earth_point,southern_sikkim,1,,3465.0,38.746,0.38597,-0.92251,-0.00099965,175.0,4404_1368
27.38167222222222,88.09961944444444,google_earth_point,southern_sikkim,1,,3102.0,26.144,0.8432,-0.53761,0.00402621,148.0,4404_1369
27.40443444744539,88.08862276653403,google_earth_point,southern_sikkim,1,,4120.0,21.449,0.41007,-0.91205,0.002885,148.0,4404_1370
27.47396111111111,88.12204166666666,google_earth_point,southern_sikkim,1,,3964.0,37.768,-0.42485,-0.90527,-0.00092024,175.0,4406_1373
27.47333888888889,88.12066666666666,google_earth_point,southern_sikkim,1,,3941.0,28.027,0.70187,-0.71231,0.00017875,134.0,4406_1373
27.46508333333333,88.16581388888889,google_earth_point,southern_sikkim,1,,3934.0,28.086,-0.22904,-0.97342,0.00258585,115.0,4408_1373
27.45095,88.23802500000001,google_earth_point,southern_sikkim,1,,3678.0,32.462,0.00873,-0.99996,-0.00083348,130.0,4411_1372
27.42742614074958,88.71490065012237,google_earth_point,southern_sikkim,1,,3717.0,34.148,-0.09829,0.99516,-0.00048125,142.0,4435_1371
27.40873888888889,88.69441666666667,google_earth_point,southern_sikkim,1,,3335.0,29.938,0.98395,-0.17846,0.00153525,120.0,4434_1370
27.4135676265499,88.69712099198249,google_earth_point,southern_sikkim,1,,3500.0,36.123,0.4434,-0.89632,-0.00242747,179.0,4434_1370
27.41876666666667,88.69899722222223,google_earth_point,southern_sikkim,1,,3488.0,30.461,-0.61165,0.79113,-0.00255175,153.0,4434_1370
27.42773611111112,88.69818333333333,google_earth_point,southern_sikkim,1,,3353.0,25.523,-0.92213,0.38689,0.00193653,121.0,4434_1371
27.42941151292416,88.71105507723804,google_earth_point,southern_sikkim,1,,3383.0,34.281,0.30766,0.9515,-0.00175393,174.0,4435_1371
27.47121215945204,88.06854326203201,google_earth_point,southern_sikkim,1,,4254.0,23.445,-0.58608,-0.81026,0.00020142,105.0,4403_1373
27.46105555555555,88.06689444444444,google_earth_point,southern_sikkim,1,,4421.0,41.793,0.43662,0.89965,-0.00376461,212.0,4403_1373
27.44161832548429,88.26050921259251,google_earth_point,southern_sikkim,1,,3073.0,42.424,1.0,-0.00304,0.00164042,200.0,4413_1372
27.45406388888889,88.66667222222223,google_earth_point,southern_sikkim,1,,2221.0,39.063,0.47573,-0.87959,0.00306039,200.0,4433_1372
27.42749537475755,88.79302889314532,google_earth_point,southern_sikkim,1,,4528.0,32.305,-0.57331,-0.81934,7.441e-05,167.0,4439_1371
27.42733495463688,88.7903615450172,google_earth_point,southern_sikkim,1,,4411.0,28.539,-0.76106,-0.64869,-0.00078818,144.0,4439_1371
27.42795716182562,88.79143659342029,google_earth_point,southern_sikkim,1,,4496.0,31.036,-0.82632,-0.56319,0.0018631,143.0,4439_1371
27.43458359869217,88.79201219921964,google_earth_point,southern_sikkim,1,,4560.0,29.387,-0.94208,-0.3354,0.00168349,139.0,4439_1371
27.43621239868231,88.79037370049178,google_earth_point,southern_sikkim,1,,4575.0,26.019,-0.99585,-0.09105,0.00337708,137.0,4439_1371
27.43613207759973,88.7898994342073,google_earth_point,southern_sikkim,1,,4552.0,29.433,-0.99941,0.03446,0.00377108,144.0,4439_1371
27.4361556947761,88.78944193209672,google_earth_point,southern_sikkim,1,,4520.0,31.23,-0.9804,0.197,0.00169003,162.0,4439_1371
27.43597324509556,88.78937168663943,google_earth_point,southern_sikkim,1,,4513.0,29.027,-0.99364,0.11263,0.00121757,148.0,4439_1371
27.43704731206275,88.79065386126524,google_earth_point,southern_sikkim,1,,4594.0,35.53,-0.99973,0.02334,0.00662805,157.0,4439_1371
27.43804184648138,88.79077923824208,google_earth_point,southern_sikkim,1,,4582.0,36.407,-0.97369,0.22788,0.00581595,151.0,4439_1371
27.43386080441394,88.79261283713156,google_earth_point,southern_sikkim,1,,4582.0,28.405,-0.99388,-0.11043,0.00503901,114.0,4439_1371
27.19178611111111,88.30263055555555,google_earth_point,southern_sikkim,1,,1298.0,40.192,0.1644,-0.98639,-0.00133559,176.0,4415_1359
27.20736388888889,88.3612861111111,google_earth_point,southern_sikkim,1,,1419.0,49.913,0.59268,-0.80544,0.00050718,296.0,4418_1360
27.47841156411558,88.62808103042212,google_earth_point,southern_sikkim,1,,3591.0,31.345,-0.2075,-0.97823,0.00927809,122.0,4431_1373
27.39975555555555,88.63502500000001,google_earth_point,southern_sikkim,1,,2017.0,43.136,0.69966,-0.71448,-0.00033703,226.0,4431_1369
27.21328111048475,88.81982083633417,google_earth_point,southern_sikkim,1,,1988.0,36.573,0.79933,-0.6009,0.00054246,193.0,4440_1360
27.26480340780678,88.88943225803166,google_earth_point,southern_sikkim,1,,3810.0,37.607,0.19473,-0.98086,0.00241311,179.0,4444_1363
27.21424166666667,88.82013333333333,google_earth_point,southern_sikkim,1,,1993.0,34.008,0.96953,0.24496,0.00263425,154.0,4441_1360
27.40865719865226,88.80898867958042,google_earth_point,southern_sikkim,1,,4522.0,39.901,0.98666,-0.16278,0.00097471,158.0,4440_1370
27.278631308893708,88.61502286413273,google_earth_polygon,southern_sikkim,1,,1312.0,42.027,-0.17414,-0.98472,-0.00026956,192.0,4430_1363
27.265344813502015,88.5497508016921,google_earth_polygon,southern_sikkim,1,,877.0,31.922,0.78477,0.61979,-0.0003054,135.0,4427_1363
27.260224268912445,88.5503781643649,google_earth_polygon,southern_sikkim,1,,690.0,41.317,0.64623,-0.76315,-0.00014568,239.0,4427_1363
27.303233385582942,88.53569578608035,google_earth_polygon,southern_sikkim,1,,1915.0,32.915,0.66516,0.7467,-0.00163883,175.0,4426_1365
27.305284241422044,88.53515612949514,google_earth_polygon,southern_sikkim,1,,1831.0,31.023,0.99998,0.00693,-0.00105821,146.0,4426_1365
27.278807464088334,88.6219108523232,google_earth_polygon,southern_sikkim,1,,1356.0,35.116,-0.35156,-0.93617,-0.00013729,169.0,4431_1363
27.2916232080746,88.63062939026037,google_earth_polygon,southern_sikkim,1,,1157.0,38.353,-0.07723,-0.99701,-0.000706,188.0,4431_1364
27.282409114965375,88.52398742786983,google_earth_polygon,southern_sikkim,1,,1506.0,38.897,-0.2324,-0.97262,-0.00498847,170.0,4426_1364
27.348167438601898,88.53633512138447,google_earth_polygon,southern_sikkim,1,,2196.0,37.155,0.20527,-0.97871,-0.00700986,191.0,4426_1367
27.20601300521284,88.49108738487996,google_earth_polygon,southern_sikkim,1,,474.0,39.199,-0.68462,0.7289,-0.00177297,216.0,4424_1360
27.276797256144015,88.57067289691344,google_earth_polygon,southern_sikkim,1,,1043.0,47.73,0.69308,-0.72086,-0.00065453,256.0,4428_1363
27.215474724027715,88.60727587536988,google_earth_polygon,southern_sikkim,1,,865.0,20.89,0.97162,-0.23654,-0.00127439,95.0,4430_1360
27.234791129800946,88.69143632129467,google_earth_polygon,southern_sikkim,1,,1513.0,50.934,-0.14994,-0.9887,-0.00023516,236.0,4434_1361
27.195300183264408,88.64169469727358,google_earth_polygon,southern_sikkim,1,,831.0,42.956,0.06414,0.99794,0.00036477,186.0,4432_1359
27.189984825637396,88.63911737556244,google_earth_polygon,southern_sikkim,1,,882.0,35.04,-0.92889,0.37037,-0.00116332,155.0,4431_1359
27.198015748659202,88.55378602608047,google_earth_polygon,southern_sikkim,1,,573.0,23.746,0.56196,-0.82716,0.00055911,110.0,4427_1359
27.234505901534654,88.64262547968951,google_earth_polygon,southern_sikkim,1,,1430.0,42.832,0.51538,-0.85696,-0.00215171,225.0,4432_1361
27.19963085291552,88.55574913799438,google_earth_polygon,southern_sikkim,1,,605.0,8.79,0.33235,-0.94316,0.00161304,41.0,4427_1359
27.23773944034773,88.61344278516762,google_earth_polygon,southern_sikkim,1,,1029.0,21.672,0.62213,-0.78291,-0.00346403,106.0,4430_1361
27.201848286023406,88.55521460659034,google_earth_polygon,southern_sikkim,1,,643.0,24.27,0.6561,-0.75467,-0.00195872,110.0,4427_1360
27.257368372773612,88.64061111548435,google_earth_polygon,southern_sikkim,1,,1990.0,26.685,0.85109,-0.52502,0.00220969,104.0,4432_1362
27.249716674049154,88.64638787952376,google_earth_polygon,southern_sikkim,1,,1593.0,21.993,0.64994,-0.75998,0.00044311,108.0,4432_1362
27.25145395998019,88.64246110487804,google_earth_polygon,southern_sikkim,1,,1773.0,33.522,0.6206,-0.78413,-0.0009416,173.0,4432_1362
27.251370878459632,88.6448678334266,google_earth_polygon,southern_sikkim,1,,1692.0,30.151,0.62644,-0.77947,-0.00147434,141.0,4432_1362
27.223920645736385,88.66494932621379,google_earth_polygon,southern_sikkim,1,,941.0,31.912,0.07806,-0.99695,-0.00247875,151.0,4433_1361
27.38804877009077,88.58778982220153,google_earth_polygon,southern_sikkim,1,,1258.0,17.347,0.98711,0.16007,-0.00274668,82.0,4429_1369
27.39101660839229,88.59076720089737,google_earth_polygon,southern_sikkim,1,,1109.0,15.377,0.71714,0.69693,-0.00369014,107.0,4429_1369
27.3218941468563,88.50149474114163,google_earth_polygon,southern_sikkim,1,,1075.0,43.954,-0.43217,0.90179,-0.00829596,226.0,4425_1366
27.341512340598705,88.51441377676475,google_earth_polygon,southern_sikkim,1,,1809.0,29.244,-0.49614,-0.86824,0.00162909,135.0,4425_1367
27.395373621435894,88.51118809214573,google_earth_polygon,southern_sikkim,1,,658.0,40.43,0.59503,-0.8037,-0.00712102,192.0,4425_1369
27.304322367850368,88.33779673776343,google_earth_polygon,southern_sikkim,1,,1405.0,40.316,-0.24061,-0.97062,-0.00013228,177.0,4416_1365
27.311529805007602,88.31481279975466,google_earth_polygon,southern_sikkim,1,,841.0,48.279,0.48543,-0.87427,-0.00382753,236.0,4415_1365
27.29705638832879,88.29507366812416,google_earth_polygon,southern_sikkim,1,,686.0,34.287,0.95538,-0.29537,-0.00871142,149.0,4414_1364
27.344746944143097,88.27539662944042,google_earth_polygon,southern_sikkim,1,,1408.0,26.443,-0.99975,-0.02234,0.00099459,99.0,4413_1367
27.34253667359139,88.27196401118712,google_earth_polygon,southern_sikkim,1,,1260.0,27.415,-0.97737,0.21154,-0.00124645,108.0,4413_1367
27.302714554356662,88.33338384163784,google_earth_polygon,southern_sikkim,1,,1203.0,34.55,-0.53452,-0.84515,-0.00013074,173.0,4416_1365
27.133871065168613,88.31377503923136,google_earth_polygon,southern_sikkim,1,,625.0,24.716,-0.31079,-0.95048,-0.00123999,126.0,4415_1356
27.44595477305635,88.48883481410499,google_earth_polygon,southern_sikkim,1,,1638.0,51.798,0.50061,-0.86568,-0.00206034,301.0,4424_1372
27.304228243397706,88.3410113174557,google_earth_polygon,southern_sikkim,1,,1444.0,34.07,-0.36145,-0.93239,-0.003641,157.0,4417_1365
27.316431467150068,88.43046739172377,google_earth_polygon,southern_sikkim,1,,983.0,50.458,0.01605,-0.99987,-0.00102083,227.0,4421_1365
27.31865128006206,88.42759779584992,google_earth_polygon,southern_sikkim,1,,1107.0,39.102,-0.51951,-0.85446,-0.00255194,213.0,4421_1365
27.3514625281167,88.27223300093942,google_earth_polygon,southern_sikkim,1,,1549.0,34.557,0.33071,-0.94373,-0.00132336,167.0,4413_1367
27.133563898818654,88.36188763777798,google_earth_polygon,southern_sikkim,1,,916.0,41.63,-0.99545,-0.09533,-0.00022145,182.0,4418_1356
27.292286320828033,88.28560601877433,google_earth_polygon,southern_sikkim,1,,808.0,58.244,0.66281,-0.74878,0.00935768,318.0,4414_1364
27.334869313780473,88.27382506381957,google_earth_polygon,southern_sikkim,1,,1346.0,29.671,-0.42662,-0.90443,-0.00070197,139.0,4413_1366
27.12902225712419,88.17076636435641,google_earth_polygon,southern_sikkim,1,,760.0,32.325,0.79895,-0.6014,0.00168471,158.0,4408_1356
27.489261937458995,88.44523079457885,google_earth_polygon,southern_sikkim,1,,1900.0,41.884,0.97264,-0.23232,-0.00110529,214.0,4422_1374
27.30365256283849,88.37576523311043,google_earth_polygon,southern_sikkim,1,,1634.0,37.109,0.89589,0.44427,-3.371e-05,185.0,4418_1365
27.299473069215843,88.39729995717002,google_earth_polygon,southern_sikkim,1,,1843.0,49.099,-0.39101,-0.92039,-0.00427214,246.0,4419_1364
27.325080539853875,88.33858657002968,google_earth_polygon,southern_sikkim,1,,1904.0,37.862,0.61814,-0.78607,0.00186147,192.0,4416_1366
27.404887551415918,88.58203526251654,google_earth_polygon,southern_sikkim,1,,1358.0,37.04,0.3957,-0.91838,-0.00138066,195.0,4429_1370
27.408097482143617,88.58346954017017,google_earth_polygon,southern_sikkim,1,,1497.0,38.34,0.28976,-0.9571,-0.00117972,181.0,4429_1370
27.54185342021908,88.50083315995737,google_earth_polygon,southern_sikkim,1,,1414.0,52.392,-0.22361,-0.97468,0.00046711,288.0,4425_1377
27.111757701965537,88.39799407327203,google_earth_polygon,southern_sikkim,1,,819.0,30.509,-0.87681,-0.48083,-0.0029394,154.0,4419_1355
27.11095510451255,88.40122418897639,google_earth_polygon,southern_sikkim,1,,966.0,32.374,-0.9245,-0.38119,-0.00243741,149.0,4420_1355
27.1120218544567,88.39927203224136,google_earth_polygon,southern_sikkim,1,,918.0,35.315,-0.74892,-0.66266,0.00051819,171.0,4419_1355
27.32965370874726,88.2685876155574,google_earth_polygon,southern_sikkim,1,,857.0,38.639,-0.172,-0.9851,-0.00079427,165.0,4413_1366
27.328714740069625,88.26980182930998,google_earth_polygon,southern_sikkim,1,,821.0,27.939,-0.38759,-0.92183,-0.00080089,110.0,4413_1366
27.331028725995665,88.27160394669639,google_earth_polygon,southern_sikkim,1,,1006.0,36.169,-0.44645,-0.89481,0.0005394,177.0,4413_1366
27.3319906822388,88.27192038409177,google_earth_polygon,southern_sikkim,1,,1067.0,37.222,-0.35653,-0.93428,-0.00560525,187.0,4413_1366
27.33262570599069,88.27163165868598,google_earth_polygon,southern_sikkim,1,,1126.0,36.948,-0.1662,-0.98609,-0.00046551,166.0,4413_1366
27.3692211715001,88.2765166430579,google_earth_polygon,southern_sikkim,1,,1979.0,33.349,-0.20261,-0.97926,-0.00041522,145.0,4413_1368
27.385749522709446,88.32735391896628,google_earth_polygon,southern_sikkim,1,,1356.0,52.997,0.21981,-0.97554,-0.00145844,290.0,4416_1369
27.391651476001798,88.33284028494073,google_earth_polygon,southern_sikkim,1,,1593.0,34.645,0.47434,-0.88034,-0.00041389,147.0,4416_1369
27.391827618310607,88.33136712943744,google_earth_polygon,southern_sikkim,1,,1590.0,32.477,-0.69389,-0.72008,-0.00224113,157.0,4416_1369
27.387589663024606,88.3401663236942,google_earth_polygon,southern_sikkim,1,,1567.0,28.418,-0.32084,-0.94713,-0.00341708,139.0,4417_1369
27.389054136430985,88.33714962840757,google_earth_polygon,southern_sikkim,1,,1513.0,34.767,-0.79832,-0.60224,-0.00090276,166.0,4416_1369
27.292202490491924,88.33575562725113,google_earth_polygon,southern_sikkim,1,,1427.0,30.566,-0.91245,-0.40919,-0.00302936,130.0,4416_1364
27.140644149255692,88.17907275658067,google_earth_polygon,southern_sikkim,1,,747.0,26.125,-0.02549,-0.99968,0.00033217,95.0,4408_1357
27.143677892667476,88.19665852569469,google_earth_polygon,southern_sikkim,1,,804.0,21.243,-0.85749,-0.5145,-0.00094762,92.0,4409_1357
27.14428725548695,88.19600225988162,google_earth_polygon,southern_sikkim,1,,796.0,18.45,-0.84091,-0.54118,-0.00193063,74.0,4409_1357
27.14544451786422,88.20077245386622,google_earth_polygon,southern_sikkim,1,,823.0,34.826,0.45518,-0.8904,-0.00267522,159.0,4410_1357
27.15535842667594,88.2077185153353,google_earth_polygon,southern_sikkim,1,,865.0,29.558,0.18857,-0.98206,-0.00256207,116.0,4410_1357
27.155604566127636,88.20703962298904,google_earth_polygon,southern_sikkim,1,,901.0,30.107,0.26109,-0.96531,0.00081801,119.0,4410_1357
27.25545027017543,88.26158796377987,google_earth_polygon,southern_sikkim,1,,894.0,22.771,-0.96613,0.25807,-0.0037184,111.0,4413_1362
27.271494835743404,88.26119103524947,google_earth_polygon,southern_sikkim,1,,648.0,37.446,0.35728,-0.934,-0.00151827,163.0,4413_1363
27.27791674250557,88.26464661947648,google_earth_polygon,southern_sikkim,1,,962.0,30.492,0.50475,-0.86327,-0.00141618,147.0,4413_1363
27.287930472973514,88.26105594805315,google_earth_polygon,southern_sikkim,1,,1403.0,29.894,0.75377,-0.65714,0.0009949,157.0,4413_1364
27.287478089557027,88.26415534185239,google_earth_polygon,southern_sikkim,1,,1260.0,34.369,0.62346,-0.78186,-0.00150588,182.0,4413_1364
27.289748213736658,88.2630393626291,google_earth_polygon,southern_sikkim,1,,1458.0,32.505,0.39234,-0.91982,0.00056071,148.0,4413_1364
27.3080763264873,88.28034512462816,google_earth_polygon,southern_sikkim,1,,736.0,28.017,0.7622,0.64735,-0.00377619,126.0,4414_1365
27.312308171926524,88.32152636218763,google_earth_polygon,southern_sikkim,1,,928.0,36.822,-0.08719,-0.99619,-0.00795021,157.0,4416_1365
27.31258225848757,88.323265926344,google_earth_polygon,southern_sikkim,1,,944.0,37.763,0.05199,-0.99865,-0.00896057,177.0,4416_1365
27.314801860875544,88.32681522877789,google_earth_polygon,southern_sikkim,1,,1166.0,45.766,0.08249,-0.99659,0.00312031,221.0,4416_1365
27.329128195732736,88.43241691590939,google_earth_polygon,southern_sikkim,1,,1439.0,43.457,0.59365,-0.80472,-0.0019621,226.0,4421_1366
27.349864542450526,88.45733920727437,google_earth_polygon,southern_sikkim,1,,874.0,42.824,0.58746,-0.80925,-0.00229178,222.0,4422_1367
27.381767170656452,88.47050657055323,google_earth_polygon,southern_sikkim,1,,759.0,27.78,0.03955,-0.99922,-0.00042854,117.0,4423_1369
27.489101113077595,88.50841581524023,google_earth_polygon,southern_sikkim,1,,910.0,40.447,0.40568,-0.91401,0.00024035,159.0,4425_1374
27.48968249107212,88.50958980930241,google_earth_polygon,southern_sikkim,1,,882.0,45.093,0.41255,-0.91093,-0.00461925,229.0,4425_1374
27.44389873402408,88.47342053105311,google_earth_polygon,southern_sikkim,1,,2248.0,39.091,0.55903,-0.82915,-0.00217988,196.0,4423_1372
27.163434052659568,88.51793300482842,google_earth_polygon,southern_sikkim,1,,617.0,31.075,0.86193,-0.50702,-0.00108132,151.0,4425_1358
27.133871177622233,88.49553127465765,google_earth_polygon,southern_sikkim,1,,483.0,41.51,0.74228,-0.67009,0.00036799,208.0,4424_1356
27.1522994032625,88.51244839467691,google_earth_polygon,southern_sikkim,1,,534.0,25.462,0.84004,-0.54253,-0.00123998,118.0,4425_1357
27.12733380663444,88.4888945002674,google_earth_polygon,southern_sikkim,1,,323.0,40.551,-0.24024,-0.97071,-0.00234327,184.0,4424_1356
27.131365661794515,88.48203334081447,google_earth_polygon,southern_sikkim,1,,417.0,35.765,-0.10027,-0.99496,-0.00179208,147.0,4424_1356
27.13844236053373,88.47427392159986,google_earth_polygon,southern_sikkim,1,,649.0,27.858,0.87242,-0.48876,-0.00259167,143.0,4423_1356
27.13896909303213,88.47640291102189,google_earth_polygon,southern_sikkim,1,,585.0,23.026,0.59476,-0.8039,-0.00317209,103.0,4423_1356
27.127102075143394,88.44852671724968,google_earth_polygon,southern_sikkim,1,,529.0,22.796,0.27428,-0.96165,-0.00555261,91.0,4422_1356
27.129565714669063,88.29238784173242,google_earth_polygon,southern_sikkim,1,,484.0,34.99,0.06151,-0.99811,0.00171981,144.0,4414_1356
27.130794456708035,88.29879219413004,google_earth_polygon,southern_sikkim,1,,449.0,28.534,-0.08685,-0.99622,0.00116198,124.0,4414_1356
27.128087409628325,88.31140448229654,google_earth_polygon,southern_sikkim,1,,485.0,33.175,0.49499,-0.8689,0.00155062,154.0,4415_1356
27.130490675889227,88.31249898942562,google_earth_polygon,southern_sikkim,1,,565.0,38.415,0.78461,-0.61998,0.00152504,190.0,4415_1356
27.13317350776113,88.31982083340831,google_earth_polygon,southern_sikkim,1,,647.0,41.193,0.99975,-0.02222,-0.00353069,172.0,4415_1356
27.12825510105603,88.32110035507472,google_earth_polygon,southern_sikkim,1,,446.0,21.803,0.61105,-0.79159,-0.00282772,134.0,4416_1356
27.13281250247793,88.33268493832327,google_earth_polygon,southern_sikkim,1,,993.0,32.709,-0.36766,-0.92996,-0.0014208,148.0,4416_1356
27.131706326347256,88.33162934722935,google_earth_polygon,southern_sikkim,1,,901.0,33.039,-0.09823,-0.99516,-0.00178137,137.0,4416_1356
27.131597457623577,88.33262204607793,google_earth_polygon,southern_sikkim,1,,923.0,34.216,-0.78226,-0.62295,-0.00317237,181.0,4416_1356
27.129852948137064,88.32880764064171,google_earth_polygon,southern_sikkim,1,,788.0,33.407,-0.41063,-0.9118,0.00248064,160.0,4416_1356
27.127918159445525,88.33363369351834,google_earth_polygon,southern_sikkim,1,,820.0,26.233,-0.84273,-0.53833,-0.00113,125.0,4416_1356
27.12734372079034,88.33319815357619,google_earth_polygon,southern_sikkim,1,,782.0,28.864,-0.85166,-0.5241,-0.00138421,129.0,4416_1356
27.126580003276707,88.33250024646722,google_earth_polygon,southern_sikkim,1,,724.0,29.482,-0.90404,-0.42745,-0.00172058,152.0,4416_1356
27.127475038347207,88.33213796547203,google_earth_polygon,southern_sikkim,1,,747.0,30.268,-0.87817,-0.47835,0.00193735,133.0,4416_1356
27.124201159032722,88.36227304283182,google_earth_polygon,southern_sikkim,1,,589.0,35.302,-0.44721,-0.89443,-0.00050378,168.0,4418_1356
27.123709593364605,88.3692266613347,google_earth_polygon,southern_sikkim,1,,605.0,24.418,-0.85964,-0.51089,-0.00113972,139.0,4418_1356
27.12344029918411,88.37159950494072,google_earth_polygon,southern_sikkim,1,,672.0,33.077,-0.52885,-0.84872,-0.00416857,170.0,4418_1356
27.123083105267277,88.37377356721306,google_earth_polygon,southern_sikkim,1,,734.0,35.67,-0.60371,-0.79721,-0.00471865,160.0,4418_1356
27.159034838908532,88.45258504965363,google_earth_polygon,southern_sikkim,1,,1208.0,30.23,-0.4624,-0.88667,0.00108142,143.0,4422_1357
27.15872090187693,88.45215126607101,google_earth_polygon,southern_sikkim,1,,1166.0,31.616,-0.43544,-0.90022,-0.00039323,139.0,4422_1357
27.15611902732371,88.45539972284587,google_earth_polygon,southern_sikkim,1,,1114.0,34.596,-0.40071,-0.9162,0.00103631,133.0,4422_1357
27.159275410538633,88.45637061033881,google_earth_polygon,southern_sikkim,1,,1268.0,29.093,0.35194,-0.93602,-0.00048595,121.0,4422_1357
27.19308507269573,88.4347051648185,google_earth_polygon,southern_sikkim,1,,1076.0,33.83,0.17615,-0.98436,-0.0017887,139.0,4421_1359
27.20000614934607,88.4458340989794,google_earth_polygon,southern_sikkim,1,,1021.0,47.092,0.99277,0.12006,-0.00977711,241.0,4422_1360
27.237761763368006,88.44431223746571,google_earth_polygon,southern_sikkim,1,,783.0,26.226,0.52441,-0.85146,-0.00133172,115.0,4422_1361
27.23529937574881,88.44046431429625,google_earth_polygon,southern_sikkim,1,,877.0,27.485,0.91037,-0.4138,-0.00506877,132.0,4422_1361
27.230227681061002,88.43129299324025,google_earth_polygon,southern_sikkim,1,,1210.0,25.389,0.99205,0.12584,0.00072068,109.0,4421_1361
27.230060550789894,88.42922603048365,google_earth_polygon,southern_sikkim,1,,1307.0,31.006,0.98446,0.17563,-0.00164789,138.0,4421_1361
27.226944642360102,88.43213704975892,google_earth_polygon,southern_sikkim,1,,1237.0,27.217,0.98299,-0.18364,-6.12e-06,111.0,4421_1361
27.22948864205745,88.43336857037528,google_earth_polygon,southern_sikkim,1,,1081.0,30.022,0.86045,0.50954,-0.01011365,151.0,4421_1361
27.226083038907433,88.37667815612843,google_earth_polygon,southern_sikkim,1,,1876.0,41.271,0.66309,-0.74854,-0.00188289,204.0,4418_1361
27.24660787910533,88.37897357817735,google_earth_polygon,southern_sikkim,1,,2210.0,33.204,0.82976,-0.55812,0.00296187,166.0,4418_1362
27.26802402848442,88.37367536205807,google_earth_polygon,southern_sikkim,1,,1405.0,24.36,-0.00613,-0.99998,-0.00663538,151.0,4418_1363
27.262607957244256,88.33894486767517,google_earth_polygon,southern_sikkim,1,,1561.0,45.882,0.32188,-0.94678,0.0050056,231.0,4416_1363
27.39513164642684,88.55199751190185,google_earth_polygon,southern_sikkim,1,,1014.0,49.85,0.28939,-0.95721,0.00253986,243.0,4427_1369
27.394019369086976,88.55111005832828,google_earth_polygon,southern_sikkim,1,,863.0,45.021,-0.19291,-0.98122,-0.00495942,210.0,4427_1369
27.389931849081115,88.33116692858194,google_earth_polygon,southern_sikkim,1,,1475.0,31.957,0.21151,-0.97738,-0.00211669,156.0,4416_1369
27.389663892055978,88.33264160248103,google_earth_polygon,southern_sikkim,1,,1440.0,39.623,0.10233,-0.99475,0.00091608,174.0,4416_1369
27.54035670341515,88.49824196198547,google_earth_polygon,southern_sikkim,1,,1169.0,42.91,-0.12551,-0.99209,-0.0011869,189.0,4424_1377
27.442334998616495,88.49491003656807,google_earth_polygon,southern_sikkim,1,,1165.0,42.973,0.61868,-0.78565,-0.00291173,229.0,4424_1372
27.086263915489873,88.2220291446933,google_earth_polygon,southern_sikkim,1,,621.0,22.793,0.63791,-0.77011,-0.0005612,89.0,4411_1354
27.107043210092545,88.2415454243388,google_earth_polygon,southern_sikkim,1,,528.0,24.169,0.8542,-0.51995,-0.00151242,105.0,4412_1355
27.109289406358783,88.24961566649674,google_earth_polygon,southern_sikkim,1,,459.0,17.047,0.55261,-0.83344,-0.00029902,74.0,4412_1355
27.11355301001602,88.25410827338118,google_earth_polygon,southern_sikkim,1,,453.0,26.167,0.636,-0.77169,0.00028389,121.0,4412_1355
27.11342495902288,88.25770918094433,google_earth_polygon,southern_sikkim,1,,441.0,25.7,0.3694,-0.92927,-0.00135963,104.0,4412_1355
27.11404076023757,88.26464934762949,google_earth_polygon,southern_sikkim,1,,407.0,12.21,0.66755,0.74457,0.00152926,56.0,4413_1355
27.11632559220058,88.27138649772242,google_earth_polygon,southern_sikkim,1,,386.0,28.166,0.44098,-0.89752,-0.00242162,117.0,4413_1355
27.113274089208986,88.22282129334423,google_earth_polygon,southern_sikkim,1,,582.0,27.788,0.96464,-0.26356,0.00012139,118.0,4411_1355
27.11567215138852,88.22247578707518,google_earth_polygon,southern_sikkim,1,,641.0,26.346,0.99843,0.05609,-0.00021465,101.0,4411_1355
27.1160018285182,88.2243977587026,google_earth_polygon,southern_sikkim,1,,530.0,27.332,0.99964,0.02687,-0.00230283,107.0,4411_1355
27.118866675196834,88.21468020585792,google_earth_polygon,southern_sikkim,1,,608.0,32.282,0.99155,-0.12972,0.00031137,132.0,4410_1355
27.117285964421736,88.2146665748352,google_earth_polygon,southern_sikkim,1,,584.0,11.709,0.86451,0.50262,-0.00874976,99.0,4410_1355
27.11551908517238,88.2137942787823,google_earth_polygon,southern_sikkim,1,,624.0,9.938,0.13476,0.99088,-0.00180184,66.0,4410_1355
27.340391990174105,88.66924512292434,google_earth_polygon,southern_sikkim,1,,1660.0,39.452,-0.4945,-0.86918,-0.00539957,170.0,4433_1367
27.353151239543607,88.66003425695408,google_earth_polygon,southern_sikkim,1,,1606.0,34.744,0.18223,-0.98326,-0.00316465,145.0,4433_1367
27.35577387504958,88.6671905708148,google_earth_polygon,southern_sikkim,1,,1720.0,36.544,0.39166,-0.92011,-0.00363942,165.0,4433_1367
27.35544505076198,88.66641809455143,google_earth_polygon,southern_sikkim,1,,1723.0,37.975,0.25799,-0.96615,-0.00402304,175.0,4433_1367
27.286732406414643,88.21498592213524,google_earth_polygon,southern_sikkim,1,,1324.0,39.9,0.43521,-0.90033,0.00043768,202.0,4410_1364
27.271931878238014,88.17442095469099,google_earth_polygon,southern_sikkim,1,,1483.0,46.821,-0.29976,-0.95402,-0.00332897,233.0,4408_1363
27.426590814655466,88.65629412447058,google_earth_polygon,southern_sikkim,1,,2003.0,42.876,-0.31264,-0.94987,-0.00114823,212.0,4432_1371
27.398618090916997,88.65407358351382,google_earth_polygon,southern_sikkim,1,,2283.0,36.896,0.62717,-0.77888,0.00026528,209.0,4432_1369
27.39734608399753,88.65280777915827,google_earth_polygon,southern_sikkim,1,,2166.0,44.859,-0.17028,-0.9854,-0.00154606,197.0,4432_1369
27.394989609068034,88.65854968076107,google_earth_polygon,southern_sikkim,1,,1964.0,45.395,0.0,-1.0,0.00086693,199.0,4432_1369
27.40150776125415,88.65831337602745,google_earth_polygon,southern_sikkim,1,,2453.0,32.663,0.23182,-0.97276,-0.00187201,153.0,4432_1370
27.459853416898056,88.64850007556858,google_earth_polygon,southern_sikkim,1,,1984.0,43.865,0.60691,-0.79477,-0.00255783,246.0,4432_1372
27.358928786061526,88.66853793678499,google_earth_polygon,southern_sikkim,1,,1912.0,39.39,0.15562,-0.98782,-0.00674497,167.0,4433_1367
27.33812085789905,88.67265073848145,google_earth_polygon,southern_sikkim,1,,1750.0,14.339,-0.73896,-0.67375,-0.00427526,99.0,4433_1366
27.35632206406558,88.66892772085245,google_earth_polygon,southern_sikkim,1,,1734.0,23.405,-0.10268,-0.99471,-0.00731066,120.0,4433_1367
27.33852155285947,88.67273586771086,google_earth_polygon,southern_sikkim,1,,1774.0,26.995,-0.49349,-0.86975,-0.00355313,126.0,4433_1366
27.353403694809842,88.85608992425013,google_earth_polygon,southern_sikkim,1,,4151.0,37.049,0.73593,-0.67706,0.0008704,198.0,4442_1367
27.29321385374503,88.89397226530001,google_earth_polygon,southern_sikkim,1,,3499.0,22.626,-0.98306,-0.18328,-8.039e-05,92.0,4444_1364
27.408831413205533,88.71435803026725,google_earth_polygon,southern_sikkim,1,,3564.0,32.511,-0.78888,-0.61454,3.71e-05,155.0,4435_1370
27.197502131183974,88.72355062806143,google_earth_polygon,southern_sikkim,1,,1216.0,35.46,0.98866,0.15015,-0.00013537,145.0,4436_1359
27.23465933930336,88.77926589489894,google_earth_polygon,southern_sikkim,1,,1852.0,21.12,0.39912,-0.9169,-0.00151143,124.0,4438_1361
27.26033465060037,88.72241777527844,google_earth_polygon,southern_sikkim,1,,1397.0,25.32,-0.61353,-0.78967,0.00245894,119.0,4436_1363
27.28769507398964,88.75195432597047,google_earth_polygon,southern_sikkim,1,,1898.0,29.18,0.44024,-0.89788,-0.00195777,146.0,4437_1364
27.38977663260612,88.66673597154961,google_earth_polygon,southern_sikkim,1,,2287.0,29.807,-0.88249,-0.47034,-0.00178507,156.0,4433_1369
27.26651453864767,88.82119303539224,google_earth_polygon,southern_sikkim,1,,2664.0,27.874,0.99527,0.09716,-0.00303615,128.0,4441_1363
27.26557028704361,88.81988966850017,google_earth_polygon,southern_sikkim,1,,2703.0,17.203,0.97348,0.22879,-0.00243018,99.0,4440_1363
27.291860627299556,88.70428722844889,google_earth_polygon,southern_sikkim,1,,2260.0,44.074,0.33425,-0.94249,-0.00368563,233.0,4435_1364
27.283261616188824,88.71082407164617,google_earth_polygon,southern_sikkim,1,,1618.0,38.645,0.53327,-0.84594,-0.00175429,201.0,4435_1364
27.28441825381648,88.72180963309302,google_earth_polygon,southern_sikkim,1,,1438.0,37.142,0.85814,-0.51342,0.00152189,177.0,4436_1364
27.29410493176763,88.71977029425537,google_earth_polygon,southern_sikkim,1,,1620.0,53.656,0.90847,-0.41796,-0.0119983,331.0,4435_1364
27.298795798332343,88.71952870419128,google_earth_polygon,southern_sikkim,1,,1895.0,60.504,0.87289,-0.48791,0.00262538,347.0,4435_1364
27.302296261954602,88.72413193731936,google_earth_polygon,southern_sikkim,1,,1626.0,31.555,0.99963,-0.02714,-0.01114613,152.0,4436_1365
27.3094005904025,88.72271429638019,google_earth_polygon,southern_sikkim,1,,1983.0,54.14,0.85231,-0.52303,-0.00325446,299.0,4436_1365
27.30839868655257,88.72474499337301,google_earth_polygon,southern_sikkim,1,,1750.0,31.11,0.94822,-0.31761,-0.00579921,130.0,4436_1365
27.283743180944885,88.74337881112166,google_earth_polygon,southern_sikkim,1,,1734.0,40.723,-0.31623,-0.94868,0.00015906,199.0,4437_1364
27.310141304262757,88.72375006481221,google_earth_polygon,southern_sikkim,1,,1925.0,55.057,0.88893,-0.45805,-0.00196064,289.0,4436_1365
27.31070617281118,88.72490511455126,google_earth_polygon,southern_sikkim,1,,1813.0,45.639,0.91139,-0.41155,-0.00494297,270.0,4436_1365
27.316623898124476,88.72761438160796,google_earth_polygon,southern_sikkim,1,,1936.0,39.487,-0.83438,-0.55119,-0.00561539,196.0,4436_1365
27.3158835642774,88.73198986470827,google_earth_polygon,southern_sikkim,1,,2158.0,35.167,-0.7885,-0.61503,-0.00381533,165.0,4436_1365
27.29850388281441,88.71676889788976,google_earth_polygon,southern_sikkim,1,,2117.0,39.095,0.79484,-0.60682,0.00012555,198.0,4435_1364
27.29433113659247,88.75031379824017,google_earth_polygon,southern_sikkim,1,,2172.0,22.063,0.82244,-0.56885,-0.00730544,123.0,4437_1364
27.303556903532048,88.73908697509052,google_earth_polygon,southern_sikkim,1,,2514.0,39.747,-0.17035,-0.98538,2.353e-05,177.0,4436_1365
27.295622397050575,88.76160871008922,google_earth_polygon,southern_sikkim,1,,2351.0,52.092,0.03677,-0.99932,-0.0039428,246.0,4438_1364
27.295111039423887,88.76365378024272,google_earth_polygon,southern_sikkim,1,,2327.0,37.453,-0.14142,-0.98995,0.00074093,158.0,4438_1364
27.282457526125192,88.73858761987887,google_earth_polygon,southern_sikkim,1,,1742.0,38.902,0.00172,-1.0,0.00115293,171.0,4436_1364
27.284327039848634,88.7436760144503,google_earth_polygon,southern_sikkim,1,,1804.0,48.704,-0.36844,-0.92965,0.00180758,294.0,4437_1364
27.281932403021678,88.73369540689785,google_earth_polygon,southern_sikkim,1,,1496.0,33.509,-0.3587,-0.93345,-0.00548153,154.0,4436_1364
27.281937837632043,88.73472502356054,google_earth_polygon,southern_sikkim,1,,1520.0,36.811,-0.31734,-0.94831,-0.00500685,166.0,4436_1364
27.29695332920992,88.76398401361608,google_earth_polygon,southern_sikkim,1,,2447.0,40.159,0.28145,-0.95957,-0.00373305,186.0,4438_1364
27.297416142701305,88.76583343778812,google_earth_polygon,southern_sikkim,1,,2462.0,36.827,0.24297,-0.97003,-0.00385985,169.0,4438_1364
27.29745973772358,88.77261352454065,google_earth_polygon,southern_sikkim,1,,2891.0,37.898,-0.38183,-0.92423,-0.00323728,177.0,4438_1364
27.308470143070778,88.75176496433929,google_earth_polygon,southern_sikkim,1,,2887.0,35.34,-0.38587,-0.92255,8.815e-05,177.0,4437_1365
27.268304756055613,88.82969290353881,google_earth_polygon,southern_sikkim,1,,2632.0,38.601,0.35665,-0.93424,-4.19e-05,192.0,4441_1363
27.25112078556624,88.79699775162644,google_earth_polygon,southern_sikkim,1,,2839.0,33.967,-0.3979,-0.91743,-0.00413826,161.0,4439_1362
27.38169234502997,88.67316075269741,google_earth_polygon,southern_sikkim,1,,2952.0,30.485,-0.95552,0.29491,4.627e-05,132.0,4433_1369
27.30525174795638,88.14374945072697,google_earth_polygon,southern_sikkim,1,,1962.0,32.928,0.92862,-0.37102,-0.00476508,155.0,4407_1365
27.412659535412516,88.19417733741747,google_earth_polygon,southern_sikkim,1,,2040.0,21.247,-0.53224,-0.84659,-0.00494423,115.0,4409_1370
27.432954946663983,88.17275128275585,google_earth_polygon,southern_sikkim,1,,2661.0,40.878,-0.83279,-0.55359,-0.00056008,220.0,4408_1371
27.401901429778448,88.67286650633298,google_earth_polygon,southern_sikkim,1,,2343.0,28.733,-0.33441,-0.94243,-0.00269078,162.0,4433_1370
27.419672374536162,88.68677109136027,google_earth_polygon,southern_sikkim,1,,3090.0,30.637,-0.29079,0.95679,-0.00205575,154.0,4434_1370
27.456964984028588,88.08839523123221,google_earth_polygon,southern_sikkim,1,,4007.0,32.28,-0.77396,-0.63324,-0.00121118,154.0,4404_1372
27.46893392670261,88.07412078745034,google_earth_polygon,southern_sikkim,1,,4317.0,32.782,-0.48308,-0.87558,-0.00033901,153.0,4403_1373
27.414702131379514,88.19216169389796,google_earth_polygon,southern_sikkim,1,,2111.0,30.026,-0.67768,-0.73536,0.00091609,126.0,4409_1370
27.416753759024434,88.19091460620966,google_earth_polygon,southern_sikkim,1,,2126.0,21.967,-0.82294,-0.56814,-0.00474861,114.0,4409_1370
27.4408586309414,88.26756784853683,google_earth_polygon,southern_sikkim,1,,2549.0,37.109,0.89589,-0.44427,-0.00058686,174.0,4413_1372
27.240978211852344,88.13837195200227,google_earth_polygon,southern_sikkim,1,,1727.0,40.106,0.89705,0.44193,-0.00026705,196.0,4406_1362
27.265647934571575,88.15268122490052,google_earth_polygon,southern_sikkim,1,,1228.0,42.661,-0.30445,-0.95253,-0.00342287,187.0,4407_1363
27.268766062341225,88.15334358596039,google_earth_polygon,southern_sikkim,1,,1387.0,23.763,0.3817,-0.92429,0.00042427,128.0,4407_1363
27.268861752150926,88.15255737684149,google_earth_polygon,southern_sikkim,1,,1409.0,23.437,0.85862,-0.51261,-0.00218937,123.0,4407_1363
27.26736347503984,88.15764280232793,google_earth_polygon,southern_sikkim,1,,1257.0,31.887,0.06474,-0.9979,-0.00450926,142.0,4407_1363
27.31832552884903,88.18717590939677,google_earth_polygon,southern_sikkim,1,,1426.0,29.751,0.40095,-0.9161,-0.00251896,140.0,4409_1365
27.164546001097396,88.14391130610525,google_earth_polygon,southern_sikkim,1,,1995.0,40.523,0.9993,0.03737,0.00121475,173.0,4407_1358
27.25835801729972,88.8359612851337,google_earth_polygon,southern_sikkim,1,,2184.0,29.591,0.90493,0.42556,-0.00271936,161.0,4441_1362
27.248221666434624,88.83855741721607,google_earth_polygon,southern_sikkim,1,,2023.0,47.136,0.7386,-0.67415,-0.00132843,274.0,4441_1362
27.25793565363997,88.84291287305882,google_earth_polygon,southern_sikkim,1,,2158.0,35.962,-0.38094,-0.9246,-0.00186142,174.0,4442_1362
27.19711768086286,88.81710516880344,google_earth_polygon,southern_sikkim,1,,1707.0,25.767,0.4949,-0.86895,-0.00662983,132.0,4440_1359
27.14439636538915,88.33071351160413,google_earth_polygon,southern_sikkim,1,,1054.0,29.547,0.28667,-0.95803,-0.0002266,128.0,4416_1357
27.146977343322515,88.3358648685288,google_earth_polygon,southern_sikkim,1,,1270.0,32.088,-0.5294,-0.84837,-0.00227649,160.0,4416_1357
27.185486595263086,88.31963261901127,google_earth_polygon,southern_sikkim,1,,405.0,28.953,0.36402,-0.93139,-0.00238308,132.0,4415_1359
27.182250897780193,88.3037716536553,google_earth_polygon,southern_sikkim,1,,668.0,36.143,0.87666,-0.48112,-0.00107268,181.0,4415_1359
27.222929982227427,88.34970849156589,google_earth_polygon,southern_sikkim,1,,1271.0,54.314,0.42594,-0.90475,-0.00600849,326.0,4417_1361
27.244315465982403,88.28596874677508,google_earth_polygon,southern_sikkim,1,,926.0,41.774,0.02332,-0.99973,-0.00055097,182.0,4414_1362
27.243785539227318,88.28809693052222,google_earth_polygon,southern_sikkim,1,,845.0,39.616,0.29196,-0.95643,-0.00167351,185.0,4414_1362
27.275719578495632,88.28580250677769,google_earth_polygon,southern_sikkim,1,,924.0,45.806,-0.47667,-0.87908,0.00230031,250.0,4414_1363
27.274362751500497,88.2840279474611,google_earth_polygon,southern_sikkim,1,,753.0,36.041,0.10498,-0.99447,0.00088744,137.0,4414_1363
27.18452751672828,88.26156026428794,google_earth_polygon,southern_sikkim,1,,1505.0,44.755,-0.28156,-0.95954,-0.0020426,234.0,4413_1359
27.17087323002156,88.25985497562215,google_earth_polygon,southern_sikkim,1,,725.0,32.573,-0.4174,-0.90872,-0.00381636,177.0,4412_1358
27.169647276749416,88.2686191962262,google_earth_polygon,southern_sikkim,1,,614.0,10.473,0.86405,-0.5034,-0.00245951,86.0,4413_1358
27.17432833649735,88.27959069193193,google_earth_polygon,southern_sikkim,1,,572.0,34.074,0.32238,-0.94661,-0.00100135,141.0,4413_1358
27.180223402378758,88.26911054533521,google_earth_polygon,southern_sikkim,1,,1185.0,40.905,0.65566,-0.75505,-0.00170312,223.0,4413_1359
27.133214651926004,88.25205241158653,google_earth_polygon,southern_sikkim,1,,921.0,36.012,0.58088,-0.81399,0.00049075,192.0,4412_1356
27.1305323489331,88.26238296933633,google_earth_polygon,southern_sikkim,1,,524.0,36.8,0.38988,-0.92086,-0.00201748,182.0,4413_1356
27.1296738252465,88.24418053200506,google_earth_polygon,southern_sikkim,1,,829.0,44.637,0.934,-0.35728,0.00685976,240.0,4412_1356
27.21472987642324,88.37133390376454,google_earth_polygon,southern_sikkim,1,,1568.0,52.533,0.29379,-0.95587,-0.00099036,280.0,4418_1360
27.28409755586068,88.5462415406262,google_earth_polygon,southern_sikkim,1,,1521.0,24.082,0.8204,-0.57179,0.00081274,111.0,4427_1364
27.328961006485915,88.6239228979615,google_earth_polygon,southern_sikkim,1,,1380.0,27.417,0.99871,-0.05087,-7.37e-06,105.0,4431_1366
27.33150250545608,88.62320958113835,google_earth_polygon,southern_sikkim,1,,1468.0,27.31,0.4223,-0.90646,-0.00141417,136.0,4431_1366
27.31368243056741,88.65778250299746,google_earth_polygon,southern_sikkim,1,,2134.0,36.227,-0.32418,0.946,0.00063466,160.0,4432_1365
27.26528165982095,88.66717365534049,google_earth_polygon,southern_sikkim,1,,2005.0,35.615,-0.4886,-0.87251,-0.00394219,186.0,4433_1363
27.39203733515344,88.63531153030621,google_earth_polygon,southern_sikkim,1,,1484.0,32.186,0.28025,-0.95993,-0.00273902,157.0,4431_1369
27.36686737421754,88.54938521433004,google_earth_polygon,southern_sikkim,1,,1787.0,26.756,0.80165,0.59779,0.00139371,127.0,4427_1368
27.374557785197204,88.5434844693359,google_earth_polygon,southern_sikkim,1,,1744.0,39.062,0.91557,-0.40217,0.00100662,201.0,4427_1368
27.296663001655507,88.22840817244628,google_earth_polygon,southern_sikkim,1,,1741.0,38.545,0.25278,-0.96752,-0.0003452,173.0,4411_1364
27.247064336815676,88.2256484319483,google_earth_polygon,southern_sikkim,1,,1647.0,25.998,0.67211,0.74046,-0.00150376,124.0,4411_1362
27.333507131045934,88.6043733530338,cartosat_polygon,southern_sikkim,1,,1267.0,18.436,-0.99997,0.00833,0.00070231,94.0,4430_1366
27.356948807421972,88.59799718364073,cartosat_polygon,southern_sikkim,1,,1509.0,20.761,-0.26745,-0.96357,-0.00014005,77.0,4429_1367
27.32981158414856,88.57362893855192,cartosat_polygon,southern_sikkim,1,,1311.0,13.156,-0.29116,-0.95667,0.00043199,52.0,4428_1366
27.40789442447008,88.52252346888912,cartosat_polygon,southern_sikkim,1,,867.0,36.005,-0.94035,-0.34021,0.00092197,185.0,4426_1370
27.417741989613816,88.51826656170863,cartosat_polygon,southern_sikkim,1,,860.0,24.65,-0.93521,0.35411,-0.00095322,107.0,4425_1370
27.42669266697098,88.51584368511234,cartosat_polygon,southern_sikkim,1,,777.0,24.007,-0.95115,-0.30873,-0.00063876,105.0,4425_1371
27.429370835725187,88.5258742020038,cartosat_polygon,southern_sikkim,1,,1139.0,22.18,-0.99476,0.1022,8.089e-05,85.0,4426_1371
27.417801072641275,88.52453313033949,cartosat_polygon,southern_sikkim,1,,1189.0,29.283,-0.98572,0.16841,0.0010707,115.0,4426_1370
27.453205646305477,88.5168298270853,cartosat_polygon,southern_sikkim,1,,715.0,21.102,-0.93574,0.3527,-0.00189905,97.0,4425_1372
27.453786439184874,88.52186278689874,cartosat_polygon,southern_sikkim,1,,915.0,25.59,-0.98317,0.18271,-0.00133617,111.0,4426_1372
27.461582541655087,88.51951937624135,cartosat_polygon,southern_sikkim,1,,778.0,20.839,-0.97057,0.24082,0.00139958,91.0,4425_1373
27.461041163087945,88.52403574382078,cartosat_polygon,southern_sikkim,1,,973.0,32.283,-0.9981,0.06156,0.00030916,119.0,4426_1373
27.488677583894535,88.52470822972899,cartosat_polygon,southern_sikkim,1,,869.0,20.506,-0.86526,-0.50133,0.00023373,94.0,4426_1374
27.489061374306637,88.5295549048582,cartosat_polygon,southern_sikkim,1,,1099.0,34.534,-0.97685,-0.21394,0.00248741,145.0,4426_1374
27.4867487710596,88.53973786583956,cartosat_polygon,southern_sikkim,1,,1282.0,24.611,-0.8399,-0.54275,-0.0038023,100.0,4426_1374
27.526528613480316,88.53001463139998,cartosat_polygon,southern_sikkim,1,,1103.0,38.21,-0.9986,-0.05293,0.00038395,165.0,4426_1376
27.537378743538056,88.51817480449054,cartosat_polygon,southern_sikkim,1,,1233.0,29.737,-0.50084,-0.86554,-0.00102002,141.0,4425_1376
27.309114247145352,88.61682614223974,cartosat_polygon,southern_sikkim,1,,1075.0,20.769,-0.84964,0.52736,0.00073085,92.0,4430_1365
27.307675145392068,88.62042053080992,cartosat_polygon,southern_sikkim,1,,1279.0,31.174,-0.7989,0.60147,0.00092581,165.0,4431_1365
27.301775621540855,88.60868944276504,cartosat_polygon,southern_sikkim,1,,956.0,24.774,-0.99911,0.04213,-0.00201531,85.0,4430_1365
27.301558757406447,88.60987141224547,cartosat_polygon,southern_sikkim,1,,1015.0,22.624,-0.9998,0.02,0.00034151,89.0,4430_1365
27.309114246639716,88.57555638834634,cartosat_polygon,southern_sikkim,1,,1093.0,14.823,0.43034,0.90267,0.00038898,73.0,4428_1365
27.30800042369313,88.57099697648297,cartosat_polygon,southern_sikkim,1,,1180.0,17.007,0.82642,0.56305,-0.00261181,77.0,4428_1365
27.327264049244665,88.5615117414113,cartosat_polygon,southern_sikkim,1,,1253.0,20.669,0.90936,0.41602,0.00095519,90.0,4428_1366
27.326598822292716,88.55881651957372,cartosat_polygon,southern_sikkim,1,,1357.0,23.573,0.99949,0.03183,0.00147146,90.0,4427_1366
27.3860530494577,88.6403850237987,cartosat_polygon,southern_sikkim,1,,1660.0,30.279,-0.99908,0.04282,0.00074689,133.0,4432_1369
27.380608984428893,88.6333994592393,cartosat_polygon,southern_sikkim,1,,1882.0,36.953,-0.77544,0.63143,0.00077505,206.0,4431_1369
27.391692456372155,88.59352586389738,cartosat_polygon,southern_sikkim,1,,1124.0,49.811,-0.20063,0.97967,-0.004731,238.0,4429_1369
27.384373575781954,88.50587130701327,cartosat_polygon,southern_sikkim,1,,776.0,28.632,-0.51898,0.85479,0.00130032,148.0,4425_1369
27.383209382108227,88.51031842346552,cartosat_polygon,southern_sikkim,1,,1009.0,48.217,-0.63418,0.77318,-0.00469594,263.0,4425_1369
27.39375825812747,88.52485748750769,cartosat_polygon,southern_sikkim,1,,1155.0,35.718,-0.49447,0.86919,-1.983e-05,165.0,4426_1369
27.38398710345426,88.51905808573997,cartosat_polygon,southern_sikkim,1,,1277.0,39.393,-0.92683,0.37547,0.0053639,182.0,4425_1369
27.38562841285748,88.51330952314888,cartosat_polygon,southern_sikkim,1,,994.0,44.083,-0.43166,0.90204,0.00133905,227.0,4425_1369
27.382794276933566,88.50177391162367,cartosat_polygon,southern_sikkim,1,,721.0,37.362,-0.46387,0.8859,-0.00196007,181.0,4425_1369
27.372344562326838,88.49265787710752,cartosat_polygon,southern_sikkim,1,,1080.0,29.411,-0.71202,0.70216,0.00075731,141.0,4424_1368
27.3686511394328,88.48687480643864,cartosat_polygon,southern_sikkim,1,,927.0,40.885,-0.95931,0.28234,0.00421227,193.0,4424_1368
27.432651544276908,88.6112682631813,cartosat_polygon,southern_sikkim,1,,1488.0,21.519,-0.91583,0.40156,-0.00098184,84.0,4430_1371
27.431469424735422,88.61760459414036,cartosat_polygon,southern_sikkim,1,,1890.0,29.184,-0.74106,0.67143,0.00355073,145.0,4430_1371
27.31772888312436,88.46705676576414,cartosat_polygon,southern_sikkim,1,,656.0,48.929,-0.49262,0.87025,0.00012113,244.0,4423_1365
27.316528548519614,88.46974284430945,cartosat_polygon,southern_sikkim,1,,842.0,40.98,-0.54841,0.83621,0.00014715,181.0,4423_1365
27.324092700904963,88.47666204555804,cartosat_polygon,southern_sikkim,1,,578.0,35.798,-0.38133,0.92444,0.0018116,157.0,4423_1366
27.32103539559578,88.48012818785755,cartosat_polygon,southern_sikkim,1,,812.0,37.196,-0.80524,0.59295,-0.00269834,176.0,4424_1366
27.33042218563203,88.48977414858582,cartosat_polygon,southern_sikkim,1,,716.0,31.628,-0.90882,-0.4172,-0.00288846,141.0,4424_1366
27.524885660371694,88.54300643002125,cartosat_polygon,southern_sikkim,1,,892.0,12.906,0.1091,0.99403,0.001679,49.0,4427_1376
27.519754149853437,88.5435277941728,cartosat_polygon,southern_sikkim,1,,1112.0,32.265,0.1056,0.99441,0.00059843,128.0,4427_1375
27.55312728510652,88.58356075689251,cartosat_polygon,southern_sikkim,1,,1967.0,31.081,-0.94006,-0.341,0.00077209,144.0,4429_1377
27.554912625609603,88.59168742722431,cartosat_polygon,southern_sikkim,1,,2514.0,38.673,-0.94225,-0.33491,0.00461021,177.0,4429_1377
27.33592978213723,88.57749479911716,cartosat_polygon,southern_sikkim,1,,1584.0,30.262,-0.64509,-0.76411,0.00109079,138.0,4428_1366
27.329521452814884,88.5787681661762,cartosat_polygon,southern_sikkim,1,,1396.0,15.067,-0.91317,-0.40757,0.00125232,67.0,4428_1366
27.33039526083057,88.58137219511457,cartosat_polygon,southern_sikkim,1,,1459.0,9.555,-0.83332,-0.55279,0.00096382,39.0,4429_1366
27.3271566747318,88.57657908525974,cartosat_polygon,southern_sikkim,1,,1307.0,11.546,-0.99942,-0.03399,-0.00036316,40.0,4428_1366
27.32677983478388,88.57989487288239,cartosat_polygon,southern_sikkim,1,,1405.0,22.355,-0.99963,0.02702,0.00102719,85.0,4428_1366
27.321598438162717,88.57591177152912,cartosat_polygon,southern_sikkim,1,,1209.0,17.484,-0.90392,-0.42771,0.00075821,79.0,4428_1366
27.323099754860383,88.58034361442779,cartosat_polygon,southern_sikkim,1,,1363.0,16.702,-0.9026,-0.43047,0.00112997,73.0,4429_1366
27.3333418669025,88.56971323808055,cartosat_polygon,southern_sikkim,1,,1377.0,18.579,-0.4256,-0.90491,0.00065047,86.0,4428_1366
27.33566853280939,88.57138688125187,cartosat_polygon,southern_sikkim,1,,1477.0,25.354,-0.73861,-0.67413,0.00038563,116.0,4428_1366
27.33473889198722,88.5678944136165,cartosat_polygon,southern_sikkim,1,,1409.0,18.888,-0.20703,-0.97833,0.00032039,72.0,4428_1366
27.34201551246942,88.56996158247674,cartosat_polygon,southern_sikkim,1,,1764.0,36.408,-0.25801,-0.96614,-0.00060953,158.0,4428_1367
27.336821141698017,88.58823181878714,cartosat_polygon,southern_sikkim,1,,1256.0,16.477,0.96732,0.25357,-0.00116103,63.0,4429_1366
27.33671579733225,88.57953285672414,cartosat_polygon,southern_sikkim,1,,1568.0,20.992,0.99906,0.04344,-0.00207235,76.0,4428_1366
27.346321524807873,88.59136156364752,cartosat_polygon,southern_sikkim,1,,1188.0,24.301,-0.32912,-0.94429,-0.00083355,107.0,4429_1367
27.34716627886813,88.59276364703081,cartosat_polygon,southern_sikkim,1,,1277.0,28.522,-0.36035,-0.93282,0.00166935,119.0,4429_1367
27.31738029951492,88.55731933346087,cartosat_polygon,southern_sikkim,1,,1324.0,14.268,0.37139,-0.92848,-0.0011511,61.0,4427_1365
27.319082220867827,88.55361643753366,cartosat_polygon,southern_sikkim,1,,1493.0,35.687,0.78706,-0.61688,-0.00036738,180.0,4427_1365
27.332806440186474,88.56080128620326,cartosat_polygon,southern_sikkim,1,,1296.0,30.531,0.16249,-0.98671,-0.0007721,121.0,4428_1366
27.334388972841587,88.5592723614015,cartosat_polygon,southern_sikkim,1,,1435.0,36.358,0.30943,-0.95092,0.00184145,169.0,4427_1366
27.363057213473464,88.59144779351632,cartosat_polygon,southern_sikkim,1,,1820.0,37.157,-0.35554,-0.93466,0.00183327,155.0,4429_1368
28.1936374356145,90.40114095686678,eastern_himalaya_kml,eastern_himalaya,1,,6270.0,38.331,-0.30567,0.95214,0.00273343,213.0,4520_1409
28.3857069919342,90.42853802206191,eastern_himalaya_kml,eastern_himalaya,1,,5214.0,5.829,-0.25851,0.96601,0.00158932,46.0,4521_1419
28.3704312318047,90.5449990364286,eastern_himalaya_kml,eastern_himalaya,1,,5077.0,15.482,0.06519,-0.99787,0.00216434,95.0,4527_1418
28.421034876,90.71933041,eastern_himalaya_kml,eastern_himalaya,1,,5232.0,20.139,-0.83321,-0.55295,0.00312578,93.0,4535_1421
28.443712101,90.66879608800001,eastern_himalaya_kml,eastern_himalaya,1,,5613.0,30.047,0.53065,0.84759,-0.00023032,145.0,4533_1422
28.458332405,90.666893407,eastern_himalaya_kml,eastern_himalaya,1,,5924.0,26.181,0.96332,-0.26837,0.00680335,177.0,4533_1422
28.3812389374744,90.80613315750252,eastern_himalaya_kml,eastern_himalaya,1,,4222.0,23.464,-0.33917,0.94072,-0.00033974,94.0,4540_1419
28.4179155087358,90.85771498936609,eastern_himalaya_kml,eastern_himalaya,1,,4515.0,26.057,-0.46867,-0.88337,0.00382216,113.0,4542_1420
28.4249552800192,90.8659810626995,eastern_himalaya_kml,eastern_himalaya,1,,4614.0,36.735,-0.47454,-0.88023,0.00168461,193.0,4543_1421
28.3555224513056,90.8642855179287,eastern_himalaya_kml,eastern_himalaya,1,,5015.0,24.433,0.99358,0.11312,0.00076955,87.0,4543_1417
28.4667679175075,90.8471342325073,eastern_himalaya_kml,eastern_himalaya,1,,4847.0,22.258,0.52939,0.84838,0.00043884,98.0,4542_1423
28.4505806893799,90.8705740958311,eastern_himalaya_kml,eastern_himalaya,1,,4829.0,32.065,0.41681,0.90899,-0.00112425,153.0,4543_1422
28.3994671361842,90.942912508339,eastern_himalaya_kml,eastern_himalaya,1,,4889.0,33.555,-0.81458,-0.58005,0.00700671,171.0,4547_1419
28.4198590959622,90.9401777529279,eastern_himalaya_kml,eastern_himalaya,1,,4625.0,20.78,-0.56731,-0.82351,0.00419382,114.0,4547_1420
28.4746921059423,90.93145957218329,eastern_himalaya_kml,eastern_himalaya,1,,4802.0,27.96,0.83205,-0.5547,-0.00019293,138.0,4546_1423
28.3537403585057,90.9902730557669,eastern_himalaya_kml,eastern_himalaya,1,,5194.0,33.729,-0.62824,-0.77802,0.00251818,160.0,4549_1417
28.3586048653369,90.9877661465167,eastern_himalaya_kml,eastern_himalaya,1,,5218.0,24.927,-0.97723,0.21218,0.00574216,122.0,4549_1417
28.3679657198288,90.98355040171369,eastern_himalaya_kml,eastern_himalaya,1,,4842.0,20.552,-0.57421,0.81871,0.00250633,100.0,4549_1418
28.3775035714522,90.9951647398796,eastern_himalaya_kml,eastern_himalaya,1,,4497.0,16.744,-0.54936,0.83558,0.00448607,83.0,4549_1418
28.3829624606806,91.0152818404822,eastern_himalaya_kml,eastern_himalaya,1,,4504.0,19.873,-0.15754,0.98751,-0.00105071,83.0,4550_1419
28.3223652207515,90.96814148493839,eastern_himalaya_kml,eastern_himalaya,1,,4489.0,37.983,-0.87516,-0.48383,-1.039e-05,189.0,4548_1416
28.2865546588575,90.97679078738682,eastern_himalaya_kml,eastern_himalaya,1,,4084.0,27.875,-0.79301,-0.6092,0.00206789,136.0,4548_1414
28.2771355959396,91.0091510914761,eastern_himalaya_kml,eastern_himalaya,1,,4546.0,41.477,-0.75413,0.65672,0.00414393,217.0,4550_1413
28.2173489336913,90.9973123431288,eastern_himalaya_kml,eastern_himalaya,1,,3734.0,30.32,0.84072,0.54148,0.00215707,143.0,4549_1410
28.1718868878691,91.0272400660969,eastern_himalaya_kml,eastern_himalaya,1,,3784.0,27.207,0.99963,0.02702,0.00581593,113.0,4551_1408
28.012948749717,91.1017548117279,eastern_himalaya_kml,eastern_himalaya,1,,4492.0,8.053,-0.72647,0.6872,0.00686893,103.0,4555_1400
28.4743904021797,91.3786875768779,eastern_himalaya_kml,eastern_himalaya,1,,4592.0,15.983,-0.58673,-0.80978,-0.00050592,72.0,4568_1423
28.2878389205546,91.2288251442943,eastern_himalaya_kml,eastern_himalaya,1,,4045.0,39.5,0.45997,-0.88793,0.00192903,199.0,4561_1414
28.3097811424113,91.3579320340677,eastern_himalaya_kml,eastern_himalaya,1,,5011.0,26.315,-0.42688,0.90431,0.00312023,129.0,4567_1415
28.3105029606587,91.3650692288731,eastern_himalaya_kml,eastern_himalaya,1,,4968.0,25.233,0.35661,0.93425,0.00447935,114.0,4568_1415
28.19992402326,91.283514852558,eastern_himalaya_kml,eastern_himalaya,1,,4520.0,36.157,-0.83059,-0.55689,0.00691444,171.0,4564_1409
28.1728605121041,91.3570804199039,eastern_himalaya_kml,eastern_himalaya,1,,4669.0,38.707,0.36571,-0.93073,0.00411131,184.0,4567_1408
28.1798930016631,91.4052261405463,eastern_himalaya_kml,eastern_himalaya,1,,4822.0,25.919,0.12861,-0.9917,0.00558584,104.0,4570_1408
28.0978867413528,91.80513546150668,eastern_himalaya_kml,eastern_himalaya,1,,4882.0,25.386,-0.75511,-0.6556,0.00222587,128.0,4590_1404
28.0884845224097,91.7795125003148,eastern_himalaya_kml,eastern_himalaya,1,,4453.0,18.616,0.84939,0.52777,0.00400463,77.0,4588_1404
28.1025629076888,91.8082392580756,eastern_himalaya_kml,eastern_himalaya,1,,5000.0,29.237,-0.80149,0.59801,0.00032391,136.0,4590_1405
28.1144923082385,91.8205589055683,eastern_himalaya_kml,eastern_himalaya,1,,5296.0,7.397,-0.82373,0.56698,0.00774355,95.0,4591_1405
28.1312588828088,91.8386102589306,eastern_himalaya_kml,eastern_himalaya,1,,5340.0,17.412,-0.84147,0.54031,0.00182989,72.0,4591_1406
27.99318138573,91.799973205328,eastern_himalaya_kml,eastern_himalaya,1,,4017.0,28.566,0.97448,0.22449,0.00822412,114.0,4589_1399
27.8691051412284,91.7835831217653,eastern_himalaya_kml,eastern_himalaya,1,,3677.0,6.527,0.98328,0.18209,0.00449421,50.0,4589_1393
28.4113768506097,91.7417153988666,eastern_himalaya_kml,eastern_himalaya,1,,5076.0,15.301,0.97473,0.22338,0.00800292,93.0,4587_1420
28.5014497834729,91.88047164271381,eastern_himalaya_kml,eastern_himalaya,1,,5022.0,23.456,-0.64018,0.76822,0.00181208,108.0,4594_1425
28.34564213519,91.8504488024787,eastern_himalaya_kml,eastern_himalaya,1,,5618.0,7.371,-0.96623,0.25766,0.01082572,62.0,4592_1417
28.3694212595125,92.1258745318398,eastern_himalaya_kml,eastern_himalaya,1,,4901.0,25.394,-0.16677,0.986,-0.00239469,103.0,4606_1418
28.232164449818,92.264283533731,eastern_himalaya_kml,eastern_himalaya,1,,4622.0,3.822,-0.72759,-0.68601,0.00312315,43.0,4613_1411
28.2139608630389,92.3022809661062,eastern_himalaya_kml,eastern_himalaya,1,,4725.0,24.218,0.37671,-0.92633,0.0017041,109.0,4615_1410
28.2177537443896,92.28864292954081,eastern_himalaya_kml,eastern_himalaya,1,,4698.0,5.854,-0.4741,-0.88047,0.00115489,32.0,4614_1410
28.1877791255857,92.3589501231579,eastern_himalaya_kml,eastern_himalaya,1,,4411.0,26.706,0.85308,0.52178,0.00193436,130.0,4617_1409
28.0727688635162,92.3810742760803,eastern_himalaya_kml,eastern_himalaya,1,,4611.0,32.51,-0.37702,0.92621,0.00254151,147.0,4619_1403
27.8732528072599,92.0267006639975,eastern_himalaya_kml,eastern_himalaya,1,,4694.0,30.42,-0.35009,-0.93672,0.00151864,138.0,4601_1393
27.6909649348679,91.9002184082166,eastern_himalaya_kml,eastern_himalaya,1,,4282.0,19.94,0.60489,0.79631,0.00170413,93.0,4595_1384
27.7380437157037,92.0796173095641,eastern_himalaya_kml,eastern_himalaya,1,,4788.0,42.322,-0.80834,-0.58872,0.00133962,237.0,4603_1386
27.906492888766,92.12481452079902,eastern_himalaya_kml,eastern_himalaya,1,,5141.0,28.178,-0.65335,-0.75706,0.00180228,132.0,4606_1395
27.8382515157166,92.21459614098632,eastern_himalaya_kml,eastern_himalaya,1,,5262.0,26.087,0.83682,-0.54748,0.00586515,124.0,4610_1391
27.649335230829,92.2588272260342,eastern_himalaya_kml,eastern_himalaya,1,,4632.0,16.023,-0.13058,0.99144,0.0059047,64.0,4612_1382
27.6530804616921,92.2209787200431,eastern_himalaya_kml,eastern_himalaya,1,,4841.0,22.593,0.96461,0.26368,0.0038211,99.0,4611_1382
27.4614803377918,92.3347038491503,eastern_himalaya_kml,eastern_himalaya,1,,2432.0,34.077,-0.9999,0.01437,2.7e-07,137.0,4616_1373
27.4321558848202,92.32911767867179,eastern_himalaya_kml,eastern_himalaya,1,,2260.0,31.077,-0.33415,-0.94252,0.00210242,133.0,4616_1371
27.3327995530261,92.553712990325,eastern_himalaya_kml,eastern_himalaya,1,,2077.0,25.507,0.99847,-0.05531,0.00055371,99.0,4627_1366
27.159339832368,92.33522595813412,eastern_himalaya_kml,eastern_himalaya,1,,2727.0,36.126,-0.78586,0.61841,0.00557546,200.0,4616_1357
27.6293263547611,92.38362262185929,eastern_himalaya_kml,eastern_himalaya,1,,4538.0,3.017,0.31623,-0.94868,0.00020959,30.0,4619_1381
27.630567431035,92.4127238881209,eastern_himalaya_kml,eastern_himalaya,1,,4714.0,19.88,-0.72978,-0.68369,0.00787567,96.0,4620_1381
27.9483138128399,92.3154645781114,eastern_himalaya_kml,eastern_himalaya,1,,5193.0,30.006,-0.15151,-0.98845,0.00325284,116.0,4615_1397
27.9516789274313,92.3185196841947,eastern_himalaya_kml,eastern_himalaya,1,,5368.0,18.738,0.38897,-0.92125,0.00056301,70.0,4615_1397
27.9345989496225,92.4965446972119,eastern_himalaya_kml,eastern_himalaya,1,,5634.0,27.922,-0.39834,-0.91724,-4.67e-05,118.0,4624_1396
28.4009262608569,92.5668448207111,eastern_himalaya_kml,eastern_himalaya,1,,4566.0,31.921,-0.84053,0.54177,-6.79e-06,140.0,4628_1420
28.4411865648459,92.6036207487371,eastern_himalaya_kml,eastern_himalaya,1,,4559.0,15.962,-0.92747,0.3739,0.00246081,94.0,4630_1422
28.4407204450063,92.6124167444761,eastern_himalaya_kml,eastern_himalaya,1,,4474.0,35.933,0.36411,-0.93136,0.0028626,178.0,4630_1422
28.3631400266022,92.5931296651778,eastern_himalaya_kml,eastern_himalaya,1,,4781.0,25.798,-0.01149,0.99993,-0.00133347,90.0,4629_1418
28.3970788292007,92.61799654796728,eastern_himalaya_kml,eastern_himalaya,1,,4514.0,31.993,0.6959,0.71814,0.00290277,144.0,4630_1419
28.3904429490308,92.6543637795094,eastern_himalaya_kml,eastern_himalaya,1,,4400.0,12.964,-0.33786,0.94119,0.00725595,81.0,4632_1419
28.4150648836507,92.6665659836137,eastern_himalaya_kml,eastern_himalaya,1,,4377.0,14.923,-0.9016,0.43256,0.00630791,112.0,4633_1420
28.4334682291082,92.6573703650113,eastern_himalaya_kml,eastern_himalaya,1,,4760.0,6.286,-0.9961,-0.08826,0.00766792,46.0,4632_1421
28.44220201231551,92.6597920999839,eastern_himalaya_kml,eastern_himalaya,1,,4847.0,17.65,0.90796,-0.41906,0.0075712,124.0,4632_1422
28.39405747919,92.680304862292,eastern_himalaya_kml,eastern_himalaya,1,,4370.0,31.537,-0.63595,0.77173,0.00129209,151.0,4634_1419
28.4183231703448,92.6888907615944,eastern_himalaya_kml,eastern_himalaya,1,,4148.0,34.52,0.72897,-0.68455,-0.00157984,157.0,4634_1420
28.3985311585024,92.6897206372453,eastern_himalaya_kml,eastern_himalaya,1,,4173.0,35.345,0.60905,0.79313,0.00076172,177.0,4634_1419
28.3730863512175,92.7034261680367,eastern_himalaya_kml,eastern_himalaya,1,,4741.0,20.958,0.85941,0.51129,0.0051412,129.0,4635_1418
28.3692646873479,92.72255421506921,eastern_himalaya_kml,eastern_himalaya,1,,4467.0,29.181,0.40291,0.91524,0.00431926,121.0,4636_1418
28.3898223461795,92.7421135406515,eastern_himalaya_kml,eastern_himalaya,1,,4180.0,22.225,-0.69684,-0.71723,0.00826477,128.0,4637_1419
28.3677216442553,92.7539579655043,eastern_himalaya_kml,eastern_himalaya,1,,4720.0,13.362,0.36836,0.92968,0.00588917,83.0,4637_1418
28.3664406690989,92.7571096218771,eastern_himalaya_kml,eastern_himalaya,1,,4684.0,18.758,-0.06543,-0.99786,0.00803251,93.0,4637_1418
28.3607986593794,92.7721257405266,eastern_himalaya_kml,eastern_himalaya,1,,4897.0,34.288,-0.4135,-0.91051,0.00133554,160.0,4638_1418
28.3421942186556,92.7627581423058,eastern_himalaya_kml,eastern_himalaya,1,,4541.0,32.823,0.18949,0.98188,0.00322305,134.0,4638_1417
28.3430428214541,92.7919434751294,eastern_himalaya_kml,eastern_himalaya,1,,5170.0,18.944,0.98328,-0.18209,0.00932672,90.0,4639_1417
28.3539044882314,92.68701809230389,eastern_himalaya_kml,eastern_himalaya,1,,4368.0,36.056,0.66389,0.74783,0.00123505,171.0,4634_1417
28.4300833533113,93.17890717318402,eastern_himalaya_kml,eastern_himalaya,1,,3124.0,24.443,-0.03972,0.99921,0.00180111,116.0,4658_1421
28.1143069081244,94.12987541368729,eastern_himalaya_kml,eastern_himalaya,1,,1448.0,32.842,-0.12695,-0.99191,0.00029279,135.0,4706_1405
28.2500851029621,92.5162792350762,eastern_himalaya_kml,eastern_himalaya,1,,4242.0,18.873,-0.78008,-0.62569,0.00085849,79.0,4625_1412
28.2656663922751,92.5234324957846,eastern_himalaya_kml,eastern_himalaya,1,,4355.0,31.53,-0.81496,0.57952,0.00277291,159.0,4626_1413
28.2019194614343,92.52661795881221,eastern_himalaya_kml,eastern_himalaya,1,,4529.0,20.751,0.27859,0.96041,0.00470648,89.0,4626_1410
28.2094785205761,92.6467559143996,eastern_himalaya_kml,eastern_himalaya,1,,5474.0,31.22,-0.31623,0.94868,0.00930142,162.0,4632_1410
28.2355537587291,92.6565585080744,eastern_himalaya_kml,eastern_himalaya,1,,4691.0,26.122,-0.55796,0.82987,-0.00040679,134.0,4632_1411
28.283288866297,92.6245807840211,eastern_himalaya_kml,eastern_himalaya,1,,4432.0,17.94,0.03003,0.99955,0.0039907,69.0,4631_1414
28.2881863472542,92.59480744012448,eastern_himalaya_kml,eastern_himalaya,1,,4693.0,19.226,0.81642,0.57746,0.00050516,86.0,4629_1414
28.270444125541,92.6203651215153,eastern_himalaya_kml,eastern_himalaya,1,,4631.0,13.045,0.79129,-0.61145,0.00508498,73.0,4631_1413
28.2679782137168,92.6242972169571,eastern_himalaya_kml,eastern_himalaya,1,,4463.0,25.919,0.81451,-0.58016,0.00129185,112.0,4631_1413
27.9407076726585,93.0490626532873,eastern_himalaya_kml,eastern_himalaya,1,,1940.0,18.06,-0.97114,0.23852,-0.00059072,76.0,4652_1397
27.9798052515881,93.5722015371355,eastern_himalaya_kml,eastern_himalaya,1,,1104.0,27.844,-0.92555,0.37863,0.00346348,150.0,4678_1398
27.8989168609167,93.6319414576425,eastern_himalaya_kml,eastern_himalaya,1,,1805.0,33.497,-0.56242,0.82685,0.0056645,154.0,4681_1394
27.9353455930057,93.83658275114172,eastern_himalaya_kml,eastern_himalaya,1,,2083.0,29.503,0.68972,0.72408,0.00472574,139.0,4691_1396
27.2601557549923,92.8718371865309,eastern_himalaya_kml,eastern_himalaya,1,,1330.0,48.818,0.08506,0.99638,2.94e-06,222.0,4643_1363
27.1451517178629,93.0202549084645,eastern_himalaya_kml,eastern_himalaya,1,,1436.0,20.022,-0.91475,-0.40402,0.00325266,83.0,4651_1357
27.0329827782593,93.0579478209473,eastern_himalaya_kml,eastern_himalaya,1,,727.0,34.284,0.62544,-0.78027,0.00190663,182.0,4652_1351
27.0379644594873,93.0614440117659,eastern_himalaya_kml,eastern_himalaya,1,,756.0,39.534,0.53513,-0.84477,0.00404103,193.0,4653_1351
27.2411123140685,93.3490819294783,eastern_himalaya_kml,eastern_himalaya,1,,1475.0,21.748,-0.97486,-0.22282,0.00147362,89.0,4667_1362
27.138234235707,93.5592848749398,eastern_himalaya_kml,eastern_himalaya,1,,1063.0,3.071,0.36245,-0.932,0.00966373,66.0,4677_1356
27.2028232181159,93.6534625609404,eastern_himalaya_kml,eastern_himalaya,1,,1140.0,29.371,-0.3603,0.93284,0.00203174,134.0,4682_1360
27.2218083087868,93.723791597755,eastern_himalaya_kml,eastern_himalaya,1,,1031.0,31.542,-0.49101,0.87115,0.00108791,142.0,4686_1361
29.14931431989771,93.8772102767074,eastern_himalaya_kml,eastern_himalaya,1,,3845.0,21.862,0.91735,0.39809,0.00370973,134.0,4693_1457
29.3425677486034,94.0615243745612,eastern_himalaya_kml,eastern_himalaya,1,,4259.0,31.81,-0.9427,-0.33364,0.00061819,128.0,4703_1467
29.2278059166261,94.51676738050888,eastern_himalaya_kml,eastern_himalaya,1,,4841.0,29.917,0.9534,0.30171,0.00369734,191.0,4725_1461
29.4921585049043,94.2790115445355,eastern_himalaya_kml,eastern_himalaya,1,,4447.0,32.21,-0.33731,0.94139,0.0016375,150.0,4713_1474
29.6310092705242,94.3976177355409,eastern_himalaya_kml,eastern_himalaya,1,,3334.0,29.317,-0.23496,-0.972,0.00340967,124.0,4719_1481
29.5801766029224,94.8486647876527,eastern_himalaya_kml,eastern_himalaya,1,,4382.0,20.277,0.00752,-0.99997,0.00393726,82.0,4742_1479
29.5358276009494,94.9524738739544,eastern_himalaya_kml,eastern_himalaya,1,,4997.0,37.575,-0.86286,0.50544,-0.00115773,174.0,4747_1476
29.5707552584126,94.92971440928811,eastern_himalaya_kml,eastern_himalaya,1,,3831.0,34.178,-0.95111,0.30885,0.00072436,148.0,4746_1478
29.77278992924809,94.9113838542891,eastern_himalaya_kml,eastern_himalaya,1,,4144.0,35.576,0.8796,-0.47572,0.00611782,170.0,4745_1488
29.792528274873,94.96114685529479,eastern_himalaya_kml,eastern_himalaya,1,,5624.0,50.068,0.31623,-0.94868,0.0022743,259.0,4748_1489
29.7279242250693,95.0416976797093,eastern_himalaya_kml,eastern_himalaya,1,,4050.0,20.009,0.90774,0.41954,0.00043979,96.0,4752_1486
29.800738623246,95.1587972001165,eastern_himalaya_kml,eastern_himalaya,1,,2603.0,26.86,-0.85015,-0.52654,0.00174577,116.0,4757_1490
29.8653957792249,95.2867107332246,eastern_himalaya_kml,eastern_himalaya,1,,2078.0,39.607,-0.32226,-0.94665,-0.00102173,183.0,4764_1493
29.7203642132049,95.2998157424984,eastern_himalaya_kml,eastern_himalaya,1,,2298.0,42.906,0.68588,0.72772,0.00696468,230.0,4764_1486
29.7252700831167,95.4227101853133,eastern_himalaya_kml,eastern_himalaya,1,,3387.0,27.516,-0.30661,-0.95183,0.00671176,128.0,4771_1486
29.6430945457326,95.3731629806269,eastern_himalaya_kml,eastern_himalaya,1,,1884.0,36.973,-0.44278,-0.89663,0.01118614,185.0,4768_1482
29.5947737604694,95.3973290266547,eastern_himalaya_kml,eastern_himalaya,1,,2237.0,27.104,-0.8141,-0.58072,0.00030165,127.0,4769_1479
29.5800234646808,95.3597206254833,eastern_himalaya_kml,eastern_himalaya,1,,2005.0,34.484,0.75019,0.66122,0.00477675,168.0,4767_1479
29.4987761718115,95.47762173478002,eastern_himalaya_kml,eastern_himalaya,1,,2431.0,22.703,-0.70378,-0.71042,0.00202009,109.0,4773_1474
29.4749434674885,95.4690544503502,eastern_himalaya_kml,eastern_himalaya,1,,2363.0,27.257,-0.90851,0.41786,0.00211484,137.0,4773_1473
29.4787625087026,95.3418040402232,eastern_himalaya_kml,eastern_himalaya,1,,2584.0,32.137,-0.94184,0.33606,0.00527253,167.0,4767_1473
29.36197836779017,95.37657692350969,eastern_himalaya_kml,eastern_himalaya,1,,1286.0,32.218,0.28431,-0.95873,0.00678787,144.0,4768_1468
29.2564063084296,95.2673449800335,eastern_himalaya_kml,eastern_himalaya,1,,2333.0,37.649,-0.21064,-0.97756,0.00018049,188.0,4763_1462
29.2769148256965,95.1584114479644,eastern_himalaya_kml,eastern_himalaya,1,,1602.0,28.924,0.97523,-0.22119,0.00507805,136.0,4757_1463
29.2173933572616,95.15679258171268,eastern_himalaya_kml,eastern_himalaya,1,,2041.0,32.513,-0.35518,0.9348,0.00170224,137.0,4757_1460
29.1962290806564,95.0783911328567,eastern_himalaya_kml,eastern_himalaya,1,,1344.0,23.252,0.99882,-0.04849,0.00192537,102.0,4753_1459
29.1008047387051,95.04741301830438,eastern_himalaya_kml,eastern_himalaya,1,,2233.0,30.345,-0.71887,0.69514,0.00601576,176.0,4752_1455
28.9528539726515,94.71579679945359,eastern_himalaya_kml,eastern_himalaya,1,,2426.0,47.315,-0.06533,-0.99786,0.00585468,229.0,4735_1447
28.520305090715,95.0873166111001,eastern_himalaya_kml,eastern_himalaya,1,,614.0,26.193,-0.94868,-0.31623,0.00345631,123.0,4754_1426
28.2373930556975,95.2353381704628,eastern_himalaya_kml,eastern_himalaya,1,,987.0,35.624,-0.93424,0.35664,0.00356164,170.0,4761_1411
28.2649542769627,95.1686345503842,eastern_himalaya_kml,eastern_himalaya,1,,1320.0,8.033,0.59051,-0.80703,0.00476829,69.0,4758_1413
28.0364511038257,96.8016116858216,eastern_himalaya_kml,eastern_himalaya,1,,3185.0,24.942,-0.40614,-0.91381,0.00694965,109.0,4840_1401
27.9455119332089,96.81964170394109,eastern_himalaya_kml,eastern_himalaya,1,,1979.0,39.916,-0.98612,0.16601,0.0001782,173.0,4840_1397
27.9149905137869,96.825087521691,eastern_himalaya_kml,eastern_himalaya,1,,2351.0,35.724,-0.23753,-0.97138,-0.00134255,160.0,4841_1395
27.8925202286679,96.8636846689093,eastern_himalaya_kml,eastern_himalaya,1,,2144.0,38.195,-0.07238,-0.99738,0.00194763,160.0,4843_1394
27.8984445304269,96.8890969585449,eastern_himalaya_kml,eastern_himalaya,1,,2426.0,43.105,0.67371,-0.739,0.00240939,247.0,4844_1394
27.9298130613735,96.90370217269368,eastern_himalaya_kml,eastern_himalaya,1,,2461.0,38.582,-0.83392,-0.55188,0.00010483,199.0,4845_1396
28.0215682258012,96.93068264735021,eastern_himalaya_kml,eastern_himalaya,1,,2376.0,29.199,0.50202,-0.86486,0.01212464,154.0,4846_1401
28.1477580671883,96.99160241171042,eastern_himalaya_kml,eastern_himalaya,1,,3021.0,31.843,0.93032,-0.36676,-0.00072616,168.0,4849_1407
28.2003768892503,96.9946616395058,eastern_himalaya_kml,eastern_himalaya,1,,3163.0,19.175,0.7229,-0.69095,0.00212,83.0,4849_1410
28.4263136017637,97.0997403075787,eastern_himalaya_kml,eastern_himalaya,1,,3286.0,25.94,-0.75663,0.65384,0.00320345,125.0,4854_1421
28.60889389693,97.1582048944437,eastern_himalaya_kml,eastern_himalaya,1,,3099.0,48.461,0.31623,-0.94868,0.00255426,268.0,4857_1430
28.6039459752952,96.95881526962029,eastern_himalaya_kml,eastern_himalaya,1,,3174.0,32.061,-0.55879,-0.82931,0.0041789,156.0,4847_1430
29.0148792900623,96.8101411440894,eastern_himalaya_kml,eastern_himalaya,1,,3644.0,39.083,0.47369,-0.88069,-0.00434561,200.0,4840_1450
29.0382745197504,96.91890572205779,eastern_himalaya_kml,eastern_himalaya,1,,4068.0,35.956,-0.97458,-0.22402,0.00444223,163.0,4845_1451
29.1100230612614,96.80466150527408,eastern_himalaya_kml,eastern_himalaya,1,,4272.0,35.379,0.81951,-0.57307,0.00155484,215.0,4840_1455
28.3083769391395,95.7594589299565,eastern_himalaya_kml,eastern_himalaya,1,,1318.0,28.819,-0.68662,0.72701,0.00644213,139.0,4787_1415
28.3382103948818,95.7363590489177,eastern_himalaya_kml,eastern_himalaya,1,,1777.0,44.12,0.46261,-0.88656,0.00326649,208.0,4786_1416
28.3216563173756,95.8043378307862,eastern_himalaya_kml,eastern_himalaya,1,,1383.0,30.752,-0.62327,0.78201,0.00339801,180.0,4790_1416
28.3341465028377,95.7987717662264,eastern_himalaya_kml,eastern_himalaya,1,,886.0,43.534,-0.82156,-0.57012,-0.00169386,215.0,4789_1416
28.4608575797782,95.75726522377758,eastern_himalaya_kml,eastern_himalaya,1,,1996.0,14.861,0.10468,-0.99451,0.00266182,75.0,4787_1423
28.4021441242228,95.8259563195326,eastern_himalaya_kml,eastern_himalaya,1,,1594.0,20.754,-0.90164,0.43249,0.00482215,118.0,4791_1420
28.3789623975773,95.90982196003769,eastern_himalaya_kml,eastern_himalaya,1,,1041.0,32.515,0.5055,-0.86283,0.00063153,158.0,4795_1418
28.2796651870609,96.0362279730854,eastern_himalaya_kml,eastern_himalaya,1,,1361.0,49.345,-0.99473,0.10257,0.00319692,237.0,4801_1413
28.2184953391753,96.0560107004572,eastern_himalaya_kml,eastern_himalaya,1,,2371.0,37.737,-0.71247,-0.7017,0.00107248,182.0,4802_1410
28.2837422803433,96.0839880012541,eastern_himalaya_kml,eastern_himalaya,1,,1228.0,34.661,0.7151,-0.69903,0.00417956,204.0,4804_1414
28.2833860355915,96.09299420596969,eastern_himalaya_kml,eastern_himalaya,1,,1229.0,23.116,-0.6247,-0.78087,-0.00058988,110.0,4804_1414
28.2524321414515,96.11541220234122,eastern_himalaya_kml,eastern_himalaya,1,,2128.0,18.719,0.97962,-0.20084,0.00169829,106.0,4805_1412
28.3109001005003,96.1323353773731,eastern_himalaya_kml,eastern_himalaya,1,,2608.0,23.922,-0.12211,-0.99252,0.00555834,144.0,4806_1415
28.2220936264871,96.34195184872162,eastern_himalaya_kml,eastern_himalaya,1,,2642.0,22.031,-0.71733,-0.69674,0.00588542,130.0,4817_1411
28.1414943308786,96.32197250240019,eastern_himalaya_kml,eastern_himalaya,1,,1646.0,30.863,0.90174,-0.43228,0.01069602,143.0,4816_1407
28.5383194119049,96.2919865159182,eastern_himalaya_kml,eastern_himalaya,1,,4313.0,21.065,-0.68514,0.72841,0.00011062,130.0,4814_1426
28.5288116677015,96.2646525086044,eastern_himalaya_kml,eastern_himalaya,1,,3684.0,29.505,0.83693,0.54732,0.00029015,143.0,4813_1426
28.6838494993176,96.1587318520766,eastern_himalaya_kml,eastern_himalaya,1,,2384.0,19.808,-0.32777,-0.94476,0.00363337,115.0,4807_1434
28.5793861541622,95.85877597204498,eastern_himalaya_kml,eastern_himalaya,1,,2016.0,40.048,-0.8295,-0.55851,0.00153552,216.0,4792_1428
28.528446716831,95.8533622182934,eastern_himalaya_kml,eastern_himalaya,1,,1596.0,27.606,-0.67729,-0.73572,0.00317064,134.0,4792_1426
28.5209529995862,95.83456869264091,eastern_himalaya_kml,eastern_himalaya,1,,1071.0,24.074,0.06528,-0.99787,0.0091047,110.0,4791_1426
28.8230663453747,95.90049928454349,eastern_himalaya_kml,eastern_himalaya,1,,2256.0,20.468,-0.25303,-0.96746,0.0015544,92.0,4795_1441
28.9194317600033,95.957230912986,eastern_himalaya_kml,eastern_himalaya,1,,2374.0,46.07,0.91649,0.40005,-0.00066469,247.0,4797_1445
28.9291074336843,95.9583197481743,eastern_himalaya_kml,eastern_himalaya,1,,2250.0,30.88,0.84538,-0.53417,-0.00048541,167.0,4797_1446
29.0491609494749,95.99401684388748,eastern_himalaya_kml,eastern_himalaya,1,,2336.0,45.391,0.72202,-0.69188,0.0009878,263.0,4799_1452
29.0654804095684,96.3114623171993,eastern_himalaya_kml,eastern_himalaya,1,,4525.0,28.847,-0.18155,0.98338,0.00474143,135.0,4815_1453
29.115991239728,96.3731268460695,eastern_himalaya_kml,eastern_himalaya,1,,5385.0,29.482,-0.46676,0.88438,0.00678981,182.0,4818_1455
29.895396506915,95.13502445875432,eastern_himalaya_kml,eastern_himalaya,1,,2097.0,17.422,0.47357,-0.88076,0.00334977,107.0,4756_1494
29.9085406189959,95.0928770274666,eastern_himalaya_kml,eastern_himalaya,1,,2754.0,28.349,0.91125,0.41186,0.00115146,151.0,4754_1495
29.9189425829692,95.0730999271043,eastern_himalaya_kml,eastern_himalaya,1,,2988.0,33.966,0.59172,0.80614,0.00218063,161.0,4753_1495
29.9336794834552,95.0907496182045,eastern_himalaya_kml,eastern_himalaya,1,,2220.0,37.106,0.6114,0.79133,-0.00045643,199.0,4754_1496
29.9461230916914,95.09789533986051,eastern_himalaya_kml,eastern_himalaya,1,,2212.0,31.195,-0.76841,-0.63996,0.00327272,155.0,4754_1497
29.9619043760521,95.0675969860124,eastern_himalaya_kml,eastern_himalaya,1,,2903.0,29.312,0.87322,0.48732,0.00477694,151.0,4753_1498
29.9749412930585,95.08053128458272,eastern_himalaya_kml,eastern_himalaya,1,,2294.0,37.16,-0.63404,-0.7733,0.00452395,196.0,4754_1498
29.9846326797229,95.06745859637499,eastern_himalaya_kml,eastern_himalaya,1,,2496.0,31.911,-0.96352,0.26764,0.00055462,172.0,4753_1499
30.0002035997543,95.06317088760869,eastern_himalaya_kml,eastern_himalaya,1,,2551.0,29.789,-0.74486,-0.66722,0.00329049,141.0,4753_1500
29.9943684717489,95.0364908154665,eastern_himalaya_kml,eastern_himalaya,1,,2737.0,30.456,0.28344,0.95899,0.00037057,137.0,4751_1499
30.0023449166951,95.02620627655851,eastern_himalaya_kml,eastern_himalaya,1,,2379.0,29.784,0.96097,0.27664,0.00516773,134.0,4751_1500
30.0159207484044,95.04243132418631,eastern_himalaya_kml,eastern_himalaya,1,,2732.0,31.913,-0.86756,-0.49734,0.00246105,150.0,4752_1500
30.0303776870623,95.0221473734075,eastern_himalaya_kml,eastern_himalaya,1,,2478.0,35.974,-0.79793,-0.60275,0.00249852,170.0,4751_1501
30.0907610870102,95.1487364626405,eastern_himalaya_kml,eastern_himalaya,1,,3574.0,32.362,-0.17754,-0.98411,0.00406612,127.0,4757_1504
30.2780218976466,95.46778309959922,eastern_himalaya_kml,eastern_himalaya,1,,5119.0,53.815,0.91639,-0.40029,0.00107966,295.0,4773_1513
29.9202042256417,95.37032436500351,eastern_himalaya_kml,eastern_himalaya,1,,3902.0,32.246,0.99952,0.03082,0.00458892,125.0,4768_1496
29.9622441665621,95.5929049758171,eastern_himalaya_kml,eastern_himalaya,1,,4270.0,26.918,0.56351,-0.82611,-0.00063751,151.0,4779_1498
30.0970741723214,96.05828662584369,eastern_himalaya_kml,eastern_himalaya,1,,4529.0,34.079,0.36749,-0.93003,-0.00094528,149.0,4802_1504
30.1352442033217,96.3764829044003,eastern_himalaya_kml,eastern_himalaya,1,,4232.0,29.991,0.2238,-0.97463,0.00125634,128.0,4818_1506
30.1963486637006,96.5347171989196,eastern_himalaya_kml,eastern_himalaya,1,,4535.0,20.058,0.17118,-0.98524,0.00416765,94.0,4826_1509
29.9654456746231,96.2546030333642,eastern_himalaya_kml,eastern_himalaya,1,,4441.0,28.999,0.14282,0.98975,0.004123,136.0,4812_1498
29.988967962781,96.26785526233711,eastern_himalaya_kml,eastern_himalaya,1,,5032.0,24.575,0.03948,-0.99922,0.00404239,139.0,4813_1499
29.8951160891118,96.3671891816288,eastern_himalaya_kml,eastern_himalaya,1,,5011.0,28.779,0.5841,-0.81168,0.00122975,132.0,4818_1494
29.6940227641114,96.147806059916,eastern_himalaya_kml,eastern_himalaya,1,,4232.0,30.488,0.40811,-0.91293,0.01328215,209.0,4807_1484
29.5726235589201,96.18480312530238,eastern_himalaya_kml,eastern_himalaya,1,,3871.0,41.564,-0.93041,-0.36652,0.0050653,201.0,4809_1478
29.7030544534508,95.79423446974661,eastern_himalaya_kml,eastern_himalaya,1,,3916.0,51.958,-0.01956,-0.99981,-0.0012945,253.0,4789_1485
29.7341577946509,95.59604381525439,eastern_himalaya_kml,eastern_himalaya,1,,3826.0,43.39,-0.27181,-0.96235,0.00247749,236.0,4779_1486
29.5471166116046,95.5182294791015,eastern_himalaya_kml,eastern_himalaya,1,,2729.0,21.45,-0.34996,-0.93676,0.00775021,128.0,4775_1477
29.4553904909315,95.6026712554209,eastern_himalaya_kml,eastern_himalaya,1,,2473.0,36.436,-0.98773,-0.15616,0.0043412,167.0,4780_1472
29.4242331908093,95.5628574510677,eastern_himalaya_kml,eastern_himalaya,1,,3424.0,34.139,0.78246,-0.62269,-0.00098846,165.0,4778_1471
29.4407929594492,95.7228969986267,eastern_himalaya_kml,eastern_himalaya,1,,3021.0,35.699,-0.94713,0.32086,-0.00350168,173.0,4786_1472
29.4755073911519,95.70616693962918,eastern_himalaya_kml,eastern_himalaya,1,,3179.0,37.411,0.76449,-0.64464,0.00225672,184.0,4785_1473
29.5227972163915,95.7654189314804,eastern_himalaya_kml,eastern_himalaya,1,,4233.0,42.763,-0.96566,-0.25981,0.00529415,222.0,4788_1476
29.3580723309255,95.4819217530589,eastern_himalaya_kml,eastern_himalaya,1,,2528.0,32.781,0.33429,-0.94247,-0.0021235,132.0,4774_1467
29.3025631742028,95.6497720477404,eastern_himalaya_kml,eastern_himalaya,1,,3817.0,38.165,-0.99317,0.11664,0.00337753,161.0,4782_1465
29.2956623609569,95.6232622031007,eastern_himalaya_kml,eastern_himalaya,1,,4155.0,43.071,0.97907,-0.20354,0.00758732,197.0,4781_1464
29.1625768056411,95.6143021111735,eastern_himalaya_kml,eastern_himalaya,1,,3655.0,23.115,0.37419,0.92735,0.00135365,128.0,4780_1458
29.1440226088854,95.48166241997808,eastern_himalaya_kml,eastern_himalaya,1,,3952.0,28.324,0.7447,0.6674,0.00340455,119.0,4774_1457
29.1451263324485,95.4106130123624,eastern_himalaya_kml,eastern_himalaya,1,,4012.0,21.655,-0.94798,0.31833,0.00893929,93.0,4770_1457
29.1375076697577,95.4465731089784,eastern_himalaya_kml,eastern_himalaya,1,,3928.0,32.137,-0.95511,-0.29626,0.00735619,163.0,4772_1456
29.133288782382,95.4545448803776,eastern_himalaya_kml,eastern_himalaya,1,,3903.0,28.853,-0.77642,-0.63021,0.00128839,143.0,4772_1456
29.0683248537033,95.4832686635759,eastern_himalaya_kml,eastern_himalaya,1,,3670.0,26.933,-0.95954,-0.28157,0.00367779,110.0,4774_1453
28.8633440909402,95.3132888635149,eastern_himalaya_kml,eastern_himalaya,1,,4049.0,35.219,-0.3758,-0.9267,0.00225085,164.0,4765_1443
28.5815940367663,95.233662413829,eastern_himalaya_kml,eastern_himalaya,1,,1487.0,40.842,0.63464,-0.77281,0.00338821,218.0,4761_1429
28.4101667933293,95.4293273979048,eastern_himalaya_kml,eastern_himalaya,1,,1973.0,51.298,0.85572,-0.51744,0.00184043,328.0,4771_1420
28.3775279017722,95.5262903302159,eastern_himalaya_kml,eastern_himalaya,1,,2342.0,33.823,-0.04146,-0.99914,0.00215771,162.0,4776_1418
28.29452148302081,95.4808346038377,eastern_himalaya_kml,eastern_himalaya,1,,2056.0,38.199,0.98841,0.15179,0.00520201,187.0,4774_1414
28.7393021757305,94.67629353577011,eastern_himalaya_kml,eastern_himalaya,1,,2600.0,28.662,-0.87151,-0.49038,0.00339662,119.0,4733_1436
28.6928393969723,94.7510620525755,eastern_himalaya_kml,eastern_himalaya,1,,1587.0,28.144,0.99959,0.02856,0.00326846,120.0,4737_1434
28.4263795834409,94.8795480362023,eastern_himalaya_kml,eastern_himalaya,1,,1174.0,35.617,0.95967,0.28112,0.0051236,149.0,4743_1421
27.9265251816838,94.8024516023151,eastern_himalaya_kml,eastern_himalaya,1,,1575.0,31.181,0.68851,-0.72523,0.00545249,154.0,4740_1396
28.7145862606032,93.8925635138746,eastern_himalaya_kml,eastern_himalaya,1,,3804.0,35.754,0.92014,-0.39159,0.00379315,167.0,4694_1435
28.6745598885772,94.33670502349469,eastern_himalaya_kml,eastern_himalaya,1,,2177.0,32.65,-0.98408,-0.17774,0.00107232,138.0,4716_1433
28.642402456,94.321762926,eastern_himalaya_kml,eastern_himalaya,1,,2636.0,39.997,0.99489,-0.10098,0.00214924,184.0,4716_1432
28.6512967463504,94.3965057337112,eastern_himalaya_kml,eastern_himalaya,1,,2010.0,23.583,-0.99266,0.1209,-0.00134783,88.0,4719_1432
28.5210987488351,92.21104123774938,eastern_himalaya_kml,eastern_himalaya,1,,5096.0,26.847,-0.82866,0.55976,0.00039286,130.0,4610_1426
28.6526793601683,92.4264674121629,eastern_himalaya_kml,eastern_himalaya,1,,4598.0,24.898,0.19151,0.98149,0.0049201,99.0,4621_1432
28.6444119322473,92.4799990682551,eastern_himalaya_kml,eastern_himalaya,1,,4473.0,27.28,0.65984,0.75141,0.00063741,134.0,4623_1432
28.6638336662053,92.5113272952695,eastern_himalaya_kml,eastern_himalaya,1,,4650.0,28.82,-0.64118,-0.76739,0.00066222,132.0,4625_1433
28.6776102951617,92.5394438304407,eastern_himalaya_kml,eastern_himalaya,1,,4737.0,20.763,0.57149,-0.82061,-0.00014107,88.0,4626_1433
28.6492167983931,92.59722839618858,eastern_himalaya_kml,eastern_himalaya,1,,4737.0,21.125,-0.55719,-0.83039,0.00282029,100.0,4629_1432
28.637281639684,92.61690955207908,eastern_himalaya_kml,eastern_himalaya,1,,4763.0,18.095,-0.24653,-0.96913,-0.00450793,93.0,4630_1431
28.6104593772076,92.5894892771678,eastern_himalaya_kml,eastern_himalaya,1,,4597.0,23.821,-0.82423,-0.56626,0.00499144,114.0,4629_1430
28.5667517274509,92.6746892640616,eastern_himalaya_kml,eastern_himalaya,1,,4238.0,31.367,0.63794,0.77009,0.00204577,162.0,4633_1428
28.5626225903874,92.68148343710318,eastern_himalaya_kml,eastern_himalaya,1,,4218.0,33.26,0.40869,0.91267,0.00046488,153.0,4634_1428
28.6344133272439,92.6796860582041,eastern_himalaya_kml,eastern_himalaya,1,,5062.0,15.451,0.1005,-0.99494,0.00251813,78.0,4633_1431
28.7083195897753,92.70037447580052,eastern_himalaya_kml,eastern_himalaya,1,,4957.0,23.73,-0.05687,-0.99838,0.00100913,91.0,4635_1435
28.6576747804804,92.7901792344863,eastern_himalaya_kml,eastern_himalaya,1,,4671.0,31.383,-0.81741,-0.57606,0.00147224,149.0,4639_1432
28.6506148778459,92.84759880812139,eastern_himalaya_kml,eastern_himalaya,1,,5172.0,28.561,-0.64044,-0.76801,0.0020382,138.0,4642_1432
28.6412548171519,92.880929074416,eastern_himalaya_kml,eastern_himalaya,1,,5197.0,19.617,0.16756,-0.98586,0.00201814,70.0,4644_1432
28.5296774852339,92.9511013185361,eastern_himalaya_kml,eastern_himalaya,1,,4420.0,36.143,-0.82911,-0.55908,0.00062935,182.0,4647_1426
28.5397306388797,93.0004829165312,eastern_himalaya_kml,eastern_himalaya,1,,5316.0,20.487,-0.80664,-0.59104,0.00351849,102.0,4650_1426
28.4385727036467,92.9680281103648,eastern_himalaya_kml,eastern_himalaya,1,,3646.0,22.983,-0.55998,-0.82851,0.00088905,105.0,4648_1421
28.6388682044357,93.1196503961358,eastern_himalaya_kml,eastern_himalaya,1,,4638.0,28.907,0.81746,-0.57599,0.00025963,151.0,4655_1431
28.8403173035918,92.82562227035191,eastern_himalaya_kml,eastern_himalaya,1,,4129.0,27.49,0.99827,0.05872,0.00109253,102.0,4641_1442
28.8498075222465,92.8661792707205,eastern_himalaya_kml,eastern_himalaya,1,,4579.0,24.351,0.74876,0.66284,0.00279819,114.0,4643_1442
28.8574865299788,92.8878134419646,eastern_himalaya_kml,eastern_himalaya,1,,4645.0,24.443,-0.03972,0.99921,0.00247581,107.0,4644_1442
28.8345124829491,92.895254606369,eastern_himalaya_kml,eastern_himalaya,1,,5039.0,32.194,0.96843,0.24928,0.00213614,133.0,4644_1441
28.8385666711327,92.8943508482434,eastern_himalaya_kml,eastern_himalaya,1,,5061.0,26.283,0.97305,0.23061,0.00435594,95.0,4644_1441
28.9098353008613,92.9830411640045,eastern_himalaya_kml,eastern_himalaya,1,,4977.0,21.41,-0.50299,-0.86429,0.0003393,106.0,4649_1445
28.8996137304121,92.95391806824581,eastern_himalaya_kml,eastern_himalaya,1,,5108.0,19.056,0.88457,-0.46641,0.00223189,77.0,4647_1444
28.8032599002246,93.05754289091261,eastern_himalaya_kml,eastern_himalaya,1,,4607.0,29.725,-0.97057,-0.24082,0.00364822,115.0,4652_1440
28.7889640169508,93.0717283646029,eastern_himalaya_kml,eastern_himalaya,1,,4857.0,37.08,-0.86926,-0.49436,-0.0,177.0,4653_1439
28.8574769650515,93.1235132526205,eastern_himalaya_kml,eastern_himalaya,1,,5056.0,27.202,-0.16484,0.98632,0.00277431,108.0,4656_1442
28.8344892928083,93.1770635867807,eastern_himalaya_kml,eastern_himalaya,1,,5054.0,13.38,-0.67731,-0.7357,0.00618365,78.0,4658_1441
28.8121437723057,93.14057133971131,eastern_himalaya_kml,eastern_himalaya,1,,4685.0,21.267,0.33543,0.94206,-0.00111311,94.0,4657_1440
28.8076099042106,93.1456537308063,eastern_himalaya_kml,eastern_himalaya,1,,4757.0,21.796,-0.54181,-0.8405,0.00211178,84.0,4657_1440
28.8059733742842,93.1532434173862,eastern_himalaya_kml,eastern_himalaya,1,,4844.0,33.841,-0.08493,-0.99639,0.00082773,139.0,4657_1440
28.783278362962,93.1553573431944,eastern_himalaya_kml,eastern_himalaya,1,,4801.0,24.185,-0.97418,0.22576,0.00512098,110.0,4657_1439
28.7596049523961,93.16785367124051,eastern_himalaya_kml,eastern_himalaya,1,,5011.0,15.656,-0.9713,0.23787,0.00430878,71.0,4658_1437
28.7724042680542,93.1624588762903,eastern_himalaya_kml,eastern_himalaya,1,,4932.0,7.029,0.92374,0.38302,0.00441583,78.0,4658_1438
28.7784397544899,93.159587815164,eastern_himalaya_kml,eastern_himalaya,1,,4883.0,8.274,0.47751,0.87862,0.00334124,73.0,4657_1438
28.702469420777,93.2251574205112,eastern_himalaya_kml,eastern_himalaya,1,,4475.0,34.594,-0.47122,-0.88202,0.00306023,162.0,4661_1435
28.8855443033437,93.3043697761855,eastern_himalaya_kml,eastern_himalaya,1,,5754.0,28.404,-0.77304,-0.63436,0.00550796,128.0,4665_1444
28.9367123115767,93.29404886003502,eastern_himalaya_kml,eastern_himalaya,1,,5091.0,36.132,0.98353,-0.18073,0.00105975,161.0,4664_1446
28.9885200496262,93.35069284700289,eastern_himalaya_kml,eastern_himalaya,1,,3560.0,26.064,-0.69854,-0.71557,0.00099811,129.0,4667_1449
28.9882188324464,93.399530982642,eastern_himalaya_kml,eastern_himalaya,1,,4109.0,35.362,-0.1644,-0.98639,-0.00019048,142.0,4669_1449
28.9103811398549,93.4188552396023,eastern_himalaya_kml,eastern_himalaya,1,,4609.0,42.383,-0.82947,-0.55856,-0.00294811,235.0,4670_1445
28.8681077897507,93.39181952440941,eastern_himalaya_kml,eastern_himalaya,1,,4127.0,30.211,-0.98753,-0.15743,0.00129705,138.0,4669_1443
28.8384557315052,93.48437459452501,eastern_himalaya_kml,eastern_himalaya,1,,4495.0,18.801,-0.93016,-0.36717,-0.00013921,85.0,4674_1441
28.7952698275266,93.5045212953107,eastern_himalaya_kml,eastern_himalaya,1,,4808.0,27.197,-0.31623,-0.94868,0.00440327,137.0,4675_1439
28.8408400482024,93.7700896971847,eastern_himalaya_kml,eastern_himalaya,1,,4823.0,16.69,-0.91722,0.39839,0.00637651,92.0,4688_1442
28.9266854972853,94.0746615223861,eastern_himalaya_kml,eastern_himalaya,1,,4307.0,22.99,-0.70711,0.70711,-0.00261398,106.0,4703_1446
28.931674543552,94.0528991596984,eastern_himalaya_kml,eastern_himalaya,1,,4257.0,27.866,0.92992,0.36776,0.01037907,137.0,4702_1446
28.9389863017379,94.11543984561848,eastern_himalaya_kml,eastern_himalaya,1,,4266.0,42.803,-0.40043,-0.91633,0.0020524,205.0,4705_1446
29.7642665129893,94.8014272837229,eastern_himalaya_kml,eastern_himalaya,1,,4871.0,36.423,-0.80939,-0.58728,0.00533991,182.0,4740_1488
28.2636874627462,90.98059802134168,eastern_himalaya_kml,eastern_himalaya,1,,4130.0,34.697,0.99297,0.11835,0.01083232,168.0,4549_1413
28.15187294224711,91.07953485024045,eastern_himalaya_kml,eastern_himalaya,1,,3538.0,23.938,-0.98866,0.15018,0.00536788,118.0,4553_1407
27.98840881269871,90.92086298859462,eastern_himalaya_kml,eastern_himalaya,1,,5030.0,28.431,0.15649,-0.98768,0.00271418,117.0,4546_1399
28.45653941064524,91.24544052808065,eastern_himalaya_kml,eastern_himalaya,1,,4748.0,13.561,-0.48369,-0.87524,0.00167251,72.0,4562_1422
28.08091416700566,91.48503042879634,eastern_himalaya_kml,eastern_himalaya,1,,5314.0,19.873,0.39577,-0.91835,0.00277532,80.0,4574_1404
28.09105769167194,91.4954535767801,eastern_himalaya_kml,eastern_himalaya,1,,5565.0,38.917,-0.33372,-0.94267,0.00077892,177.0,4574_1404
28.0735095546996,91.61359564427516,eastern_himalaya_kml,eastern_himalaya,1,,5744.0,22.226,0.12236,-0.99249,-0.00057997,120.0,4580_1403
27.65204952388443,91.7067743612248,eastern_himalaya_kml,eastern_himalaya,1,,2700.0,20.115,0.92531,0.37922,7.74e-06,122.0,4585_1382
28.1743053289914,92.35107770652615,eastern_himalaya_kml,eastern_himalaya,1,,4785.0,32.165,0.79947,0.60071,-0.00015306,158.0,4617_1408
28.49284400769161,92.08724505716185,eastern_himalaya_kml,eastern_himalaya,1,,4579.0,18.766,0.44558,0.89524,-0.00115171,86.0,4604_1424
28.39356799889718,92.63959308395154,eastern_himalaya_kml,eastern_himalaya,1,,4476.0,13.528,0.05195,0.99865,0.00682332,60.0,4631_1419
28.31909038606301,92.81902224296203,eastern_himalaya_kml,eastern_himalaya,1,,4404.0,27.094,0.21175,-0.97732,0.00439141,118.0,4640_1415
28.422446313983,93.20626170056536,eastern_himalaya_kml,eastern_himalaya,1,,3142.0,41.149,-0.76926,0.63893,0.00312664,217.0,4660_1421
27.41136579221087,93.90865667009436,eastern_himalaya_kml,eastern_himalaya,1,,1384.0,45.444,0.71796,-0.69608,0.00108943,240.0,4695_1370
29.22191786782426,93.99532975399615,eastern_himalaya_kml,eastern_himalaya,1,,4195.0,28.655,0.33295,-0.94294,0.00327387,131.0,4699_1461
29.21815349935263,94.04346006713857,eastern_himalaya_kml,eastern_himalaya,1,,3783.0,15.851,0.50873,-0.86093,0.00128256,72.0,4702_1460
29.43433358327031,94.79926901509901,eastern_himalaya_kml,eastern_himalaya,1,,4019.0,23.364,-0.01608,0.99987,0.00305983,93.0,4739_1471
29.80026765043761,94.96111961362656,eastern_himalaya_kml,eastern_himalaya,1,,6005.0,48.315,-0.56522,-0.82494,0.0002567,271.0,4748_1490
29.91414867068089,95.20978450108989,eastern_himalaya_kml,eastern_himalaya,1,,3469.0,41.523,0.57409,-0.81879,0.00596503,231.0,4760_1495
29.85102037748022,95.24118887815132,eastern_himalaya_kml,eastern_himalaya,1,,3607.0,26.821,-0.44501,-0.89552,8.295e-05,122.0,4762_1492
29.7998646925743,95.32236755475472,eastern_himalaya_kml,eastern_himalaya,1,,2736.0,12.808,-0.81866,0.57428,0.00108219,109.0,4766_1489
29.64870518475633,95.37866988986647,eastern_himalaya_kml,eastern_himalaya,1,,2207.0,17.978,-0.98872,-0.14981,0.00509688,86.0,4768_1482
29.44143895341211,95.42834964260426,eastern_himalaya_kml,eastern_himalaya,1,,1812.0,34.332,-0.55517,-0.83174,0.00194263,167.0,4771_1472
28.89383155999001,94.75376245836489,eastern_himalaya_kml,eastern_himalaya,1,,1076.0,26.057,0.46867,-0.88337,0.00222906,114.0,4737_1444
27.96504049981193,96.94606363956368,eastern_himalaya_kml,eastern_himalaya,1,,2125.0,40.368,0.98518,-0.17155,-0.00040936,189.0,4847_1398
28.16422132233711,97.00479033912787,eastern_himalaya_kml,eastern_himalaya,1,,2733.0,38.37,0.99463,0.1035,0.01328158,157.0,4850_1408
29.05830557988692,96.83480860229398,eastern_himalaya_kml,eastern_himalaya,1,,4418.0,34.612,-0.88748,0.46085,0.00038756,165.0,4841_1452
28.2639547957767,96.12950481139559,eastern_himalaya_kml,eastern_himalaya,1,,1889.0,42.779,-0.41877,-0.90809,-0.00086794,219.0,4806_1413
28.20345170095387,96.31765675457758,eastern_himalaya_kml,eastern_himalaya,1,,2565.0,45.424,0.66919,0.74309,0.00271966,233.0,4815_1410
28.36482446978935,96.49480417948806,eastern_himalaya_kml,eastern_himalaya,1,,2444.0,48.923,-0.47698,-0.87891,-0.00179923,270.0,4824_1418
28.64818547065594,96.06805412156314,eastern_himalaya_kml,eastern_himalaya,1,,2529.0,37.28,-0.5656,0.82468,0.00250728,186.0,4803_1432
28.6393707547067,95.90641267887011,eastern_himalaya_kml,eastern_himalaya,1,,1921.0,27.694,0.10055,-0.99493,0.00184396,105.0,4795_1431
29.15220642255546,96.25571039605951,eastern_himalaya_kml,eastern_himalaya,1,,4631.0,22.281,-0.99995,0.01017,0.0066256,143.0,4812_1457
28.94618479173682,96.55593202543888,eastern_himalaya_kml,eastern_himalaya,1,,4716.0,27.108,-0.65658,0.75425,0.00485828,131.0,4827_1447
29.59079402758391,96.60188300893645,eastern_himalaya_kml,eastern_himalaya,1,,5552.0,18.904,-0.75031,0.66108,0.0069698,103.0,4830_1479
30.08666272803271,95.07598677741841,eastern_himalaya_kml,eastern_himalaya,1,,3035.0,44.933,-0.1768,0.98425,0.00252638,230.0,4753_1504
30.24087703917962,95.00129800754463,eastern_himalaya_kml,eastern_himalaya,1,,5304.0,24.802,-0.51096,-0.85961,0.00824406,191.0,4750_1512
30.24620939926101,94.99263184629477,eastern_himalaya_kml,eastern_himalaya,1,,5341.0,46.415,-0.23662,-0.9716,0.00528805,236.0,4749_1512
30.29586245493077,95.42628450415646,eastern_himalaya_kml,eastern_himalaya,1,,5563.0,8.743,-0.289,-0.95733,-0.00150476,60.0,4771_1514
29.61371100544087,95.36822857089932,eastern_himalaya_kml,eastern_himalaya,1,,2377.0,36.018,0.8635,0.50435,0.00262864,167.0,4768_1480
29.69288382967998,95.3956727709492,eastern_himalaya_kml,eastern_himalaya,1,,2767.0,30.703,-0.57769,-0.81625,0.00304358,148.0,4769_1484
28.43608955973096,92.98958428434459,eastern_himalaya_kml,eastern_himalaya,1,,4598.0,15.981,0.14549,-0.98936,0.00028762,79.0,4649_1421
28.43070256633354,93.02056975097855,eastern_himalaya_kml,eastern_himalaya,1,,4403.0,32.324,-0.08341,-0.99652,0.00250672,129.0,4651_1421
28.3665737398779,90.54279275350288,eastern_himalaya_kml,eastern_himalaya,1,,4984.0,23.622,-0.4319,-0.90192,0.00242517,111.0,4527_1418
28.34917737998114,90.52184200504387,eastern_himalaya_kml,eastern_himalaya,1,,4942.0,15.403,0.0605,-0.99817,-0.00034182,75.0,4526_1417
28.34945641548205,95.69588914870296,eastern_himalaya_kml,eastern_himalaya,1,,1754.0,9.458,0.99215,0.12506,0.00099518,55.0,4784_1417
28.28247688573154,95.76193143005398,eastern_himalaya_kml,eastern_himalaya,1,,1241.0,20.308,-0.99083,0.13511,0.01949032,129.0,4788_1414
28.37726112287096,90.56137865798696,eastern_himalaya_kml,eastern_himalaya,1,,5160.0,6.97,0.02272,-0.99974,0.00073932,57.0,4528_1418
28.40100795138726,90.63488055079584,eastern_himalaya_kml,eastern_himalaya,1,,5506.0,15.724,0.51304,-0.85836,0.00344601,69.0,4531_1420
28.14905988885561,91.81644007935822,eastern_himalaya_kml,eastern_himalaya,1,,4967.0,10.684,-0.86137,0.50799,0.00430473,61.0,4590_1407
28.48301508642306,91.45369862934702,eastern_himalaya_kml,eastern_himalaya,1,,5382.0,15.307,-0.99968,-0.02537,0.00630895,66.0,4572_1424
28.47688515481455,91.4980527746466,eastern_himalaya_kml,eastern_himalaya,1,,5331.0,18.624,-0.64705,-0.76245,0.00307703,94.0,4574_1423
28.29762774394332,91.35179077034039,eastern_himalaya_kml,eastern_himalaya,1,,4967.0,42.153,-0.83158,-0.55541,0.00154323,223.0,4567_1414
28.1608033653845,91.38135075263415,eastern_himalaya_kml,eastern_himalaya,1,,4788.0,18.469,-0.5614,-0.82754,0.00514509,103.0,4569_1408
28.16075892465575,91.3856916154201,eastern_himalaya_kml,eastern_himalaya,1,,4792.0,27.514,0.17865,-0.98391,0.00449039,100.0,4569_1408
28.15893171859546,91.39985964353649,eastern_himalaya_kml,eastern_himalaya,1,,4851.0,34.086,-0.21345,-0.97695,0.00137554,136.0,4569_1407
28.14614910364179,91.44298930944646,eastern_himalaya_kml,eastern_himalaya,1,,5050.0,27.367,-0.58225,-0.81301,0.00043669,135.0,4572_1407
27.90710851549046,92.22041799037879,eastern_himalaya_kml,eastern_himalaya,1,,5263.0,32.227,0.11237,-0.99367,0.00154679,120.0,4611_1395
27.9324470662539,92.31451756726773,eastern_himalaya_kml,eastern_himalaya,1,,5531.0,20.253,0.16562,-0.98619,0.00238146,85.0,4615_1396
27.90522932547629,92.29758840099048,eastern_himalaya_kml,eastern_himalaya,1,,5308.0,33.724,0.75528,0.65541,0.00646186,161.0,4614_1395
27.96006361795308,92.32966463829875,eastern_himalaya_kml,eastern_himalaya,1,,5352.0,23.475,-0.42533,-0.90504,0.00090478,109.0,4616_1398
27.95070888553277,92.33658585324339,eastern_himalaya_kml,eastern_himalaya,1,,5292.0,20.114,-0.07206,-0.9974,0.00163682,84.0,4616_1397
27.96129693370454,92.34013480498623,eastern_himalaya_kml,eastern_himalaya,1,,5680.0,16.931,0.04106,-0.99916,0.00212729,82.0,4617_1398
27.90883323280026,92.31808782202629,eastern_himalaya_kml,eastern_himalaya,1,,5327.0,30.019,-0.59615,0.80288,0.00147978,155.0,4615_1395
27.91107995855434,92.33082430333462,eastern_himalaya_kml,eastern_himalaya,1,,5484.0,36.727,-0.43001,0.90283,0.00202641,182.0,4616_1395
27.91170351289562,92.3496269169611,eastern_himalaya_kml,eastern_himalaya,1,,5663.0,29.752,0.71195,-0.70223,0.00036704,156.0,4617_1395
27.93213805681134,92.37126519562901,eastern_himalaya_kml,eastern_himalaya,1,,5321.0,12.314,0.96707,-0.25449,0.00178581,59.0,4618_1396
27.89265204080381,92.37038861321203,eastern_himalaya_kml,eastern_himalaya,1,,5247.0,28.386,-0.72737,0.68625,0.004952,141.0,4618_1394
27.89827706134874,92.37454957461686,eastern_himalaya_kml,eastern_himalaya,1,,5190.0,29.699,-0.99593,0.0901,0.0010811,120.0,4618_1394
27.89869920861595,92.37956942724624,eastern_himalaya_kml,eastern_himalaya,1,,5370.0,23.069,-0.64243,0.76635,0.00445317,109.0,4618_1394
27.90662720977094,92.38015788780156,eastern_himalaya_kml,eastern_himalaya,1,,5022.0,20.566,-0.45902,0.88843,0.00189813,87.0,4619_1395
27.93047667895915,92.41080361464299,eastern_himalaya_kml,eastern_himalaya,1,,5514.0,33.452,-0.83878,0.54447,-0.00044622,156.0,4620_1396
27.99114243568633,92.5295943986747,eastern_himalaya_kml,eastern_himalaya,1,,5310.0,30.824,-0.55631,-0.83097,0.00444801,156.0,4626_1399
28.0089663606838,92.45430931413955,eastern_himalaya_kml,eastern_himalaya,1,,5054.0,27.764,-0.99727,0.07387,0.00108946,107.0,4622_1400
28.0593963867909,92.35431410807563,eastern_himalaya_kml,eastern_himalaya,1,,4788.0,29.249,0.68699,-0.72667,0.0025777,142.0,4617_1402
28.14348040476504,92.46953693160192,eastern_himalaya_kml,eastern_himalaya,1,,4939.0,22.63,-0.673,-0.73964,0.00497034,113.0,4623_1407
28.4503880100125,92.61746278230996,eastern_himalaya_kml,eastern_himalaya,1,,4517.0,11.857,-0.04631,0.99893,0.00182167,92.0,4630_1422
28.54306034969629,92.99269926030779,eastern_himalaya_kml,eastern_himalaya,1,,5186.0,12.993,-0.54774,0.83665,0.00655597,76.0,4649_1427
27.05608406067829,93.04424888952579,eastern_himalaya_kml,eastern_himalaya,1,,856.0,30.637,-0.96616,0.25795,-0.00078618,132.0,4652_1352
27.03435686555908,92.99725940948242,eastern_himalaya_kml,eastern_himalaya,1,,948.0,5.96,-0.54546,0.83814,0.00467311,61.0,4649_1351
27.14380465656156,93.57281656476334,eastern_himalaya_kml,eastern_himalaya,1,,997.0,27.031,0.5145,-0.85749,0.00595134,190.0,4678_1357
27.14881109326528,93.5792668494217,eastern_himalaya_kml,eastern_himalaya,1,,1025.0,38.527,0.28783,-0.95768,-0.00081954,173.0,4678_1357
27.90013345969371,94.48056302710695,eastern_himalaya_kml,eastern_himalaya,1,,1390.0,39.054,0.52553,-0.85078,0.00236389,214.0,4724_1395
29.27593834931612,95.18388519342007,eastern_himalaya_kml,eastern_himalaya,1,,1648.0,19.419,-0.79189,-0.61066,0.00433179,95.0,4759_1463
29.29357630285487,95.70778066442041,eastern_himalaya_kml,eastern_himalaya,1,,4046.0,39.849,-0.65898,0.75216,0.00094521,204.0,4785_1464
29.46145052546034,95.64919871139614,eastern_himalaya_kml,eastern_himalaya,1,,3380.0,22.983,0.04912,-0.99879,0.00555987,105.0,4782_1473
29.44956734490088,95.64300491437331,eastern_himalaya_kml,eastern_himalaya,1,,2483.0,40.136,0.24215,-0.97024,-0.00099396,174.0,4782_1472
29.29223323290443,95.4056583732894,eastern_himalaya_kml,eastern_himalaya,1,,3004.0,37.358,-0.80779,0.58947,-0.00129156,209.0,4770_1464
29.48938179178816,96.17594203229322,eastern_himalaya_kml,eastern_himalaya,1,,4079.0,43.824,-0.53688,-0.84366,0.00295766,236.0,4808_1474
30.18152926292982,96.48240917635937,eastern_himalaya_kml,eastern_himalaya,1,,4254.0,46.334,-0.92534,0.37915,0.00062013,262.0,4824_1509
30.26248820258117,96.44472334698816,eastern_himalaya_kml,eastern_himalaya,1,,4936.0,20.022,0.40402,-0.91475,0.00052297,107.0,4822_1513
30.29195324436506,96.35995002309916,eastern_himalaya_kml,eastern_himalaya,1,,4742.0,29.767,0.95435,0.29869,0.00117883,127.0,4817_1514
30.19395511067955,96.44998051633489,eastern_himalaya_kml,eastern_himalaya,1,,4426.0,19.882,0.90638,-0.42246,0.00184935,83.0,4822_1509
30.19798163663464,96.44756959925675,eastern_himalaya_kml,eastern_himalaya,1,,4480.0,29.426,0.86181,0.50724,-0.00097718,134.0,4822_1509
28.18271518250858,92.38353582927729,eastern_himalaya_kml,eastern_himalaya,1,,4693.0,24.92,-0.49324,0.86989,0.0011985,124.0,4619_1409
28.54451464727629,95.82087644364486,eastern_himalaya_kml,eastern_himalaya,1,,1400.0,31.83,0.86142,0.5079,0.00443549,154.0,4791_1427
27.98877548556831,96.78141718353626,eastern_himalaya_kml,eastern_himalaya,1,,2874.0,34.633,-0.45043,-0.89281,0.00156055,167.0,4839_1399
27.97269375262192,96.76383837812975,eastern_himalaya_kml,eastern_himalaya,1,,2668.0,50.609,0.94089,-0.33872,0.0040163,255.0,4838_1398
27.97243081838921,96.74103345112823,eastern_himalaya_kml,eastern_himalaya,1,,2162.0,42.566,-0.99654,0.08317,0.00290395,180.0,4837_1398
27.97631035099619,96.75894734919564,eastern_himalaya_kml,eastern_himalaya,1,,2815.0,29.426,-0.9997,0.02462,0.00139639,124.0,4837_1398
28.00902646419731,96.74282392142469,eastern_himalaya_kml,eastern_himalaya,1,,1987.0,34.105,0.7527,-0.65836,0.00021457,181.0,4837_1400
28.20831720307478,97.0445648336607,eastern_himalaya_kml,eastern_himalaya,1,,2119.0,24.72,-0.88393,-0.46761,0.00301119,185.0,4852_1410
28.10143941127264,96.99425212113191,eastern_himalaya_kml,eastern_himalaya,1,,1676.0,34.661,0.96421,-0.26516,0.00139865,171.0,4849_1405
29.23077256293198,95.1031478111648,eastern_himalaya_kml,eastern_himalaya,1,,1484.0,34.984,0.27787,-0.96062,0.00066119,156.0,4755_1461
28.62236498290369,95.06874728477261,eastern_himalaya_kml,eastern_himalaya,1,,1199.0,9.393,-0.99912,0.04198,-0.00072587,43.0,4753_1431
28.46121580731728,94.85472125328053,eastern_himalaya_kml,eastern_himalaya,1,,1449.0,36.357,-0.8,0.6,0.00178566,164.0,4742_1423
29.89966267166337,95.71041275025141,eastern_himalaya_kml,eastern_himalaya,1,,3545.0,32.932,-0.19941,-0.97992,-0.00014894,140.0,4785_1494
29.99770805143489,96.21534024885383,eastern_himalaya_kml,eastern_himalaya,1,,4564.0,36.668,-0.10634,-0.99433,0.00053656,165.0,4810_1499
30.08959559589231,95.92131206240238,eastern_himalaya_kml,eastern_himalaya,1,,4934.0,21.31,0.96844,0.24923,0.00242318,117.0,4796_1504
30.12089335484195,95.90159417259957,eastern_himalaya_kml,eastern_himalaya,1,,4615.0,32.097,0.59787,0.80159,0.0009947,169.0,4795_1506
29.39889598305759,96.09369842514934,eastern_himalaya_kml,eastern_himalaya,1,,4413.0,43.077,0.76944,0.63872,-0.0015568,226.0,4804_1469
29.96017482827644,95.06644101159614,eastern_himalaya_kml,eastern_himalaya,1,,2947.0,29.536,0.97805,-0.20836,-0.00236325,141.0,4753_1498
29.94332254411443,95.15003260696585,eastern_himalaya_kml,eastern_himalaya,1,,3606.0,40.944,-0.97493,0.22252,-0.00027604,199.0,4757_1497
29.90661038654994,95.10746887933868,eastern_himalaya_kml,eastern_himalaya,1,,2376.0,22.108,0.58124,-0.81373,0.00146993,99.0,4755_1495
29.77385738622253,95.16628293579267,eastern_himalaya_kml,eastern_himalaya,1,,3210.0,22.825,0.1155,-0.99331,0.01383064,140.0,4758_1488
29.77758540784648,95.13753252729745,eastern_himalaya_kml,eastern_himalaya,1,,3724.0,29.206,0.44721,0.89443,0.00465531,190.0,4756_1488
29.84180923565765,95.23109437533333,eastern_himalaya_kml,eastern_himalaya,1,,3057.0,43.062,-0.55881,-0.8293,-0.001466,225.0,4761_1492
29.83353120409388,95.31764068001318,eastern_himalaya_kml,eastern_himalaya,1,,3224.0,34.973,-0.97886,0.20451,7.155e-05,153.0,4765_1491
29.68404220832091,95.33231315581752,eastern_himalaya_kml,eastern_himalaya,1,,2965.0,37.436,0.99963,0.02721,0.00048688,164.0,4766_1484
29.55125799703913,96.49022934667124,eastern_himalaya_kml,eastern_himalaya,1,,4321.0,38.462,-0.58223,-0.81302,0.0004834,200.0,4824_1477
28.48126182306627,91.27094329866847,eastern_himalaya_kml,eastern_himalaya,1,,5140.0,17.022,0.36748,-0.93003,0.0024213,73.0,4563_1424
28.48889506945969,91.269386653525,eastern_himalaya_kml,eastern_himalaya,1,,5412.0,28.441,-0.45131,-0.89237,0.00021099,137.0,4563_1424
28.49045232601554,91.2662624978858,eastern_himalaya_kml,eastern_himalaya,1,,5363.0,31.121,-0.9846,-0.17484,0.00211146,131.0,4563_1424
28.49558286736123,91.25086633534035,eastern_himalaya_kml,eastern_himalaya,1,,5415.0,32.778,0.98787,-0.1553,0.00088296,152.0,4562_1424
28.51910747833112,91.21477968052434,eastern_himalaya_kml,eastern_himalaya,1,,5564.0,24.666,-0.85589,0.51716,0.00257775,108.0,4560_1425
28.01861233882506,90.91145200086495,eastern_himalaya_kml,eastern_himalaya,1,,5194.0,21.102,-0.93574,-0.3527,0.00930241,111.0,4545_1400
27.9967791519216,90.91300462473937,eastern_himalaya_kml,eastern_himalaya,1,,5059.0,17.662,-0.10468,0.99451,0.01031984,84.0,4545_1399
28.03919367190143,90.95791822015075,eastern_himalaya_kml,eastern_himalaya,1,,5113.0,28.989,-0.89742,0.44119,0.00794548,159.0,4547_1401
27.99241769887239,90.94231298391485,eastern_himalaya_kml,eastern_himalaya,1,,4991.0,29.858,-0.96051,-0.27823,0.01232474,121.0,4547_1399
28.05334283396021,91.44794282110463,eastern_himalaya_kml,eastern_himalaya,1,,5607.0,20.445,0.27571,0.96124,0.00704986,93.0,4572_1402
28.50227480864623,91.27271348058407,eastern_himalaya_kml,eastern_himalaya,1,,5567.0,13.606,0.98701,0.16068,0.00470448,95.0,4563_1425
28.49513784946868,91.28603046858296,eastern_himalaya_kml,eastern_himalaya,1,,5564.0,16.667,-0.45462,0.89069,0.00964998,96.0,4564_1424
23.73,92.72,aizawl_inventory_xlsx,mizoram,1,,1000.0,29.015,0.93653,0.35057,0.00094694,125.0,4636_1186
23.7246,92.7245,aizawl_inventory_xlsx,mizoram,1,,914.0,14.114,0.96111,-0.27618,-0.00205569,57.0,4636_1186
23.7725,92.7439,aizawl_inventory_xlsx,mizoram,1,,1013.0,20.482,0.67673,0.73623,-0.0010117,100.0,4637_1188
23.75,92.73,aizawl_inventory_xlsx,mizoram,1,,865.0,19.771,0.82303,-0.568,-0.00434324,95.0,4636_1187
23.73,92.73,aizawl_inventory_xlsx,mizoram,1,,808.0,13.785,0.50949,0.86048,-0.00047501,71.0,4636_1186
23.7,92.72,aizawl_inventory_xlsx,mizoram,1,,1051.0,24.409,0.82636,0.56315,0.00474934,124.0,4636_1185
23.74,92.72,aizawl_inventory_xlsx,mizoram,1,,999.0,24.433,0.29043,-0.9569,-0.00116867,103.0,4636_1187
23.68,92.73,aizawl_inventory_xlsx,mizoram,1,,638.0,22.211,0.55784,-0.82995,-0.00322066,113.0,4636_1184
23.72,92.71,aizawl_inventory_xlsx,mizoram,1,,1036.0,18.835,-0.79804,-0.6026,-0.00083097,100.0,4635_1186
23.74,92.71,aizawl_inventory_xlsx,mizoram,1,,896.0,36.423,0.39528,0.91856,0.00025456,167.0,4635_1187
23.76,92.74,aizawl_inventory_xlsx,mizoram,1,,1056.0,30.315,0.11877,-0.99292,-0.00129996,135.0,4637_1188
23.76,92.73,aizawl_inventory_xlsx,mizoram,1,,1042.0,23.628,-0.95242,0.30478,-0.00097167,104.0,4636_1188
24.03,92.62,aizawl_inventory_xlsx,mizoram,1,,133.0,18.7,0.39392,0.91915,0.00033469,74.0,4631_1201
24.03,92.7439,aizawl_inventory_xlsx,mizoram,1,,231.0,16.278,-0.56127,0.82763,-0.00521262,69.0,4637_1201
23.68,92.62,aizawl_inventory_xlsx,mizoram,1,,1301.0,9.589,0.36997,-0.92904,0.00657448,58.0,4631_1184
28.45956083383107,95.65539410759884,background,eastern_himalaya,0,buffered_convex_hull_of_mapped_landslides,2287.0,35.267,-0.57938,0.81506,0.00271234,172.0,4782_1422
29.32334410880008,96.23492312062706,background,eastern_himalaya,0,buffered_convex_hull_of_mapped_landslides,3746.0,24.296,0.79068,0.61224,-0.00167397,109.0,4811_1466
29.619736548256125,95.56764268437466,background,eastern_himalaya,0,buffered_convex_hull_of_mapped_landslides,4353.0,31.277,-0.89625,-0.44355,0.00015219,154.0,4778_1480
28.498014933509676,91.23341699564105,background,eastern_himalaya,0,buffered_convex_hull_of_mapped_landslides,5181.0,17.55,0.4699,-0.88272,-0.00055031,79.0,4561_1424
29.742366325983117,94.76468285351233,background,eastern_himalaya,0,buffered_convex_hull_of_mapped_landslides,3989.0,31.328,0.99716,0.0753,-0.0014788,119.0,4738_1487
27.752333710335776,93.39222826697862,background,eastern_himalaya,0,buffered_convex_hull_of_mapped_landslides,1032.0,28.978,0.4138,-0.91037,-0.0034723,129.0,4669_1387
29.10378518266817,96.02289887576227,background,eastern_himalaya,0,buffered_convex_hull_of_mapped_landslides,3962.0,26.403,-0.29094,0.95674,-0.00172594,122.0,4801_1455
28.177683894861136,95.54674640169247,background,eastern_himalaya,0,buffered_convex_hull_of_mapped_landslides,303.0,1.125,0.70711,-0.70711,-0.0,7.0,4777_1408
27.643395679700276,95.68570812155747,background,eastern_himalaya,0,buffered_convex_hull_of_mapped_landslides,135.0,0.356,-0.44721,-0.89443,2.469e-05,3.0,4784_1382
27.13935719758739,93.55180613812054,background,eastern_himalaya,0,buffered_convex_hull_of_mapped_landslides,949.0,26.715,0.63474,-0.77273,0.00068149,134.0,4677_1356
30.226064740111134,95.4555083120475,background,eastern_himalaya,0,buffered_convex_hull_of_mapped_landslides,4558.0,55.101,0.36235,0.93204,-0.00088123,325.0,4772_1511
28.230928964989342,92.58711675778737,background,eastern_himalaya,0,buffered_convex_hull_of_mapped_landslides,3540.0,20.626,-0.00369,-0.99999,-0.0021953,84.0,4629_1411
27.62612817792809,93.57121560053622,background,eastern_himalaya,0,buffered_convex_hull_of_mapped_landslides,1548.0,16.991,0.00909,0.99996,0.00106219,93.0,4678_1381
28.582622281594805,91.24579520327646,background,eastern_himalaya,0,buffered_convex_hull_of_mapped_landslides,5529.0,6.906,0.59632,0.80274,-0.00130988,43.0,4562_1429
28.036801929648092,95.15084428088173,background,eastern_himalaya,0,buffered_convex_hull_of_mapped_landslides,1236.0,40.49,0.50104,-0.86543,0.000913,191.0,4757_1401
29.68222568908318,96.05459034224828,background,eastern_himalaya,0,buffered_convex_hull_of_mapped_landslides,3962.0,14.831,-0.99136,0.13113,-9.061e-05,61.0,4802_1484
27.956473407864213,93.00924488155876,background,eastern_himalaya,0,buffered_convex_hull_of_mapped_landslides,2321.0,34.234,-0.12655,0.99196,0.00061731,133.0,4650_1397
27.45998480170688,95.02917875716697,background,eastern_himalaya,0,buffered_convex_hull_of_mapped_landslides,112.0,1.159,-0.96152,0.27472,-0.00020029,7.0,4751_1372
29.214682905840874,95.74418612925966,background,eastern_himalaya,0,buffered_convex_hull_of_mapped_landslides,4184.0,22.477,0.94665,0.32226,0.00379133,85.0,4787_1460
29.601907897279585,95.18439567134658,background,eastern_himalaya,0,buffered_convex_hull_of_mapped_landslides,3790.0,39.673,-0.0854,-0.99635,-0.0028556,163.0,4759_1480
28.893517486198625,93.49836502066627,background,eastern_himalaya,0,buffered_convex_hull_of_mapped_landslides,5302.0,41.388,-0.81797,0.57526,-0.00348971,230.0,4674_1444
28.567221524693124,94.93268943181936,background,eastern_himalaya,0,buffered_convex_hull_of_mapped_landslides,2172.0,30.42,0.96744,0.2531,0.00238723,121.0,4746_1428
29.5493430690032,94.22632289151026,background,eastern_himalaya,0,buffered_convex_hull_of_mapped_landslides,4894.0,26.769,-0.90306,-0.42951,0.00206863,119.0,4711_1477
28.842851982689055,94.70205621331775,background,eastern_himalaya,0,buffered_convex_hull_of_mapped_landslides,842.0,33.699,-0.56856,-0.82264,-0.00109663,155.0,4735_1442
28.008676737558705,94.18504368872442,background,eastern_himalaya,0,buffered_convex_hull_of_mapped_landslides,759.0,12.301,0.99998,-0.00637,0.00012051,43.0,4709_1400
28.452339346496615,90.56724862121646,background,eastern_himalaya,0,buffered_convex_hull_of_mapped_landslides,5319.0,18.414,-0.81766,-0.5757,0.00011714,89.0,4528_1422
28.358142257255302,91.82547002740519,background,eastern_himalaya,0,buffered_convex_hull_of_mapped_landslides,5070.0,15.166,-0.85568,0.51751,0.00066166,79.0,4591_1417
27.7747253585171,96.1993548575468,background,eastern_himalaya,0,buffered_convex_hull_of_mapped_landslides,232.0,1.317,-0.42289,-0.90618,-0.00073154,9.0,4809_1388
29.204877344878287,92.36643227559816,background,eastern_himalaya,0,buffered_convex_hull_of_mapped_landslides,4752.0,34.584,0.49961,0.86625,0.0022374,171.0,4618_1460
29.612498200092467,94.17015176285378,background,eastern_himalaya,0,buffered_convex_hull_of_mapped_landslides,4899.0,15.192,0.85929,-0.51148,0.00286845,77.0,4708_1480
28.350985157733458,94.9046898336724,background,eastern_himalaya,0,buffered_convex_hull_of_mapped_landslides,996.0,26.481,0.44051,0.89775,-0.00339275,123.0,4745_1417
28.536414879021354,95.30211997784299,background,eastern_himalaya,0,buffered_convex_hull_of_mapped_landslides,2187.0,29.734,0.14346,0.98966,-5.075e-05,114.0,4765_1426
28.66729933845122,91.4604453862592,background,eastern_himalaya,0,buffered_convex_hull_of_mapped_landslides,4719.0,1.125,0.14142,0.98995,-0.00036783,6.0,4573_1433
28.266221931378894,93.41100281679911,background,eastern_himalaya,0,buffered_convex_hull_of_mapped_landslides,3574.0,37.896,-0.39435,-0.91896,0.01483063,184.0,4670_1413
29.09916766241138,92.42064779206405,background,eastern_himalaya,0,buffered_convex_hull_of_mapped_landslides,4700.0,26.699,0.96932,-0.24578,0.00016134,108.0,4621_1454
27.28587595755546,92.83351557364324,background,eastern_himalaya,0,buffered_convex_hull_of_mapped_landslides,409.0,3.604,0.66162,0.74984,0.00026968,15.0,4641_1364
29.331160592117886,96.57714695575848,background,eastern_himalaya,0,buffered_convex_hull_of_mapped_landslides,5280.0,35.331,-0.4291,-0.90326,0.00662125,191.0,4828_1466
29.38858045131785,95.68822369629737,background,eastern_himalaya,0,buffered_convex_hull_of_mapped_landslides,3613.0,34.898,-0.99354,0.11349,-0.00054624,159.0,4784_1469
27.902717718737943,93.43294847750767,background,eastern_himalaya,0,buffered_convex_hull_of_mapped_landslides,912.0,36.287,-0.04918,-0.99879,-0.00298253,136.0,4671_1395
27.669208825561757,93.47686947687993,background,eastern_himalaya,0,buffered_convex_hull_of_mapped_landslides,1722.0,29.692,-0.95483,-0.29717,0.00013873,115.0,4673_1383
28.928532603677986,92.45107879438336,background,eastern_himalaya,0,buffered_convex_hull_of_mapped_landslides,4704.0,22.76,0.65215,-0.75809,0.00047759,111.0,4622_1446
29.397177752784533,95.54970279530183,background,eastern_himalaya,0,buffered_convex_hull_of_mapped_landslides,4165.0,28.309,-0.81996,0.57242,-0.00011977,138.0,4777_1469
29.089230404945393,93.31471414746768,background,eastern_himalaya,0,buffered_convex_hull_of_mapped_landslides,4518.0,37.295,0.99747,-0.07112,0.00019742,157.0,4665_1454
29.16454384767128,94.35546697048423,background,eastern_himalaya,0,buffered_convex_hull_of_mapped_landslides,3973.0,30.719,0.79236,0.61005,-0.00380331,150.0,4717_1458
28.382465363748757,90.9344203807433,background,eastern_himalaya,0,buffered_convex_hull_of_mapped_landslides,4564.0,24.676,0.30532,0.95225,-0.00143747,104.0,4546_1419
27.475930198985342,92.61474958963156,background,eastern_himalaya,0,buffered_convex_hull_of_mapped_landslides,2637.0,19.15,0.016,-0.99987,-0.00151791,82.0,4630_1373
28.152099630204535,94.33467429886699,background,eastern_himalaya,0,buffered_convex_hull_of_mapped_landslides,1733.0,14.958,-0.46789,-0.88379,-0.00125753,86.0,4716_1407
28.604672234214924,96.919341703734,background,eastern_himalaya,0,buffered_convex_hull_of_mapped_landslides,1795.0,7.804,-0.33441,-0.94243,-0.00021727,31.0,4845_1430
28.632754031868174,93.68831374739366,background,eastern_himalaya,0,buffered_convex_hull_of_mapped_landslides,3546.0,36.498,-0.50118,0.86534,-0.00364756,199.0,4684_1431
28.903498532746735,96.77738790778042,background,eastern_himalaya,0,buffered_convex_hull_of_mapped_landslides,4452.0,26.015,-0.60046,-0.79966,0.00115551,114.0,4838_1445
27.885120896819735,93.59814824471125,background,eastern_himalaya,0,buffered_convex_hull_of_mapped_landslides,1842.0,22.413,0.98333,-0.18185,-0.00026978,96.0,4679_1394
28.732888116294788,92.62644251353939,background,eastern_himalaya,0,buffered_convex_hull_of_mapped_landslides,5150.0,12.878,-0.13972,0.99019,0.00286259,52.0,4631_1436
27.06520021826334,93.36139875470583,background,eastern_himalaya,0,buffered_convex_hull_of_mapped_landslides,354.0,4.533,-0.05256,-0.99862,-0.00148331,62.0,4668_1353
29.987641061180558,96.01372926570667,background,eastern_himalaya,0,buffered_convex_hull_of_mapped_landslides,3886.0,17.14,0.71606,-0.69804,-0.00199993,100.0,4800_1499
29.561535550206912,95.33385686820972,background,eastern_himalaya,0,buffered_convex_hull_of_mapped_landslides,2764.0,38.739,0.60938,0.79288,-0.00017879,208.0,4766_1478
28.232474740940695,94.15522783113558,background,eastern_himalaya,0,buffered_convex_hull_of_mapped_landslides,435.0,30.601,0.68807,0.72564,-0.00168327,153.0,4707_1411
29.693878426237426,96.0376782583797,background,eastern_himalaya,0,buffered_convex_hull_of_mapped_landslides,3673.0,20.349,0.96992,-0.24342,-0.00368266,86.0,4801_1484
28.714123805043656,92.34811069273033,background,eastern_himalaya,0,buffered_convex_hull_of_mapped_landslides,5060.0,15.431,0.93591,0.35223,-0.00025099,61.0,4617_1435
29.494570527758047,96.46141198046791,background,eastern_himalaya,0,buffered_convex_hull_of_mapped_landslides,4956.0,11.717,-0.95764,0.28796,0.0011086,57.0,4823_1474
29.978571365350582,96.45535406855718,background,eastern_himalaya,0,buffered_convex_hull_of_mapped_landslides,4625.0,19.176,-0.05591,0.99844,-0.00034909,75.0,4822_1498
28.048706279732183,93.90878206933377,background,eastern_himalaya,0,buffered_convex_hull_of_mapped_landslides,1741.0,23.295,0.99998,-0.00645,0.0007937,94.0,4695_1402
29.204024381986123,95.64208648452737,background,eastern_himalaya,0,buffered_convex_hull_of_mapped_landslides,4057.0,29.41,0.90918,-0.4164,-0.00098787,123.0,4782_1460
27.30865518658257,92.91461715634044,background,eastern_himalaya,0,buffered_convex_hull_of_mapped_landslides,1100.0,22.571,0.98234,-0.18711,0.00972868,117.0,4645_1365
27.870032828402426,95.4693899669777,background,eastern_himalaya,0,buffered_convex_hull_of_mapped_landslides,126.0,0.338,-0.70711,-0.70711,-0.00061727,4.0,4773_1393
29.915465533143475,94.46011964437412,background,eastern_himalaya,0,buffered_convex_hull_of_mapped_landslides,4670.0,14.655,-0.67452,0.73826,-0.00295204,64.0,4723_1495
28.02997503185804,91.70119990511758,background,eastern_himalaya,0,buffered_convex_hull_of_mapped_landslides,4935.0,40.381,0.98962,-0.14371,-0.00955831,173.0,4585_1401
30.240489645067463,95.67900740501781,background,eastern_himalaya,0,buffered_convex_hull_of_mapped_landslides,5243.0,48.622,0.33525,-0.94213,0.00481372,262.0,4783_1512
27.473836028930666,93.78473674867104,background,eastern_himalaya,0,buffered_convex_hull_of_mapped_landslides,1125.0,6.23,-0.80152,0.59796,-0.00277065,30.0,4689_1373
28.684960513191157,91.19041114192468,background,eastern_himalaya,0,buffered_convex_hull_of_mapped_landslides,5002.0,12.301,0.27388,0.96176,-0.00156204,49.0,4559_1434
28.934871859619935,95.1097450086767,background,eastern_himalaya,0,buffered_convex_hull_of_mapped_landslides,2435.0,14.919,0.35968,-0.93308,0.00284224,65.0,4755_1446
29.46241037892967,95.25451926086038,background,eastern_himalaya,0,buffered_convex_hull_of_mapped_landslides,3080.0,32.982,0.17549,-0.98448,0.00116468,132.0,4762_1473
28.32154962115692,96.70711264045217,background,eastern_himalaya,0,buffered_convex_hull_of_mapped_landslides,2426.0,23.56,-0.13696,-0.99058,-0.00223148,104.0,4835_1416
28.625659866693834,92.4167903026823,background,eastern_himalaya,0,buffered_convex_hull_of_mapped_landslides,5082.0,4.833,-0.2464,0.96917,0.00230746,37.0,4620_1431
30.186344228869878,94.89476652551349,background,eastern_himalaya,0,buffered_convex_hull_of_mapped_landslides,2247.0,24.421,0.8901,0.45576,-0.00104973,118.0,4744_1509
28.39351594311566,91.31712616891248,background,eastern_himalaya,0,buffered_convex_hull_of_mapped_landslides,4977.0,16.745,0.96476,0.26312,-0.00137774,69.0,4565_1419
28.984749229290834,96.9718754148935,background,eastern_himalaya,0,buffered_convex_hull_of_mapped_landslides,3961.0,37.684,0.3686,0.92959,-0.00010727,175.0,4848_1449
29.680877525110272,96.74450095652982,background,eastern_himalaya,0,buffered_convex_hull_of_mapped_landslides,4427.0,1.243,-0.64018,0.76822,0.00076889,10.0,4837_1484
29.615389534976607,93.55632914312135,background,eastern_himalaya,0,buffered_convex_hull_of_mapped_landslides,4840.0,37.964,-0.59629,0.80277,-0.00526675,181.0,4677_1480
29.655668649743472,96.0352056724744,background,eastern_himalaya,0,buffered_convex_hull_of_mapped_landslides,5719.0,36.882,-0.99032,0.13883,-0.00216657,159.0,4801_1482
28.766629445112464,91.9490969718986,background,eastern_himalaya,0,buffered_convex_hull_of_mapped_landslides,5626.0,35.2,0.99624,0.08663,-0.00654444,164.0,4597_1438
29.89266512364484,94.50553490743522,background,eastern_himalaya,0,buffered_convex_hull_of_mapped_landslides,4665.0,7.121,-0.14453,-0.9895,8.924e-05,34.0,4725_1494
28.371652323484923,94.48561976638264,background,eastern_himalaya,0,buffered_convex_hull_of_mapped_landslides,1585.0,31.118,0.82598,0.56369,-0.00568763,162.0,4724_1418
28.41613149219277,92.91822074564254,background,eastern_himalaya,0,buffered_convex_hull_of_mapped_landslides,3964.0,25.385,-0.85176,0.52393,0.00309897,107.0,4645_1420
29.891835316876058,94.81990878576477,background,eastern_himalaya,0,buffered_convex_hull_of_mapped_landslides,4220.0,24.715,-0.89623,0.44359,0.0023808,126.0,4740_1494
27.821174633862604,93.46400148016352,background,eastern_himalaya,0,buffered_convex_hull_of_mapped_landslides,1736.0,26.537,0.84549,-0.53399,0.00107082,124.0,4673_1391
27.473750584191073,92.48105458323998,background,eastern_himalaya,0,buffered_convex_hull_of_mapped_landslides,2205.0,20.753,0.93466,0.35554,-0.00523498,86.0,4624_1373
27.506303199415225,92.30567567510239,background,eastern_himalaya,0,buffered_convex_hull_of_mapped_landslides,2754.0,46.132,0.5367,-0.84377,-0.00222489,240.0,4615_1375
28.308357642332577,95.01698469850312,background,eastern_himalaya,0,buffered_convex_hull_of_mapped_landslides,982.0,7.995,-0.04944,0.99878,0.00391939,52.0,4750_1415
28.67893318639851,92.53347685616087,background,eastern_himalaya,0,buffered_convex_hull_of_mapped_landslides,4781.0,22.297,0.37256,-0.92801,-0.0003106,96.0,4626_1433
29.837169150661634,96.34725931194052,background,eastern_himalaya,0,buffered_convex_hull_of_mapped_landslides,5480.0,43.784,-0.21447,-0.97673,0.00737415,212.0,4817_1491
27.826347560321658,91.97719727108358,background,eastern_himalaya,0,buffered_convex_hull_of_mapped_landslides,4650.0,15.526,0.84489,-0.53493,-0.00059366,61.0,4598_1391
28.383985895845292,94.26738025356258,background,eastern_himalaya,0,buffered_convex_hull_of_mapped_landslides,2397.0,21.967,-0.87803,0.47861,0.00235697,105.0,4713_1419
28.241469992880564,90.69347884376818,background,eastern_himalaya,0,buffered_convex_hull_of_mapped_landslides,5095.0,20.096,0.80857,0.5884,-0.00088756,85.0,4534_1412
27.332732602487773,93.94229451298995,background,eastern_himalaya,0,buffered_convex_hull_of_mapped_landslides,407.0,18.792,0.0898,0.99596,-0.00056553,70.0,4697_1366
30.009336335018812,96.13206332015085,background,eastern_himalaya,0,buffered_convex_hull_of_mapped_landslides,4494.0,34.547,-0.78674,0.61729,0.00281377,183.0,4806_1500
29.139938146980217,95.69319885934608,background,eastern_himalaya,0,buffered_convex_hull_of_mapped_landslides,3083.0,34.034,0.99946,0.0329,0.00225281,130.0,4784_1456
28.711335998351718,94.02661389574308,background,eastern_himalaya,0,buffered_convex_hull_of_mapped_landslides,3508.0,32.356,0.57875,-0.81551,0.00181541,166.0,4701_1435
28.539496338077104,96.22789980201458,background,eastern_himalaya,0,buffered_convex_hull_of_mapped_landslides,3862.0,30.292,0.30909,-0.95103,0.00054385,137.0,4811_1426
29.130180495695587,92.99288859188333,background,eastern_himalaya,0,buffered_convex_hull_of_mapped_landslides,4689.0,15.271,-0.702,-0.71218,-0.00142232,73.0,4649_1456
27.46003802541294,92.1806746001297,background,eastern_himalaya,0,buffered_convex_hull_of_mapped_landslides,2565.0,28.724,0.98837,0.15206,-0.00016521,148.0,4609_1373
28.386080923291683,93.62819129136201,background,eastern_himalaya,0,buffered_convex_hull_of_mapped_landslides,1216.0,5.415,-0.19048,-0.98169,-0.00471,86.0,4681_1419
28.2210781110395,91.94861220606612,background,eastern_himalaya,0,buffered_convex_hull_of_mapped_landslides,4776.0,15.43,0.87558,0.48308,-0.00134477,54.0,4597_1411
28.087357585359655,92.8648729821117,background,eastern_himalaya,0,buffered_convex_hull_of_mapped_landslides,4211.0,32.518,-1.0,-0.00218,-0.00083281,149.0,4643_1404
29.28449841563175,92.95437228846804,background,eastern_himalaya,0,buffered_convex_hull_of_mapped_landslides,4152.0,32.99,0.16475,0.98634,0.00051495,126.0,4647_1464
28.60001727859067,96.63032858252267,background,eastern_himalaya,0,buffered_convex_hull_of_mapped_landslides,4260.0,25.353,0.91454,0.40451,0.00156193,103.0,4831_1430
28.78221893589579,92.60447928543735,background,eastern_himalaya,0,buffered_convex_hull_of_mapped_landslides,4892.0,1.855,-0.5145,0.85749,0.00025404,10.0,4630_1439
29.173702454484662,96.16619847563219,background,eastern_himalaya,0,buffered_convex_hull_of_mapped_landslides,3738.0,41.461,-0.66339,-0.74828,0.00775289,235.0,4808_1458
28.773154648127097,95.86378289802636,background,eastern_himalaya,0,buffered_convex_hull_of_mapped_landslides,1099.0,1.623,0.98058,-0.19612,-0.00133849,36.0,4793_1438
27.955897006471655,94.68972717915847,background,eastern_himalaya,0,buffered_convex_hull_of_mapped_landslides,779.0,17.189,-0.89799,0.44002,0.00178445,80.0,4734_1397
27.669346596457775,95.38793693126907,background,eastern_himalaya,0,buffered_convex_hull_of_mapped_landslides,122.0,1.355,-0.64594,-0.76339,0.0003392,8.0,4769_1383
29.869207081639132,95.11341281200355,background,eastern_himalaya,0,buffered_convex_hull_of_mapped_landslides,1700.0,42.773,-0.70711,0.70711,-0.00416869,227.0,4755_1493
28.97686108744718,95.83976658093567,background,eastern_himalaya,0,buffered_convex_hull_of_mapped_landslides,2683.0,21.268,0.04282,0.99908,-0.00794383,120.0,4791_1448
29.649980318095558,95.71474286608864,background,eastern_himalaya,0,buffered_convex_hull_of_mapped_landslides,4588.0,39.507,-0.96011,0.27961,-0.00245421,191.0,4785_1482
27.310601799763848,94.39639685255656,background,eastern_himalaya,0,buffered_convex_hull_of_mapped_landslides,93.0,2.264,0.31623,0.94868,-8.635e-05,9.0,4719_1365
27.565376688934844,94.57502946672204,background,eastern_himalaya,0,buffered_convex_hull_of_mapped_landslides,107.0,0.45,0.70711,-0.70711,0.00018518,2.0,4728_1378
28.905845917927387,94.22436815400278,background,eastern_himalaya,0,buffered_convex_hull_of_mapped_landslides,3019.0,23.901,-0.61741,-0.78664,-0.00403203,104.0,4711_1445
28.739435666883892,93.54676788873374,background,eastern_himalaya,0,buffered_convex_hull_of_mapped_landslides,4820.0,12.515,0.98866,0.15018,-0.00011237,56.0,4677_1436
29.663780947926586,95.58670213973397,background,eastern_himalaya,0,buffered_convex_hull_of_mapped_landslides,3647.0,12.179,0.52768,0.84944,0.00014055,54.0,4779_1483
28.99661507627865,93.72593632210165,background,eastern_himalaya,0,buffered_convex_hull_of_mapped_landslides,4859.0,19.308,0.96728,0.25371,-0.00203322,75.0,4686_1449
28.391825003296038,94.86052599347944,background,eastern_himalaya,0,buffered_convex_hull_of_mapped_landslides,1201.0,39.785,-0.31523,0.94902,-0.00047495,191.0,4743_1419
29.23600453117799,95.65789571954393,background,eastern_himalaya,0,buffered_convex_hull_of_mapped_landslides,4026.0,7.714,-0.26659,-0.96381,0.00423095,64.0,4782_1461
27.897014778730565,95.57717652749699,background,eastern_himalaya,0,buffered_convex_hull_of_mapped_landslides,128.0,1.019,-0.78087,-0.6247,-0.00016559,6.0,4778_1394
28.043730314666533,92.84980698467827,background,eastern_himalaya,0,buffered_convex_hull_of_mapped_landslides,3625.0,23.726,0.79003,0.61307,-0.00077674,111.0,4642_1402
28.45630471573795,96.76575519091249,background,eastern_himalaya,0,buffered_convex_hull_of_mapped_landslides,2861.0,29.74,0.82411,-0.56643,-0.00221045,135.0,4838_1422
29.431338675291727,92.98077192884405,background,eastern_himalaya,0,buffered_convex_hull_of_mapped_landslides,5240.0,22.734,0.9513,0.30826,-0.00045546,91.0,4649_1471
28.59486824064529,95.69884033136503,background,eastern_himalaya,0,buffered_convex_hull_of_mapped_landslides,2201.0,30.332,0.40592,0.91391,-0.00110312,148.0,4784_1429
30.17154538119604,95.27063059441974,background,eastern_himalaya,0,buffered_convex_hull_of_mapped_landslides,4344.0,20.086,-0.73684,-0.67607,0.00047375,96.0,4763_1508
27.40040038511063,94.7181843736803,background,eastern_himalaya,0,buffered_convex_hull_of_mapped_landslides,104.0,1.579,0.65493,-0.75569,0.00040594,10.0,4735_1370
29.285678085845138,94.38395002093816,background,eastern_himalaya,0,buffered_convex_hull_of_mapped_landslides,3667.0,24.458,-0.91915,0.39392,-0.00763982,134.0,4719_1464
27.979968328263816,96.00761906025299,background,eastern_himalaya,0,buffered_convex_hull_of_mapped_landslides,225.0,1.037,-0.84366,-0.53688,0.00026357,7.0,4800_1398
28.47104171880365,93.49584748192682,background,eastern_himalaya,0,buffered_convex_hull_of_mapped_landslides,2674.0,32.412,-0.27125,0.96251,-0.00024679,135.0,4674_1423
29.165474211485147,94.91407818631436,background,eastern_himalaya,0,buffered_convex_hull_of_mapped_landslides,2745.0,56.11,0.98704,-0.16046,0.00647412,297.0,4745_1458
29.671256547570447,94.5049142893205,background,eastern_himalaya,0,buffered_convex_hull_of_mapped_landslides,4560.0,8.922,0.97318,0.23003,-0.00046269,48.0,4725_1483
29.573100711311167,96.70870712591112,background,eastern_himalaya,0,buffered_convex_hull_of_mapped_landslides,4971.0,24.372,0.87988,0.4752,0.00549215,127.0,4835_1478
29.793221669266988,95.13616248701372,background,eastern_himalaya,0,buffered_convex_hull_of_mapped_landslides,2200.0,12.491,0.82129,0.57051,-0.00181369,67.0,4756_1489
28.678949069859865,91.2115759080273,background,eastern_himalaya,0,buffered_convex_hull_of_mapped_landslides,5044.0,2.028,0.66679,-0.74524,-0.0005759,10.0,4560_1433
29.09826291393253,95.45842487536046,background,eastern_himalaya,0,buffered_convex_hull_of_mapped_landslides,3210.0,18.799,-0.99959,-0.02856,0.00022697,110.0,4772_1454
27.638058330060147,95.38607411002648,background,eastern_himalaya,0,buffered_convex_hull_of_mapped_landslides,117.0,0.503,0.31623,-0.94868,-0.00037036,3.0,4769_1381
27.571513781544382,95.21461011831798,background,eastern_himalaya,0,buffered_convex_hull_of_mapped_landslides,115.0,0.356,0.89443,-0.44721,0.00017284,3.0,4760_1378
28.52533198367865,97.06632934861614,background,eastern_himalaya,0,buffered_convex_hull_of_mapped_landslides,2279.0,37.584,0.83371,0.5522,-0.00127926,198.0,4853_1426
29.119637807988383,95.72471763608074,background,eastern_himalaya,0,buffered_convex_hull_of_mapped_landslides,3141.0,29.214,-0.75503,-0.65569,0.0013061,140.0,4786_1455
27.477955462370655,94.27546293126059,background,eastern_himalaya,0,buffered_convex_hull_of_mapped_landslides,102.0,0.464,-0.85749,0.5145,0.00037036,4.0,4713_1373
27.99996348478762,96.83351825971614,background,eastern_himalaya,0,buffered_convex_hull_of_mapped_landslides,3255.0,26.667,0.80199,-0.59734,0.00011759,124.0,4841_1399
29.331390534064898,94.31383305113569,background,eastern_himalaya,0,buffered_convex_hull_of_mapped_landslides,3848.0,32.031,0.82585,-0.56389,0.0048627,161.0,4715_1466
30.136122991647,94.8014369099982,background,eastern_himalaya,0,buffered_convex_hull_of_mapped_landslides,4358.0,43.617,-0.85126,0.52475,0.00372415,220.0,4740_1506
28.691720037664624,91.37258138360568,background,eastern_himalaya,0,buffered_convex_hull_of_mapped_landslides,4913.0,12.233,-0.42919,-0.90322,0.00057788,50.0,4568_1434
28.5774888406021,93.12260117877523,background,eastern_himalaya,0,buffered_convex_hull_of_mapped_landslides,3634.0,29.964,-0.97567,0.21923,0.00120023,125.0,4656_1428
28.011198036016943,92.26018162291453,background,eastern_himalaya,0,buffered_convex_hull_of_mapped_landslides,4763.0,28.836,0.67355,-0.73914,-0.00116582,147.0,4613_1400
29.034690256801834,93.28602709527956,background,eastern_himalaya,0,buffered_convex_hull_of_mapped_landslides,4788.0,34.856,-0.5145,-0.85749,-0.00107564,169.0,4664_1451
28.369110417068203,94.7014454578646,background,eastern_himalaya,0,buffered_convex_hull_of_mapped_landslides,634.0,18.064,-0.58767,0.8091,0.0037559,104.0,4735_1418
27.72021974470842,93.15511487690472,background,eastern_himalaya,0,buffered_convex_hull_of_mapped_landslides,1653.0,28.046,-0.7352,0.67785,0.00631674,138.0,4657_1386
28.05242173160427,94.3842803700933,background,eastern_himalaya,0,buffered_convex_hull_of_mapped_landslides,1149.0,24.844,-0.87893,0.47696,0.00017787,103.0,4719_1402
28.39112908127683,90.60313973360859,background,eastern_himalaya,0,buffered_convex_hull_of_mapped_landslides,4854.0,32.131,0.88678,-0.46219,0.00350283,148.0,4530_1419
27.746833833920054,93.6025526365283,background,eastern_himalaya,0,buffered_convex_hull_of_mapped_landslides,1033.0,29.264,-0.26521,-0.96419,-0.00043145,159.0,4680_1387
28.883595122143927,94.27576955423707,background,eastern_himalaya,0,buffered_convex_hull_of_mapped_landslides,2219.0,25.562,-0.85954,-0.51108,-7.729e-05,121.0,4713_1444
29.158200985833258,95.16273777667715,background,eastern_himalaya,0,buffered_convex_hull_of_mapped_landslides,1785.0,28.822,-0.57549,-0.81781,0.00213092,136.0,4758_1457
28.049658985821907,94.82334610929178,background,eastern_himalaya,0,buffered_convex_hull_of_mapped_landslides,632.0,14.811,-0.52527,0.85094,-0.00196317,61.0,4741_1402
28.828031681533247,95.7476632571606,background,eastern_himalaya,0,buffered_convex_hull_of_mapped_landslides,2582.0,5.918,0.81734,0.57616,-0.00654352,60.0,4787_1441
29.08489841663117,93.3100935971898,background,eastern_himalaya,0,buffered_convex_hull_of_mapped_landslides,4274.0,36.531,-0.54558,-0.83806,-0.00052919,169.0,4665_1454
28.70637823208766,92.825605587615,background,eastern_himalaya,0,buffered_convex_hull_of_mapped_landslides,5302.0,5.876,0.93124,0.3644,0.00744077,64.0,4641_1435
29.955033566291082,95.40034700073807,background,eastern_himalaya,0,buffered_convex_hull_of_mapped_landslides,3662.0,38.643,-0.91897,-0.39434,-3.645e-05,178.0,4770_1497
28.675948045573143,96.66257155038235,background,eastern_himalaya,0,buffered_convex_hull_of_mapped_landslides,4167.0,30.745,0.29655,-0.95502,0.00069022,141.0,4833_1433
29.665871802847942,93.91848235406754,background,eastern_himalaya,0,buffered_convex_hull_of_mapped_landslides,5115.0,32.84,-0.90162,-0.43252,0.00066576,167.0,4695_1483
27.380133395470697,93.73955078268523,background,eastern_himalaya,0,buffered_convex_hull_of_mapped_landslides,715.0,10.256,0.91349,-0.40685,-0.00178205,60.0,4686_1369
27.57106800052694,92.64397755607196,background,eastern_himalaya,0,buffered_convex_hull_of_mapped_landslides,2172.0,12.902,0.77611,0.63059,0.00328656,56.0,4632_1378
28.236950185100476,96.22088781656458,background,eastern_himalaya,0,buffered_convex_hull_of_mapped_landslides,3767.0,37.275,-0.99819,-0.06022,0.00293721,150.0,4811_1411
28.212415038281858,91.17562232694297,background,eastern_himalaya,0,buffered_convex_hull_of_mapped_landslides,4060.0,25.16,0.68306,0.73037,0.00085642,118.0,4558_1410
28.032106463735385,95.6427195378062,background,eastern_himalaya,0,buffered_convex_hull_of_mapped_landslides,168.0,1.317,0.90618,-0.42289,-0.0001455,5.0,4782_1401
29.350205463567953,95.06457378535382,background,eastern_himalaya,0,buffered_convex_hull_of_mapped_landslides,3226.0,41.615,-0.43466,0.90059,-0.00248698,240.0,4753_1467
29.134609404021194,93.01173244754564,background,eastern_himalaya,0,buffered_convex_hull_of_mapped_landslides,5077.0,29.761,0.96431,-0.26476,-0.00073366,128.0,4650_1456
27.540180603600202,93.95143746455678,background,eastern_himalaya,0,buffered_convex_hull_of_mapped_landslides,2404.0,5.774,0.93405,0.35714,-0.00038166,26.0,4697_1377
30.302294368124002,96.10121681270446,background,eastern_himalaya,0,buffered_convex_hull_of_mapped_landslides,4089.0,32.761,0.15108,0.98852,-0.00227217,141.0,4805_1515
28.49086270493041,91.32572779083115,background,eastern_himalaya,0,buffered_convex_hull_of_mapped_landslides,4913.0,10.396,0.12869,0.99168,0.00010534,40.0,4566_1424
27.26047724812039,93.04412497030522,background,eastern_himalaya,0,buffered_convex_hull_of_mapped_landslides,706.0,1.006,0.94868,-0.31623,0.00037031,4.0,4652_1363
28.44252035192795,95.52786579065793,background,eastern_himalaya,0,buffered_convex_hull_of_mapped_landslides,1549.0,30.468,-0.77438,0.63272,-0.00191735,147.0,4776_1422
27.49647732280955,93.56964851666524,background,eastern_himalaya,0,buffered_convex_hull_of_mapped_landslides,1239.0,10.816,-0.86509,0.50161,-0.00127991,59.0,4678_1374
28.63105161871674,92.35592630245897,background,eastern_himalaya,0,buffered_convex_hull_of_mapped_landslides,5121.0,19.909,0.9357,-0.3528,4.334e-05,85.0,4617_1431
28.641385467361975,94.37153789206076,background,eastern_himalaya,0,buffered_convex_hull_of_mapped_landslides,2321.0,39.793,-0.98209,-0.18841,0.00576059,184.0,4718_1432
29.123582159564773,96.13215529482729,background,eastern_himalaya,0,buffered_convex_hull_of_mapped_landslides,3640.0,33.493,-0.806,-0.59191,-6.089e-05,171.0,4806_1456
29.23256878101928,94.80086105609507,background,eastern_himalaya,0,buffered_convex_hull_of_mapped_landslides,3259.0,32.161,0.72671,0.68695,-5.87e-06,160.0,4740_1461
28.795895148867203,92.8663514543745,background,eastern_himalaya,0,buffered_convex_hull_of_mapped_landslides,4874.0,37.284,-0.66583,-0.7461,-0.0023676,188.0,4643_1439
29.56146904303872,93.66033879246254,background,eastern_himalaya,0,buffered_convex_hull_of_mapped_landslides,4481.0,25.116,-0.85328,-0.52145,-0.00153558,104.0,4683_1478
28.67981954687673,96.18985448650584,background,eastern_himalaya,0,buffered_convex_hull_of_mapped_landslides,2659.0,44.946,-0.82796,-0.56079,0.00209652,242.0,4809_1433
28.954946294075615,96.58379902094882,background,eastern_himalaya,0,buffered_convex_hull_of_mapped_landslides,4117.0,19.46,0.95911,0.28302,-0.00092643,95.0,4829_1447
28.131117342588432,96.17793265207159,background,eastern_himalaya,0,buffered_convex_hull_of_mapped_landslides,1817.0,25.976,0.69271,-0.72122,0.00450927,145.0,4808_1406
28.768772951678816,93.77156187735646,background,eastern_himalaya,0,buffered_convex_hull_of_mapped_landslides,4133.0,25.237,-0.8722,0.48914,-0.00020895,107.0,4688_1438
28.32480543958136,91.07502286110697,background,eastern_himalaya,0,buffered_convex_hull_of_mapped_landslides,5696.0,37.804,-0.44219,0.89692,0.00310835,176.0,4553_1416
29.10100439440269,96.63710457441614,background,eastern_himalaya,0,buffered_convex_hull_of_mapped_landslides,4274.0,36.792,-0.99356,-0.11328,0.00470626,152.0,4831_1455
28.12531903490496,91.57160242286999,background,eastern_himalaya,0,buffered_convex_hull_of_mapped_landslides,5315.0,34.332,0.55517,0.83174,0.00096639,161.0,4578_1406
28.49073476964066,96.70641362982948,background,eastern_himalaya,0,buffered_convex_hull_of_mapped_landslides,3680.0,30.517,0.95193,0.30631,-0.00018277,138.0,4835_1424
28.99288495293818,92.46188617084442,background,eastern_himalaya,0,buffered_convex_hull_of_mapped_landslides,4601.0,14.274,0.18561,-0.98262,-0.00032596,53.0,4623_1449
29.1108206180527,95.16979881313777,background,eastern_himalaya,0,buffered_convex_hull_of_mapped_landslides,2576.0,23.292,-0.95494,0.29681,-0.00121496,112.0,4758_1455
29.53742574065164,93.62564837375524,background,eastern_himalaya,0,buffered_convex_hull_of_mapped_landslides,4671.0,37.877,-0.99994,-0.01071,0.00058459,144.0,4681_1476
29.401297983722802,96.54118176721386,background,eastern_himalaya,0,buffered_convex_hull_of_mapped_landslides,5242.0,7.181,-0.24254,0.97014,-0.00040349,31.0,4827_1470
28.46360510561427,95.37095911056015,background,eastern_himalaya,0,buffered_convex_hull_of_mapped_landslides,1974.0,34.706,-0.4853,-0.87435,0.00118851,183.0,4768_1423
29.17876529356834,94.14325499508024,background,eastern_himalaya,0,buffered_convex_hull_of_mapped_landslides,3219.0,26.72,0.33109,0.9436,-0.00013297,118.0,4707_1458
28.1508400156434,95.49125825855218,background,eastern_himalaya,0,buffered_convex_hull_of_mapped_landslides,256.0,1.779,-0.44721,-0.89443,-0.0007157,9.0,4774_1407
28.6293881404294,95.67858488189249,background,eastern_himalaya,0,buffered_convex_hull_of_mapped_landslides,2115.0,33.049,0.8304,0.55716,-0.00038549,169.0,4783_1431
28.54676140087402,97.10407588668323,background,eastern_himalaya,0,buffered_convex_hull_of_mapped_landslides,2728.0,38.993,-0.61418,0.78917,-0.00176166,224.0,4855_1427
28.36832548082642,97.051881151972,background,eastern_himalaya,0,buffered_convex_hull_of_mapped_landslides,2360.0,31.835,-0.72478,0.68898,-0.00040362,158.0,4852_1418
29.67318794493378,94.15939920261798,background,eastern_himalaya,0,buffered_convex_hull_of_mapped_landslides,4452.0,31.885,-0.92878,-0.37062,0.00110992,148.0,4707_1483
29.741769764695594,96.68752463831211,background,eastern_himalaya,0,buffered_convex_hull_of_mapped_landslides,4641.0,26.609,0.72083,0.69311,-0.00170873,126.0,4834_1487
28.238423080496602,90.60937646808358,background,eastern_himalaya,0,buffered_convex_hull_of_mapped_landslides,6235.0,38.594,0.9658,0.25929,0.00086112,201.0,4530_1411
29.376443580797417,94.9799508599806,background,eastern_himalaya,0,buffered_convex_hull_of_mapped_landslides,3009.0,14.834,-0.40906,-0.91251,0.00010032,61.0,4748_1468
29.885038108981643,95.6537825965334,background,eastern_himalaya,0,buffered_convex_hull_of_mapped_landslides,2848.0,10.357,0.68394,0.72954,0.00217617,58.0,4782_1494
29.669217406442407,95.41900996936725,background,eastern_himalaya,0,buffered_convex_hull_of_mapped_landslides,2029.0,31.9,-0.93495,-0.35479,0.00061421,145.0,4770_1483
29.860539615726054,94.61427603297332,background,eastern_himalaya,0,buffered_convex_hull_of_mapped_landslides,4702.0,23.384,-0.9379,-0.3469,-0.00072176,104.0,4730_1493
27.787152567638632,94.95466672830379,background,eastern_himalaya,0,buffered_convex_hull_of_mapped_landslides,155.0,3.586,0.97513,-0.22162,-0.00086856,30.0,4747_1389
28.155981360832538,96.19509651145985,background,eastern_himalaya,0,buffered_convex_hull_of_mapped_landslides,2224.0,23.141,-0.75719,-0.6532,0.0015091,100.0,4809_1407
27.9919469143245,96.1989549877802,background,eastern_himalaya,0,buffered_convex_hull_of_mapped_landslides,393.0,3.0,-0.53,-0.848,-0.00010805,13.0,4809_1399
28.319417223352414,94.39806991476408,background,eastern_himalaya,0,buffered_convex_hull_of_mapped_landslides,3525.0,25.642,-0.96929,-0.24594,2.693e-05,141.0,4719_1415
30.330436811248468,95.8845957597091,background,eastern_himalaya,0,buffered_convex_hull_of_mapped_landslides,5003.0,7.37,0.99856,-0.05369,0.00036731,25.0,4794_1516
28.356181732457976,92.38538636656082,background,eastern_himalaya,0,buffered_convex_hull_of_mapped_landslides,4332.0,19.081,0.02008,0.9998,-0.0010495,66.0,4619_1417
28.304142598112694,94.43156867295784,background,eastern_himalaya,0,buffered_convex_hull_of_mapped_landslides,2580.0,21.065,0.72841,-0.68514,0.00347505,108.0,4721_1415
28.653504384609853,96.62314447648454,background,eastern_himalaya,0,buffered_convex_hull_of_mapped_landslides,3967.0,3.972,0.0,1.0,-0.00024632,26.0,4831_1432
28.21394919961726,91.27623218271118,background,eastern_himalaya,0,buffered_convex_hull_of_mapped_landslides,4464.0,28.948,0.41683,-0.90899,0.00328768,132.0,4563_1410
28.140145383492264,94.70083709959732,background,eastern_himalaya,0,buffered_convex_hull_of_mapped_landslides,939.0,16.232,0.74424,0.66791,8.767e-05,77.0,4735_1407
28.800336883585217,95.50481214310743,background,eastern_himalaya,0,buffered_convex_hull_of_mapped_landslides,2126.0,32.31,-0.75988,-0.65007,-0.00140054,148.0,4775_1440
28.080163555155107,91.96591536812346,background,eastern_himalaya,0,buffered_convex_hull_of_mapped_landslides,4840.0,22.788,-0.28431,0.95873,-0.0004679,83.0,4598_1404
28.76252744442264,96.58046167144757,background,eastern_himalaya,0,buffered_convex_hull_of_mapped_landslides,4271.0,41.29,-0.0854,-0.99635,0.00241387,178.0,4829_1438
28.96704594115351,95.43877323102896,background,eastern_himalaya,0,buffered_convex_hull_of_mapped_landslides,2522.0,21.298,0.82653,-0.56289,0.00023237,99.0,4771_1448
27.993416041270827,94.83023507038465,background,eastern_himalaya,0,buffered_convex_hull_of_mapped_landslides,1135.0,22.431,-0.87479,0.4845,-0.0001934,90.0,4741_1399
28.0706385546711,92.00887888579177,background,eastern_himalaya,0,buffered_convex_hull_of_mapped_landslides,4811.0,19.197,0.96137,-0.27525,-0.00171179,81.0,4600_1403
28.86928446041548,92.29558926487495,background,eastern_himalaya,0,buffered_convex_hull_of_mapped_landslides,5209.0,14.981,0.08305,0.99655,-0.00107581,58.0,4614_1443
29.61225058428624,95.77876297730478,background,eastern_himalaya,0,buffered_convex_hull_of_mapped_landslides,4479.0,32.485,-0.72858,0.68496,-0.00398968,167.0,4788_1480
28.584468153399232,93.35780278464924,background,eastern_himalaya,0,buffered_convex_hull_of_mapped_landslides,3381.0,31.615,0.59566,0.80324,-0.00109199,150.0,4667_1429
30.009004927264122,95.93393979179211,background,eastern_himalaya,0,buffered_convex_hull_of_mapped_landslides,4621.0,24.395,-0.95858,-0.28482,-0.00151936,92.0,4796_1500
27.611785743356627,95.74874241603841,background,eastern_himalaya,0,buffered_convex_hull_of_mapped_landslides,143.0,0.0,0.0,0.0,0.0,3.0,4787_1380
27.33347530026286,94.20533478701513,background,eastern_himalaya,0,buffered_convex_hull_of_mapped_landslides,93.0,0.113,0.70711,0.70711,-6.173e-05,1.0,4710_1366
30.18542918703249,94.82669469167499,background,eastern_himalaya,0,buffered_convex_hull_of_mapped_landslides,3271.0,41.31,-0.99724,0.07428,-0.00183628,194.0,4741_1509
28.43982519126546,93.86683632466178,background,eastern_himalaya,0,buffered_convex_hull_of_mapped_landslides,2363.0,34.538,-0.93633,-0.35112,-0.00186956,164.0,4693_1421
28.717567956353204,93.47236119535917,background,eastern_himalaya,0,buffered_convex_hull_of_mapped_landslides,4949.0,15.471,0.98355,-0.18065,-0.00236414,74.0,4673_1435
27.163272482846786,92.49635914532514,background,eastern_himalaya,0,buffered_convex_hull_of_mapped_landslides,2064.0,42.014,-0.88499,-0.46562,0.00322709,207.0,4624_1358
28.277861426639795,91.12035338207001,background,eastern_himalaya,0,buffered_convex_hull_of_mapped_landslides,4495.0,33.118,-0.98575,0.1682,0.00085353,142.0,4556_1413
28.002399339010218,91.77367966084729,background,eastern_himalaya,0,buffered_convex_hull_of_mapped_landslides,4324.0,34.386,-0.3308,0.9437,-0.00037254,155.0,4588_1400
28.38514614340676,93.05475852659261,background,eastern_himalaya,0,buffered_convex_hull_of_mapped_landslides,3408.0,43.656,0.88793,-0.45998,6.77e-06,223.0,4652_1419
28.628727377054574,93.8355825142012,background,eastern_himalaya,0,buffered_convex_hull_of_mapped_landslides,4474.0,24.844,0.99594,-0.08999,-0.00056197,89.0,4691_1431
28.434326587550313,92.63688505906819,background,eastern_himalaya,0,buffered_convex_hull_of_mapped_landslides,4671.0,17.139,0.9548,-0.29725,-0.00056571,72.0,4631_1421
29.803993455660752,95.70075500535411,background,eastern_himalaya,0,buffered_convex_hull_of_mapped_landslides,3515.0,12.44,0.34629,0.93813,-0.00262802,74.0,4785_1490
28.070632184803397,92.13880774470734,background,eastern_himalaya,0,buffered_convex_hull_of_mapped_landslides,5238.0,17.833,0.63465,0.7728,0.00048969,85.0,4606_1403
28.596518472079932,92.01648429236397,background,eastern_himalaya,0,buffered_convex_hull_of_mapped_landslides,4893.0,7.31,0.83371,-0.5522,0.00038823,30.0,4600_1429
27.755722663013554,95.03440189124234,background,eastern_himalaya,0,buffered_convex_hull_of_mapped_landslides,117.0,0.45,0.70711,-0.70711,-0.0,2.0,4751_1387
28.532713577306602,90.6887899245091,background,eastern_himalaya,0,buffered_convex_hull_of_mapped_landslides,5167.0,31.314,0.65753,-0.75342,0.00033627,149.0,4534_1426
27.495745626284027,95.22816518639341,background,eastern_himalaya,0,buffered_convex_hull_of_mapped_landslides,118.0,0.464,-0.5145,-0.85749,-0.00039577,4.0,4761_1374
28.895090919867435,92.01070594421115,background,eastern_himalaya,0,buffered_convex_hull_of_mapped_landslides,5321.0,18.368,0.72364,0.69018,-0.00233741,96.0,4600_1444
29.831500720612162,94.39721496324354,background,eastern_himalaya,0,buffered_convex_hull_of_mapped_landslides,4678.0,31.552,0.17869,0.98391,-0.0006659,134.0,4719_1491
27.536812822068278,94.59525081910625,background,eastern_himalaya,0,buffered_convex_hull_of_mapped_landslides,108.0,1.019,0.78087,-0.6247,0.00056902,5.0,4729_1376
29.851738486471504,95.64841950674523,background,eastern_himalaya,0,buffered_convex_hull_of_mapped_landslides,4422.0,22.389,0.17532,0.98451,-0.00369844,131.0,4782_1492
29.00941700304464,93.46783946191955,background,eastern_himalaya,0,buffered_convex_hull_of_mapped_landslides,5067.0,34.827,-0.99417,0.1078,0.00220717,139.0,4673_1450
28.056960390478274,95.92381265514658,background,eastern_himalaya,0,buffered_convex_hull_of_mapped_landslides,286.0,1.591,0.0,-1.0,0.00061705,8.0,4796_1402
29.00042615917154,95.82832788803354,background,eastern_himalaya,0,buffered_convex_hull_of_mapped_landslides,2497.0,37.54,-0.76091,0.64885,-0.00194755,199.0,4791_1450
28.376512843991517,91.83759592739405,background,eastern_himalaya,0,buffered_convex_hull_of_mapped_landslides,5055.0,19.914,0.61341,0.78976,-0.00104585,79.0,4591_1418
27.253991459606457,92.53104306210864,background,eastern_himalaya,0,buffered_convex_hull_of_mapped_landslides,2106.0,17.06,0.88707,-0.46164,0.0002883,75.0,4626_1362
28.150792544393482,90.56051774001193,background,eastern_himalaya,0,buffered_convex_hull_of_mapped_landslides,5255.0,31.602,0.73368,0.6795,-0.00081656,153.0,4528_1407
29.35917737605414,95.3214552390814,background,eastern_himalaya,0,buffered_convex_hull_of_mapped_landslides,1601.0,28.38,-0.15939,-0.98722,0.00043724,126.0,4766_1467
28.052796865275827,95.41318275034844,background,eastern_himalaya,0,buffered_convex_hull_of_mapped_landslides,149.0,0.675,0.70711,-0.70711,0.00037034,5.0,4770_1402
28.97735746892577,96.45006123316406,background,eastern_himalaya,0,buffered_convex_hull_of_mapped_landslides,4328.0,27.694,0.91555,-0.40221,0.00054336,127.0,4822_1448
27.570899217663428,95.10175469139145,background,eastern_himalaya,0,buffered_convex_hull_of_mapped_landslides,107.0,0.0,0.0,0.0,0.0,0.0,4755_1378
28.784777385491957,96.38406350594718,background,eastern_himalaya,0,buffered_convex_hull_of_mapped_landslides,3165.0,37.434,-0.93803,0.34655,-0.01500994,227.0,4819_1439
27.905877687706564,94.61355202447015,background,eastern_himalaya,0,buffered_convex_hull_of_mapped_landslides,1134.0,15.631,0.40706,-0.9134,0.00195583,70.0,4730_1395
29.210573304161272,92.374384433569,background,eastern_himalaya,0,buffered_convex_hull_of_mapped_landslides,4536.0,31.356,0.67923,0.73393,0.00279682,165.0,4618_1460
27.765840075190308,94.4349984877741,background,eastern_himalaya,0,buffered_convex_hull_of_mapped_landslides,510.0,10.645,-0.98279,0.18473,-0.00059424,46.0,4721_1388
27.840639591356037,96.33961520068952,background,eastern_himalaya,0,buffered_convex_hull_of_mapped_landslides,335.0,6.253,-0.50702,0.86193,-0.00375896,32.0,4816_1392
28.842723126536153,94.53808690572106,background,eastern_himalaya,0,buffered_convex_hull_of_mapped_landslides,2810.0,36.096,0.95057,0.31051,0.00188355,168.0,4726_1442
29.25735554161616,93.06873102150841,background,eastern_himalaya,0,buffered_convex_hull_of_mapped_landslides,4917.0,35.567,0.32437,-0.94593,0.00016915,144.0,4653_1462
28.887491141735524,95.32546963396439,background,eastern_himalaya,0,buffered_convex_hull_of_mapped_landslides,3934.0,37.666,0.49478,-0.86902,0.0018207,170.0,4766_1444
30.279221609414982,95.54903664847885,background,eastern_himalaya,0,buffered_convex_hull_of_mapped_landslides,4712.0,46.712,-0.97466,0.22371,0.00440187,252.0,4777_1513
28.712539601657465,93.22693324650093,background,eastern_himalaya,0,buffered_convex_hull_of_mapped_landslides,4570.0,18.995,-0.58505,-0.811,-0.00167972,88.0,4661_1435
28.356246825340474,93.91817391989,background,eastern_himalaya,0,buffered_convex_hull_of_mapped_landslides,1594.0,25.213,0.57227,0.82006,0.00103793,109.0,4695_1417
29.273932944121974,93.06079375826367,background,eastern_himalaya,0,buffered_convex_hull_of_mapped_landslides,5104.0,27.939,0.70972,0.70448,0.00065522,124.0,4653_1463
27.659780771369945,91.57800544276115,background,eastern_himalaya,0,buffered_convex_hull_of_mapped_landslides,3687.0,32.081,-0.56944,-0.82203,-0.00194788,151.0,4578_1382
30.04251764268864,96.23755874610734,background,eastern_himalaya,0,buffered_convex_hull_of_mapped_landslides,4994.0,19.099,-0.93862,0.34496,0.00204169,78.0,4811_1502
28.562893017692954,91.80878247160105,background,eastern_himalaya,0,buffered_convex_hull_of_mapped_landslides,5264.0,11.009,0.98521,0.17134,-0.00033509,48.0,4590_1428
29.928176166412268,95.3783632897679,background,eastern_himalaya,0,buffered_convex_hull_of_mapped_landslides,3167.0,38.018,0.50453,0.86339,-0.00094431,206.0,4768_1496
28.72068132905935,92.95155560495981,background,eastern_himalaya,0,buffered_convex_hull_of_mapped_landslides,4900.0,17.194,0.27828,0.9605,0.00079818,73.0,4647_1436
29.43618497190563,95.43465459283708,background,eastern_himalaya,0,buffered_convex_hull_of_mapped_landslides,1709.0,32.375,-0.93323,-0.35927,-0.00067278,132.0,4771_1471
28.89750282090611,95.71704357687503,background,eastern_himalaya,0,buffered_convex_hull_of_mapped_landslides,2235.0,22.303,0.5045,0.86341,-0.00030725,105.0,4785_1444
29.65994713056629,96.28267719597999,background,eastern_himalaya,0,buffered_convex_hull_of_mapped_landslides,3397.0,26.334,-0.92316,-0.38442,0.00027907,113.0,4814_1482
28.253267849225992,97.06083444880917,background,eastern_himalaya,0,buffered_convex_hull_of_mapped_landslides,2899.0,36.714,-0.90883,-0.41717,-0.00149376,172.0,4853_1412
29.9589372946715,95.28125892212766,background,eastern_himalaya,0,buffered_convex_hull_of_mapped_landslides,4251.0,42.544,0.99883,-0.04843,0.00462136,214.0,4764_1497
28.059411063281836,93.05821009175028,background,eastern_himalaya,0,buffered_convex_hull_of_mapped_landslides,3478.0,21.006,0.94043,0.34,0.00199861,90.0,4652_1402
28.934446682444612,94.5241946457542,background,eastern_himalaya,0,buffered_convex_hull_of_mapped_landslides,2438.0,44.778,0.96438,0.26454,-0.00378941,227.0,4726_1446
29.00390427834591,93.15755829492177,background,eastern_himalaya,0,buffered_convex_hull_of_mapped_landslides,3255.0,35.01,0.7713,-0.63647,-0.00121856,197.0,4657_1450
28.555672930416968,96.76064680895003,background,eastern_himalaya,0,buffered_convex_hull_of_mapped_landslides,4666.0,51.784,-0.03062,0.99953,0.00809249,257.0,4838_1427
28.253472701181373,91.70330541014108,background,eastern_himalaya,0,buffered_convex_hull_of_mapped_landslides,4851.0,33.404,-0.55178,-0.83399,-0.00029999,159.0,4585_1412
27.431100227446013,93.05462984315132,background,eastern_himalaya,0,buffered_convex_hull_of_mapped_landslides,1138.0,33.087,0.75244,-0.65866,-0.00109674,159.0,4652_1371
27.32355174427708,92.02411093048582,background,eastern_himalaya,0,buffered_convex_hull_of_mapped_landslides,4002.0,24.123,-0.51176,0.85913,-0.00120456,96.0,4601_1366
29.937099450811896,95.51536613977083,background,eastern_himalaya,0,buffered_convex_hull_of_mapped_landslides,3456.0,15.055,0.5783,-0.81582,-0.00226635,59.0,4775_1496
27.668288990818667,92.26044050924882,background,eastern_himalaya,0,buffered_convex_hull_of_mapped_landslides,4612.0,20.932,-0.64268,-0.76613,0.00533178,105.0,4613_1383
28.73736559741397,91.62815422392954,background,eastern_himalaya,0,buffered_convex_hull_of_mapped_landslides,4628.0,0.788,0.70711,-0.70711,6.172e-05,4.0,4581_1436
27.859938768235768,93.56341589015615,background,eastern_himalaya,0,buffered_convex_hull_of_mapped_landslides,1457.0,32.778,0.60825,-0.79375,-0.00121441,175.0,4678_1392
29.173474754691476,96.92463522814707,background,eastern_himalaya,0,buffered_convex_hull_of_mapped_landslides,4951.0,5.164,0.0461,-0.99894,0.00012583,21.0,4846_1458
27.362874911030218,93.74889609838945,background,eastern_himalaya,0,buffered_convex_hull_of_mapped_landslides,792.0,28.907,0.89291,-0.45023,-0.0044296,124.0,4687_1368
27.97801320633539,92.08463384684049,background,eastern_himalaya,0,buffered_convex_hull_of_mapped_landslides,4899.0,32.831,-0.55321,0.83304,0.00085719,155.0,4604_1398
29.922645937850422,95.59272846872562,background,eastern_himalaya,0,buffered_convex_hull_of_mapped_landslides,3539.0,30.285,0.56127,0.82763,-0.00033739,139.0,4779_1496
28.840575825119718,92.44087633996146,background,eastern_himalaya,0,buffered_convex_hull_of_mapped_landslides,4730.0,18.593,-0.99915,0.04129,-0.00046706,65.0,4622_1442
28.80537531666743,94.57907237996851,background,eastern_himalaya,0,buffered_convex_hull_of_mapped_landslides,2197.0,19.666,0.10104,-0.99488,0.00080785,75.0,4728_1440
27.83927274659804,91.48810348388037,background,eastern_himalaya,0,buffered_convex_hull_of_mapped_landslides,4749.0,40.384,0.63519,0.77235,0.00302091,205.0,4574_1391
29.44952971076892,94.35635631387747,background,eastern_himalaya,0,buffered_convex_hull_of_mapped_landslides,3682.0,30.632,0.95461,-0.29787,0.00223922,169.0,4717_1472
28.233578667764505,92.38313242853378,background,eastern_himalaya,0,buffered_convex_hull_of_mapped_landslides,4098.0,20.411,0.97791,-0.20902,0.00021175,77.0,4619_1411
27.684079738304092,95.64441821262461,background,eastern_himalaya,0,buffered_convex_hull_of_mapped_landslides,137.0,1.283,-0.12403,-0.99228,0.00073106,8.0,4782_1384
28.37498182261511,91.58519674668376,background,eastern_himalaya,0,buffered_convex_hull_of_mapped_landslides,4977.0,8.76,-0.46872,-0.88335,0.00019597,45.0,4579_1418
27.81255119016624,93.43635681741436,background,eastern_himalaya,0,buffered_convex_hull_of_mapped_landslides,1550.0,21.773,0.43465,-0.9006,-0.00079994,102.0,4671_1390
29.837847582274733,95.21917638441613,background,eastern_himalaya,0,buffered_convex_hull_of_mapped_landslides,2273.0,36.04,-0.24433,-0.96969,-0.00049914,162.0,4760_1491
28.12687795124797,96.34431652553313,background,eastern_himalaya,0,buffered_convex_hull_of_mapped_landslides,2304.0,49.613,-0.48323,-0.87549,-0.00189831,307.0,4817_1406
27.823068821178413,93.99088955892218,background,eastern_himalaya,0,buffered_convex_hull_of_mapped_landslides,1148.0,25.163,0.5292,0.8485,-0.00168954,127.0,4699_1391
27.53183568198783,92.03232546438521,background,eastern_himalaya,0,buffered_convex_hull_of_mapped_landslides,4053.0,29.515,-0.21589,0.97642,0.00042974,129.0,4601_1376
28.722826787262303,95.67869159529906,background,eastern_himalaya,0,buffered_convex_hull_of_mapped_landslides,2666.0,27.562,-0.80096,0.59872,0.0001177,140.0,4783_1436
28.763207841990177,93.71535590597516,background,eastern_himalaya,0,buffered_convex_hull_of_mapped_landslides,4210.0,22.953,-0.33779,0.94122,-0.00018539,89.0,4685_1438
28.445140401923158,94.03003716058225,background,eastern_himalaya,0,buffered_convex_hull_of_mapped_landslides,2727.0,39.285,0.74025,-0.67233,0.00084153,203.0,4701_1422
28.603761040303084,96.87614160973897,background,eastern_himalaya,0,buffered_convex_hull_of_mapped_landslides,2235.0,44.576,0.41019,-0.912,0.00303101,252.0,4843_1430
27.68709967912913,94.15224317651418,background,eastern_himalaya,0,buffered_convex_hull_of_mapped_landslides,709.0,29.043,0.44521,0.89543,-0.00086539,112.0,4707_1384
29.025138684224817,92.55772762718607,background,eastern_himalaya,0,buffered_convex_hull_of_mapped_landslides,3522.0,13.812,0.60451,0.7966,0.00312624,60.0,4627_1451
28.33115037053976,93.54011946723637,background,eastern_himalaya,0,buffered_convex_hull_of_mapped_landslides,2927.0,41.944,0.53167,0.84695,0.00256894,207.0,4677_1416
27.61866821682776,93.9979808068395,background,eastern_himalaya,0,buffered_convex_hull_of_mapped_landslides,1944.0,17.918,-0.98797,0.15464,-0.00100334,94.0,4699_1380
28.559412378389332,95.43395773701135,background,eastern_himalaya,0,buffered_convex_hull_of_mapped_landslides,2949.0,26.736,-0.40255,0.9154,-0.00695756,134.0,4771_1427
27.16041940079331,92.69366522906458,background,eastern_himalaya,0,buffered_convex_hull_of_mapped_landslides,519.0,26.068,-0.41166,0.91134,0.00124053,118.0,4634_1358
29.502024309531567,94.61982862261871,background,eastern_himalaya,0,buffered_convex_hull_of_mapped_landslides,2959.0,2.319,-0.92609,-0.3773,-0.00014135,11.0,4730_1475
27.70125947081042,95.79013528929234,background,eastern_himalaya,0,buffered_convex_hull_of_mapped_landslides,137.0,0.637,0.0,-1.0,-0.0002469,4.0,4789_1385
28.456590646940995,96.68123683874492,background,eastern_himalaya,0,buffered_convex_hull_of_mapped_landslides,3350.0,37.781,0.97292,0.23114,0.00065028,207.0,4834_1422
28.524334162130074,90.78117987460075,background,eastern_himalaya,0,buffered_convex_hull_of_mapped_landslides,5104.0,3.901,0.54999,0.83517,-0.00129176,20.0,4539_1426
28.30600824011496,94.68538069648234,background,eastern_himalaya,0,buffered_convex_hull_of_mapped_landslides,277.0,2.028,-0.66679,-0.74524,-0.00064423,8.0,4734_1415
28.059491283102734,96.66801651630253,background,eastern_himalaya,0,buffered_convex_hull_of_mapped_landslides,1937.0,38.409,-0.97573,0.21897,-0.00079114,170.0,4833_1402
28.533815738698493,95.32828021679688,background,eastern_himalaya,0,buffered_convex_hull_of_mapped_landslides,2933.0,37.478,0.40395,-0.91478,-0.0017418,170.0,4766_1426
28.99695564179133,94.87482229723223,background,eastern_himalaya,0,buffered_convex_hull_of_mapped_landslides,800.0,30.545,0.89908,-0.43777,0.00045273,149.0,4743_1449
27.585240150750263,92.70274807310433,background,eastern_himalaya,0,buffered_convex_hull_of_mapped_landslides,2717.0,25.903,0.09724,0.99526,-0.00112944,102.0,4635_1379
29.8200462866308,94.99904279807268,background,eastern_himalaya,0,buffered_convex_hull_of_mapped_landslides,5311.0,44.701,0.76487,-0.64418,-0.00170488,258.0,4749_1491
28.4954978329243,90.63185471793533,background,eastern_himalaya,0,buffered_convex_hull_of_mapped_landslides,5004.0,2.456,0.87416,0.48564,-0.00047825,12.0,4531_1424
29.497947603479712,96.46696081681097,background,eastern_himalaya,0,buffered_convex_hull_of_mapped_landslides,5214.0,20.815,0.92797,-0.37265,0.00042641,97.0,4823_1474
28.003765115082107,94.87512641774762,background,eastern_himalaya,0,buffered_convex_hull_of_mapped_landslides,1090.0,32.136,0.03538,-0.99937,3.4e-06,132.0,4743_1400
28.217147249100265,96.84386482930904,background,eastern_himalaya,0,buffered_convex_hull_of_mapped_landslides,3610.0,30.88,0.53417,-0.84538,0.00320778,150.0,4842_1410
28.340135945968527,95.41270570546565,background,eastern_himalaya,0,buffered_convex_hull_of_mapped_landslides,1459.0,40.685,-0.18741,0.98228,0.00011663,193.0,4770_1417
29.39824567608838,94.20292604494645,background,eastern_himalaya,0,buffered_convex_hull_of_mapped_landslides,4721.0,21.114,0.61145,0.79129,0.00187279,107.0,4710_1469
29.155271409332084,93.22712906619581,background,eastern_himalaya,0,buffered_convex_hull_of_mapped_landslides,4377.0,40.405,0.48786,-0.87292,0.00044263,211.0,4661_1457
28.356899243132563,92.7003433995603,background,eastern_himalaya,0,buffered_convex_hull_of_mapped_landslides,4122.0,19.926,0.00383,-0.99999,0.00081248,69.0,4635_1417
27.413383854575855,93.36919489034918,background,eastern_himalaya,0,buffered_convex_hull_of_mapped_landslides,3282.0,24.496,-0.01829,-0.99983,-0.00033666,91.0,4668_1370
29.208196275844113,94.84446641988032,background,eastern_himalaya,0,buffered_convex_hull_of_mapped_landslides,3256.0,27.974,0.27196,0.96231,0.00149419,120.0,4742_1460
27.817301033982996,96.24883918805317,background,eastern_himalaya,0,buffered_convex_hull_of_mapped_landslides,244.0,1.148,-0.83205,0.5547,-0.00038929,6.0,4812_1390
27.425266065177524,94.92889763388848,background,eastern_himalaya,0,buffered_convex_hull_of_mapped_landslides,106.0,0.45,0.70711,0.70711,-0.00043209,3.0,4746_1371
27.456315705655612,92.24016818308166,background,eastern_himalaya,0,buffered_convex_hull_of_mapped_landslides,2550.0,16.038,-0.99532,0.09663,0.00401422,97.0,4612_1372
29.336787831914435,94.06777022019321,background,eastern_himalaya,0,buffered_convex_hull_of_mapped_landslides,3971.0,28.463,0.85568,-0.51751,0.00251734,145.0,4703_1466
29.03159232736774,96.88074783674173,background,eastern_himalaya,0,buffered_convex_hull_of_mapped_landslides,2961.0,10.011,-0.03934,0.99923,-0.00108987,38.0,4844_1451
29.08311288956496,92.10291928424239,background,eastern_himalaya,0,buffered_convex_hull_of_mapped_landslides,4869.0,9.259,0.70711,0.70711,-0.00219327,45.0,4605_1454
29.28344370649093,93.09276091753463,background,eastern_himalaya,0,buffered_convex_hull_of_mapped_landslides,4927.0,28.294,-0.72242,-0.69146,0.00014641,131.0,4654_1464
28.3298477960215,90.51527940895856,background,eastern_himalaya,0,buffered_convex_hull_of_mapped_landslides,4520.0,4.362,-0.83761,0.54627,0.0003564,19.0,4525_1416
29.03215025541214,96.3479622840427,background,eastern_himalaya,0,buffered_convex_hull_of_mapped_landslides,4596.0,18.579,0.20247,0.97929,-0.0031759,73.0,4817_1451
28.069714007538238,96.20333494303378,background,eastern_himalaya,0,buffered_convex_hull_of_mapped_landslides,1885.0,26.159,-0.09614,0.99537,-0.00224185,133.0,4810_1403
28.62980422429958,94.0846775717193,background,eastern_himalaya,0,buffered_convex_hull_of_mapped_landslides,2165.0,16.413,-0.9996,0.02829,0.00118445,74.0,4704_1431
28.109464987158308,94.6848308071212,background,eastern_himalaya,0,buffered_convex_hull_of_mapped_landslides,489.0,14.537,0.5731,-0.81948,0.00043877,65.0,4734_1405
29.811075024610123,96.68186115656832,background,eastern_himalaya,0,buffered_convex_hull_of_mapped_landslides,4834.0,32.697,0.47384,-0.88061,-0.00022053,158.0,4834_1490
29.541293803585848,95.59179508034323,background,eastern_himalaya,0,buffered_convex_hull_of_mapped_landslides,4151.0,28.505,0.00767,-0.99997,-0.00032488,142.0,4779_1477
28.51828627605368,93.64688559744114,background,eastern_himalaya,0,buffered_convex_hull_of_mapped_landslides,2658.0,29.634,-0.13184,0.99127,0.00044229,117.0,4682_1425
27.85448708995538,92.33717148887953,background,eastern_himalaya,0,buffered_convex_hull_of_mapped_landslides,5174.0,35.299,0.31387,-0.94947,-0.00174568,161.0,4616_1392
28.363000171219632,94.36822540020073,background,eastern_himalaya,0,buffered_convex_hull_of_mapped_landslides,3155.0,27.427,0.99027,-0.13917,-0.00049696,116.0,4718_1418
29.797210428805272,95.81666987237014,background,eastern_himalaya,0,buffered_convex_hull_of_mapped_landslides,2887.0,8.781,0.99802,0.06294,-0.00292582,37.0,4790_1489
28.2964350594159,91.1484514212667,background,eastern_himalaya,0,buffered_convex_hull_of_mapped_landslides,5229.0,34.413,-0.36088,-0.93261,-0.0016386,156.0,4557_1414
28.405833331171184,91.41040736357226,background,eastern_himalaya,0,buffered_convex_hull_of_mapped_landslides,4628.0,16.772,0.79723,0.60368,-0.00234204,78.0,4570_1420
30.110413536236923,94.59901274155561,background,eastern_himalaya,0,buffered_convex_hull_of_mapped_landslides,3750.0,38.688,0.99898,0.04509,0.00365914,159.0,4729_1505
28.83819213669887,93.2558474813987,background,eastern_himalaya,0,buffered_convex_hull_of_mapped_landslides,5085.0,44.028,-0.11926,-0.99286,-0.00093224,196.0,4662_1441
29.285900474752076,93.78490766540268,background,eastern_himalaya,0,buffered_convex_hull_of_mapped_landslides,4351.0,11.653,0.99673,-0.08082,-0.00421298,70.0,4689_1464
28.412438422492965,93.5140655708455,background,eastern_himalaya,0,buffered_convex_hull_of_mapped_landslides,2948.0,25.296,-0.30563,0.95215,0.00053724,91.0,4675_1420
29.7372508299179,96.05363366046431,background,eastern_himalaya,0,buffered_convex_hull_of_mapped_landslides,3200.0,36.946,0.58542,-0.81073,-0.00151661,182.0,4802_1486
28.067475126179474,93.20908772253648,background,eastern_himalaya,0,buffered_convex_hull_of_mapped_landslides,2494.0,27.454,0.41702,0.9089,-0.00210058,137.0,4660_1403
29.67094785536267,95.48329704336663,background,eastern_himalaya,0,buffered_convex_hull_of_mapped_landslides,2805.0,12.651,0.97762,-0.21037,0.00329188,67.0,4774_1483
27.218603614143046,94.01135898986253,background,eastern_himalaya,0,buffered_convex_hull_of_mapped_landslides,101.0,1.703,0.79436,0.60745,0.00016894,7.0,4700_1360
29.581506587339554,93.34363258043662,background,eastern_himalaya,0,buffered_convex_hull_of_mapped_landslides,4965.0,22.264,0.98721,-0.15945,-0.00135554,86.0,4667_1479
28.793938044575086,95.99204318447366,background,eastern_himalaya,0,buffered_convex_hull_of_mapped_landslides,2790.0,23.543,-0.5451,-0.83837,0.00240462,117.0,4799_1439
29.45844567854491,93.05719422524406,background,eastern_himalaya,0,buffered_convex_hull_of_mapped_landslides,5409.0,11.363,-0.39392,-0.91915,-0.00267115,85.0,4652_1472
29.50011088803729,93.80827218731659,background,eastern_himalaya,0,buffered_convex_hull_of_mapped_landslides,4587.0,33.268,0.69859,0.71552,-0.00082084,156.0,4690_1475
28.22238981160736,93.53782924076755,background,eastern_himalaya,0,buffered_convex_hull_of_mapped_landslides,2605.0,23.864,-0.98269,-0.18524,0.00035365,110.0,4676_1411
27.68931214971487,91.85699658275509,background,eastern_himalaya,0,buffered_convex_hull_of_mapped_landslides,4321.0,5.973,-0.99567,-0.09293,-0.00023391,44.0,4592_1384
28.305977447179206,93.42862131177489,background,eastern_himalaya,0,buffered_convex_hull_of_mapped_landslides,4075.0,40.507,-0.49911,0.86654,0.00281569,236.0,4671_1415
30.253085080742512,96.34780197038639,background,eastern_himalaya,0,buffered_convex_hull_of_mapped_landslides,4965.0,17.512,0.34774,-0.93759,-0.00131316,75.0,4817_1512
28.833927648807204,94.23443327227767,background,eastern_himalaya,0,buffered_convex_hull_of_mapped_landslides,1802.0,26.133,-0.91439,0.40482,0.00197874,95.0,4711_1441
29.36733614956114,96.02916888532891,background,eastern_himalaya,0,buffered_convex_hull_of_mapped_landslides,4665.0,5.317,-0.61187,0.79096,0.0004148,22.0,4801_1468
28.617666726808,94.47501603801776,background,eastern_himalaya,0,buffered_convex_hull_of_mapped_landslides,3427.0,20.844,-0.99583,-0.09119,-0.0015306,102.0,4723_1430
28.391984689419857,92.13768562995205,background,eastern_himalaya,0,buffered_convex_hull_of_mapped_landslides,4254.0,17.324,-0.24044,0.97066,-0.00207372,76.0,4606_1419
29.75523127162317,95.54553162678656,background,eastern_himalaya,0,buffered_convex_hull_of_mapped_landslides,3467.0,0.961,-0.4138,0.91037,-0.0005039,15.0,4777_1487
28.280752302786087,94.19884627436171,background,eastern_himalaya,0,buffered_convex_hull_of_mapped_landslides,1865.0,29.803,0.3031,-0.95296,-6.889e-05,134.0,4709_1414
28.73705204784004,92.20966029692984,background,eastern_himalaya,0,buffered_convex_hull_of_mapped_landslides,5262.0,20.01,-0.09535,-0.99544,0.00069075,72.0,4610_1436
28.877991955797214,92.5112829851999,background,eastern_himalaya,0,buffered_convex_hull_of_mapped_landslides,4819.0,11.334,0.68601,0.72759,-0.00062669,65.0,4625_1443
29.15266145935944,96.48081749852471,background,eastern_himalaya,0,buffered_convex_hull_of_mapped_landslides,2797.0,61.168,0.9511,0.30888,-0.01133135,389.0,4824_1457
28.58391493588007,93.57395521826233,background,eastern_himalaya,0,buffered_convex_hull_of_mapped_landslides,4186.0,17.0,-0.29983,0.95399,-0.00136903,94.0,4678_1429
28.950426318831,91.8295343216499,background,eastern_himalaya,0,buffered_convex_hull_of_mapped_landslides,4145.0,31.825,0.83921,-0.54381,-5.021e-05,136.0,4591_1447
28.40561178514674,91.7734374068899,background,eastern_himalaya,0,buffered_convex_hull_of_mapped_landslides,4735.0,18.019,-0.9351,-0.3544,-0.00131923,76.0,4588_1420
28.063637305682903,96.24645296178682,background,eastern_himalaya,0,buffered_convex_hull_of_mapped_landslides,1810.0,31.726,0.99969,-0.02471,-0.00031041,160.0,4812_1403
27.177674775818385,92.82629952860421,background,eastern_himalaya,0,buffered_convex_hull_of_mapped_landslides,648.0,38.543,-0.74442,0.66771,-8.489e-05,206.0,4641_1358
27.877874563435768,92.8030951698936,background,eastern_himalaya,0,buffered_convex_hull_of_mapped_landslides,3991.0,18.895,-0.22723,-0.97384,-0.00049355,70.0,4640_1393
27.679323793830942,94.5361351062944,background,eastern_himalaya,0,buffered_convex_hull_of_mapped_landslides,526.0,40.874,0.467,-0.88426,0.00109789,206.0,4726_1383
30.099606081227645,96.43873653863515,background,eastern_himalaya,0,buffered_convex_hull_of_mapped_landslides,5145.0,36.772,-0.74154,0.67091,-0.00064773,189.0,4821_1504
29.73249923454917,95.5206173339179,background,eastern_himalaya,0,buffered_convex_hull_of_mapped_landslides,3384.0,17.246,0.99321,0.11632,-0.00130335,63.0,4776_1486
28.3338695392827,90.65870364737391,background,eastern_himalaya,0,buffered_convex_hull_of_mapped_landslides,5061.0,9.115,0.09522,0.99546,0.00016831,49.0,4532_1416
29.68699292202535,94.30591634694531,background,eastern_himalaya,0,buffered_convex_hull_of_mapped_landslides,3764.0,35.547,0.77361,0.63366,-0.00227152,203.0,4715_1484
28.64266231550515,93.77034716884665,background,eastern_himalaya,0,buffered_convex_hull_of_mapped_landslides,3654.0,40.892,-0.99438,0.10585,-0.00114188,170.0,4688_1432
28.265256644335164,97.00373248580173,background,eastern_himalaya,0,buffered_convex_hull_of_mapped_landslides,1991.0,37.674,0.88675,-0.46226,0.00101562,175.0,4850_1413
28.947022433391695,93.0780326159508,background,eastern_himalaya,0,buffered_convex_hull_of_mapped_landslides,4315.0,22.269,-0.34256,-0.9395,0.00122351,96.0,4653_1447
28.065937777879505,91.2329991871391,background,eastern_himalaya,0,buffered_convex_hull_of_mapped_landslides,5092.0,26.873,-0.96476,-0.26312,-0.00117579,180.0,4561_1403
28.96232208261032,96.28659404498602,background,eastern_himalaya,0,buffered_convex_hull_of_mapped_landslides,2965.0,0.857,0.37139,-0.92848,0.00040864,5.0,4814_1448
28.358612540668172,92.8120177476644,background,eastern_himalaya,0,buffered_convex_hull_of_mapped_landslides,4987.0,38.661,0.89233,-0.45138,1.262e-05,174.0,4640_1417
29.108746816695113,93.31078381650916,background,eastern_himalaya,0,buffered_convex_hull_of_mapped_landslides,5003.0,28.963,0.75784,0.65244,-0.00038827,129.0,4665_1455
28.093261941174173,93.03672534600845,background,eastern_himalaya,0,buffered_convex_hull_of_mapped_landslides,4434.0,22.663,-0.8083,0.58876,0.00031138,109.0,4651_1404
28.89082088504992,93.4444853827803,background,eastern_himalaya,0,buffered_convex_hull_of_mapped_landslides,4763.0,32.394,-0.34368,0.93909,-0.00186736,149.0,4672_1444
29.194307336524297,93.51823546933996,background,eastern_himalaya,0,buffered_convex_hull_of_mapped_landslides,3996.0,37.462,0.47669,-0.87907,-0.00097118,186.0,4675_1459
28.064701098787403,94.15212316065245,background,eastern_himalaya,0,buffered_convex_hull_of_mapped_landslides,813.0,17.967,-0.06424,0.99793,0.00551369,94.0,4707_1403
28.25810692528539,92.72340609344324,background,eastern_himalaya,0,buffered_convex_hull_of_mapped_landslides,4850.0,18.103,0.9092,0.41636,0.0040617,103.0,4636_1412
28.293207425326948,95.30728558387852,background,eastern_himalaya,0,buffered_convex_hull_of_mapped_landslides,2163.0,36.997,-0.89034,-0.45531,0.00045689,177.0,4765_1414
28.873237693410946,91.82515712522341,background,eastern_himalaya,0,buffered_convex_hull_of_mapped_landslides,5100.0,12.074,-0.61034,0.79214,0.00042134,58.0,4591_1443
27.85319705250667,95.52929931051403,background,eastern_himalaya,0,buffered_convex_hull_of_mapped_landslides,127.0,0.318,0.0,1.0,-0.00037036,2.0,4776_1392
30.092382218728297,96.01713870062133,background,eastern_himalaya,0,buffered_convex_hull_of_mapped_landslides,3600.0,29.761,-0.93031,-0.36678,0.00107174,128.0,4800_1504
29.22837300996872,94.44650633744811,background,eastern_himalaya,0,buffered_convex_hull_of_mapped_landslides,4436.0,29.754,0.96942,0.24539,-0.00026991,134.0,4722_1461
29.84055662154334,95.44659239857899,background,eastern_himalaya,0,buffered_convex_hull_of_mapped_landslides,4615.0,28.218,-0.98098,0.19412,0.00101625,126.0,4772_1492
28.549381206221593,93.75513305803553,background,eastern_himalaya,0,buffered_convex_hull_of_mapped_landslides,3306.0,33.899,0.53741,0.84332,-0.00207459,141.0,4687_1427
28.881276046993182,92.91052862767539,background,eastern_himalaya,0,buffered_convex_hull_of_mapped_landslides,4242.0,28.155,0.74741,-0.66436,-6.081e-05,143.0,4645_1444
27.529610973644694,92.20722985298454,background,eastern_himalaya,0,buffered_convex_hull_of_mapped_landslides,3294.0,34.708,-0.25666,-0.9665,0.00242905,157.0,4610_1376
28.65241461284608,95.66191130149657,background,eastern_himalaya,0,buffered_convex_hull_of_mapped_landslides,2269.0,29.476,0.53815,0.84285,-0.00401603,153.0,4783_1432
28.24430972539081,96.36877537375125,background,eastern_himalaya,0,buffered_convex_hull_of_mapped_landslides,3828.0,29.518,-0.67706,-0.73593,0.00075659,139.0,4818_1412
28.878986243176968,93.65479999500037,background,eastern_himalaya,0,buffered_convex_hull_of_mapped_landslides,4110.0,24.527,-0.35612,-0.93444,-0.00057419,105.0,4682_1443
28.22934054830469,93.26600812432811,background,eastern_himalaya,0,buffered_convex_hull_of_mapped_landslides,3088.0,22.978,-0.98595,0.16705,0.00160078,91.0,4663_1411
27.388629084035113,93.21561477443203,background,eastern_himalaya,0,buffered_convex_hull_of_mapped_landslides,2182.0,19.952,0.86085,-0.50886,0.00138741,96.0,4660_1369
29.792341609190096,95.79777070659793,background,eastern_himalaya,0,buffered_convex_hull_of_mapped_landslides,2939.0,3.268,0.94868,0.31623,-0.00064093,14.0,4789_1489
28.00816386136366,92.30346450471782,background,eastern_himalaya,0,buffered_convex_hull_of_mapped_landslides,5185.0,33.589,0.8637,0.504,-0.00308528,159.0,4615_1400
28.54242479522412,93.91973073101353,background,eastern_himalaya,0,buffered_convex_hull_of_mapped_landslides,3940.0,33.879,0.75501,-0.65572,-0.00110074,153.0,4695_1427
27.538978930389067,95.08142878132786,background,eastern_himalaya,0,buffered_convex_hull_of_mapped_landslides,114.0,0.406,-0.19612,-0.98058,0.00023266,4.0,4754_1376
28.251895523085665,94.93219494650769,background,eastern_himalaya,0,buffered_convex_hull_of_mapped_landslides,640.0,28.604,0.92202,-0.38715,0.00259017,139.0,4746_1412
28.738162891849168,93.5176143636418,background,eastern_himalaya,0,buffered_convex_hull_of_mapped_landslides,5019.0,14.631,0.99488,-0.10108,0.00040352,70.0,4675_1436
27.459554298074533,91.8237016953108,background,eastern_himalaya,0,buffered_convex_hull_of_mapped_landslides,3862.0,14.974,-0.3687,-0.92955,0.0046318,84.0,4591_1372
28.142981165146217,91.64669660708884,background,eastern_himalaya,0,buffered_convex_hull_of_mapped_landslides,4738.0,22.689,-0.96673,-0.2558,-0.00012881,82.0,4582_1407
29.90492944531733,94.81811794346156,background,eastern_himalaya,0,buffered_convex_hull_of_mapped_landslides,3755.0,32.322,-0.68707,0.72659,-0.00452689,172.0,4740_1495
28.42663777541404,94.69874312499478,background,eastern_himalaya,0,buffered_convex_hull_of_mapped_landslides,527.0,29.429,-0.5761,-0.81738,0.00326567,157.0,4734_1421
27.112941809011044,93.30775309159688,background,eastern_himalaya,0,buffered_convex_hull_of_mapped_landslides,668.0,20.194,0.50223,0.86474,-0.00485508,97.0,4665_1355
28.001374446156287,95.18872030416506,background,eastern_himalaya,0,buffered_convex_hull_of_mapped_landslides,438.0,17.196,0.4757,-0.87961,0.00047175,67.0,4759_1400
28.32039710957523,94.24146814116602,background,eastern_himalaya,0,buffered_convex_hull_of_mapped_landslides,2390.0,40.464,-0.95252,-0.30448,-0.00248878,211.0,4712_1416
27.203895952105142,93.40319591251006,background,eastern_himalaya,0,buffered_convex_hull_of_mapped_landslides,1193.0,17.695,-0.81841,0.57463,0.00173535,67.0,4670_1360
28.03107948985527,96.98913224349839,background,eastern_himalaya,0,buffered_convex_hull_of_mapped_landslides,1485.0,45.749,-0.7604,-0.64945,0.00343821,253.0,4849_1401
27.948851751982424,91.65278473603252,background,eastern_himalaya,0,buffered_convex_hull_of_mapped_landslides,4106.0,13.063,-0.52677,0.85001,-0.00104963,60.0,4582_1397
29.358350846586188,96.29452565378129,background,eastern_himalaya,0,buffered_convex_hull_of_mapped_landslides,4271.0,5.748,-0.63474,-0.77273,-0.0,25.0,4814_1467
30.254093908427684,96.03924916922948,background,eastern_himalaya,0,buffered_convex_hull_of_mapped_landslides,5144.0,6.436,0.61564,-0.78802,0.00371295,58.0,4801_1512
30.145439333233,96.12233878579474,background,eastern_himalaya,0,buffered_convex_hull_of_mapped_landslides,5116.0,18.349,-0.63233,-0.7747,0.00335271,86.0,4806_1507
28.80915537374719,94.09239595545425,background,eastern_himalaya,0,buffered_convex_hull_of_mapped_landslides,3149.0,20.272,-0.93257,0.36099,0.00169156,88.0,4704_1440
30.240414098867024,96.51101258351648,background,eastern_himalaya,0,buffered_convex_hull_of_mapped_landslides,5008.0,19.363,-0.98406,-0.17784,-0.00363137,73.0,4825_1512
28.606794027113114,95.18215637540149,background,eastern_himalaya,0,buffered_convex_hull_of_mapped_landslides,1778.0,25.583,-0.64984,-0.76008,-0.00507262,119.0,4759_1430
28.28400031339624,93.48116633253031,background,eastern_himalaya,0,buffered_convex_hull_of_mapped_landslides,3990.0,35.577,-0.1864,0.98247,-0.00070288,155.0,4674_1414
28.301261251132143,92.83205321969264,background,eastern_himalaya,0,buffered_convex_hull_of_mapped_landslides,3171.0,13.016,0.0721,-0.9974,-0.00454644,50.0,4641_1415
28.483602221091076,95.69588489434602,background,eastern_himalaya,0,buffered_convex_hull_of_mapped_landslides,1928.0,13.28,-0.44721,-0.89443,-0.01033335,81.0,4784_1424
29.038812060958005,96.72848803481934,background,eastern_himalaya,0,buffered_convex_hull_of_mapped_landslides,4011.0,31.181,-0.76426,-0.64491,0.00163857,157.0,4836_1451
28.716458108973107,91.8536759335181,background,eastern_himalaya,0,buffered_convex_hull_of_mapped_landslides,5308.0,17.843,0.932,0.36245,0.00156807,81.0,4592_1435
28.8929444548615,91.69222764262135,background,eastern_himalaya,0,buffered_convex_hull_of_mapped_landslides,5094.0,21.16,0.68894,0.72482,-0.00016394,94.0,4584_1444
28.788180763778758,96.60363124040182,background,eastern_himalaya,0,buffered_convex_hull_of_mapped_landslides,4381.0,25.502,-0.11937,0.99285,0.00153141,97.0,4830_1439
27.667550985981297,94.64229180239352,background,eastern_himalaya,0,buffered_convex_hull_of_mapped_landslides,676.0,7.705,-0.95466,0.29769,0.00644852,75.0,4732_1383
29.05741806684496,95.83770872732197,background,eastern_himalaya,0,buffered_convex_hull_of_mapped_landslides,1766.0,10.631,0.8509,-0.52534,0.00104161,46.0,4791_1452
30.163687300120635,96.27284712416888,background,eastern_himalaya,0,buffered_convex_hull_of_mapped_landslides,5286.0,11.935,0.99218,0.12484,-0.00082857,46.0,4813_1508
27.295664133065742,92.73826352214564,background,eastern_himalaya,0,buffered_convex_hull_of_mapped_landslides,759.0,24.479,0.99754,0.07016,0.00021919,99.0,4636_1364
28.456095957401487,91.90314248715404,background,eastern_himalaya,0,buffered_convex_hull_of_mapped_landslides,5041.0,18.08,0.13189,-0.99127,0.00023676,69.0,4595_1422
28.257161352985968,96.83125331449313,background,eastern_himalaya,0,buffered_convex_hull_of_mapped_landslides,3750.0,38.593,0.67871,0.7344,0.00140833,205.0,4841_1412
28.79906723886861,95.63360175904559,background,eastern_himalaya,0,buffered_convex_hull_of_mapped_landslides,2782.0,7.941,-0.81642,-0.57746,-0.00028508,44.0,4781_1439
28.06476316088851,91.60790563457658,background,eastern_himalaya,0,buffered_convex_hull_of_mapped_landslides,5479.0,36.714,-0.90883,-0.41717,0.00270189,185.0,4580_1403
29.241424634900213,94.82854168360572,background,eastern_himalaya,0,buffered_convex_hull_of_mapped_landslides,3378.0,44.549,0.99328,-0.1157,-0.0017926,229.0,4741_1462
27.757035022195083,93.33297265322456,background,eastern_himalaya,0,buffered_convex_hull_of_mapped_landslides,2043.0,25.849,-0.99763,0.0688,0.00154021,113.0,4666_1387
27.55729568772172,95.29902129784804,background,eastern_himalaya,0,buffered_convex_hull_of_mapped_landslides,119.0,0.252,-0.31623,-0.94868,-0.0001358,3.0,4764_1377
28.655947490112617,91.09099411215774,background,eastern_himalaya,0,buffered_convex_hull_of_mapped_landslides,5412.0,28.786,-0.25026,0.96818,-0.0008315,116.0,4554_1432
28.691185961950644,93.91351486067101,background,eastern_himalaya,0,buffered_convex_hull_of_mapped_landslides,2805.0,32.161,-0.42409,-0.90562,-0.00133385,147.0,4695_1434
28.590113119746363,93.685727573041,background,eastern_himalaya,0,buffered_convex_hull_of_mapped_landslides,3988.0,25.972,-0.70138,0.71279,-0.00113942,129.0,4684_1429
27.216288763898927,93.24400702902118,background,eastern_himalaya,0,buffered_convex_hull_of_mapped_landslides,1754.0,16.582,0.59701,0.80223,-0.00306476,92.0,4662_1360
27.754769946073512,94.41612077811725,background,eastern_himalaya,0,buffered_convex_hull_of_mapped_landslides,426.0,13.012,-0.29451,0.95565,0.00157969,51.0,4720_1387
28.56023369726856,97.07564050947879,background,eastern_himalaya,0,buffered_convex_hull_of_mapped_landslides,1967.0,41.571,0.80019,0.59975,-0.00431509,235.0,4853_1428
28.58214190854995,96.49618093496022,background,eastern_himalaya,0,buffered_convex_hull_of_mapped_landslides,4653.0,41.303,-0.22763,-0.97375,-0.00264969,227.0,4824_1429
29.605343174910566,94.7942516651563,background,eastern_himalaya,0,buffered_convex_hull_of_mapped_landslides,4583.0,22.474,0.75878,0.65134,-0.00022123,107.0,4739_1480
29.124745202094733,93.28785280292159,background,eastern_himalaya,0,buffered_convex_hull_of_mapped_landslides,5090.0,18.161,-0.71133,0.70286,-0.00155484,96.0,4664_1456
29.10178367694901,96.21870354045997,background,eastern_himalaya,0,buffered_convex_hull_of_mapped_landslides,4652.0,38.942,-0.93326,0.35921,0.0037325,179.0,4810_1455
29.2069260461048,92.73670832550978,background,eastern_himalaya,0,buffered_convex_hull_of_mapped_landslides,5047.0,32.09,-0.49614,-0.86824,0.00088824,150.0,4636_1460
30.202931224769447,94.95631941592517,background,eastern_himalaya,0,buffered_convex_hull_of_mapped_landslides,2863.0,26.775,-0.04129,-0.99915,-0.00220195,98.0,4747_1510
28.413457101911806,92.89581980254829,background,eastern_himalaya,0,buffered_convex_hull_of_mapped_landslides,3648.0,31.853,-0.34425,0.93888,-0.00193573,128.0,4644_1420
28.683063732871968,95.91671669951738,background,eastern_himalaya,0,buffered_convex_hull_of_mapped_landslides,2895.0,14.04,-0.98306,0.18328,-0.00357418,123.0,4795_1434
28.52917095153784,95.3994391420076,background,eastern_himalaya,0,buffered_convex_hull_of_mapped_landslides,2993.0,30.102,0.64207,0.76665,0.00213525,155.0,4769_1426
29.490098659384774,94.64801182779962,background,eastern_himalaya,0,buffered_convex_hull_of_mapped_landslides,3794.0,36.938,-0.0351,0.99938,0.00068831,151.0,4732_1474
27.903870374741377,96.48202520610268,background,eastern_himalaya,0,buffered_convex_hull_of_mapped_landslides,558.0,11.973,0.49119,0.87105,-0.00344408,66.0,4824_1395
27.653515130886124,91.41355352199807,background,eastern_himalaya,0,buffered_convex_hull_of_mapped_landslides,2244.0,9.388,-0.36123,0.93248,-0.00358042,71.0,4570_1382
28.762023852664058,92.35092895600029,background,eastern_himalaya,0,buffered_convex_hull_of_mapped_landslides,5066.0,26.577,-0.88011,0.47476,-0.0002706,126.0,4617_1438
29.53446322746524,96.40080584061708,background,eastern_himalaya,0,buffered_convex_hull_of_mapped_landslides,4300.0,18.429,-0.99616,0.08753,-0.00128479,111.0,4820_1476
27.578373270343057,95.20488260437561,background,eastern_himalaya,0,buffered_convex_hull_of_mapped_landslides,115.0,0.796,0.6,0.8,0.00057278,4.0,4760_1378
28.59164475220331,92.80523828450421,background,eastern_himalaya,0,buffered_convex_hull_of_mapped_landslides,4132.0,21.944,-0.99628,-0.08618,-0.00204506,93.0,4640_1429
27.90668807478299,91.36564528926337,background,eastern_himalaya,0,buffered_convex_hull_of_mapped_landslides,4367.0,41.602,-0.93543,-0.35352,-0.00376198,204.0,4568_1395
27.41829334872528,92.46735084656146,background,eastern_himalaya,0,buffered_convex_hull_of_mapped_landslides,2270.0,35.445,0.45655,-0.8897,0.00161771,161.0,4623_1370
29.348941753012028,94.12364490014215,background,eastern_himalaya,0,buffered_convex_hull_of_mapped_landslides,4719.0,35.985,0.45713,0.8894,-0.00350537,144.0,4706_1467
29.492505750275203,95.71191574340037,background,eastern_himalaya,0,buffered_convex_hull_of_mapped_landslides,2865.0,16.25,-0.09054,-0.99589,-0.00221408,113.0,4785_1474
28.490846063203918,95.93691579029644,background,eastern_himalaya,0,buffered_convex_hull_of_mapped_landslides,2171.0,33.981,-0.99939,-0.03503,0.00378568,166.0,4796_1424
27.797494016561508,95.97446374602085,background,eastern_himalaya,0,buffered_convex_hull_of_mapped_landslides,151.0,0.563,0.70711,0.70711,-0.0002469,5.0,4798_1389
27.58229974469874,92.82665470753265,background,eastern_himalaya,0,buffered_convex_hull_of_mapped_landslides,2226.0,36.76,-0.82366,0.56708,0.00262084,186.0,4641_1379
28.303109790815164,93.55703394185926,background,eastern_himalaya,0,buffered_convex_hull_of_mapped_landslides,3600.0,26.673,0.96489,-0.26265,-0.0002207,128.0,4677_1415
27.904598296780215,92.50510134359284,background,eastern_himalaya,0,buffered_convex_hull_of_mapped_landslides,5740.0,33.284,0.52256,0.8526,0.00263648,149.0,4625_1395
28.45937123512233,91.25242859270332,background,eastern_himalaya,0,buffered_convex_hull_of_mapped_landslides,4790.0,12.867,0.5533,-0.83298,0.00063619,54.0,4562_1422
28.226962871519238,92.43059309312032,background,eastern_himalaya,0,buffered_convex_hull_of_mapped_landslides,3808.0,8.567,-0.38723,-0.92198,-0.00398595,62.0,4621_1411
28.65689702306696,96.72382437279018,background,eastern_himalaya,0,buffered_convex_hull_of_mapped_landslides,3873.0,34.349,0.48978,-0.87185,0.00041213,156.0,4836_1432
29.890771483508445,94.75874872306144,background,eastern_himalaya,0,buffered_convex_hull_of_mapped_landslides,3543.0,36.094,0.84585,0.53342,0.00020034,165.0,4737_1494
30.02923623916813,96.44841805703294,background,eastern_himalaya,0,buffered_convex_hull_of_mapped_landslides,5224.0,32.051,-0.17303,-0.98492,-0.00134151,131.0,4822_1501
28.53325420990042,95.77518251113536,background,eastern_himalaya,0,buffered_convex_hull_of_mapped_landslides,1291.0,33.938,-0.17543,-0.98449,-7.721e-05,140.0,4788_1426
28.644809186646025,93.6235584431697,background,eastern_himalaya,0,buffered_convex_hull_of_mapped_landslides,3871.0,23.414,-0.92692,-0.37526,0.00071004,97.0,4681_1432
28.89159989476917,93.14538742932366,background,eastern_himalaya,0,buffered_convex_hull_of_mapped_landslides,5169.0,35.221,0.64134,-0.76725,-0.00388961,165.0,4657_1444
29.78865303202494,94.1368114438234,background,eastern_himalaya,0,buffered_convex_hull_of_mapped_landslides,4819.0,27.292,0.93677,0.34994,0.00083072,142.0,4706_1489
29.826159197634517,95.78581901030125,background,eastern_himalaya,0,buffered_convex_hull_of_mapped_landslides,2748.0,1.501,0.53,0.848,-0.00079734,16.0,4789_1491
28.043422756758254,96.44923653145565,background,eastern_himalaya,0,buffered_convex_hull_of_mapped_landslides,657.0,37.974,-0.22954,0.9733,0.0025866,186.0,4822_1402
27.888828269377118,93.10635530253597,background,eastern_himalaya,0,buffered_convex_hull_of_mapped_landslides,2118.0,23.474,-0.63324,0.77396,-0.00409961,111.0,4655_1394
28.854288403278797,92.71594359506382,background,eastern_himalaya,0,buffered_convex_hull_of_mapped_landslides,4597.0,30.496,0.9999,0.01415,0.00223301,121.0,4635_1442
27.560393176092443,92.38495894215751,background,eastern_himalaya,0,buffered_convex_hull_of_mapped_landslides,3611.0,27.601,0.84213,-0.53928,0.00216635,129.0,4619_1378
28.33926512509212,96.8559010421643,background,eastern_himalaya,0,buffered_convex_hull_of_mapped_landslides,4273.0,19.599,0.97128,-0.23794,0.0014922,78.0,4842_1416
29.269748771425387,96.06733292443963,background,eastern_himalaya,0,buffered_convex_hull_of_mapped_landslides,4552.0,17.833,0.9973,0.07339,-0.00468201,80.0,4803_1463
27.579314543724962,91.67029668130634,background,eastern_himalaya,0,buffered_convex_hull_of_mapped_landslides,2033.0,26.95,0.76214,0.64741,0.00363236,113.0,4583_1378
27.87755554656255,95.91579402211107,background,eastern_himalaya,0,buffered_convex_hull_of_mapped_landslides,152.0,0.928,0.85749,-0.5145,-0.00018153,4.0,4795_1393
29.714671559496217,94.99640370960634,background,eastern_himalaya,0,buffered_convex_hull_of_mapped_landslides,4104.0,34.631,0.13071,0.99142,0.00220626,154.0,4749_1485
27.91597006330222,91.96700587420509,background,eastern_himalaya,0,buffered_convex_hull_of_mapped_landslides,4617.0,7.757,0.04078,0.99917,-0.00024445,26.0,4598_1395
28.438298389912188,93.30008937506713,background,eastern_himalaya,0,buffered_convex_hull_of_mapped_landslides,2187.0,38.443,0.41116,-0.91156,-0.00034328,177.0,4665_1421
28.257188727331524,95.64096984169787,background,eastern_himalaya,0,buffered_convex_hull_of_mapped_landslides,330.0,1.355,0.76339,-0.64594,-9.235e-05,6.0,4782_1412
27.705003205897146,96.07421330364089,background,eastern_himalaya,0,buffered_convex_hull_of_mapped_landslides,247.0,1.108,0.93335,0.35898,-1.209e-05,7.0,4803_1385
28.727014287178307,91.78037266340645,background,eastern_himalaya,0,buffered_convex_hull_of_mapped_landslides,5195.0,21.742,-0.30995,-0.95075,0.00209518,89.0,4589_1436
29.48945037959287,93.0623508227003,background,eastern_himalaya,0,buffered_convex_hull_of_mapped_landslides,5304.0,16.134,-0.11043,-0.99388,-0.00069421,66.0,4653_1474
27.62400643154654,92.90013938145377,background,eastern_himalaya,0,buffered_convex_hull_of_mapped_landslides,1316.0,29.995,-0.98652,-0.16362,-0.00042769,121.0,4645_1381
28.363222052797195,91.69477183311133,background,eastern_himalaya,0,buffered_convex_hull_of_mapped_landslides,5091.0,21.847,0.68244,0.73094,-0.00068916,95.0,4584_1418
29.30006588432961,94.75364095071669,background,eastern_himalaya,0,buffered_convex_hull_of_mapped_landslides,5328.0,39.523,0.60269,-0.79798,-0.00633693,195.0,4737_1465
28.369219166968524,97.08659592831557,background,eastern_himalaya,0,buffered_convex_hull_of_mapped_landslides,3776.0,6.975,-0.63571,0.77193,0.00844865,78.0,4854_1418
27.663190859164228,93.56214761269965,background,eastern_himalaya,0,buffered_convex_hull_of_mapped_landslides,1562.0,10.356,0.94243,0.33441,-0.00245765,48.0,4678_1383
28.542934049494207,91.62547805544202,background,eastern_himalaya,0,buffered_convex_hull_of_mapped_landslides,5122.0,5.475,0.99989,-0.01449,0.00110591,29.0,4581_1427
29.675396172348833,96.57046581785225,background,eastern_himalaya,0,buffered_convex_hull_of_mapped_landslides,5299.0,17.957,-0.70281,-0.71138,0.00180719,92.0,4828_1483
27.909042911536158,92.17771372095717,background,eastern_himalaya,0,buffered_convex_hull_of_mapped_landslides,4576.0,32.105,0.57998,-0.81463,-0.00010076,145.0,4608_1395
27.444230940474096,92.10032720283445,background,eastern_himalaya,0,buffered_convex_hull_of_mapped_landslides,2657.0,28.028,0.45658,0.88968,0.0015303,129.0,4605_1372
28.33648550108217,96.81827661765843,background,eastern_himalaya,0,buffered_convex_hull_of_mapped_landslides,3925.0,28.069,0.84388,0.53654,0.00122966,142.0,4840_1416
27.11032838377326,93.08946873621724,background,eastern_himalaya,0,buffered_convex_hull_of_mapped_landslides,1613.0,34.109,-0.47165,-0.88178,0.00123702,150.0,4654_1355
27.697850237912764,95.71666798783585,background,eastern_himalaya,0,buffered_convex_hull_of_mapped_landslides,134.0,0.755,0.94868,-0.31623,-0.0,4.0,4785_1384
29.836719675312768,96.63750112066252,background,eastern_himalaya,0,buffered_convex_hull_of_mapped_landslides,5162.0,22.436,-0.40364,-0.91492,-0.00023079,98.0,4831_1491
27.75374530940008,96.1649678615295,background,eastern_himalaya,0,buffered_convex_hull_of_mapped_landslides,216.0,2.831,0.78632,0.61782,0.00108058,13.0,4808_1387
29.061185692597945,92.45000798064358,background,eastern_himalaya,0,buffered_convex_hull_of_mapped_landslides,3527.0,3.612,0.63802,-0.77002,-0.00252858,33.0,4622_1453
30.129162486924834,95.70251612792134,background,eastern_himalaya,0,buffered_convex_hull_of_mapped_landslides,3867.0,44.439,0.01133,-0.99994,8.881e-05,218.0,4785_1506
28.46739470705,95.34330790829381,background,eastern_himalaya,0,buffered_convex_hull_of_mapped_landslides,2523.0,31.833,1.0,0.00224,-0.00618831,144.0,4767_1423
28.755562012502082,96.35871541411106,background,eastern_himalaya,0,buffered_convex_hull_of_mapped_landslides,4044.0,37.559,-0.89587,0.44432,0.00122985,186.0,4817_1437
29.734828654863126,95.45556837186952,background,eastern_himalaya,0,buffered_convex_hull_of_mapped_landslides,3183.0,5.765,0.99049,0.13757,-0.00263955,56.0,4772_1486
27.95489204309477,95.48694012178501,background,eastern_himalaya,0,buffered_convex_hull_of_mapped_landslides,135.0,0.796,1.0,0.0,-0.00012344,5.0,4774_1397
27.789425448406636,91.16310182631338,background,eastern_himalaya,0,buffered_convex_hull_of_mapped_landslides,3072.0,29.547,0.48022,-0.87715,-0.00212325,136.0,4558_1389
28.681441718302935,93.79934619034131,background,eastern_himalaya,0,buffered_convex_hull_of_mapped_landslides,3684.0,32.873,-0.71565,0.69846,-0.00110763,164.0,4689_1434
28.31327449046128,94.34551427546967,background,eastern_himalaya,0,buffered_convex_hull_of_mapped_landslides,2495.0,38.449,0.79067,-0.61224,-0.00093038,198.0,4717_1415
30.04442574897386,95.74396021070177,background,eastern_himalaya,0,buffered_convex_hull_of_mapped_landslides,4593.0,39.29,0.4074,0.91325,0.00057528,193.0,4787_1502
28.7409685638881,94.99820605764496,background,eastern_himalaya,0,buffered_convex_hull_of_mapped_landslides,1441.0,40.945,-0.41621,-0.90927,-0.00038181,201.0,4749_1437
29.125703618026677,92.76667719652811,background,eastern_himalaya,0,buffered_convex_hull_of_mapped_landslides,4088.0,18.696,-0.98503,-0.17238,-0.00029175,70.0,4638_1456
28.370995170212108,90.9985307493893,background,eastern_himalaya,0,buffered_convex_hull_of_mapped_landslides,4663.0,36.681,-0.91366,0.40648,0.00063445,162.0,4549_1418
27.942181835725705,96.35091622275246,background,eastern_himalaya,0,buffered_convex_hull_of_mapped_landslides,1808.0,20.529,0.1632,-0.98659,0.00507034,76.0,4817_1397
28.272109717587522,95.75013242240883,background,eastern_himalaya,0,buffered_convex_hull_of_mapped_landslides,722.0,24.333,0.12592,-0.99204,-0.00056423,98.0,4787_1413
29.019236077720965,92.66264547727394,background,eastern_himalaya,0,buffered_convex_hull_of_mapped_landslides,4178.0,21.931,0.98314,-0.18283,-0.00225983,135.0,4633_1450
29.765202520451375,94.86475380073675,background,eastern_himalaya,0,buffered_convex_hull_of_mapped_landslides,4493.0,32.245,0.07266,-0.99736,-0.00198887,133.0,4743_1488
28.876080862497936,95.23062846568294,background,eastern_himalaya,0,buffered_convex_hull_of_mapped_landslides,2610.0,34.847,0.20148,0.97949,-0.00210302,154.0,4761_1443
27.17747276338194,93.74957065944031,background,eastern_himalaya,0,buffered_convex_hull_of_mapped_landslides,423.0,20.627,-0.91876,-0.39481,0.00354136,129.0,4687_1358
28.317733588870233,90.5677621508161,background,eastern_himalaya,0,buffered_convex_hull_of_mapped_landslides,4957.0,11.606,-0.19612,0.98058,-0.00010233,45.0,4528_1415
27.853832815372595,95.48935629726539,background,eastern_himalaya,0,buffered_convex_hull_of_mapped_landslides,125.0,0.656,0.97014,-0.24254,-0.00045022,5.0,4774_1392
29.48608258630773,96.28977252306684,background,eastern_himalaya,0,buffered_convex_hull_of_mapped_landslides,4923.0,7.069,-0.9632,-0.2688,0.00257252,85.0,4814_1474
29.597032129025408,93.99391832893525,background,eastern_himalaya,0,buffered_convex_hull_of_mapped_landslides,4610.0,36.853,0.86904,-0.49474,0.00260441,188.0,4699_1479
27.76405484756149,92.0385098104384,background,eastern_himalaya,0,buffered_convex_hull_of_mapped_landslides,4580.0,30.073,0.53967,-0.84188,0.00030921,151.0,4601_1388
29.116804123513756,95.2176131060443,background,eastern_himalaya,0,buffered_convex_hull_of_mapped_landslides,2888.0,51.134,0.90555,0.42423,0.00192595,295.0,4760_1455
28.769447557466318,95.45025382268813,background,eastern_himalaya,0,buffered_convex_hull_of_mapped_landslides,3220.0,24.9,0.96943,-0.24535,-0.00175014,137.0,4772_1438
28.495162172609074,93.61625415503059,background,eastern_himalaya,0,buffered_convex_hull_of_mapped_landslides,3669.0,38.344,0.95869,-0.28445,-0.0037618,182.0,4680_1424
27.6664406331821,94.74122622339704,background,eastern_himalaya,0,buffered_convex_hull_of_mapped_landslides,133.0,0.113,-0.70711,-0.70711,-6.173e-05,4.0,4737_1383
29.705577226740434,96.43663621658494,background,eastern_himalaya,0,buffered_convex_hull_of_mapped_landslides,5088.0,13.731,0.98902,-0.14778,-0.0005263,65.0,4821_1485
28.926493284183753,92.74964868546937,background,eastern_himalaya,0,buffered_convex_hull_of_mapped_landslides,5203.0,34.127,-0.48773,-0.87299,-0.00044254,158.0,4637_1446
30.073644373773174,96.53820213144498,background,eastern_himalaya,0,buffered_convex_hull_of_mapped_landslides,5075.0,22.029,0.41535,0.90966,-0.00230059,98.0,4826_1503
27.55817008470028,92.6305098789441,background,eastern_himalaya,0,buffered_convex_hull_of_mapped_landslides,2742.0,33.669,0.78188,-0.62342,0.00081529,176.0,4631_1377
29.580815944838083,94.32905357399777,background,eastern_himalaya,0,buffered_convex_hull_of_mapped_landslides,3409.0,20.039,0.06854,0.99765,-0.00058918,80.0,4716_1479
29.940905658466168,94.6759950176777,background,eastern_himalaya,0,buffered_convex_hull_of_mapped_landslides,3755.0,34.47,-0.97109,-0.23873,0.00021253,157.0,4733_1497
28.73774250792386,94.72772642405863,background,eastern_himalaya,0,buffered_convex_hull_of_mapped_landslides,1908.0,33.24,0.95365,-0.30093,0.00249886,178.0,4736_1436
28.48801273534779,95.23632423334877,background,eastern_himalaya,0,buffered_convex_hull_of_mapped_landslides,1105.0,12.174,-0.20601,0.97855,-4.097e-05,49.0,4761_1424
28.55571368466356,92.72568620720483,background,eastern_himalaya,0,buffered_convex_hull_of_mapped_landslides,3805.0,38.181,0.89015,0.45567,-0.00036062,198.0,4636_1427
27.506029688701606,92.14124000049604,background,eastern_himalaya,0,buffered_convex_hull_of_mapped_landslides,3821.0,29.351,-0.09632,-0.99535,-0.00056001,121.0,4607_1375
29.285522713548104,92.6170780839775,background,eastern_himalaya,0,buffered_convex_hull_of_mapped_landslides,5080.0,37.898,-0.91352,0.4068,0.00078143,180.0,4630_1464
28.02109222021188,95.59424061006106,background,eastern_himalaya,0,buffered_convex_hull_of_mapped_landslides,166.0,2.673,-0.8627,-0.50572,0.00077147,10.0,4779_1401
27.978832777993492,96.58547224294125,background,eastern_himalaya,0,buffered_convex_hull_of_mapped_landslides,2034.0,36.104,-0.02095,-0.99978,0.0010959,147.0,4829_1398
27.961505974876562,94.25095574592518,background,eastern_himalaya,0,buffered_convex_hull_of_mapped_landslides,796.0,27.117,-0.18985,0.98181,0.00134535,107.0,4712_1398
29.07102903972178,94.15134647164234,background,eastern_himalaya,0,buffered_convex_hull_of_mapped_landslides,4446.0,32.676,-0.17107,-0.98526,0.00137883,144.0,4707_1453
29.07665752112972,94.53511028179683,background,eastern_himalaya,0,buffered_convex_hull_of_mapped_landslides,3405.0,26.53,0.80958,-0.58701,0.00132999,137.0,4726_1453
29.27395474511102,94.976149001687,background,eastern_himalaya,0,buffered_convex_hull_of_mapped_landslides,3482.0,36.931,0.60236,0.79822,-0.00195021,188.0,4748_1463
28.486161760777364,90.86339288966059,background,eastern_himalaya,0,buffered_convex_hull_of_mapped_landslides,4977.0,18.918,-0.21478,-0.97666,-0.00189,99.0,4543_1424
27.28274002840234,93.15684043443518,background,eastern_himalaya,0,buffered_convex_hull_of_mapped_landslides,1286.0,30.415,-0.83278,-0.55361,0.00156604,157.0,4657_1364
28.46652548658931,91.87876069856891,background,eastern_himalaya,0,buffered_convex_hull_of_mapped_landslides,4996.0,20.296,-0.78488,-0.61964,0.00029462,100.0,4593_1423
27.785159983720632,95.44280163847907,background,eastern_himalaya,0,buffered_convex_hull_of_mapped_landslides,121.0,0.928,0.5145,-0.85749,-0.000403,3.0,4772_1389
28.816850173698406,96.03740552830942,background,eastern_himalaya,0,buffered_convex_hull_of_mapped_landslides,3395.0,26.42,-0.98122,-0.19289,0.00031062,125.0,4801_1440
28.572099597842993,95.562726541051,background,eastern_himalaya,0,buffered_convex_hull_of_mapped_landslides,1808.0,36.792,0.4847,-0.87468,0.00326791,199.0,4778_1428
29.06386906975044,93.77414496189058,background,eastern_himalaya,0,buffered_convex_hull_of_mapped_landslides,4268.0,24.575,0.56795,0.82307,-0.00335728,109.0,4688_1453
28.636448523443704,96.70990654090605,background,eastern_himalaya,0,buffered_convex_hull_of_mapped_landslides,4602.0,40.139,-0.16306,0.98662,-0.00050606,288.0,4835_1431
29.004646819895214,93.97587543226027,background,eastern_himalaya,0,buffered_convex_hull_of_mapped_landslides,4779.0,37.743,0.72307,0.69077,-0.00111154,219.0,4698_1450
28.60229348398723,93.88707128731674,background,eastern_himalaya,0,buffered_convex_hull_of_mapped_landslides,3925.0,17.64,-0.77745,0.62895,0.00013441,72.0,4694_1430
28.6421092853652,96.6668699046281,background,eastern_himalaya,0,buffered_convex_hull_of_mapped_landslides,4149.0,38.606,-0.99845,0.05566,-0.00068161,174.0,4833_1432
27.597433616309534,93.44126711936686,background,eastern_himalaya,0,buffered_convex_hull_of_mapped_landslides,2379.0,29.569,-0.81274,0.58263,0.00280564,144.0,4672_1379
29.4439725879798,95.6231217702311,background,eastern_himalaya,0,buffered_convex_hull_of_mapped_landslides,1958.0,33.329,-0.2091,-0.9779,0.00077619,141.0,4781_1472
29.136857307169848,92.58994452862557,background,eastern_himalaya,0,buffered_convex_hull_of_mapped_landslides,3268.0,24.312,0.70093,0.71323,-0.00310081,113.0,4629_1456
29.53144581097401,93.17891096670225,background,eastern_himalaya,0,buffered_convex_hull_of_mapped_landslides,5317.0,16.246,-0.79598,-0.60532,0.00102606,69.0,4658_1476
29.51958325115543,93.78109740275711,background,eastern_himalaya,0,buffered_convex_hull_of_mapped_landslides,4229.0,30.209,0.77289,-0.63454,-0.00207008,148.0,4689_1475
30.33072165696945,96.17420723770769,background,eastern_himalaya,0,buffered_convex_hull_of_mapped_landslides,4061.0,31.405,0.99185,0.12739,0.0013664,138.0,4808_1516
27.95167582460297,91.88956320985326,background,eastern_himalaya,0,buffered_convex_hull_of_mapped_landslides,4493.0,8.375,0.84906,-0.5283,-0.00059648,43.0,4594_1397
27.871405634926226,92.07091823879952,background,eastern_himalaya,0,buffered_convex_hull_of_mapped_landslides,4352.0,24.284,0.21856,0.97582,0.00057844,105.0,4603_1393
28.753274987477557,97.13651563152003,background,eastern_himalaya,0,buffered_convex_hull_of_mapped_landslides,4176.0,0.563,0.14142,-0.98995,-0.00036295,3.0,4856_1437
29.866705769872205,94.73155847835517,background,eastern_himalaya,0,buffered_convex_hull_of_mapped_landslides,3704.0,28.762,0.26569,-0.96406,-0.00039725,120.0,4736_1493
29.776034984688188,93.97508250589293,background,eastern_himalaya,0,buffered_convex_hull_of_mapped_landslides,3479.0,37.426,0.45735,0.88929,-0.0005447,198.0,4698_1488
28.462670587978614,92.43221885925009,background,eastern_himalaya,0,buffered_convex_hull_of_mapped_landslides,4421.0,21.806,-0.58321,0.81232,-0.00187763,100.0,4621_1423
29.661119747747694,96.56020870547613,background,eastern_himalaya,0,buffered_convex_hull_of_mapped_landslides,4949.0,23.185,-0.8626,0.50589,-0.00278713,107.0,4828_1483
28.06515064298464,92.19893636626786,background,eastern_himalaya,0,buffered_convex_hull_of_mapped_landslides,5390.0,23.36,-0.99365,-0.11255,0.00042464,88.0,4609_1403
28.866905135036948,94.10339982826032,background,eastern_himalaya,0,buffered_convex_hull_of_mapped_landslides,3434.0,34.542,-0.74249,-0.66986,-0.00064272,193.0,4705_1443
29.12051311402564,93.81733887003686,background,eastern_himalaya,0,buffered_convex_hull_of_mapped_landslides,2988.0,2.943,0.02702,-0.99963,-0.0003697,12.0,4690_1456
29.49646236570356,93.15196473806262,background,eastern_himalaya,0,buffered_convex_hull_of_mapped_landslides,5036.0,19.407,-0.29962,0.95406,0.0007271,99.0,4657_1474
28.0979888383262,92.64000561048617,background,eastern_himalaya,0,buffered_convex_hull_of_mapped_landslides,5929.0,29.973,0.84047,-0.54185,-0.00063483,151.0,4632_1404
28.48430211642842,96.17962094549577,background,eastern_himalaya,0,buffered_convex_hull_of_mapped_landslides,3087.0,33.482,-0.9491,-0.31497,-0.00559511,164.0,4808_1424
27.584457902080658,92.52231898095393,background,eastern_himalaya,0,buffered_convex_hull_of_mapped_landslides,2754.0,34.543,-0.99873,-0.05044,-0.00060213,150.0,4626_1379
27.912039197126692,94.84689788635956,background,eastern_himalaya,0,buffered_convex_hull_of_mapped_landslides,995.0,26.716,-0.73681,0.6761,0.00034328,138.0,4742_1395
28.478974479021826,94.50930418990829,background,eastern_himalaya,0,buffered_convex_hull_of_mapped_landslides,2450.0,36.872,0.01111,0.99994,-9e-08,142.0,4725_1423
27.23290143106428,93.38837570575437,background,eastern_himalaya,0,buffered_convex_hull_of_mapped_landslides,1578.0,16.251,0.75757,0.65275,-0.00328981,73.0,4669_1361
29.97725423513341,95.85255697814472,background,eastern_himalaya,0,buffered_convex_hull_of_mapped_landslides,4791.0,24.858,0.93534,-0.35375,-0.00258996,112.0,4792_1498
28.82919868536975,96.54512771405032,background,eastern_himalaya,0,buffered_convex_hull_of_mapped_landslides,3993.0,40.457,-0.72638,-0.68729,0.00137507,207.0,4827_1441
27.67063600609774,91.38354034941332,background,eastern_himalaya,0,buffered_convex_hull_of_mapped_landslides,2949.0,26.595,-0.26077,-0.9654,-0.00254215,111.0,4569_1383
29.4150685319654,94.87506154696136,background,eastern_himalaya,0,buffered_convex_hull_of_mapped_landslides,4336.0,36.101,-0.67994,-0.73327,0.00165616,193.0,4743_1470
27.99638550568159,93.7390164360506,background,eastern_himalaya,0,buffered_convex_hull_of_mapped_landslides,446.0,11.389,0.36544,-0.93084,-0.00393594,51.0,4686_1399
28.194861094292776,93.62377943639285,background,eastern_himalaya,0,buffered_convex_hull_of_mapped_landslides,1809.0,21.385,0.86184,0.50718,-0.00191805,98.0,4681_1409
29.370265364859982,92.76778514691622,background,eastern_himalaya,0,buffered_convex_hull_of_mapped_landslides,5088.0,15.4,-0.92778,0.37313,-0.00158045,76.0,4638_1468
29.03274060819584,94.76567072438704,background,eastern_himalaya,0,buffered_convex_hull_of_mapped_landslides,1802.0,31.464,0.5765,-0.81709,0.00129743,166.0,4738_1451
29.701458115951798,95.67382844215045,background,eastern_himalaya,0,buffered_convex_hull_of_mapped_landslides,3772.0,20.704,0.41159,0.91137,-0.00249773,88.0,4783_1485
29.009355192950046,93.60864473837348,background,eastern_himalaya,0,buffered_convex_hull_of_mapped_landslides,4872.0,23.19,0.93048,0.36635,0.00165804,116.0,4680_1450
28.51308066853096,91.88713022284153,background,eastern_himalaya,0,buffered_convex_hull_of_mapped_landslides,4679.0,15.753,0.53177,0.84689,-0.00137911,68.0,4594_1425
27.583340352767983,93.19035697713929,background,eastern_himalaya,0,buffered_convex_hull_of_mapped_landslides,2426.0,7.364,-0.35465,-0.935,0.00226397,64.0,4659_1379
30.08630645032213,96.0008819892034,background,eastern_himalaya,0,buffered_convex_hull_of_mapped_landslides,4441.0,35.359,0.5637,0.82598,0.00150178,177.0,4800_1504
30.235059943725645,95.58051196164854,background,eastern_himalaya,0,buffered_convex_hull_of_mapped_landslides,5119.0,24.873,-0.53027,-0.84783,0.00094908,113.0,4779_1511
27.254151013001717,94.12421875941371,background,eastern_himalaya,0,buffered_convex_hull_of_mapped_landslides,89.0,0.796,0.6,0.8,-0.0004049,5.0,4706_1362
29.044182928182597,96.17461124487829,background,eastern_himalaya,0,buffered_convex_hull_of_mapped_landslides,3710.0,41.331,-0.86384,-0.50377,-0.00401545,228.0,4808_1452
28.387298092279295,94.56524564044388,background,eastern_himalaya,0,buffered_convex_hull_of_mapped_landslides,1899.0,25.769,-0.84295,-0.53799,-0.00308663,127.0,4728_1419
27.50619086595467,94.27155220039869,background,eastern_himalaya,0,buffered_convex_hull_of_mapped_landslides,109.0,0.406,0.19612,0.98058,-0.00010446,4.0,4713_1375
29.829973883036928,95.35293319924425,background,eastern_himalaya,0,buffered_convex_hull_of_mapped_landslides,3348.0,35.977,-0.80931,-0.58738,0.00305568,188.0,4767_1491
28.696657760764666,93.59115951834343,background,eastern_himalaya,0,buffered_convex_hull_of_mapped_landslides,4155.0,29.44,-0.91053,0.41343,0.00213468,128.0,4679_1434
28.22601287869584,95.37582701628101,background,eastern_himalaya,0,buffered_convex_hull_of_mapped_landslides,1242.0,38.038,-0.20771,-0.97819,-0.00023223,179.0,4768_1411
27.72673953436887,91.55312146909377,background,eastern_himalaya,0,buffered_convex_hull_of_mapped_landslides,3268.0,44.873,-0.36272,-0.9319,0.00158639,243.0,4577_1386
27.712250635377124,95.38282360082351,background,eastern_himalaya,0,buffered_convex_hull_of_mapped_landslides,122.0,1.217,0.19612,-0.98058,-0.00012818,5.0,4769_1385
28.256796112116454,96.24151808555881,background,eastern_himalaya,0,buffered_convex_hull_of_mapped_landslides,3435.0,32.633,0.70276,0.71143,-0.00071885,162.0,4812_1412
27.800656983366927,96.18784607582987,background,eastern_himalaya,0,buffered_convex_hull_of_mapped_landslides,210.0,1.818,-0.39392,0.91915,0.00016169,8.0,4809_1390
30.08959403609182,94.59211171945245,background,eastern_himalaya,0,buffered_convex_hull_of_mapped_landslides,3821.0,48.736,0.80306,-0.5959,-0.00214421,324.0,4729_1504
27.231054614798733,92.68236028370117,background,eastern_himalaya,0,buffered_convex_hull_of_mapped_landslides,1544.0,34.326,-0.6631,-0.74853,-0.00099573,168.0,4634_1361
29.511822361906706,93.61058358348791,background,eastern_himalaya,0,buffered_convex_hull_of_mapped_landslides,4915.0,45.088,0.99969,0.02492,-0.00043419,191.0,4680_1475
28.112591475710566,92.30843028100252,background,eastern_himalaya,0,buffered_convex_hull_of_mapped_landslides,4990.0,23.276,-0.77165,-0.63605,0.00274506,111.0,4615_1405
28.73088148460949,96.14660907440943,background,eastern_himalaya,0,buffered_convex_hull_of_mapped_landslides,3325.0,35.951,0.99775,0.06703,-0.00048758,162.0,4807_1436
28.48466018677103,96.12629155521692,background,eastern_himalaya,0,buffered_convex_hull_of_mapped_landslides,4027.0,20.191,0.20772,-0.97819,0.00021086,97.0,4806_1424
29.167711697959525,96.88110861758213,background,eastern_himalaya,0,buffered_convex_hull_of_mapped_landslides,4635.0,7.621,-0.66436,-0.74741,-0.00354103,33.0,4844_1458
27.46628878341125,93.70616249027285,background,eastern_himalaya,0,buffered_convex_hull_of_mapped_landslides,889.0,14.575,0.65167,-0.7585,-0.00051068,50.0,4685_1373
28.46690910140542,91.3133466702848,background,eastern_himalaya,0,buffered_convex_hull_of_mapped_landslides,4897.0,20.86,0.82009,-0.57224,0.00235031,99.0,4565_1423
28.736911577721727,93.19325628997717,background,eastern_himalaya,0,buffered_convex_hull_of_mapped_landslides,4867.0,16.439,-0.89908,0.43777,-0.00046375,69.0,4659_1436
28.24181707204728,94.56284488193299,background,eastern_himalaya,0,buffered_convex_hull_of_mapped_landslides,1282.0,30.029,0.67518,-0.73765,-0.00258722,158.0,4728_1412
28.309833041368364,93.48214861449028,background,eastern_himalaya,0,buffered_convex_hull_of_mapped_landslides,3788.0,34.335,0.82351,0.56731,-0.0046168,139.0,4674_1415
28.255583495957787,95.90425267874939,background,eastern_himalaya,0,buffered_convex_hull_of_mapped_landslides,2536.0,32.989,0.74457,0.66755,-0.00200817,156.0,4795_1412
28.976304995715942,93.98808773308157,background,eastern_himalaya,0,buffered_convex_hull_of_mapped_landslides,4407.0,31.286,0.36112,-0.93252,0.00389916,134.0,4699_1448
28.40075332953874,92.717247047004,background,eastern_himalaya,0,buffered_convex_hull_of_mapped_landslides,4186.0,29.374,-0.54038,-0.84142,0.00155184,146.0,4635_1420
29.545484157698294,94.47374465147135,background,eastern_himalaya,0,buffered_convex_hull_of_mapped_landslides,3010.0,11.7,-0.16766,0.98584,2.379e-05,43.0,4723_1477
30.09792192456005,94.68587529641533,background,eastern_himalaya,0,buffered_convex_hull_of_mapped_landslides,3666.0,32.937,-0.91328,0.40733,-0.00241424,184.0,4734_1504
28.820825079599317,93.40265984751584,background,eastern_himalaya,0,buffered_convex_hull_of_mapped_landslides,5131.0,32.964,-0.89951,-0.4369,0.00019211,144.0,4670_1441
28.116731630118956,91.36097081547742,background,eastern_himalaya,0,buffered_convex_hull_of_mapped_landslides,4249.0,27.534,0.47156,0.88184,-7.303e-05,123.0,4568_1405
28.59630160597387,92.5739427919805,background,eastern_himalaya,0,buffered_convex_hull_of_mapped_landslides,3841.0,3.958,0.78282,0.62224,-0.0050109,79.0,4628_1429
28.579855090551103,97.05276279654768,background,eastern_himalaya,0,buffered_convex_hull_of_mapped_landslides,3150.0,41.135,0.99544,-0.09541,0.00021898,195.0,4852_1428
27.881223691176324,96.82935619738463,background,eastern_himalaya,0,buffered_convex_hull_of_mapped_landslides,1353.0,16.597,0.77354,-0.63375,0.00384707,103.0,4841_1394
27.296074179495847,93.80748687010909,background,eastern_himalaya,0,buffered_convex_hull_of_mapped_landslides,667.0,26.747,-0.98383,0.17913,0.00223736,126.0,4690_1364
28.678996686822963,92.12844912420411,background,eastern_himalaya,0,buffered_convex_hull_of_mapped_landslides,5044.0,20.481,0.38673,0.92219,0.00149704,83.0,4606_1433
28.49088523203366,96.24131034153368,background,eastern_himalaya,0,buffered_convex_hull_of_mapped_landslides,2975.0,40.616,-0.96363,-0.26723,0.00314619,198.0,4812_1424
28.766474727982935,93.0257532183232,background,eastern_himalaya,0,buffered_convex_hull_of_mapped_landslides,4954.0,18.469,0.82754,-0.5614,-0.00171957,78.0,4651_1438
27.661924235429918,93.03909250522094,background,eastern_himalaya,0,buffered_convex_hull_of_mapped_landslides,735.0,29.899,0.60386,-0.79709,-0.0006321,137.0,4651_1383
27.59889401501038,95.0123316476887,background,eastern_himalaya,0,buffered_convex_hull_of_mapped_landslides,110.0,0.606,0.39392,-0.91915,-0.00010429,5.0,4750_1379
27.873424316019673,94.97657621704248,background,eastern_himalaya,0,buffered_convex_hull_of_mapped_landslides,391.0,22.003,0.3059,-0.95206,0.00121291,102.0,4748_1393
28.158752357643607,92.78836222086775,background,eastern_himalaya,0,buffered_convex_hull_of_mapped_landslides,5036.0,40.408,0.98867,-0.1501,-0.00152821,220.0,4639_1407
28.551893539293825,95.2637256572513,background,eastern_himalaya,0,buffered_convex_hull_of_mapped_landslides,1939.0,21.621,0.85501,0.51861,-0.00168755,103.0,4763_1427
27.707529119786344,94.27229610310695,background,eastern_himalaya,0,buffered_convex_hull_of_mapped_landslides,1415.0,36.052,-0.48272,-0.87577,-0.00167941,159.0,4713_1385
28.137999484501606,96.51902134008415,background,eastern_himalaya,0,buffered_convex_hull_of_mapped_landslides,1650.0,26.452,0.89048,-0.45501,0.00317909,138.0,4825_1406
27.789852894168128,91.20482749620763,background,eastern_himalaya,0,buffered_convex_hull_of_mapped_landslides,3310.0,35.147,-0.76741,-0.64115,0.00214346,182.0,4560_1389
30.123801899920316,95.8812587376657,background,eastern_himalaya,0,buffered_convex_hull_of_mapped_landslides,4388.0,38.458,0.09968,-0.99502,-0.00086623,153.0,4794_1506
29.36675610585694,94.50906978993243,background,eastern_himalaya,0,buffered_convex_hull_of_mapped_landslides,4247.0,33.111,-0.39186,0.92002,-0.00166191,144.0,4725_1468
30.310602703742486,95.2420544609581,background,eastern_himalaya,0,buffered_convex_hull_of_mapped_landslides,4880.0,20.751,0.79912,-0.60117,0.00269137,100.0,4762_1515
27.53719064685893,92.69470043520245,background,eastern_himalaya,0,buffered_convex_hull_of_mapped_landslides,2373.0,29.959,-0.00241,1.0,-0.00256709,132.0,4634_1376
28.7749174844767,93.91089688257479,background,eastern_himalaya,0,buffered_convex_hull_of_mapped_landslides,4580.0,14.073,0.22162,0.97513,-0.00416989,58.0,4695_1438
27.795809411155826,91.09741013595337,background,eastern_himalaya,0,buffered_convex_hull_of_mapped_landslides,2315.0,37.481,-0.87124,-0.49086,0.00026676,177.0,4554_1389
27.637724985257652,92.26894055025802,background,eastern_himalaya,0,buffered_convex_hull_of_mapped_landslides,4615.0,22.495,0.82842,0.56011,0.00165726,95.0,4613_1381
28.28007814541449,92.94859936298768,background,eastern_himalaya,0,buffered_convex_hull_of_mapped_landslides,5157.0,29.666,0.61933,0.78513,-0.00136077,147.0,4647_1414
28.08878888049075,92.67737436878778,background,eastern_himalaya,0,buffered_convex_hull_of_mapped_landslides,6093.0,10.289,0.84929,0.52793,-0.00018918,44.0,4633_1404
28.770152436623803,93.80855120373715,background,eastern_himalaya,0,buffered_convex_hull_of_mapped_landslides,4240.0,25.749,-0.90997,-0.41467,-0.0005107,116.0,4690_1438
29.81424783277145,95.59240759398392,background,eastern_himalaya,0,buffered_convex_hull_of_mapped_landslides,3722.0,31.003,-0.95452,0.29814,0.00026807,132.0,4779_1490
28.44442583400215,96.48761695085945,background,eastern_himalaya,0,buffered_convex_hull_of_mapped_landslides,3927.0,32.007,-0.9755,0.21999,0.00075475,130.0,4824_1422
29.687687195664605,95.60691521907086,background,eastern_himalaya,0,buffered_convex_hull_of_mapped_landslides,2974.0,14.063,-0.95919,-0.28277,0.00123114,54.0,4780_1484
29.663708117026268,95.62958770406266,background,eastern_himalaya,0,buffered_convex_hull_of_mapped_landslides,3538.0,29.078,0.49452,0.86916,-0.00134753,137.0,4781_1483
29.856312712644144,94.48084817728457,background,eastern_himalaya,0,buffered_convex_hull_of_mapped_landslides,4584.0,26.18,0.85599,0.51699,0.00059888,116.0,4724_1492
27.915022632275384,91.02643472971889,background,eastern_himalaya,0,buffered_convex_hull_of_mapped_landslides,3970.0,21.785,-0.07298,0.99733,0.00342759,125.0,4551_1395
27.134859953700513,93.19204953237951,background,eastern_himalaya,0,buffered_convex_hull_of_mapped_landslides,1728.0,11.372,0.97369,-0.22788,0.00192396,46.0,4659_1356
27.879232207376358,93.4251060117617,background,eastern_himalaya,0,buffered_convex_hull_of_mapped_landslides,1424.0,35.114,0.70908,0.70513,-0.00045473,183.0,4671_1393
28.41352682381951,93.04523618618187,background,eastern_himalaya,0,buffered_convex_hull_of_mapped_landslides,4609.0,41.258,-0.97689,0.21374,-3.015e-05,173.0,4652_1420
27.896366596447002,96.37743188899512,background,eastern_himalaya,0,buffered_convex_hull_of_mapped_landslides,821.0,28.472,0.87075,0.49172,0.00326773,138.0,4818_1394
28.416428493358705,96.47555660196684,background,eastern_himalaya,0,buffered_convex_hull_of_mapped_landslides,3251.0,31.852,0.16766,-0.98584,-0.00107393,132.0,4823_1420
28.672202464122947,92.60068966912604,background,eastern_himalaya,0,buffered_convex_hull_of_mapped_landslides,4981.0,20.577,0.21458,-0.97671,0.0015383,84.0,4630_1433
27.85302980499803,93.21646373902281,background,eastern_himalaya,0,buffered_convex_hull_of_mapped_landslides,1907.0,32.806,0.21761,0.97603,0.00035552,154.0,4660_1392
27.500249247929233,93.7980068657933,background,eastern_himalaya,0,buffered_convex_hull_of_mapped_landslides,1531.0,25.717,-0.90838,0.41814,0.00300863,116.0,4689_1375
28.883656337746086,92.76585056968861,background,eastern_himalaya,0,buffered_convex_hull_of_mapped_landslides,4446.0,15.613,0.93936,-0.34294,-0.00165064,66.0,4638_1444
30.226343078542676,95.72910695442894,background,eastern_himalaya,0,buffered_convex_hull_of_mapped_landslides,3205.0,26.574,0.85798,0.51368,0.00030823,126.0,4786_1511
27.560989820151715,93.96082986976292,background,eastern_himalaya,0,buffered_convex_hull_of_mapped_landslides,2409.0,10.394,0.99954,0.03029,0.00412777,42.0,4698_1378
28.94504900636621,95.95851246666932,background,eastern_himalaya,0,buffered_convex_hull_of_mapped_landslides,2217.0,31.377,0.99296,0.11843,-0.00033986,122.0,4797_1447
29.719441236807043,94.44966618056186,background,eastern_himalaya,0,buffered_convex_hull_of_mapped_landslides,4509.0,12.073,0.0,1.0,0.00108654,69.0,4722_1485
28.956653994271885,92.56959246058301,background,eastern_himalaya,0,buffered_convex_hull_of_mapped_landslides,4308.0,20.368,-0.71455,-0.69959,-0.00086681,98.0,4628_1447
28.472184191182855,95.27269902789702,background,eastern_himalaya,0,buffered_convex_hull_of_mapped_landslides,1765.0,15.325,0.76531,0.64367,0.00031639,67.0,4763_1423
28.604914730455576,96.33032576445072,background,eastern_himalaya,0,buffered_convex_hull_of_mapped_landslides,4428.0,44.106,-0.21207,0.97725,0.00402812,205.0,4816_1430
28.044657514791428,96.84357346479602,background,eastern_himalaya,0,buffered_convex_hull_of_mapped_landslides,2649.0,30.718,-0.53294,-0.84615,0.00147144,153.0,4842_1402
28.504913103665857,92.78799970056956,background,eastern_himalaya,0,buffered_convex_hull_of_mapped_landslides,4925.0,34.41,-0.99762,-0.06894,0.00019984,137.0,4639_1425
27.628045810171802,93.20563474007962,background,eastern_himalaya,0,buffered_convex_hull_of_mapped_landslides,2101.0,25.608,0.15358,-0.98814,0.00094053,102.0,4660_1381
27.83944693477696,96.50727289385111,background,eastern_himalaya,0,buffered_convex_hull_of_mapped_landslides,2286.0,17.968,-0.73234,-0.68094,0.00469545,105.0,4825_1391
29.183299864682912,92.67742994435291,background,eastern_himalaya,0,buffered_convex_hull_of_mapped_landslides,3774.0,37.311,0.98958,-0.14397,-0.0032795,167.0,4633_1459
29.921163698771107,95.48119977003455,background,eastern_himalaya,0,buffered_convex_hull_of_mapped_landslides,3259.0,30.682,-0.80056,-0.59925,-4.051e-05,151.0,4774_1496
28.062847890576446,91.29063546583028,background,eastern_himalaya,0,buffered_convex_hull_of_mapped_landslides,5326.0,36.973,-0.16051,-0.98703,-0.00379281,159.0,4564_1403
28.78802626108763,92.878236050417,background,eastern_himalaya,0,buffered_convex_hull_of_mapped_landslides,5337.0,8.142,-0.99995,0.00971,0.01209787,67.0,4643_1439
27.19558716345738,92.3888537994271,background,eastern_himalaya,0,buffered_convex_hull_of_mapped_landslides,1952.0,26.695,0.01657,0.99986,0.00220498,98.0,4619_1359
27.843596315495468,92.8818937434012,background,eastern_himalaya,0,buffered_convex_hull_of_mapped_landslides,3104.0,27.45,0.25133,0.9679,0.00053852,113.0,4644_1392
27.651151111019534,92.99858375832946,background,eastern_himalaya,0,buffered_convex_hull_of_mapped_landslides,955.0,19.209,-0.58199,0.81319,-0.00063746,84.0,4649_1382
29.08803910369522,92.14940549076412,background,eastern_himalaya,0,buffered_convex_hull_of_mapped_landslides,4056.0,8.004,-0.06914,0.99761,-0.00194321,44.0,4607_1454
28.147132554816512,93.01386961492943,background,eastern_himalaya,0,buffered_convex_hull_of_mapped_landslides,4386.0,34.312,0.93208,-0.36225,-0.00070365,156.0,4650_1407
29.57227245427955,94.01180827546509,background,eastern_himalaya,0,buffered_convex_hull_of_mapped_landslides,4790.0,35.597,-0.60341,-0.79743,-0.00068418,179.0,4700_1478
28.95626809283427,92.95029072944854,background,eastern_himalaya,0,buffered_convex_hull_of_mapped_landslides,4709.0,29.626,0.82061,-0.57149,0.00098358,138.0,4647_1447
28.73725803870353,96.97167489314769,background,eastern_himalaya,0,buffered_convex_hull_of_mapped_landslides,4416.0,14.357,-0.65658,-0.75425,0.00132786,62.0,4848_1436
29.645160932668315,96.58547877334601,background,eastern_himalaya,0,buffered_convex_hull_of_mapped_landslides,5142.0,30.594,-0.13155,-0.99131,-0.00141279,154.0,4829_1482
28.426880881258384,90.75828114582013,background,eastern_himalaya,0,buffered_convex_hull_of_mapped_landslides,4615.0,27.659,-0.9964,0.0848,-0.00052079,131.0,4537_1421
30.290231819270787,95.13751558538053,background,eastern_himalaya,0,buffered_convex_hull_of_mapped_landslides,5271.0,39.637,0.31019,0.95068,0.0102112,169.0,4756_1514
27.303037148028693,93.4946712596064,background,eastern_himalaya,0,buffered_convex_hull_of_mapped_landslides,1694.0,17.727,-0.51705,-0.85596,0.00459777,78.0,4674_1365
27.415912732288923,94.20422861886651,background,eastern_himalaya,0,buffered_convex_hull_of_mapped_landslides,95.0,0.356,-0.89443,-0.44721,-0.0,3.0,4710_1370
28.689461943778674,95.50177515165515,background,eastern_himalaya,0,buffered_convex_hull_of_mapped_landslides,3523.0,37.022,0.95948,0.28177,0.00010006,194.0,4775_1434
29.898088207209266,95.3094599077917,background,eastern_himalaya,0,buffered_convex_hull_of_mapped_landslides,4076.0,44.39,-0.62001,-0.78459,0.00039414,271.0,4765_1494
29.03954161348864,94.66254789604024,background,eastern_himalaya,0,buffered_convex_hull_of_mapped_landslides,3120.0,31.81,0.36946,0.92925,-0.00061983,166.0,4733_1451
29.808174853841155,95.52266303501726,background,eastern_himalaya,0,buffered_convex_hull_of_mapped_landslides,3538.0,23.696,0.75002,-0.66141,-0.00163924,103.0,4776_1490
27.71567770946471,94.16438771600063,background,eastern_himalaya,0,buffered_convex_hull_of_mapped_landslides,1009.0,42.479,0.91161,0.41106,0.00041414,211.0,4708_1385
29.15970206771963,96.2468911905327,background,eastern_himalaya,0,buffered_convex_hull_of_mapped_landslides,4038.0,24.096,-0.11179,0.99373,-0.00293862,94.0,4812_1457
27.62155969660689,93.2334383646769,background,eastern_himalaya,0,buffered_convex_hull_of_mapped_landslides,2972.0,28.93,0.92726,0.37442,-0.00047263,129.0,4661_1381
29.344763005612712,92.67748313294794,background,eastern_himalaya,0,buffered_convex_hull_of_mapped_landslides,5208.0,9.156,-0.73249,-0.68078,-9.516e-05,38.0,4633_1467
29.54670814709913,96.43643124431141,background,eastern_himalaya,0,buffered_convex_hull_of_mapped_landslides,4276.0,34.212,0.9499,0.31255,-0.00279173,137.0,4821_1477
27.969784692183065,91.72420708814732,background,eastern_himalaya,0,buffered_convex_hull_of_mapped_landslides,4571.0,23.301,-0.50307,-0.86425,-0.00159022,106.0,4586_1398
28.02096864258378,94.53638800700007,background,eastern_himalaya,0,buffered_convex_hull_of_mapped_landslides,519.0,24.736,-0.62101,-0.7838,-0.00054805,109.0,4726_1401
27.125054418559802,92.40430477120397,background,eastern_himalaya,0,buffered_convex_hull_of_mapped_landslides,2802.0,12.388,0.49954,0.86629,-0.00075447,65.0,4620_1356
28.617176084625818,93.58548700412535,background,eastern_himalaya,0,buffered_convex_hull_of_mapped_landslides,3075.0,30.702,0.94727,0.32043,-0.00044641,143.0,4679_1430
28.07782752576158,93.3423985269449,background,eastern_himalaya,0,buffered_convex_hull_of_mapped_landslides,1762.0,25.739,0.57906,-0.81529,0.00522215,117.0,4667_1403
28.433738245560384,93.92833563197611,background,eastern_himalaya,0,buffered_convex_hull_of_mapped_landslides,2118.0,39.926,0.99243,-0.12281,0.00261095,163.0,4696_1421
29.99418839663299,94.45180134469943,background,eastern_himalaya,0,buffered_convex_hull_of_mapped_landslides,4325.0,13.152,0.95103,0.30909,0.00370992,83.0,4722_1499
27.596838017746798,92.99010861597887,background,eastern_himalaya,0,buffered_convex_hull_of_mapped_landslides,1219.0,30.47,-0.40131,-0.91594,0.00236166,140.0,4649_1379
27.95361600670749,92.76715510353395,background,eastern_himalaya,0,buffered_convex_hull_of_mapped_landslides,4961.0,41.774,0.86293,-0.50532,-0.0014302,215.0,4638_1397
27.261239268509836,93.11739205245964,background,eastern_himalaya,0,buffered_convex_hull_of_mapped_landslides,1491.0,9.945,0.53071,0.84755,0.00145419,42.0,4655_1363
27.655021412908113,91.786956127493,background,eastern_himalaya,0,buffered_convex_hull_of_mapped_landslides,3893.0,31.7,0.77135,0.63642,0.00010092,161.0,4589_1382
28.657119036019452,94.28386755144123,background,eastern_himalaya,0,buffered_convex_hull_of_mapped_landslides,2255.0,16.996,0.21356,0.97693,-0.00199673,101.0,4714_1432
28.251899768103737,94.33040979842414,background,eastern_himalaya,0,buffered_convex_hull_of_mapped_landslides,1818.0,25.133,-0.99768,0.06809,0.00154817,105.0,4716_1412
29.297926870065336,93.2893781570195,background,eastern_himalaya,0,buffered_convex_hull_of_mapped_landslides,4957.0,6.843,0.91429,-0.40506,-0.00080151,32.0,4664_1464
28.227961241412878,96.30091648902156,background,eastern_himalaya,0,buffered_convex_hull_of_mapped_landslides,2219.0,38.141,0.96749,0.25293,-0.00133453,181.0,4815_1411
27.955577392249772,95.33992506636355,background,eastern_himalaya,0,buffered_convex_hull_of_mapped_landslides,143.0,0.503,0.31623,-0.94868,0.00048146,3.0,4766_1397
29.785034543529505,96.26196730466171,background,eastern_himalaya,0,buffered_convex_hull_of_mapped_landslides,4301.0,35.94,-0.98665,-0.16285,-0.00124716,160.0,4813_1489
28.825120879512497,91.96322026292964,background,eastern_himalaya,0,buffered_convex_hull_of_mapped_landslides,5848.0,37.42,0.95119,-0.30859,-0.00142873,172.0,4598_1441
28.66601636163713,93.70365045898903,background,eastern_himalaya,0,buffered_convex_hull_of_mapped_landslides,4626.0,28.436,-0.20006,-0.97978,-0.00014332,113.0,4685_1433
29.282731594946075,94.91085489788442,background,eastern_himalaya,0,buffered_convex_hull_of_mapped_landslides,3885.0,38.494,0.46805,0.8837,-0.00587479,195.0,4745_1464
28.39171302631338,92.15913421271955,background,eastern_himalaya,0,buffered_convex_hull_of_mapped_landslides,4203.0,6.505,-0.82828,0.56031,-0.00058193,27.0,4607_1419
28.73546389038907,92.86616438899925,background,eastern_himalaya,0,buffered_convex_hull_of_mapped_landslides,5351.0,15.962,-0.3739,-0.92747,0.00100697,71.0,4643_1436
28.08536190653484,93.5210428000996,background,eastern_himalaya,0,buffered_convex_hull_of_mapped_landslides,1988.0,19.977,0.11462,0.99341,0.00018937,82.0,4676_1404
27.83124414166472,92.44781961978885,background,eastern_himalaya,0,buffered_convex_hull_of_mapped_landslides,5775.0,7.36,0.95693,-0.29031,-0.0018868,27.0,4622_1391
27.494032915250095,92.85566259816675,background,eastern_himalaya,0,buffered_convex_hull_of_mapped_landslides,1915.0,33.736,-0.14142,0.98995,-0.00175561,146.0,4642_1374
29.005055933172468,96.32739910394508,background,eastern_himalaya,0,buffered_convex_hull_of_mapped_landslides,3782.0,37.626,-0.87568,0.48289,0.00155131,181.0,4816_1450
27.78674257549771,96.16007726198882,background,eastern_himalaya,0,buffered_convex_hull_of_mapped_landslides,201.0,0.563,0.98995,0.14142,0.0004938,5.0,4808_1389
29.51952355152074,94.41048031184451,background,eastern_himalaya,0,buffered_convex_hull_of_mapped_landslides,3339.0,27.587,0.18076,-0.98353,-2.145e-05,125.0,4720_1475
27.029520158765404,92.81565756498871,background,eastern_himalaya,0,buffered_convex_hull_of_mapped_landslides,215.0,12.284,-0.84836,-0.52943,0.00277538,54.0,4640_1351
27.626194737375325,92.12010820998579,background,eastern_himalaya,0,buffered_convex_hull_of_mapped_landslides,3711.0,36.036,0.64337,0.76555,0.00253753,185.0,4606_1381
29.640476642507075,94.44000574789318,background,eastern_himalaya,0,buffered_convex_hull_of_mapped_landslides,3771.0,15.19,-0.94128,-0.33763,0.00037411,59.0,4722_1482
29.975546682497644,95.51241317211343,background,eastern_himalaya,0,buffered_convex_hull_of_mapped_landslides,4232.0,29.907,0.10142,0.99484,-0.00035737,120.0,4775_1498
27.819261603090492,95.87323749117806,background,eastern_himalaya,0,buffered_convex_hull_of_mapped_landslides,150.0,1.611,-0.34571,0.93834,-0.00010866,6.0,4793_1390
27.986828526549484,94.16224539632063,background,eastern_himalaya,0,buffered_convex_hull_of_mapped_landslides,994.0,18.674,0.42738,0.90407,-0.00403957,78.0,4708_1399
30.24972593931617,95.02507340177081,background,eastern_himalaya,0,buffered_convex_hull_of_mapped_landslides,3708.0,6.321,0.99044,0.13791,0.00247746,26.0,4751_1512
28.788911549381805,93.2107757324416,background,eastern_himalaya,0,buffered_convex_hull_of_mapped_landslides,5113.0,14.398,-0.81153,0.5843,0.00554173,82.0,4660_1439
27.351496517352306,93.69144336135598,background,eastern_himalaya,0,buffered_convex_hull_of_mapped_landslides,1643.0,29.18,0.84814,0.52978,0.00390306,138.0,4684_1367
28.75615926844812,91.97690370218662,background,eastern_himalaya,0,buffered_convex_hull_of_mapped_landslides,5106.0,38.085,0.94286,0.33319,0.00017285,167.0,4598_1437
29.41802305198268,96.52030047606483,background,eastern_himalaya,0,buffered_convex_hull_of_mapped_landslides,4867.0,10.055,-0.10183,0.9948,0.00085849,47.0,4826_1470
29.52378132349514,94.68090101120323,background,eastern_himalaya,0,buffered_convex_hull_of_mapped_landslides,3495.0,27.487,-0.28563,-0.95834,0.00076894,119.0,4734_1476
29.393460518836278,96.02677884419546,background,eastern_himalaya,0,buffered_convex_hull_of_mapped_landslides,4427.0,20.472,-0.68826,0.72546,-0.00206363,112.0,4801_1469
28.07054155112091,94.36969693024116,background,eastern_himalaya,0,buffered_convex_hull_of_mapped_landslides,1411.0,31.523,-0.73593,0.67706,-0.00100861,150.0,4718_1403
30.19084987576728,95.13036238057829,background,eastern_himalaya,0,buffered_convex_hull_of_mapped_landslides,4083.0,35.094,0.51391,0.85784,-0.00074905,177.0,4756_1509
29.212992067501144,94.37890924716032,background,eastern_himalaya,0,buffered_convex_hull_of_mapped_landslides,4253.0,27.607,0.28418,0.95877,-0.00057351,107.0,4718_1460
29.5196756881434,93.34918798339608,background,eastern_himalaya,0,buffered_convex_hull_of_mapped_landslides,5285.0,34.015,-0.8129,0.58241,0.00037231,173.0,4667_1475
28.795595480532004,91.74207971863082,background,eastern_himalaya,0,buffered_convex_hull_of_mapped_landslides,5079.0,19.11,-0.1884,-0.98209,0.00030027,78.0,4587_1439
28.902969655978886,93.65214236752627,background,eastern_himalaya,0,buffered_convex_hull_of_mapped_landslides,4743.0,22.186,-0.52448,-0.85142,-0.00185164,90.0,4682_1445
28.343932909935063,90.69224591892149,background,eastern_himalaya,0,buffered_convex_hull_of_mapped_landslides,5046.0,29.055,-0.99999,-0.005,0.00571967,122.0,4534_1417
28.948488245763205,94.34780052131867,background,eastern_himalaya,0,buffered_convex_hull_of_mapped_landslides,4049.0,9.075,-0.87823,0.47824,0.00015041,45.0,4717_1447
29.39969426383109,94.85690180383699,background,eastern_himalaya,0,buffered_convex_hull_of_mapped_landslides,3444.0,11.389,-0.93084,-0.36544,-0.00033037,43.0,4742_1469
29.63370082761235,94.74881245770241,background,eastern_himalaya,0,buffered_convex_hull_of_mapped_landslides,4152.0,20.406,-0.9632,-0.2688,0.00115842,82.0,4737_1481
28.7891457633182,94.6338775748872,background,eastern_himalaya,0,buffered_convex_hull_of_mapped_landslides,2257.0,46.777,0.64875,0.761,-0.0043086,261.0,4731_1439
27.331133499311985,94.50677150207974,background,eastern_himalaya,0,buffered_convex_hull_of_mapped_landslides,99.0,0.252,-0.94868,-0.31623,2.469e-05,2.0,4725_1366
28.755368699661968,92.22650200194937,background,eastern_himalaya,0,buffered_convex_hull_of_mapped_landslides,4884.0,16.232,-0.26715,0.96365,0.00139704,57.0,4611_1437
29.262136758520583,96.33344426719603,background,eastern_himalaya,0,buffered_convex_hull_of_mapped_landslides,3546.0,10.452,-0.4442,-0.89593,2.396e-05,44.0,4816_1463
28.976106769178628,96.02159578946632,background,eastern_himalaya,0,buffered_convex_hull_of_mapped_landslides,3818.0,36.376,-0.28094,0.95973,0.000497,165.0,4801_1448
28.124436194802733,94.40520677500412,background,eastern_himalaya,0,buffered_convex_hull_of_mapped_landslides,2054.0,3.827,0.74741,0.66436,0.00341,50.0,4720_1406
28.72981799402886,95.3086996528532,background,eastern_himalaya,0,buffered_convex_hull_of_mapped_landslides,3044.0,33.757,-0.55901,0.82916,0.00038493,178.0,4765_1436
27.161331835245033,92.87747072506886,background,eastern_himalaya,0,buffered_convex_hull_of_mapped_landslides,1475.0,27.674,-0.76539,0.64356,0.00109661,124.0,4643_1358
27.777735112492373,93.81494641779786,background,eastern_himalaya,0,buffered_convex_hull_of_mapped_landslides,829.0,21.749,-0.34118,0.94,0.00240804,104.0,4690_1388
28.12348075318466,91.08029781122666,background,eastern_himalaya,0,buffered_convex_hull_of_mapped_landslides,3694.0,24.312,0.70403,0.71017,-0.00128651,119.0,4554_1406
28.27397981061474,95.941417854277,background,eastern_himalaya,0,buffered_convex_hull_of_mapped_landslides,1349.0,55.478,-0.72129,0.69263,-0.00127028,317.0,4797_1413
29.675343945068306,95.64546453479213,background,eastern_himalaya,0,buffered_convex_hull_of_mapped_landslides,3493.0,33.433,-0.68792,-0.72579,0.00216912,168.0,4782_1483
28.336787174909503,96.92301742853553,background,eastern_himalaya,0,buffered_convex_hull_of_mapped_landslides,3303.0,51.889,-0.98813,-0.15361,-0.0008087,275.0,4846_1416
28.737797158387366,96.40656208204237,background,eastern_himalaya,0,buffered_convex_hull_of_mapped_landslides,4366.0,34.645,0.88034,0.47434,0.00086586,172.0,4820_1436
27.70054599951389,94.13743051446623,background,eastern_himalaya,0,buffered_convex_hull_of_mapped_landslides,1613.0,30.191,-0.68036,-0.73288,0.00164818,146.0,4706_1385
28.659129869465918,95.9668889058228,background,eastern_himalaya,0,buffered_convex_hull_of_mapped_landslides,1650.0,46.732,-0.76349,-0.64583,-0.00141553,258.0,4798_1432
27.171174170395048,92.25417417085468,background,eastern_himalaya,0,buffered_convex_hull_of_mapped_landslides,2326.0,36.766,0.99634,-0.08551,-0.00485907,150.0,4612_1358
29.139383885474444,94.00160434668055,background,eastern_himalaya,0,buffered_convex_hull_of_mapped_landslides,4046.0,34.856,-0.85749,0.5145,0.00020857,172.0,4700_1456
28.39569152081377,93.52359071706834,background,eastern_himalaya,0,buffered_convex_hull_of_mapped_landslides,3325.0,14.197,0.94978,-0.31293,-0.00097169,61.0,4676_1419
27.75052898263928,91.35473381022264,background,eastern_himalaya,0,buffered_convex_hull_of_mapped_landslides,3912.0,27.065,0.93236,-0.36153,0.00032914,117.0,4567_1387
27.711874598495612,94.11251446040761,background,eastern_himalaya,0,buffered_convex_hull_of_mapped_landslides,1557.0,25.835,0.59954,-0.80034,0.00026935,117.0,4705_1385
29.085388988097257,92.87651822575314,background,eastern_himalaya,0,buffered_convex_hull_of_mapped_landslides,3290.0,6.839,-0.23162,-0.97281,-0.00043586,36.0,4643_1454
30.008791055280454,96.61037443940108,background,eastern_himalaya,0,buffered_convex_hull_of_mapped_landslides,5247.0,7.058,-0.99843,0.05609,-0.00085688,25.0,4830_1500
29.102520426654593,96.03287068539787,background,eastern_himalaya,0,buffered_convex_hull_of_mapped_landslides,3704.0,23.523,0.5488,0.83596,-0.00166387,114.0,4801_1455
29.129008873355623,94.60228642949936,background,eastern_himalaya,0,buffered_convex_hull_of_mapped_landslides,3317.0,38.543,-0.64156,-0.76708,0.00027849,196.0,4730_1456
28.949866378631622,96.91614673670458,background,eastern_himalaya,0,buffered_convex_hull_of_mapped_landslides,4100.0,23.214,0.59585,-0.8031,-0.00158511,95.0,4845_1447
28.25372618643138,95.70681241401861,background,eastern_himalaya,0,buffered_convex_hull_of_mapped_landslides,246.0,0.9,-0.70711,-0.70711,-6.172e-05,5.0,4785_1412
28.453247939672945,93.82889153616043,background,eastern_himalaya,0,buffered_convex_hull_of_mapped_landslides,1243.0,33.951,-0.65807,0.75296,-0.00138296,165.0,4691_1422
27.82781291648189,92.6822309224096,background,eastern_himalaya,0,buffered_convex_hull_of_mapped_landslides,4111.0,13.396,-0.98559,0.16913,0.0008099,76.0,4634_1391
28.24703051251016,93.96825720697706,background,eastern_himalaya,0,buffered_convex_hull_of_mapped_landslides,3069.0,32.696,-0.99966,-0.02597,0.00290745,129.0,4698_1412
27.975294840561848,92.54494168228192,background,eastern_himalaya,0,buffered_convex_hull_of_mapped_landslides,4515.0,9.224,-0.22236,-0.97496,-0.00351858,46.0,4627_1398
28.66140292594006,94.0761927958464,background,eastern_himalaya,0,buffered_convex_hull_of_mapped_landslides,2353.0,23.201,0.98833,0.1523,-0.00109525,82.0,4703_1433
30.167559155131904,94.76382936352172,background,eastern_himalaya,0,buffered_convex_hull_of_mapped_landslides,4583.0,44.724,-0.51326,-0.85823,0.00075266,239.0,4738_1508
27.096554002317085,93.53125689536355,background,eastern_himalaya,0,buffered_convex_hull_of_mapped_landslides,790.0,33.161,0.75033,-0.66106,-0.00505971,165.0,4676_1354
29.25966076560531,94.58532546847091,background,eastern_himalaya,0,buffered_convex_hull_of_mapped_landslides,3992.0,41.739,0.78616,-0.61803,-0.00185076,228.0,4729_1462
28.719194352288508,95.46899355906129,background,eastern_himalaya,0,buffered_convex_hull_of_mapped_landslides,3716.0,13.439,0.02325,0.99973,0.00671979,108.0,4773_1435
28.316493887689596,94.49135404385292,background,eastern_himalaya,0,buffered_convex_hull_of_mapped_landslides,2115.0,28.94,-0.42701,-0.90425,0.00357487,128.0,4724_1415
29.755777108921006,95.49827773717465,background,eastern_himalaya,0,buffered_convex_hull_of_mapped_landslides,3856.0,46.873,-0.92234,-0.38637,-0.00513164,272.0,4774_1487
29.06452600858254,94.08917251395651,background,eastern_himalaya,0,buffered_convex_hull_of_mapped_landslides,4189.0,39.879,0.95418,0.29922,-0.00182839,200.0,4704_1453
29.863349764820946,95.12660540830586,background,eastern_himalaya,0,buffered_convex_hull_of_mapped_landslides,1913.0,32.372,0.75366,0.65726,-0.0029696,153.0,4756_1493
27.547671283741,92.64554675650837,background,eastern_himalaya,0,buffered_convex_hull_of_mapped_landslides,2690.0,34.89,0.69708,0.71699,-0.00424174,173.0,4632_1377
28.33756514004634,93.44478431987645,background,eastern_himalaya,0,buffered_convex_hull_of_mapped_landslides,3335.0,32.607,0.57754,0.81637,-0.00374389,172.0,4672_1416
29.97751428719992,95.61229316632341,background,eastern_himalaya,0,buffered_convex_hull_of_mapped_landslides,3324.0,34.476,0.5987,0.80097,-0.00117527,174.0,4780_1498
27.408716799006072,94.82426492213526,background,eastern_himalaya,0,buffered_convex_hull_of_mapped_landslides,101.0,0.563,0.14142,-0.98995,-0.00048393,5.0,4741_1370
28.352552320694556,90.96379448399232,background,eastern_himalaya,0,buffered_convex_hull_of_mapped_landslides,4471.0,41.2,-0.78056,-0.62508,0.00148993,192.0,4548_1417
29.223190867182687,93.17168468304125,background,eastern_himalaya,0,buffered_convex_hull_of_mapped_landslides,4879.0,27.688,0.73053,0.68288,-0.00204083,130.0,4658_1461
29.510785980035582,93.48350617336531,background,eastern_himalaya,0,buffered_convex_hull_of_mapped_landslides,5253.0,8.271,-0.69749,-0.7166,0.00506193,80.0,4674_1475
27.77008973510952,94.56156244906481,background,eastern_himalaya,0,buffered_convex_hull_of_mapped_landslides,551.0,28.087,-0.42943,0.9031,0.00325512,144.0,4728_1388
28.166646269347094,94.91659483101327,background,eastern_himalaya,0,buffered_convex_hull_of_mapped_landslides,890.0,15.776,-0.99796,0.06391,-0.003233,101.0,4745_1408
29.730663085903444,96.42696070005499,background,eastern_himalaya,0,buffered_convex_hull_of_mapped_landslides,5268.0,33.394,-0.1538,-0.9881,0.00194379,129.0,4821_1486
29.575729551917917,93.73062355986488,background,eastern_himalaya,0,buffered_convex_hull_of_mapped_landslides,4895.0,33.768,0.13502,-0.99084,0.00059894,156.0,4686_1478
28.644626208517447,92.21268060568592,background,eastern_himalaya,0,buffered_convex_hull_of_mapped_landslides,5040.0,3.156,-0.65493,0.75569,-0.00063387,14.0,4610_1432
30.0076538930547,95.99165296013545,background,eastern_himalaya,0,buffered_convex_hull_of_mapped_landslides,4446.0,30.682,0.03043,-0.99954,0.00042539,110.0,4799_1500
30.19962064472238,96.3641849575211,background,eastern_himalaya,0,buffered_convex_hull_of_mapped_landslides,4519.0,26.522,0.92674,0.37571,-0.00102668,117.0,4818_1509
28.404813295274057,94.2672470114582,background,eastern_himalaya,0,buffered_convex_hull_of_mapped_landslides,2372.0,39.226,0.99529,0.09698,-0.00200296,169.0,4713_1420
28.137839287575797,94.19303213346352,background,eastern_himalaya,0,buffered_convex_hull_of_mapped_landslides,825.0,17.612,-0.56875,0.82251,-0.00609796,81.0,4709_1406
27.799369576982333,92.33191908144747,background,eastern_himalaya,0,buffered_convex_hull_of_mapped_landslides,5592.0,17.574,-0.36836,0.92968,-0.00097766,81.0,4616_1389
29.098731162463753,96.43460257413834,background,eastern_himalaya,0,buffered_convex_hull_of_mapped_landslides,4093.0,30.594,-0.70002,0.71412,0.00142513,152.0,4821_1454
28.425190159674237,93.923278686042,background,eastern_himalaya,0,buffered_convex_hull_of_mapped_landslides,1763.0,29.148,-0.9937,-0.11207,0.00232742,143.0,4696_1421
27.69231297726844,93.53592574134242,background,eastern_himalaya,0,buffered_convex_hull_of_mapped_landslides,2207.0,5.072,0.93888,-0.34425,0.00576794,40.0,4676_1384
23.724592114725343,92.75097157861153,background,mizoram,0,buffered_convex_hull_of_mapped_landslides,826.0,17.335,-0.77869,-0.6274,0.00168621,79.0,4637_1186
23.96729233049415,92.72824911288413,background,mizoram,0,buffered_convex_hull_of_mapped_landslides,564.0,13.95,0.92258,-0.38581,0.00139207,67.0,4636_1198
24.0117791538638,92.69795187478331,background,mizoram,0,buffered_convex_hull_of_mapped_landslides,210.0,17.282,0.86604,-0.49998,-0.00050098,67.0,4634_1200
24.019856532572494,92.63729087246813,background,mizoram,0,buffered_convex_hull_of_mapped_landslides,270.0,12.098,-0.94606,-0.32399,-0.00430906,50.0,4631_1200
23.984044814395894,92.73098224816384,background,mizoram,0,buffered_convex_hull_of_mapped_landslides,536.0,10.115,0.9109,-0.41263,0.00132643,44.0,4636_1199
24.004612540834096,92.71712587286285,background,mizoram,0,buffered_convex_hull_of_mapped_landslides,659.0,37.576,-0.7491,-0.66246,-0.00070885,199.0,4635_1200
23.820435831159433,92.78734077358682,background,mizoram,0,buffered_convex_hull_of_mapped_landslides,392.0,16.123,-0.33634,-0.94174,0.00189547,73.0,4639_1191
23.96063484412823,92.74904367887171,background,mizoram,0,buffered_convex_hull_of_mapped_landslides,384.0,3.283,0.99265,-0.12105,-0.00111832,20.0,4637_1198
24.039446974693558,92.6718768684838,background,mizoram,0,buffered_convex_hull_of_mapped_landslides,810.0,9.403,0.98122,0.19289,-0.00013992,36.0,4633_1201
23.88322955591719,92.65938549256687,background,mizoram,0,buffered_convex_hull_of_mapped_landslides,125.0,12.171,0.12879,0.99167,-0.00627402,72.0,4632_1194
23.736429857025215,92.59772745767725,background,mizoram,0,buffered_convex_hull_of_mapped_landslides,455.0,8.549,-0.46193,0.88691,-0.00083517,39.0,4629_1186
23.810232549182246,92.75476751325226,background,mizoram,0,buffered_convex_hull_of_mapped_landslides,1040.0,29.243,0.02233,-0.99975,0.00193794,115.0,4637_1190
23.74516194390125,92.65931243054756,background,mizoram,0,buffered_convex_hull_of_mapped_landslides,683.0,9.672,-0.95346,0.30152,0.00199149,36.0,4632_1187
23.987098925135584,92.68015686392651,background,mizoram,0,buffered_convex_hull_of_mapped_landslides,500.0,19.541,0.99398,-0.10957,0.00010098,76.0,4634_1199
23.66915998034012,92.76640903086533,background,mizoram,0,buffered_convex_hull_of_mapped_landslides,675.0,23.782,-0.86355,-0.50426,0.00565224,117.0,4638_1183
23.84079496588066,92.69794154924483,background,mizoram,0,buffered_convex_hull_of_mapped_landslides,724.0,35.566,0.31856,0.9479,-0.00204779,160.0,4634_1192
23.832152829504665,92.70637563457102,background,mizoram,0,buffered_convex_hull_of_mapped_landslides,615.0,25.213,0.84366,-0.53688,-0.001887,98.0,4635_1191
23.842786061740874,92.66028720264852,background,mizoram,0,buffered_convex_hull_of_mapped_landslides,87.0,8.167,-0.73555,-0.67748,-0.00064298,39.0,4633_1192
23.85536290812639,92.69947579911755,background,mizoram,0,buffered_convex_hull_of_mapped_landslides,313.0,18.97,-0.70305,0.71114,-0.00107478,87.0,4634_1192
23.99229273774629,92.67599639094188,background,mizoram,0,buffered_convex_hull_of_mapped_landslides,605.0,0.968,-0.1644,0.98639,-0.00251549,14.0,4633_1199
23.786388624039464,92.73445272061858,background,mizoram,0,buffered_convex_hull_of_mapped_landslides,942.0,20.36,0.8009,-0.5988,0.00178872,91.0,4636_1189
24.007770593277687,92.7461928067322,background,mizoram,0,buffered_convex_hull_of_mapped_landslides,315.0,16.825,-0.95995,-0.28018,-0.00234247,69.0,4637_1200
23.890669805307105,92.60789035944795,background,mizoram,0,buffered_convex_hull_of_mapped_landslides,223.0,5.453,0.98936,-0.14549,0.00011051,57.0,4630_1194
23.958297982511823,92.63606440426022,background,mizoram,0,buffered_convex_hull_of_mapped_landslides,101.0,16.267,-0.39507,0.91865,-0.00696354,70.0,4631_1197
23.92901122707797,92.6261201892002,background,mizoram,0,buffered_convex_hull_of_mapped_landslides,184.0,3.463,0.84929,0.52793,0.00216966,15.0,4631_1196
23.85975386123492,92.62961241846878,background,mizoram,0,buffered_convex_hull_of_mapped_landslides,261.0,4.488,-0.23003,-0.97318,0.00065446,27.0,4631_1192
23.80364423714104,92.77783989530434,background,mizoram,0,buffered_convex_hull_of_mapped_landslides,378.0,29.227,0.75961,-0.65038,0.00263553,140.0,4638_1190
24.065374480860193,92.7622571608881,background,mizoram,0,buffered_convex_hull_of_mapped_landslides,591.0,38.225,0.22924,0.97337,0.00033188,156.0,4638_1203
23.71053969661932,92.76206744484163,background,mizoram,0,buffered_convex_hull_of_mapped_landslides,1015.0,35.226,-0.60189,-0.79858,0.00072077,173.0,4638_1185
23.652753126613035,92.75027103983068,background,mizoram,0,buffered_convex_hull_of_mapped_landslides,602.0,21.581,-0.18259,0.98319,-0.00557174,100.0,4637_1182
27.3514158436184,88.64628878483461,background,southern_sikkim,0,published_mapped_extent,1980.0,27.28,0.99918,0.0404,0.00033025,101.0,4432_1367
27.317076336631725,88.66436913171152,background,southern_sikkim,0,published_mapped_extent,2166.0,39.061,-0.90706,0.42101,-0.00390852,192.0,4433_1365
27.189797367636423,88.82332971686702,background,southern_sikkim,0,published_mapped_extent,1774.0,17.384,0.79411,-0.60778,0.0022398,93.0,4441_1359
27.410163250183114,88.19583914493411,background,southern_sikkim,0,published_mapped_extent,2025.0,7.055,-0.6958,0.71824,-0.00444092,52.0,4409_1370
27.141519218890082,88.26473159394473,background,southern_sikkim,0,published_mapped_extent,981.0,26.059,0.90604,-0.4232,-0.00092366,113.0,4413_1357
27.187902264821638,88.79559091524003,background,southern_sikkim,0,published_mapped_extent,2813.0,35.891,0.10748,-0.99421,-0.00090593,150.0,4439_1359
27.498043424280716,88.49294426844916,background,southern_sikkim,0,published_mapped_extent,1717.0,34.982,0.78203,-0.62324,-0.00207403,189.0,4424_1374
27.286084117059907,88.35650650847774,background,southern_sikkim,0,published_mapped_extent,2056.0,20.2,-0.84179,0.5398,0.00044887,92.0,4417_1364
27.462477850801044,88.19370705612307,background,southern_sikkim,0,published_mapped_extent,3246.0,22.879,-0.47724,-0.87877,-0.00917482,161.0,4409_1373
27.245386251997754,88.53009635672719,background,southern_sikkim,0,published_mapped_extent,599.0,35.879,-0.57796,0.81606,-0.00253399,187.0,4426_1362
27.312609921190056,88.28417505319455,background,southern_sikkim,0,published_mapped_extent,890.0,30.157,-0.99445,0.10518,-0.00055145,126.0,4414_1365
27.34975308174245,88.20551237962222,background,southern_sikkim,0,published_mapped_extent,1167.0,27.603,0.99615,0.08766,0.00238926,115.0,4410_1367
27.37412974696402,88.66188166639404,background,southern_sikkim,0,published_mapped_extent,2764.0,15.301,0.65994,-0.75132,0.00155761,66.0,4433_1368
27.47528636616787,88.19982461283291,background,southern_sikkim,0,published_mapped_extent,3854.0,25.526,-0.96272,-0.27049,-0.00109232,113.0,4409_1373
27.166693078188793,88.22701967425525,background,southern_sikkim,0,published_mapped_extent,1434.0,28.237,0.74484,0.66725,-0.0013782,135.0,4411_1358
27.45350909251807,88.24355169530804,background,southern_sikkim,0,published_mapped_extent,3885.0,30.375,0.99764,-0.06872,0.00244169,115.0,4412_1372
27.3473340773659,88.63360229110098,background,southern_sikkim,0,published_mapped_extent,2119.0,24.293,0.13539,-0.99079,-0.00049341,104.0,4431_1367
27.557644287014227,88.61503561324567,background,southern_sikkim,0,published_mapped_extent,2209.0,43.341,0.73734,-0.67552,0.00209217,246.0,4430_1377
27.23560276119245,88.13512332603867,background,southern_sikkim,0,published_mapped_extent,2024.0,27.479,0.94264,-0.3338,-0.00087622,123.0,4406_1361
27.427532177544336,88.43470153171755,background,southern_sikkim,0,published_mapped_extent,2571.0,40.897,0.30948,-0.9509,-0.00057567,197.0,4421_1371
27.256398500871892,88.7030670762157,background,southern_sikkim,0,published_mapped_extent,1276.0,18.946,0.96697,-0.25489,0.00124652,76.0,4435_1362
27.341438678272528,88.61139417393098,background,southern_sikkim,0,published_mapped_extent,1679.0,21.805,-0.96165,0.27426,-0.00287068,78.0,4430_1367
27.13923606799242,88.27348393879511,background,southern_sikkim,0,published_mapped_extent,509.0,27.639,0.99991,0.01326,0.00207681,126.0,4413_1356
27.254629369478764,88.60200322817852,background,southern_sikkim,0,published_mapped_extent,1011.0,15.121,0.4369,0.89951,0.00016366,68.0,4430_1362
27.436360899930346,88.23602286284121,background,southern_sikkim,0,published_mapped_extent,3048.0,38.113,0.98085,-0.19475,0.00450407,167.0,4411_1371
27.354846780839903,88.64463540592857,background,southern_sikkim,0,published_mapped_extent,2043.0,23.941,0.81331,-0.58183,-0.00269445,116.0,4432_1367
27.272779013551187,88.86023869450274,background,southern_sikkim,0,published_mapped_extent,3311.0,33.52,0.40049,-0.9163,0.00278487,155.0,4443_1363
27.37646215362042,88.78345519223181,background,southern_sikkim,0,published_mapped_extent,3916.0,15.483,0.27075,-0.96265,0.00083531,68.0,4439_1368
27.255632143339966,88.59242351679563,background,southern_sikkim,0,published_mapped_extent,1227.0,18.09,0.83336,0.55274,0.00106282,81.0,4429_1362
27.478266552438896,88.63823587050815,background,southern_sikkim,0,published_mapped_extent,2945.0,43.914,0.59723,-0.80207,-0.00171528,261.0,4431_1373
27.38510545279568,88.10104337965112,background,southern_sikkim,0,published_mapped_extent,3257.0,18.033,0.59727,-0.80204,0.00319157,94.0,4405_1369
27.197706103268466,88.15120148570779,background,southern_sikkim,0,published_mapped_extent,1875.0,24.683,0.40193,-0.91567,-0.00295718,127.0,4407_1359
27.385568969818557,88.29329006091896,background,southern_sikkim,0,published_mapped_extent,1886.0,27.41,0.7151,0.69903,-0.00201633,133.0,4414_1369
27.55988762570662,88.42543698995841,background,southern_sikkim,0,published_mapped_extent,1496.0,32.994,-0.40217,0.91557,0.00170842,160.0,4421_1377
27.429560944727594,88.29787364106664,background,southern_sikkim,0,published_mapped_extent,2298.0,31.661,0.93018,0.36712,-0.01458411,168.0,4414_1371
27.184484011838066,88.45203525591975,background,southern_sikkim,0,published_mapped_extent,1171.0,33.453,-0.26276,0.96486,-0.00059325,153.0,4422_1359
27.307900988672735,88.24064640576759,background,southern_sikkim,0,published_mapped_extent,1764.0,18.32,-0.85151,0.52433,-5.559e-05,79.0,4412_1365
27.50816520776871,88.44993792215278,background,southern_sikkim,0,published_mapped_extent,2458.0,11.526,0.40866,0.91268,-0.0020153,47.0,4422_1375
27.410357420971735,88.64202419765263,background,southern_sikkim,0,published_mapped_extent,2013.0,33.461,0.23957,0.97088,0.00012323,142.0,4432_1370
27.211426423146747,88.61246357855362,background,southern_sikkim,0,published_mapped_extent,739.0,22.949,-0.61666,-0.78723,-0.0002242,93.0,4430_1360
27.091433015438565,88.37078375119872,background,southern_sikkim,0,published_mapped_extent,446.0,23.01,0.27472,0.96152,0.0009348,94.0,4418_1354
27.29817744062386,88.7316138581355,background,southern_sikkim,0,published_mapped_extent,2032.0,31.819,-0.97144,0.23727,-0.00073153,144.0,4436_1364
27.19802167358991,88.42859505285664,background,southern_sikkim,0,published_mapped_extent,1520.0,43.087,0.3534,-0.93547,-0.00236722,213.0,4421_1359
27.380816146154157,88.22976079341937,background,southern_sikkim,0,published_mapped_extent,2114.0,28.925,-0.51523,-0.85705,0.00046285,133.0,4411_1369
27.101332430543415,88.24985679677218,background,southern_sikkim,0,published_mapped_extent,610.0,21.631,-0.77051,0.63742,-0.00258588,94.0,4412_1355
27.268004638701207,88.71472617348063,background,southern_sikkim,0,published_mapped_extent,1215.0,32.244,-0.94234,-0.33466,-0.00192045,155.0,4435_1363
27.29728075923959,88.37819129324608,background,southern_sikkim,0,published_mapped_extent,1581.0,32.919,0.98898,0.14803,0.00011045,120.0,4418_1364
27.238310215065393,88.75603564757581,background,southern_sikkim,0,published_mapped_extent,1750.0,31.861,0.78887,-0.61456,-0.00272581,165.0,4437_1361
27.297474407186144,88.62205788682267,background,southern_sikkim,0,published_mapped_extent,1491.0,35.607,-0.41117,-0.91156,0.00128213,164.0,4431_1364
27.31146761333031,88.69759171946984,background,southern_sikkim,0,published_mapped_extent,2762.0,26.504,-0.98594,-0.16711,0.00283858,98.0,4434_1365
27.34743545452397,88.4079034860952,background,southern_sikkim,0,published_mapped_extent,3012.0,16.711,-0.92525,-0.37935,0.00109648,71.0,4420_1367
27.122704909304282,88.32386798064546,background,southern_sikkim,0,published_mapped_extent,518.0,24.7,-0.82738,-0.56165,0.0024081,113.0,4416_1356
27.133170162700377,88.40827257554261,background,southern_sikkim,0,published_mapped_extent,1940.0,14.454,0.26403,-0.96451,-0.00040894,70.0,4420_1356
27.36432925611564,88.40443987270812,background,southern_sikkim,0,published_mapped_extent,2755.0,15.536,-0.9992,-0.03997,-0.0003576,53.0,4420_1368
27.311381046478438,88.58781122165159,background,southern_sikkim,0,published_mapped_extent,1039.0,21.819,-0.99913,-0.04163,-0.001602,81.0,4429_1365
27.18277635689389,88.15073318971139,background,southern_sikkim,0,published_mapped_extent,1945.0,48.264,0.92432,0.38162,0.00173229,293.0,4407_1359
27.281261582923165,88.2863692970574,background,southern_sikkim,0,published_mapped_extent,942.0,17.426,-0.77435,0.63276,-0.0012016,86.0,4414_1364
27.11700230786368,88.18843349340654,background,southern_sikkim,0,published_mapped_extent,1466.0,26.319,-0.95468,0.29764,-2.941e-05,110.0,4409_1355
27.24270731629971,88.52543085516837,background,southern_sikkim,0,published_mapped_extent,532.0,29.282,-0.84953,0.52755,0.00289521,138.0,4426_1362
27.18546071942834,88.52432231812513,background,southern_sikkim,0,published_mapped_extent,692.0,17.875,0.74072,-0.67181,-0.00123215,82.0,4426_1359
27.39280867761003,88.58451065769175,background,southern_sikkim,0,published_mapped_extent,1206.0,20.529,0.79373,0.60828,-0.00200132,102.0,4429_1369
27.291284117133145,88.5892129849118,background,southern_sikkim,0,published_mapped_extent,904.0,17.55,0.69827,0.71584,-0.00045037,81.0,4429_1364
27.413350405621664,88.3772262613766,background,southern_sikkim,0,published_mapped_extent,2209.0,30.067,-0.89729,-0.44145,-0.00084489,133.0,4418_1370
27.426554993251123,88.51127853118908,background,southern_sikkim,0,published_mapped_extent,624.0,26.701,0.99962,0.02761,-0.00594979,112.0,4425_1371
27.149785202440924,88.44424462876259,background,southern_sikkim,0,published_mapped_extent,1059.0,26.272,0.04783,-0.99886,-0.00010716,96.0,4422_1357
27.445422535806888,88.07772574010093,background,southern_sikkim,0,published_mapped_extent,4470.0,23.781,0.85414,0.52005,0.0003574,112.0,4403_1372
27.426891574923008,88.18771772662524,background,southern_sikkim,0,published_mapped_extent,2556.0,32.959,0.52266,-0.85254,0.00304092,162.0,4409_1371
27.3809893077962,88.64215925521842,background,southern_sikkim,0,published_mapped_extent,1785.0,28.891,-0.96649,0.25672,-0.00335795,114.0,4432_1369
27.43924171114415,88.36511224650374,background,southern_sikkim,0,published_mapped_extent,1955.0,44.65,0.99542,-0.09561,0.00022864,201.0,4418_1371
27.17788873066094,88.56420602889058,background,southern_sikkim,0,published_mapped_extent,551.0,17.932,-0.20601,0.97855,-0.00601038,122.0,4428_1358
27.53778710873949,88.53712930765555,background,southern_sikkim,0,published_mapped_extent,1208.0,41.125,-0.87965,0.47562,0.00515789,195.0,4426_1376
27.318883748214354,88.62724148295226,background,southern_sikkim,0,published_mapped_extent,1215.0,17.965,-0.7282,0.68536,0.0007544,83.0,4431_1365
27.11290293704379,88.32722381379406,background,southern_sikkim,0,published_mapped_extent,508.0,19.749,-0.54933,-0.8356,0.00126919,84.0,4416_1355
27.290320015231583,88.29421705324836,background,southern_sikkim,0,published_mapped_extent,907.0,29.058,-0.53493,0.84489,-0.00127907,139.0,4414_1364
27.246607083022855,88.49780150992828,background,southern_sikkim,0,published_mapped_extent,1043.0,22.539,0.24096,-0.97053,-0.00212679,93.0,4424_1362
27.383141639153454,88.13533146597668,background,southern_sikkim,0,published_mapped_extent,3328.0,26.787,0.76754,-0.641,0.00322167,145.0,4406_1369
27.356860877977994,88.27123171272193,background,southern_sikkim,0,published_mapped_extent,1986.0,30.853,0.33014,-0.94393,6.325e-05,141.0,4413_1367
27.218362885651004,88.32624253661521,background,southern_sikkim,0,published_mapped_extent,688.0,31.866,-0.87584,-0.4826,0.00075545,152.0,4416_1360
27.164908215805582,88.54643596766849,background,southern_sikkim,0,published_mapped_extent,602.0,26.098,-0.38844,-0.92148,0.00105228,113.0,4427_1358
27.414437867508493,88.45544253090041,background,southern_sikkim,0,published_mapped_extent,2782.0,41.747,-0.18053,-0.98357,0.00369641,206.0,4422_1370
27.504491562900153,88.48723992775942,background,southern_sikkim,0,published_mapped_extent,1966.0,34.557,0.12503,-0.99215,-0.00114544,147.0,4424_1375
27.446030415203296,88.61600732183581,background,southern_sikkim,0,published_mapped_extent,1870.0,14.917,-0.77163,-0.63607,-0.00440576,62.0,4430_1372
27.53415363358671,88.67008059271622,background,southern_sikkim,0,published_mapped_extent,1877.0,13.378,0.24528,0.96945,-0.00047692,113.0,4433_1376
27.215561500464982,88.58098707749969,background,southern_sikkim,0,published_mapped_extent,1088.0,21.227,-0.20024,-0.97975,0.00074992,94.0,4429_1360
27.390652643633267,88.13424359780755,background,southern_sikkim,0,published_mapped_extent,3903.0,51.153,-0.21029,-0.97764,0.00542672,283.0,4406_1369
27.36003455260279,88.10052469660491,background,southern_sikkim,0,published_mapped_extent,2349.0,20.116,0.11376,0.99351,0.00259578,81.0,4405_1368
27.392871323809192,88.18710286676274,background,southern_sikkim,0,published_mapped_extent,2570.0,10.115,0.28806,-0.95761,-0.00501538,57.0,4409_1369
27.360070284465543,88.31676067196356,background,southern_sikkim,0,published_mapped_extent,1039.0,26.548,0.98405,0.17791,-0.00326915,116.0,4415_1368
27.31946857557253,88.53702087219412,background,southern_sikkim,0,published_mapped_extent,1885.0,20.818,0.75977,-0.65019,-0.00098508,111.0,4426_1365
27.179196416891905,88.61705746072573,background,southern_sikkim,0,published_mapped_extent,665.0,35.365,0.00978,0.99995,-0.00060375,148.0,4430_1358
27.384164987011623,88.76835470880387,background,southern_sikkim,0,published_mapped_extent,3893.0,26.925,0.33911,0.94075,0.0018421,117.0,4438_1369
27.480413576020467,88.12118378499356,background,southern_sikkim,0,published_mapped_extent,4052.0,26.063,0.71276,0.7014,0.00114755,126.0,4406_1374
27.467826714080864,88.1168602767577,background,southern_sikkim,0,published_mapped_extent,3826.0,29.402,0.90454,-0.42639,-0.00311913,131.0,4405_1373
27.43972633785728,88.71000374519541,background,southern_sikkim,0,published_mapped_extent,2855.0,36.641,0.23902,0.97101,0.00034812,158.0,4435_1371
27.445466539291157,88.28987636998141,background,southern_sikkim,0,published_mapped_extent,3345.0,34.151,0.07576,-0.99713,-0.00072867,135.0,4414_1372
27.19231898205017,88.33120251296995,background,southern_sikkim,0,published_mapped_extent,400.0,15.689,-0.71203,0.70214,-0.00377351,66.0,4416_1359
27.463287790615347,88.38950079172093,background,southern_sikkim,0,published_mapped_extent,2615.0,26.724,-0.94068,0.33931,-0.0007552,120.0,4419_1373
27.37169348137966,88.45988232014984,background,southern_sikkim,0,published_mapped_extent,1409.0,24.872,0.50033,0.86584,0.00100776,106.0,4422_1368
27.142474872999102,88.32076790943219,background,southern_sikkim,0,published_mapped_extent,923.0,29.045,-0.34014,-0.94038,-0.00038623,123.0,4416_1357
27.268815547595594,88.57126441999323,background,southern_sikkim,0,published_mapped_extent,875.0,13.316,0.63961,0.7687,0.00380073,90.0,4428_1363
27.18988017315493,88.26839934273589,background,southern_sikkim,0,published_mapped_extent,1567.0,12.407,-0.70711,0.70711,-0.00012057,50.0,4413_1359
27.406286833482277,88.20793415924611,background,southern_sikkim,0,published_mapped_extent,2144.0,39.186,-0.56566,-0.82464,0.00130522,190.0,4410_1370
27.3058560359699,88.71230760663083,background,southern_sikkim,0,published_mapped_extent,2429.0,29.375,0.99436,0.1061,0.00403024,132.0,4435_1365
27.410014930852284,88.4483580022391,background,southern_sikkim,0,published_mapped_extent,2307.0,40.791,-0.03058,-0.99953,-0.00065402,170.0,4422_1370
27.19979290122163,88.84608008480355,background,southern_sikkim,0,published_mapped_extent,1661.0,18.419,-0.92171,0.38787,-0.00087797,89.0,4442_1359
27.484908006333114,88.61126502405008,background,southern_sikkim,0,published_mapped_extent,3238.0,35.834,0.05962,0.99822,-0.00440747,138.0,4430_1374
27.21112178740668,88.23509936423189,background,southern_sikkim,0,published_mapped_extent,1358.0,17.965,0.99378,0.11137,0.00127142,84.0,4411_1360
27.302929430401612,88.56723437888347,background,southern_sikkim,0,published_mapped_extent,1384.0,12.167,0.47025,0.88253,-0.00026806,54.0,4428_1365
27.305134203728453,88.37270472083804,background,southern_sikkim,0,published_mapped_extent,1743.0,19.582,0.99951,-0.03123,0.00069404,80.0,4418_1365
27.16417418553699,88.40379647601037,background,southern_sikkim,0,published_mapped_extent,1514.0,12.758,-0.75447,-0.65633,-0.0001908,59.0,4420_1358
27.306429395336743,88.68354650767021,background,southern_sikkim,0,published_mapped_extent,2098.0,23.018,-0.9938,-0.11115,-0.00336529,90.0,4434_1365
27.393165617179125,88.34104560492511,background,southern_sikkim,0,published_mapped_extent,1928.0,28.805,-0.78553,-0.61883,0.00105178,146.0,4417_1369
27.209734184805377,88.57681799443148,background,southern_sikkim,0,published_mapped_extent,961.0,25.781,-0.99781,0.06614,0.00010485,101.0,4428_1360
27.12785945017819,88.24064485191667,background,southern_sikkim,0,published_mapped_extent,678.0,36.741,-0.35723,-0.93402,0.00107149,166.0,4412_1356
27.483883633346444,88.62070747823788,background,southern_sikkim,0,published_mapped_extent,3401.0,25.393,0.0673,0.99773,-0.00054805,93.0,4431_1374
27.23587545882269,88.70903044167765,background,southern_sikkim,0,published_mapped_extent,914.0,25.172,0.82748,-0.5615,-0.00055974,129.0,4435_1361
27.309181417151148,88.22613934260796,background,southern_sikkim,0,published_mapped_extent,1588.0,27.373,-0.56334,0.82623,0.00315835,137.0,4411_1365
27.557632257879693,88.52294560022186,background,southern_sikkim,0,published_mapped_extent,2277.0,22.76,0.96338,0.26816,0.00118756,94.0,4426_1377
27.27537410680102,88.12038530288892,background,southern_sikkim,0,published_mapped_extent,1764.0,33.384,0.22763,-0.97375,-0.00257024,153.0,4406_1363
27.157767803794087,88.27169802708922,background,southern_sikkim,0,published_mapped_extent,1005.0,34.001,0.15237,-0.98832,0.00104505,135.0,4413_1357
27.427892193012354,88.60474543699945,background,southern_sikkim,0,published_mapped_extent,1292.0,10.62,0.37777,-0.9259,-0.0033795,95.0,4430_1371
27.41209720876015,88.33581830477745,background,southern_sikkim,0,published_mapped_extent,2285.0,34.362,-0.93848,-0.34533,-0.00337527,156.0,4416_1370
27.20326866640376,88.31002586270765,background,southern_sikkim,0,published_mapped_extent,1155.0,33.611,0.99044,0.13791,-0.00244412,144.0,4415_1360
27.417446380663858,88.6657633323238,background,southern_sikkim,0,published_mapped_extent,2522.0,30.843,-0.71405,0.70009,0.00329845,148.0,4433_1370
27.404634815178866,88.4399445341612,background,southern_sikkim,0,published_mapped_extent,1860.0,36.553,-0.41775,-0.90856,0.00306448,195.0,4421_1370
27.426456030238565,88.18636852502178,background,southern_sikkim,0,published_mapped_extent,2560.0,32.032,0.29081,-0.95678,0.00150795,134.0,4409_1371
27.212689244482295,88.28292849400641,background,southern_sikkim,0,published_mapped_extent,857.0,34.066,0.80927,-0.58744,-0.00011309,165.0,4414_1360
27.244469933065528,88.18870337900434,background,southern_sikkim,0,published_mapped_extent,1798.0,15.383,-0.57549,0.81781,0.00019941,68.0,4409_1362
27.30948290254444,88.3356242914313,background,southern_sikkim,0,published_mapped_extent,1367.0,25.032,-0.53534,0.84464,-0.00178772,129.0,4416_1365
27.17008001620946,88.21324324848923,background,southern_sikkim,0,published_mapped_extent,1659.0,35.773,0.89443,0.44721,0.0023639,177.0,4410_1358
27.135849917337044,88.51853557894461,background,southern_sikkim,0,published_mapped_extent,432.0,29.615,-0.92848,0.37139,0.00434866,128.0,4425_1356
27.548034284433562,88.41865144406252,background,southern_sikkim,0,published_mapped_extent,2357.0,37.212,-0.51396,0.85782,-0.00506265,187.0,4420_1377
27.47326318752283,88.67463230082856,background,southern_sikkim,0,published_mapped_extent,3000.0,20.839,-0.99976,-0.02189,0.00795838,114.0,4433_1373
27.268041627409847,88.72289435436797,background,southern_sikkim,0,published_mapped_extent,1659.0,29.44,-0.93511,-0.35436,-0.00119763,133.0,4436_1363
27.159413562000076,88.3113678357691,background,southern_sikkim,0,published_mapped_extent,1010.0,21.26,-0.7282,0.68536,-0.00112437,109.0,4415_1357
27.408396862825562,88.76643152660488,background,southern_sikkim,0,published_mapped_extent,3940.0,18.026,-0.05121,0.99869,-0.00046959,65.0,4438_1370
27.446946442742846,88.68654749860727,background,southern_sikkim,0,published_mapped_extent,2458.0,38.987,-0.50792,0.8614,-0.00220124,198.0,4434_1372
27.133133039686005,88.355270024131,background,southern_sikkim,0,published_mapped_extent,683.0,33.846,0.76839,-0.63998,0.0005225,172.0,4417_1356
27.244134826487944,88.2095233242438,background,southern_sikkim,0,published_mapped_extent,1889.0,21.102,-0.3887,0.92136,-0.00089075,93.0,4410_1362
27.23364827699867,88.84378737934428,background,southern_sikkim,0,published_mapped_extent,1890.0,8.315,-0.99779,0.06652,0.00014108,38.0,4442_1361
27.44865830872172,88.17166367972014,background,southern_sikkim,0,published_mapped_extent,3218.0,26.796,-0.61051,-0.79201,0.00100281,124.0,4408_1372
27.435700094590388,88.56986354660687,background,southern_sikkim,0,published_mapped_extent,2229.0,21.737,0.634,-0.77334,0.00032155,112.0,4428_1371
27.167706141289024,88.13135973437655,background,southern_sikkim,0,published_mapped_extent,2653.0,29.588,0.76561,-0.64331,-0.00218414,144.0,4406_1358
27.38952298637588,88.11436897137311,background,southern_sikkim,0,published_mapped_extent,2957.0,42.986,-0.9984,-0.05663,-0.00045387,172.0,4405_1369
27.261710997685416,88.80118898062753,background,southern_sikkim,0,published_mapped_extent,3503.0,18.459,0.94868,-0.31623,-0.00058553,73.0,4440_1363
27.159815465365305,88.47489027064726,background,southern_sikkim,0,published_mapped_extent,1314.0,16.636,0.97149,-0.23706,0.00300767,82.0,4423_1357
27.52826870205355,88.67953516029463,background,southern_sikkim,0,published_mapped_extent,2107.0,1.673,0.99887,-0.04757,0.00837445,69.0,4433_1376
27.220953232299244,88.17229591853139,background,southern_sikkim,0,published_mapped_extent,2256.0,20.737,-0.76672,0.64199,-0.00149395,99.0,4408_1361
27.081394853488604,88.21724925463357,background,southern_sikkim,0,published_mapped_extent,648.0,15.325,-0.05575,0.99844,-0.00011241,58.0,4410_1354
27.44065077036643,88.52869648950886,background,southern_sikkim,0,published_mapped_extent,1447.0,26.175,-0.73751,-0.67534,0.00266662,132.0,4426_1372
27.2741877747805,88.61076910109675,background,southern_sikkim,0,published_mapped_extent,1003.0,23.797,-0.62046,0.78424,-0.0008777,105.0,4430_1363
27.289480295384262,88.85439981218681,background,southern_sikkim,0,published_mapped_extent,3930.0,19.295,-0.99972,0.0238,0.00360981,84.0,4442_1364
27.44137061883412,88.35339626838238,background,southern_sikkim,0,published_mapped_extent,2612.0,19.662,0.50532,-0.86293,0.00320083,99.0,4417_1372
27.38209255033745,88.73483578248256,background,southern_sikkim,0,published_mapped_extent,3466.0,12.365,-0.84262,0.53851,-0.00162921,71.0,4436_1369
27.466260271913495,88.17502222773719,background,southern_sikkim,0,published_mapped_extent,3741.0,25.406,0.98837,0.15206,-0.00071616,95.0,4408_1373
27.243521665249983,88.29159919925863,background,southern_sikkim,0,published_mapped_extent,856.0,44.208,0.11137,-0.99378,0.00170886,197.0,4414_1362
27.43831816459436,88.70813835349603,background,southern_sikkim,0,published_mapped_extent,2958.0,34.703,0.21459,0.9767,-0.00333064,153.0,4435_1371
27.325139486709695,88.61095719319557,background,southern_sikkim,0,published_mapped_extent,1610.0,18.884,-0.99881,-0.04872,0.00093006,67.0,4430_1366
27.126907173584094,88.42956111183688,background,southern_sikkim,0,published_mapped_extent,1115.0,16.256,0.986,0.16672,0.00057614,64.0,4421_1356
27.120399916227218,88.49817143860906,background,southern_sikkim,0,published_mapped_extent,414.0,30.99,-0.62667,0.77929,0.0008094,144.0,4424_1356
27.137808234521092,88.19050518581594,background,southern_sikkim,0,published_mapped_extent,833.0,20.29,0.5034,-0.86405,-0.00227868,83.0,4409_1356
27.238974057902983,88.356439408677,background,southern_sikkim,0,published_mapped_extent,1894.0,25.992,0.01424,0.9999,0.00199706,96.0,4417_1361
27.367548997904436,88.82834040004572,background,southern_sikkim,0,published_mapped_extent,3933.0,4.069,-0.6247,-0.78087,-0.00112633,27.0,4441_1368
27.227148231259378,88.84651048093552,background,southern_sikkim,0,published_mapped_extent,1888.0,22.689,-0.98666,-0.16278,-0.00142037,103.0,4442_1361
27.363947474408036,88.14756087842437,background,southern_sikkim,0,published_mapped_extent,2741.0,40.672,0.58673,-0.80978,-0.00135084,216.0,4407_1368
27.319301150408222,88.81197991660684,background,southern_sikkim,0,published_mapped_extent,3707.0,7.603,-0.97811,-0.20811,0.00168623,53.0,4440_1365
27.32805588426829,88.28319761826235,background,southern_sikkim,0,published_mapped_extent,1172.0,24.234,-0.9997,-0.02468,-0.00067567,87.0,4414_1366
27.231857906732802,88.13591675576352,background,southern_sikkim,0,published_mapped_extent,2023.0,36.063,-0.32423,0.94598,0.00270532,143.0,4406_1361
27.438619379879857,88.11669632993429,background,southern_sikkim,0,published_mapped_extent,4175.0,29.478,-0.43736,0.89929,0.00084288,131.0,4405_1371
27.321708063906872,88.11014432294691,background,southern_sikkim,0,published_mapped_extent,3047.0,37.878,0.99632,0.0857,0.00132775,176.0,4405_1366
27.188799978439594,88.34209354199959,background,southern_sikkim,0,published_mapped_extent,777.0,23.987,0.51816,0.85528,-0.00102875,115.0,4417_1359
27.445990616413866,88.60536653217017,background,southern_sikkim,0,published_mapped_extent,1727.0,29.723,0.99985,0.01703,0.00053604,123.0,4430_1372
27.50464268973187,88.659642255383,background,southern_sikkim,0,published_mapped_extent,3020.0,22.415,-0.70373,0.71047,0.00274779,120.0,4432_1375
27.351745792793313,88.46789967147552,background,southern_sikkim,0,published_mapped_extent,626.0,21.184,0.54474,-0.83861,-0.00529627,126.0,4423_1367
27.123242607118605,88.32917286839526,background,southern_sikkim,0,published_mapped_extent,679.0,12.952,-0.56165,0.82738,0.00467451,70.0,4416_1356
27.117356446326728,88.28729460294336,background,southern_sikkim,0,published_mapped_extent,494.0,17.1,-0.64107,0.76748,0.00332828,91.0,4414_1355
27.407989325007563,88.21351059519841,background,southern_sikkim,0,published_mapped_extent,2509.0,35.778,-0.61287,-0.79018,-0.00015779,179.0,4410_1370
27.29180258367604,88.59390997936563,background,southern_sikkim,0,published_mapped_extent,833.0,14.952,-0.30685,-0.95176,-0.00622757,65.0,4429_1364
27.298377974943545,88.1261292704148,background,southern_sikkim,0,published_mapped_extent,2690.0,20.566,-0.94022,0.34055,-0.0028763,92.0,4406_1364
27.329438457167452,88.55093846464459,background,southern_sikkim,0,published_mapped_extent,1511.0,34.899,0.78048,0.62518,0.00445522,175.0,4427_1366
27.58283093891777,88.47095280358708,background,southern_sikkim,0,published_mapped_extent,2750.0,31.345,0.78442,-0.62024,0.00405539,151.0,4423_1379
27.332328123375504,88.7049820333687,background,southern_sikkim,0,published_mapped_extent,2919.0,37.113,-0.73057,0.68284,0.00480416,195.0,4435_1366
27.23742261266196,88.86680081680923,background,southern_sikkim,0,published_mapped_extent,2544.0,31.789,-0.99726,-0.07395,-0.00081655,140.0,4443_1361
27.39619750899952,88.52228569579077,background,southern_sikkim,0,published_mapped_extent,926.0,31.359,-0.64041,0.76803,0.0023572,151.0,4426_1369
27.23317876027401,88.12211946462338,background,southern_sikkim,0,published_mapped_extent,2433.0,32.979,-0.47945,0.87757,0.00148917,155.0,4406_1361
27.49478831829434,88.66273761058937,background,southern_sikkim,0,published_mapped_extent,3374.0,29.997,0.05534,0.99847,0.00010921,115.0,4433_1374
27.51908788723401,88.57290710568988,background,southern_sikkim,0,published_mapped_extent,1279.0,23.094,0.00977,0.99995,0.00227129,92.0,4428_1375
27.52010090069853,88.40101669142663,background,southern_sikkim,0,published_mapped_extent,2616.0,43.54,0.97632,-0.21631,-0.00599238,226.0,4420_1376
27.18610807733786,88.48789046236394,background,southern_sikkim,0,published_mapped_extent,510.0,18.369,0.94528,-0.32625,-0.00035673,80.0,4424_1359
27.25459672038833,88.36641821346205,background,southern_sikkim,0,published_mapped_extent,2132.0,33.3,-0.09092,0.99586,0.00142328,134.0,4418_1362
27.538438117072804,88.50370101726557,background,southern_sikkim,0,published_mapped_extent,1076.0,43.452,-0.18765,-0.98224,-0.00185684,197.0,4425_1376
27.3450268328475,88.30180947564492,background,southern_sikkim,0,published_mapped_extent,1655.0,36.055,0.52845,-0.84896,0.00015555,191.0,4415_1367
27.122309954677124,88.18472478191622,background,southern_sikkim,0,published_mapped_extent,1163.0,30.418,-0.82321,0.56773,-0.0010268,142.0,4409_1356
27.425687030660374,88.48486806959806,background,southern_sikkim,0,published_mapped_extent,2069.0,30.505,0.79915,0.60113,-0.00037182,151.0,4424_1371
27.38177847451102,88.7390733146236,background,southern_sikkim,0,published_mapped_extent,3608.0,14.789,-0.89963,0.43666,0.00031913,74.0,4436_1369
27.27667323422189,88.72023760047311,background,southern_sikkim,0,published_mapped_extent,1464.0,36.146,-0.98685,-0.16162,-0.00302019,151.0,4436_1363
27.257248333504,88.47834725422615,background,southern_sikkim,0,published_mapped_extent,615.0,27.791,0.91969,-0.39265,0.00104165,126.0,4423_1362
27.323590252312094,88.53492549254555,background,southern_sikkim,0,published_mapped_extent,2159.0,25.255,0.90976,-0.41513,8.102e-05,100.0,4426_1366
27.4230580373143,88.63689552795422,background,southern_sikkim,0,published_mapped_extent,1427.0,9.445,-0.92674,-0.37571,0.0026664,38.0,4431_1371
27.25185574113826,88.32416501170144,background,southern_sikkim,0,published_mapped_extent,847.0,24.701,-0.03321,-0.99945,-0.00010634,108.0,4416_1362
27.385412107073936,88.55625773049877,background,southern_sikkim,0,published_mapped_extent,1076.0,21.886,-0.80903,0.58776,0.00048114,109.0,4427_1369
27.24337078818367,88.3212415305323,background,southern_sikkim,0,published_mapped_extent,1219.0,22.289,0.03049,0.99953,-0.00468352,93.0,4416_1362
27.412622313742794,88.65088816906551,background,southern_sikkim,0,published_mapped_extent,2327.0,41.73,-0.925,0.37997,-0.00400172,206.0,4432_1370
27.302470826976464,88.1651284689594,background,southern_sikkim,0,published_mapped_extent,1791.0,29.27,-0.42126,0.90694,0.00030914,116.0,4408_1365
27.293554125611728,88.48856420845766,background,southern_sikkim,0,published_mapped_extent,2067.0,22.21,-0.99329,-0.11566,-0.00058066,93.0,4424_1364
27.576410547798172,88.44309575601852,background,southern_sikkim,0,published_mapped_extent,1695.0,40.587,-0.90301,0.42962,-0.00087118,202.0,4422_1378
27.364275183642988,88.84931703235563,background,southern_sikkim,0,published_mapped_extent,4326.0,8.339,-0.97596,0.21793,0.00358269,59.0,4442_1368
27.43281798221986,88.22389555915919,background,southern_sikkim,0,published_mapped_extent,3222.0,35.503,0.80603,0.59187,0.00133665,177.0,4411_1371
27.571212466856746,88.52482661881876,background,southern_sikkim,0,published_mapped_extent,2254.0,33.375,0.99727,-0.07379,1.291e-05,140.0,4426_1378
27.21038215814317,88.42949333067162,background,southern_sikkim,0,published_mapped_extent,1993.0,17.371,-0.16872,0.98566,0.00156237,64.0,4421_1360
27.43996296645819,88.16794068770888,background,southern_sikkim,0,published_mapped_extent,2666.0,23.563,-0.79616,-0.60508,-0.00937085,123.0,4408_1371
27.412917244441648,88.64907379456791,background,southern_sikkim,0,published_mapped_extent,2209.0,35.784,-0.77653,0.63008,-0.00107954,178.0,4432_1370
27.551285982467885,88.50262028927945,background,southern_sikkim,0,published_mapped_extent,1654.0,57.958,0.79019,-0.61286,-0.00167039,381.0,4425_1377
27.201413385748136,88.49608119070359,background,southern_sikkim,0,published_mapped_extent,592.0,30.629,-0.30495,-0.95237,0.00136627,127.0,4424_1360
27.12086939488409,88.4874578740207,background,southern_sikkim,0,published_mapped_extent,360.0,32.669,-0.99853,0.05415,0.0001021,127.0,4424_1356
27.190935580328972,88.30804382990199,background,southern_sikkim,0,published_mapped_extent,1150.0,38.921,0.60028,-0.79979,0.00033134,202.0,4415_1359
27.487015588092852,88.58657129301493,background,southern_sikkim,0,published_mapped_extent,2792.0,11.665,-0.40364,0.91492,0.0039641,67.0,4429_1374
27.28195904514934,88.62043797879167,background,southern_sikkim,0,published_mapped_extent,1296.0,16.31,-0.34174,0.93979,-0.00054141,67.0,4431_1364
27.349239165661825,88.18176098172914,background,southern_sikkim,0,published_mapped_extent,1942.0,27.18,0.74651,0.66537,-0.00040496,125.0,4409_1367
27.364684137078722,88.53660146402706,background,southern_sikkim,0,published_mapped_extent,2356.0,11.242,0.44721,0.89443,0.00104136,62.0,4426_1368
27.367001900453463,88.11376911228308,background,southern_sikkim,0,published_mapped_extent,2359.0,37.519,0.91344,-0.40698,-0.00099907,184.0,4405_1368
27.239111856859985,88.33348183215892,background,southern_sikkim,0,published_mapped_extent,1345.0,22.724,-0.12934,0.9916,-0.00052746,89.0,4416_1361
27.16733169240158,88.27721316089634,background,southern_sikkim,0,published_mapped_extent,812.0,26.724,-0.33931,0.94068,-0.00034749,116.0,4413_1358
27.246761723724383,88.81158492946241,background,southern_sikkim,0,published_mapped_extent,2688.0,36.612,-0.05982,-0.99821,-9.732e-05,145.0,4440_1362
27.470874819921356,88.63787870904375,background,southern_sikkim,0,published_mapped_extent,2757.0,37.783,0.74711,-0.6647,0.00116412,200.0,4431_1373
27.365561445068177,88.64900650113388,background,southern_sikkim,0,published_mapped_extent,2449.0,25.655,-0.75186,-0.65932,0.00016005,127.0,4432_1368
27.488494899646323,88.43981142738386,background,southern_sikkim,0,published_mapped_extent,2310.0,43.23,0.64713,-0.76238,0.00120408,227.0,4421_1374
27.490343088796937,88.7006627715965,background,southern_sikkim,0,published_mapped_extent,4090.0,19.858,0.91142,0.41148,-0.00429075,82.0,4435_1374
27.227858817201216,88.58629587440734,background,southern_sikkim,0,published_mapped_extent,1441.0,14.433,0.94976,-0.31299,0.00224822,59.0,4429_1361
27.30571804696857,88.42944129338419,background,southern_sikkim,0,published_mapped_extent,1034.0,17.853,0.97454,-0.22423,-0.00072214,88.0,4421_1365
27.285636280660142,88.52774180135327,background,southern_sikkim,0,published_mapped_extent,1607.0,10.951,0.77523,-0.63167,0.00070577,47.0,4426_1364
27.29782366855238,88.52803622723069,background,southern_sikkim,0,published_mapped_extent,2134.0,47.255,0.61873,-0.78561,-0.00363003,260.0,4426_1364
27.36825905589152,88.85776419935085,background,southern_sikkim,0,published_mapped_extent,4343.0,38.715,-0.02252,0.99975,-0.00519921,159.0,4442_1368
27.443489246605306,88.43199297314551,background,southern_sikkim,0,published_mapped_extent,2922.0,23.747,0.97233,-0.23361,-0.00078686,98.0,4421_1372
27.367557714595648,88.77626463588365,background,southern_sikkim,0,published_mapped_extent,3921.0,16.575,0.47131,-0.88197,0.00331262,96.0,4438_1368
27.4672358509887,88.65604649401955,background,southern_sikkim,0,published_mapped_extent,2338.0,43.715,0.37914,-0.92534,-0.00098101,214.0,4432_1373
27.465316559460017,88.63554944246846,background,southern_sikkim,0,published_mapped_extent,2528.0,32.443,0.90674,0.42169,0.00072932,156.0,4431_1373
27.333072711400252,88.229081288589,background,southern_sikkim,0,published_mapped_extent,993.0,16.075,-0.95431,0.29882,-0.00695039,86.0,4411_1366
27.392666994616597,88.79159265745032,background,southern_sikkim,0,published_mapped_extent,4411.0,28.593,-0.35419,0.93517,0.01531164,164.0,4439_1369
27.471810277052075,88.67088529844827,background,southern_sikkim,0,published_mapped_extent,2733.0,32.889,-0.98797,0.15464,-0.00031844,128.0,4433_1373
27.371575278533538,88.4075561608563,background,southern_sikkim,0,published_mapped_extent,2825.0,6.508,-0.74269,-0.66964,0.00028767,29.0,4420_1368
27.369760607986468,88.67185754542705,background,southern_sikkim,0,published_mapped_extent,2529.0,26.594,0.04994,-0.99875,0.00353486,118.0,4433_1368
27.499372004852095,88.4792748787067,background,southern_sikkim,0,published_mapped_extent,1603.0,34.346,0.0,-1.0,0.00254829,150.0,4423_1374
27.215485113003382,88.63987608589703,background,southern_sikkim,0,published_mapped_extent,997.0,22.195,0.99405,-0.10894,-0.00021641,87.0,4431_1360
27.475587685313897,88.51993712382831,background,southern_sikkim,0,published_mapped_extent,818.0,18.88,0.80821,-0.5889,2.831e-05,94.0,4425_1373
27.53049162972083,88.50038986519345,background,southern_sikkim,0,published_mapped_extent,1189.0,20.669,-0.41602,0.90936,-0.00141056,85.0,4425_1376
27.27039103355918,88.14306058080172,background,southern_sikkim,0,published_mapped_extent,1478.0,29.817,-0.51378,-0.85792,-0.0010086,135.0,4407_1363
27.297818263219078,88.4874482410041,background,southern_sikkim,0,published_mapped_extent,1968.0,23.712,-0.9265,0.37629,-0.00030609,97.0,4424_1364
27.149007576006813,88.14213132644994,background,southern_sikkim,0,published_mapped_extent,1601.0,29.71,0.82026,0.57199,-0.00230412,133.0,4407_1357
27.325605255397427,88.7756508704575,background,southern_sikkim,0,published_mapped_extent,3794.0,12.695,0.99878,0.04932,0.00205126,56.0,4438_1366
27.15479910250824,88.45921564982538,background,southern_sikkim,0,published_mapped_extent,1126.0,38.178,-0.81254,-0.58291,-0.00087263,206.0,4422_1357
27.491572164027787,88.66051737544772,background,southern_sikkim,0,published_mapped_extent,3458.0,26.616,-0.72893,0.68459,-0.0004069,111.0,4433_1374
27.38314067911997,88.2461581139284,background,southern_sikkim,0,published_mapped_extent,2541.0,31.966,0.98597,-0.16692,-0.00162877,156.0,4412_1369
27.229100589633383,88.18198149745014,background,southern_sikkim,0,published_mapped_extent,2121.0,13.006,-0.06013,0.99819,0.0001229,50.0,4409_1361
27.357478110412515,88.82012415363245,background,southern_sikkim,0,published_mapped_extent,4094.0,10.606,-0.86779,-0.49694,-0.00066963,47.0,4441_1367
27.187288581612524,88.81759817785826,background,southern_sikkim,0,published_mapped_extent,1977.0,37.784,0.25978,0.96567,-0.0015773,162.0,4440_1359
27.318435726651973,88.33455828805701,background,southern_sikkim,0,published_mapped_extent,1363.0,35.638,0.0678,-0.9977,-0.00159337,153.0,4416_1365
27.362335614656807,88.7983008430024,background,southern_sikkim,0,published_mapped_extent,3579.0,26.341,-0.72374,0.69008,-0.00106953,118.0,4439_1368
27.3442024385708,88.34673527588829,background,southern_sikkim,0,published_mapped_extent,1853.0,25.667,-0.59537,-0.80345,0.00085206,116.0,4417_1367
27.561237833841155,88.48076983632771,background,southern_sikkim,0,published_mapped_extent,1800.0,28.0,-0.18807,-0.98216,-0.00352884,116.0,4424_1378
27.34158340039765,88.58888263082389,background,southern_sikkim,0,published_mapped_extent,1293.0,23.662,0.90971,-0.41524,0.00014431,103.0,4429_1367
27.336039572266575,88.66568213034729,background,southern_sikkim,0,published_mapped_extent,1834.0,24.578,-0.64376,0.76523,0.00040953,114.0,4433_1366
27.324817197814994,88.79573847526405,background,southern_sikkim,0,published_mapped_extent,3441.0,31.235,-0.86111,0.50842,0.0020473,146.0,4439_1366
27.23080404836302,88.77528959400149,background,southern_sikkim,0,published_mapped_extent,1732.0,13.516,-0.02889,-0.99958,-0.00684043,111.0,4438_1361
27.304974579667714,88.31459550629752,background,southern_sikkim,0,published_mapped_extent,907.0,32.532,-0.99726,-0.07403,0.00043117,127.0,4415_1365
27.273634569009808,88.3278630552199,background,southern_sikkim,0,published_mapped_extent,1947.0,21.064,0.04688,0.9989,-0.00161341,72.0,4416_1363
27.204063637789186,88.7604326625226,background,southern_sikkim,0,published_mapped_extent,2116.0,34.265,-0.87665,0.48114,0.00688133,181.0,4438_1360
27.45269007568867,88.39684256611764,background,southern_sikkim,0,published_mapped_extent,3126.0,23.33,-0.90815,-0.41865,0.00148078,126.0,4419_1372
27.325514118588483,88.38706447389414,background,southern_sikkim,0,published_mapped_extent,2651.0,33.714,-0.54118,-0.84091,-0.00076654,161.0,4419_1366
27.223235601815208,88.72502380255601,background,southern_sikkim,0,published_mapped_extent,1496.0,54.69,0.26561,-0.96408,0.00067025,321.0,4436_1361
27.24217156652939,88.74633592250474,background,southern_sikkim,0,published_mapped_extent,1722.0,21.091,-0.95429,-0.29889,-0.00675253,114.0,4437_1362
27.301016026598713,88.87442244312317,background,southern_sikkim,0,published_mapped_extent,3661.0,32.73,0.73256,0.6807,0.00155267,178.0,4443_1365
27.136462455158906,88.29702771499608,background,southern_sikkim,0,published_mapped_extent,726.0,19.448,0.92435,-0.38154,-0.00142642,88.0,4414_1356
27.184513305200245,88.48331595160435,background,southern_sikkim,0,published_mapped_extent,700.0,25.922,0.74867,0.66294,-0.00129707,120.0,4424_1359
27.19861926495881,88.17220719346444,background,southern_sikkim,0,published_mapped_extent,2388.0,26.049,-0.38361,-0.9235,-0.00018585,111.0,4408_1359
27.18757181196154,88.22066198559496,background,southern_sikkim,0,published_mapped_extent,1579.0,38.76,-0.56741,-0.82344,-0.00243114,209.0,4411_1359
27.241873160397454,88.61786884740758,background,southern_sikkim,0,published_mapped_extent,1140.0,17.104,-0.93427,0.35656,-0.00122205,96.0,4430_1362
27.542244387168036,88.58222012640961,background,southern_sikkim,0,published_mapped_extent,1394.0,14.829,-0.1941,-0.98098,-0.00036703,78.0,4429_1377
27.43777413552009,88.57138590755636,background,southern_sikkim,0,published_mapped_extent,2317.0,31.705,0.57783,-0.81616,-0.00090935,156.0,4428_1371
27.152322318245123,88.3653891021609,background,southern_sikkim,0,published_mapped_extent,937.0,20.164,0.18155,-0.98338,-0.00098946,109.0,4418_1357
27.215184648672494,88.58811795553382,background,southern_sikkim,0,published_mapped_extent,1463.0,22.2,-0.96318,-0.26887,0.00143777,122.0,4429_1360
27.51302375145872,88.43961114558599,background,southern_sikkim,0,published_mapped_extent,2591.0,18.039,-0.145,0.98943,-0.00138013,105.0,4421_1375
27.366314373341922,88.62864080257708,background,southern_sikkim,0,published_mapped_extent,2043.0,17.884,-0.93401,-0.35725,0.00188252,71.0,4431_1368
27.425981658947666,88.81696744971018,background,southern_sikkim,0,published_mapped_extent,4585.0,20.782,0.32937,-0.9442,0.00193989,102.0,4440_1371
27.288935489790727,88.56817204339578,background,southern_sikkim,0,published_mapped_extent,1482.0,14.373,0.76421,0.64497,0.00116725,77.0,4428_1364
27.182697034731348,88.76219021765294,background,southern_sikkim,0,published_mapped_extent,2616.0,24.511,-0.95344,0.30157,0.00320649,100.0,4438_1359
27.35229015099609,88.74691229323051,background,southern_sikkim,0,published_mapped_extent,3243.0,33.363,-0.57162,-0.82052,-0.00056868,153.0,4437_1367
27.470517610342732,88.0927888984812,background,southern_sikkim,0,published_mapped_extent,4062.0,20.101,0.92978,0.36812,-0.00206736,91.0,4404_1373
27.27487123219484,88.35195446957717,background,southern_sikkim,0,published_mapped_extent,2150.0,16.936,-0.69329,0.72066,-0.00140809,71.0,4417_1363
27.17925269970998,88.3061468585139,background,southern_sikkim,0,published_mapped_extent,505.0,20.992,-0.54295,-0.83976,-0.00237455,90.0,4415_1358
27.17549343093319,88.31650537887178,background,southern_sikkim,0,published_mapped_extent,595.0,19.173,-0.22369,0.97466,0.00194735,79.0,4415_1358
27.1113283522176,88.32380965932835,background,southern_sikkim,0,published_mapped_extent,320.0,31.315,-0.99996,0.00913,-0.00232018,118.0,4416_1355
27.28966646036389,88.18553165176341,background,southern_sikkim,0,published_mapped_extent,2067.0,17.39,-0.65189,0.75832,-0.00108973,81.0,4409_1364
27.291138398386735,88.25673965626892,background,southern_sikkim,0,published_mapped_extent,1559.0,19.593,-0.6204,-0.78428,-0.00053591,91.0,4412_1364
27.1356957164513,88.23131950988775,background,southern_sikkim,0,published_mapped_extent,1179.0,25.967,-0.93539,0.35362,0.00122101,106.0,4411_1356
27.37441085297047,88.37798517832937,background,southern_sikkim,0,published_mapped_extent,2200.0,34.357,-0.33929,-0.94068,-0.00252082,168.0,4418_1368
27.393094025044377,88.36054829343973,background,southern_sikkim,0,published_mapped_extent,1646.0,30.242,-0.91004,0.41452,0.00129158,143.0,4418_1369
27.25166149114295,88.30521287742181,background,southern_sikkim,0,published_mapped_extent,603.0,34.009,-0.94276,0.33347,0.00325203,147.0,4415_1362
27.37211258718161,88.32761484020612,background,southern_sikkim,0,published_mapped_extent,1193.0,23.62,-0.61614,0.78764,0.00333894,109.0,4416_1368
27.327025715747524,88.41771024411526,background,southern_sikkim,0,published_mapped_extent,1820.0,40.333,0.34843,-0.93733,-0.0014682,207.0,4420_1366
27.11753017784951,88.2080745722701,background,southern_sikkim,0,published_mapped_extent,951.0,25.333,0.9799,-0.1995,0.0039904,107.0,4410_1355
27.270641836896264,88.58231676498872,background,southern_sikkim,0,published_mapped_extent,844.0,29.264,-0.90222,-0.43128,-0.0008265,128.0,4429_1363
27.38746217968119,88.08158390080554,background,southern_sikkim,0,published_mapped_extent,3384.0,27.487,0.52856,-0.8489,-0.00178292,127.0,4404_1369
27.35664863646793,88.12794168943512,background,southern_sikkim,0,published_mapped_extent,1977.0,24.709,-0.57952,-0.81496,-0.00193198,125.0,4406_1367
27.432315387173006,88.54661863237685,background,southern_sikkim,0,published_mapped_extent,1986.0,22.872,-0.93834,0.34571,-0.00152952,100.0,4427_1371
27.424729245518826,88.33564665321386,background,southern_sikkim,0,published_mapped_extent,2288.0,22.416,0.70034,-0.71381,-0.00247712,110.0,4416_1371
27.45894427238673,88.42928742414105,background,southern_sikkim,0,published_mapped_extent,2918.0,34.808,0.40354,0.91496,0.00054217,166.0,4421_1372
27.495030050316032,88.68236359394422,background,southern_sikkim,0,published_mapped_extent,3773.0,35.263,-0.99393,-0.11,-0.0005028,149.0,4434_1374
27.320707003584108,88.86000007974161,background,southern_sikkim,0,published_mapped_extent,3932.0,19.509,-0.99962,-0.02744,-0.00302244,92.0,4443_1366
27.341914538939967,88.6024351015097,background,southern_sikkim,0,published_mapped_extent,1386.0,27.46,-0.96213,-0.2726,0.00236933,110.0,4430_1367
27.471073663799633,88.6644222320863,background,southern_sikkim,0,published_mapped_extent,2339.0,30.381,-0.92634,0.37669,0.00132553,126.0,4433_1373
27.376189117529123,88.54615837761511,background,southern_sikkim,0,published_mapped_extent,1608.0,33.985,0.99923,0.03915,-0.00071564,131.0,4427_1368
27.453895516751462,88.26937814979243,background,southern_sikkim,0,published_mapped_extent,2898.0,30.836,-0.43507,-0.90039,-0.00088514,127.0,4413_1372
27.16791980839745,88.2312958087322,background,southern_sikkim,0,published_mapped_extent,1246.0,28.852,0.87225,0.48906,0.00088377,134.0,4411_1358
27.339681695527396,88.79205625609355,background,southern_sikkim,0,published_mapped_extent,3699.0,18.401,0.91433,-0.40498,0.0002802,80.0,4439_1366
27.44977662658615,88.12609886062901,background,southern_sikkim,0,published_mapped_extent,3743.0,34.98,0.15086,-0.98855,-0.00162539,137.0,4406_1372
27.17395687196573,88.31678524513498,background,southern_sikkim,0,published_mapped_extent,654.0,23.299,-0.4741,0.88047,-3.953e-05,98.0,4415_1358
27.34009517265088,88.1215118698666,background,southern_sikkim,0,published_mapped_extent,2320.0,28.553,0.88822,0.45942,-0.00274928,154.0,4406_1367
27.468080683048367,88.43945674422824,background,southern_sikkim,0,published_mapped_extent,2207.0,28.73,0.26097,0.96535,-0.00026309,127.0,4421_1373
27.250575525021937,88.45150527323939,background,southern_sikkim,0,published_mapped_extent,445.0,21.302,-0.4025,0.91542,-0.00651322,115.0,4422_1362
27.21552392042435,88.2751460219733,background,southern_sikkim,0,published_mapped_extent,1239.0,22.613,-0.957,-0.2901,-0.00039211,100.0,4413_1360
27.199801291262506,88.12458095739896,background,southern_sikkim,0,published_mapped_extent,2689.0,20.796,0.97644,-0.21577,-0.00178774,80.0,4406_1359
27.246930291147006,88.49317356837844,background,southern_sikkim,0,published_mapped_extent,974.0,29.314,-0.89541,-0.44523,0.0023711,124.0,4424_1362
27.403674202644666,88.62308451774365,background,southern_sikkim,0,published_mapped_extent,1729.0,23.171,-0.03245,0.99947,0.00113426,95.0,4431_1370
27.50357774195597,88.63927740345764,background,southern_sikkim,0,published_mapped_extent,2961.0,30.716,0.66625,0.74573,0.0003065,156.0,4431_1375
27.329298486808007,88.73637936182334,background,southern_sikkim,0,published_mapped_extent,3028.0,31.461,-0.99875,-0.04994,0.00011949,153.0,4436_1366
27.562313918863172,88.50382587198067,background,southern_sikkim,0,published_mapped_extent,1618.0,21.154,0.70711,-0.70711,-0.00546904,106.0,4425_1378
27.43970199649751,88.3510515929913,background,southern_sikkim,0,published_mapped_extent,2556.0,21.645,-0.98696,-0.16099,0.00364949,105.0,4417_1371
27.240409884221705,88.24030268579004,background,southern_sikkim,0,published_mapped_extent,1310.0,20.336,0.37849,0.92561,0.00039703,85.0,4412_1362
27.415653666705175,88.53642885996601,background,southern_sikkim,0,published_mapped_extent,1788.0,18.792,-0.74289,0.66942,-0.00064448,86.0,4426_1370
27.482517997580857,88.61166793983342,background,southern_sikkim,0,published_mapped_extent,3461.0,35.769,-0.17159,0.98517,0.0009958,152.0,4430_1374
27.213038718271218,88.40864572646512,background,southern_sikkim,0,published_mapped_extent,2386.0,24.755,0.47589,0.8795,0.00096252,116.0,4420_1360
27.162180005449937,88.31923234030701,background,southern_sikkim,0,published_mapped_extent,1225.0,27.951,-0.20416,0.97894,0.00035899,106.0,4415_1358
27.403107824851666,88.6266038779636,background,southern_sikkim,0,published_mapped_extent,1761.0,30.375,-0.00474,0.99999,-0.00202366,117.0,4431_1370
27.2753647591555,88.42220497883986,background,southern_sikkim,0,published_mapped_extent,836.0,21.681,0.56594,-0.82445,-0.00143587,95.0,4421_1363
27.2164201957618,88.4195362377573,background,southern_sikkim,0,published_mapped_extent,1897.0,32.552,0.27415,0.96169,0.001665,140.0,4420_1360
27.51592283145557,88.64374980368831,background,southern_sikkim,0,published_mapped_extent,2365.0,8.344,-0.90906,0.41665,-0.00687264,76.0,4432_1375
27.402129271607762,88.715603484243,background,southern_sikkim,0,published_mapped_extent,3779.0,20.763,-0.71801,0.69603,0.00180903,82.0,4435_1370
27.357950406930808,88.67599237358517,background,southern_sikkim,0,published_mapped_extent,1924.0,28.934,0.01005,-0.99995,0.00010794,114.0,4433_1367
27.24204928013487,88.28304177144724,background,southern_sikkim,0,published_mapped_extent,1053.0,35.03,0.87971,0.47552,0.00157691,176.0,4414_1362
27.398483500756978,88.46133340388724,background,southern_sikkim,0,published_mapped_extent,1891.0,34.814,0.05193,-0.99865,0.00111932,144.0,4423_1369
27.318024803375433,88.40730827559393,background,southern_sikkim,0,published_mapped_extent,1590.0,21.695,0.78898,-0.61442,-0.00096793,94.0,4420_1365
27.301836411006775,88.30004632311307,background,southern_sikkim,0,published_mapped_extent,1059.0,37.888,0.47835,-0.87817,-0.00110394,183.0,4415_1365
27.218103473284085,88.73864073739702,background,southern_sikkim,0,published_mapped_extent,1298.0,25.622,0.08688,0.99622,-0.00509033,103.0,4436_1360
27.410121376896186,88.64090764186453,background,southern_sikkim,0,published_mapped_extent,2051.0,26.247,0.21126,0.97743,0.00239649,108.0,4432_1370
27.391655203333013,88.61489729165108,background,southern_sikkim,0,published_mapped_extent,1325.0,23.966,0.01875,-0.99982,-0.00135308,97.0,4430_1369
27.33839409344497,88.8812195782414,background,southern_sikkim,0,published_mapped_extent,4264.0,19.339,0.43928,-0.89835,-0.00025546,78.0,4444_1366
27.44360094786398,88.6841479348848,background,southern_sikkim,0,published_mapped_extent,2572.0,33.358,-0.79746,0.60337,-0.00023475,189.0,4434_1372
27.218277638277744,88.25308470956975,background,southern_sikkim,0,published_mapped_extent,1370.0,29.413,-0.61837,-0.78589,0.00551622,127.0,4412_1360
27.215284360927114,88.4162369382856,background,southern_sikkim,0,published_mapped_extent,2014.0,27.662,0.59618,0.80285,-0.00087476,132.0,4420_1360
27.275739450657806,88.36646647507683,background,southern_sikkim,0,published_mapped_extent,1854.0,31.953,0.32956,-0.94414,-0.00524419,129.0,4418_1363
27.18442882287319,88.57252236710778,background,southern_sikkim,0,published_mapped_extent,400.0,8.736,-0.17172,0.98515,0.00149636,33.0,4428_1359
27.30059971907734,88.74669144803632,background,southern_sikkim,0,published_mapped_extent,2550.0,32.99,0.99917,-0.04065,0.00010526,133.0,4437_1365
27.250519004147005,88.63512903881275,background,southern_sikkim,0,published_mapped_extent,2047.0,17.882,0.05166,-0.99866,0.00154402,94.0,4431_1362
27.24006485426853,88.8726608868379,background,southern_sikkim,0,published_mapped_extent,2854.0,32.562,-0.99827,-0.05872,0.00093322,122.0,4443_1362
27.204443506000914,88.5377118381419,background,southern_sikkim,0,published_mapped_extent,1257.0,23.345,-0.85919,-0.51165,-1.364e-05,110.0,4426_1360
27.316348838043133,88.58664175604464,background,southern_sikkim,0,published_mapped_extent,989.0,35.422,0.51162,-0.85921,-0.0025462,160.0,4429_1365
27.175781540655944,88.36984263779713,background,southern_sikkim,0,published_mapped_extent,1588.0,42.383,-0.99381,0.1111,-0.00111568,184.0,4418_1358
27.287135286897872,88.91592540840995,background,southern_sikkim,0,published_mapped_extent,3922.0,7.989,0.99956,0.02969,-0.00195646,43.0,4445_1364
27.55523680513882,88.6712508121042,background,southern_sikkim,0,published_mapped_extent,2367.0,22.854,-0.82385,-0.56681,-0.00023938,118.0,4433_1377
27.31452519617735,88.66726102862486,background,southern_sikkim,0,published_mapped_extent,2375.0,21.563,-0.22845,-0.97356,0.00320481,118.0,4433_1365
27.421111476414964,88.17156530146215,background,southern_sikkim,0,published_mapped_extent,2619.0,29.586,0.90022,-0.43543,-0.00031289,130.0,4408_1371
27.34630644386599,88.49604690191951,background,southern_sikkim,0,published_mapped_extent,1266.0,28.321,-0.83245,-0.55411,-0.0001907,147.0,4424_1367
27.28059983850531,88.31808181905292,background,southern_sikkim,0,published_mapped_extent,1612.0,19.633,-0.38544,0.92273,0.00158407,86.0,4415_1364
27.169709855848108,88.16377721782081,background,southern_sikkim,0,published_mapped_extent,1301.0,19.1,-0.97061,-0.24065,0.00195125,71.0,4408_1358
27.35013726972664,88.6602979748728,background,southern_sikkim,0,published_mapped_extent,1638.0,27.426,-0.79223,0.61023,0.00308799,135.0,4433_1367
27.42387582529157,88.3730922840454,background,southern_sikkim,0,published_mapped_extent,2081.0,50.918,-0.4309,-0.9024,0.00161113,294.0,4418_1371
27.504682195249032,88.52312180331086,background,southern_sikkim,0,published_mapped_extent,842.0,19.481,0.96584,-0.25913,-6.98e-06,84.0,4426_1375
27.32034549362801,88.49208997487597,background,southern_sikkim,0,published_mapped_extent,1163.0,35.042,-0.3446,0.93875,0.00242588,145.0,4424_1366
27.273291265595983,88.79982141366257,background,southern_sikkim,0,published_mapped_extent,3492.0,24.393,0.98623,-0.16539,0.00040976,107.0,4439_1363
27.229809793175342,88.39181451316237,background,southern_sikkim,0,published_mapped_extent,2083.0,19.571,-0.70711,0.70711,0.00447848,99.0,4419_1361
27.357879467083706,88.49851682033164,background,southern_sikkim,0,published_mapped_extent,1454.0,18.36,-0.97509,0.2218,-0.00169606,75.0,4424_1367
27.296845226343216,88.6217041644024,background,southern_sikkim,0,published_mapped_extent,1426.0,40.346,-0.32211,-0.9467,0.00014207,188.0,4431_1364
27.365996591591202,88.2279585554829,background,southern_sikkim,0,published_mapped_extent,1887.0,36.745,-0.89293,-0.45019,0.00256524,176.0,4411_1368
27.509359387920924,88.51408333388751,background,southern_sikkim,0,published_mapped_extent,1224.0,35.522,0.90469,-0.42608,-0.00363462,178.0,4425_1375
27.379902057788485,88.5095759573804,background,southern_sikkim,0,published_mapped_extent,1248.0,40.086,-0.59736,0.80198,-0.00085131,230.0,4425_1368
27.207732581537982,88.47973704584304,background,southern_sikkim,0,published_mapped_extent,744.0,31.199,0.99535,-0.09632,0.00152252,156.0,4423_1360
27.41352478250367,88.34556302054341,background,southern_sikkim,0,published_mapped_extent,1992.0,47.783,0.78758,-0.61621,-0.00617771,252.0,4417_1370
27.116816467075108,88.48026405944677,background,southern_sikkim,0,published_mapped_extent,466.0,19.257,0.16698,0.98596,-0.0003139,78.0,4424_1355
27.391746925033054,88.21364788608497,background,southern_sikkim,0,published_mapped_extent,1707.0,14.02,0.84549,-0.53399,-0.00325515,65.0,4410_1369
27.115702634196115,88.23005049616656,background,southern_sikkim,0,published_mapped_extent,563.0,7.66,0.27881,0.96035,-0.00012106,31.0,4411_1355
27.22469436053934,88.80878430370772,background,southern_sikkim,0,published_mapped_extent,2552.0,31.475,0.87798,0.47869,0.00418535,159.0,4440_1361
27.57895023511669,88.4174583295548,background,southern_sikkim,0,published_mapped_extent,2067.0,49.115,-0.58078,-0.81406,0.00704016,287.0,4420_1378
27.383761538357447,88.10767800995211,background,southern_sikkim,0,published_mapped_extent,2790.0,36.734,0.84305,-0.53784,0.00131239,191.0,4405_1369
27.2784118210563,88.13988581136361,background,southern_sikkim,0,published_mapped_extent,2100.0,28.756,0.02278,-0.99974,-0.00075953,126.0,4406_1363
27.136303988160225,88.32196872838918,background,southern_sikkim,0,published_mapped_extent,596.0,16.714,0.48564,-0.87416,-0.00173903,76.0,4416_1356
27.21322961653064,88.65154277663642,background,southern_sikkim,0,published_mapped_extent,745.0,22.117,-0.60491,-0.79629,-0.0004102,99.0,4432_1360
27.115290267914812,88.34745535029684,background,southern_sikkim,0,published_mapped_extent,650.0,26.769,-0.42951,-0.90306,-2.033e-05,119.0,4417_1355
27.15148399267246,88.48049905948055,background,southern_sikkim,0,published_mapped_extent,1064.0,24.807,0.79928,0.60096,0.00070045,103.0,4424_1357
27.143570658265006,88.42325256756482,background,southern_sikkim,0,published_mapped_extent,1121.0,28.852,0.87225,-0.48906,0.00048893,130.0,4421_1357
27.17220026526476,88.50128491942688,background,southern_sikkim,0,published_mapped_extent,763.0,37.988,-0.30768,0.95149,0.00035755,178.0,4425_1358
27.41497336543655,88.47660303426315,background,southern_sikkim,0,published_mapped_extent,2046.0,32.47,0.97129,0.23791,0.00145428,139.0,4423_1370
27.302458413976108,88.12366815389518,background,southern_sikkim,0,published_mapped_extent,2688.0,36.332,-0.99147,-0.13031,0.00189811,154.0,4406_1365
27.192080610572578,88.55286798008531,background,southern_sikkim,0,published_mapped_extent,550.0,34.738,-0.91537,0.4026,0.00279944,148.0,4427_1359
27.105402893987673,88.371102801898,background,southern_sikkim,0,published_mapped_extent,643.0,26.313,-0.23592,-0.97177,0.00151235,111.0,4418_1355
27.31619435497501,88.23906227454954,background,southern_sikkim,0,published_mapped_extent,1549.0,15.587,0.61738,0.78666,0.00105957,63.0,4411_1365
27.292886902863604,88.8990510918006,background,southern_sikkim,0,published_mapped_extent,3698.0,23.381,-0.95729,-0.28912,0.00010315,97.0,4444_1364
27.239770871350036,88.1178811781015,background,southern_sikkim,0,published_mapped_extent,2064.0,17.292,0.82091,0.57106,-0.00163511,86.0,4405_1361
27.30895604051173,88.13052777343822,background,southern_sikkim,0,published_mapped_extent,2557.0,22.54,0.88346,-0.4685,-0.0005507,92.0,4406_1365
27.163325916190836,88.3429337067634,background,southern_sikkim,0,published_mapped_extent,1000.0,26.195,-0.03388,0.99943,3.8e-07,102.0,4417_1358
27.25767433389167,88.67005367984311,background,southern_sikkim,0,published_mapped_extent,1898.0,21.384,-0.99667,-0.08158,0.0012477,88.0,4433_1362
27.195684282688543,88.78803444984162,background,southern_sikkim,0,published_mapped_extent,2977.0,22.769,-0.08934,0.996,0.00170481,84.0,4439_1359
27.165346462270225,88.51562874055746,background,southern_sikkim,0,published_mapped_extent,790.0,23.662,0.90971,-0.41524,0.00133356,101.0,4425_1358
27.148440837611687,88.47818151644124,background,southern_sikkim,0,published_mapped_extent,949.0,26.655,-0.83838,-0.54509,-0.00505223,137.0,4423_1357
27.39384066271519,88.18818084685856,background,southern_sikkim,0,published_mapped_extent,2630.0,32.36,-0.03069,-0.99953,0.00073048,123.0,4409_1369
27.159063044595943,88.27699794704618,background,southern_sikkim,0,published_mapped_extent,979.0,26.231,0.88227,-0.47073,0.00131508,118.0,4413_1357
27.359701621312645,88.53887820764916,background,southern_sikkim,0,published_mapped_extent,2342.0,22.898,0.89443,0.44721,0.00279772,99.0,4426_1367
27.308731759932083,88.26554713598568,background,southern_sikkim,0,published_mapped_extent,1369.0,28.514,0.99705,-0.0767,-0.00454858,112.0,4413_1365
27.45204546588522,88.12401398363485,background,southern_sikkim,0,published_mapped_extent,3871.0,3.821,-0.95667,-0.29116,-0.00146327,58.0,4406_1372
27.17028168336973,88.24042317020869,background,southern_sikkim,0,published_mapped_extent,960.0,31.047,-0.63449,-0.77293,0.00106864,149.0,4412_1358
27.42090129862616,88.61431880311348,background,southern_sikkim,0,published_mapped_extent,1531.0,34.528,-0.03836,-0.99926,-0.00122007,140.0,4430_1371
27.550212564439562,88.46491239049652,background,southern_sikkim,0,published_mapped_extent,1098.0,40.194,-0.72496,-0.68879,-0.00209051,199.0,4423_1377
27.256577176816997,88.49171734888372,background,southern_sikkim,0,published_mapped_extent,1049.0,10.78,-0.99933,0.03647,0.00133422,39.0,4424_1362
27.35856772909709,88.60424953793898,background,southern_sikkim,0,published_mapped_extent,1597.0,21.759,0.1531,-0.98821,0.000851,76.0,4430_1367
27.276681430294282,88.15554266286938,background,southern_sikkim,0,published_mapped_extent,1813.0,22.364,-0.92157,-0.38821,0.00258991,108.0,4407_1363
27.469248773485944,88.43220243110645,background,southern_sikkim,0,published_mapped_extent,2319.0,27.549,-0.05591,0.99844,-0.00185772,104.0,4421_1373
27.205730225179487,88.4653719911698,background,southern_sikkim,0,published_mapped_extent,784.0,29.601,-0.15646,-0.98768,0.00175429,135.0,4423_1360
27.20854796713465,88.25762259429985,background,southern_sikkim,0,published_mapped_extent,1020.0,35.114,0.70315,0.71105,0.00182004,176.0,4412_1360
27.306503879275102,88.52325218876778,background,southern_sikkim,0,published_mapped_extent,1970.0,13.6,-0.82671,0.56262,0.00079422,64.0,4426_1365
27.49410998287243,88.39112165464134,background,southern_sikkim,0,published_mapped_extent,3064.0,24.806,0.94058,-0.33957,-0.00116299,134.0,4419_1374
27.37991677422394,88.18815660387857,background,southern_sikkim,0,published_mapped_extent,2611.0,28.88,0.89139,-0.45325,-0.00141249,146.0,4409_1368
27.438138176798407,88.29223056596642,background,southern_sikkim,0,published_mapped_extent,3037.0,42.797,0.99001,0.141,0.00397814,205.0,4414_1371
27.412466437247115,88.38915989106933,background,southern_sikkim,0,published_mapped_extent,2309.0,19.539,-0.5753,0.81794,-8.362e-05,94.0,4419_1370
27.160371672022382,88.41244944600344,background,southern_sikkim,0,published_mapped_extent,1471.0,15.678,-0.02969,-0.99956,-0.00047912,74.0,4420_1358
27.373430123994765,88.61192619937887,background,southern_sikkim,0,published_mapped_extent,1753.0,25.287,0.0294,0.99957,0.00022393,89.0,4430_1368
27.30762244586291,88.18354271947105,background,southern_sikkim,0,published_mapped_extent,1491.0,10.291,-0.97148,0.23713,0.00180305,42.0,4409_1365
27.213418587817234,88.3688370306542,background,southern_sikkim,0,published_mapped_extent,1536.0,44.519,0.7966,-0.60451,-0.00205157,230.0,4418_1360
27.232340181055186,88.68149936858744,background,southern_sikkim,0,published_mapped_extent,1232.0,24.532,-0.66644,-0.74556,0.00046149,117.0,4434_1361
27.559840106633562,88.51714813464694,background,southern_sikkim,0,published_mapped_extent,2101.0,24.056,-0.77782,-0.62848,-0.00470551,100.0,4425_1377
27.396402461504255,88.5163956163566,background,southern_sikkim,0,published_mapped_extent,637.0,32.659,-0.83205,0.5547,-0.00146312,162.0,4425_1369
27.475286872036087,88.13549629418571,background,southern_sikkim,0,published_mapped_extent,3614.0,23.169,0.89247,0.4511,-0.00332054,126.0,4406_1373
27.23957543632413,88.2383155270134,background,southern_sikkim,0,published_mapped_extent,1359.0,31.068,0.87372,0.48643,-0.00806044,139.0,4411_1361
27.398950249371406,88.56141065614429,background,southern_sikkim,0,published_mapped_extent,1228.0,47.59,0.59246,-0.8056,-1.04e-06,234.0,4428_1369
27.550215998035693,88.64455232432192,background,southern_sikkim,0,published_mapped_extent,1305.0,16.821,-0.0781,-0.99695,-0.00670352,63.0,4432_1377
27.41867951098387,88.30415740808594,background,southern_sikkim,0,published_mapped_extent,2105.0,34.305,-0.97507,0.22189,0.00244409,166.0,4415_1370
27.23030399895708,88.53416371152188,background,southern_sikkim,0,published_mapped_extent,1011.0,45.871,0.12934,0.9916,-0.00218494,232.0,4426_1361
27.343857890120454,88.84317932430235,background,southern_sikkim,0,published_mapped_extent,3934.0,8.97,-0.47515,0.87991,-0.00067662,39.0,4442_1367
27.334108775531078,88.71759632687595,background,southern_sikkim,0,published_mapped_extent,2939.0,30.79,0.7412,-0.67128,0.00199869,158.0,4435_1366
27.210041594944798,88.71503028449548,background,southern_sikkim,0,published_mapped_extent,1171.0,38.217,-0.28751,-0.95778,-0.00162977,194.0,4435_1360
27.52886063337588,88.56004522574828,background,southern_sikkim,0,published_mapped_extent,885.0,5.188,-0.99425,0.10707,-0.00815141,106.0,4428_1376
27.325159951829736,88.32409580326865,background,southern_sikkim,0,published_mapped_extent,1793.0,27.057,-0.5547,-0.83205,0.0023765,142.0,4416_1366
27.272689784598185,88.81859779754849,background,southern_sikkim,0,published_mapped_extent,2906.0,36.131,-0.3025,-0.95315,-0.00112421,183.0,4440_1363
27.322877273749334,88.49857665448664,background,southern_sikkim,0,published_mapped_extent,996.0,33.928,0.03716,0.99931,0.00143242,146.0,4424_1366
27.40162974715695,88.68312275526155,background,southern_sikkim,0,published_mapped_extent,2777.0,40.349,-0.67194,-0.74061,0.00077064,215.0,4434_1370
27.339451874659595,88.41920200858036,background,southern_sikkim,0,published_mapped_extent,2618.0,31.141,0.98842,-0.15171,0.00147203,127.0,4420_1366
27.52394328686516,88.48491199836309,background,southern_sikkim,0,published_mapped_extent,1412.0,21.962,0.17221,0.98506,0.00164521,114.0,4424_1376
27.49177774681375,88.66412199755156,background,southern_sikkim,0,published_mapped_extent,3491.0,28.484,0.85749,0.5145,0.00174577,135.0,4433_1374
27.349405068063703,88.38709791203662,background,southern_sikkim,0,published_mapped_extent,2659.0,20.649,0.32065,0.9472,-0.00054525,79.0,4419_1367
27.203280615851924,88.46003305795813,background,southern_sikkim,0,published_mapped_extent,823.0,40.459,0.99014,-0.14005,0.00017497,173.0,4423_1360
27.43557254499205,88.07491889428499,background,southern_sikkim,0,published_mapped_extent,4452.0,28.825,0.106,0.99437,0.00011181,114.0,4403_1371
27.288932705680324,88.42585721135777,background,southern_sikkim,0,published_mapped_extent,1046.0,20.867,0.9983,0.05829,-0.00011575,72.0,4421_1364
27.354132666882926,88.26500652035502,background,southern_sikkim,0,published_mapped_extent,1960.0,28.882,0.12589,-0.99204,-0.00032602,122.0,4413_1367
27.17774765957232,88.43961938373344,background,southern_sikkim,0,published_mapped_extent,1662.0,36.212,0.28073,0.95979,0.00086211,161.0,4421_1358
27.216635936430258,88.50293184046515,background,southern_sikkim,0,published_mapped_extent,980.0,26.233,-0.76381,-0.64544,5.542e-05,136.0,4425_1360
27.19990235730906,88.6028422504396,background,southern_sikkim,0,published_mapped_extent,730.0,27.773,0.72789,-0.68569,-0.0008413,134.0,4430_1359
27.312348200706435,88.5139715784784,background,southern_sikkim,0,published_mapped_extent,1544.0,23.457,-0.96666,0.25607,-0.00228365,99.0,4425_1365
27.363595200720802,88.73344928741338,background,southern_sikkim,0,published_mapped_extent,3602.0,25.623,0.31275,-0.94984,-0.00033151,105.0,4436_1368
27.546812816943962,88.61607837829308,background,southern_sikkim,0,published_mapped_extent,1403.0,22.849,0.65593,-0.75482,0.00034264,109.0,4430_1377
27.325568601822944,88.65556219657432,background,southern_sikkim,0,published_mapped_extent,1565.0,15.689,-0.38075,0.92468,-0.00468045,93.0,4432_1366
27.330334697534443,88.10826201392491,background,southern_sikkim,0,published_mapped_extent,3247.0,40.629,0.98909,-0.14731,0.0052245,175.0,4405_1366
27.453330861722836,88.11796058698584,background,southern_sikkim,0,published_mapped_extent,3874.0,25.938,-0.03427,0.99941,0.00365964,96.0,4405_1372
27.513222299568078,88.52776424838493,background,southern_sikkim,0,published_mapped_extent,796.0,33.487,0.87336,-0.48707,-0.00090751,157.0,4426_1375
27.344156898099875,88.29091023725977,background,southern_sikkim,0,published_mapped_extent,1960.0,20.853,0.77298,0.63443,0.00426148,96.0,4414_1367
27.121697189146722,88.19984818398206,background,southern_sikkim,0,published_mapped_extent,1049.0,27.548,0.40737,0.91326,-0.0011873,123.0,4409_1356
27.395017132626258,88.13972247202912,background,southern_sikkim,0,published_mapped_extent,3703.0,36.003,0.56961,0.82192,-0.00169521,191.0,4406_1369
27.46795739296473,88.69619401832254,background,southern_sikkim,0,published_mapped_extent,3371.0,29.068,-0.7096,-0.7046,0.00216346,147.0,4434_1373
27.099952739310332,88.21293161341724,background,southern_sikkim,0,published_mapped_extent,1323.0,10.463,0.36099,-0.93257,0.00380648,53.0,4410_1354
27.175138891570715,88.43777854956363,background,southern_sikkim,0,published_mapped_extent,1831.0,21.14,0.79741,0.60344,0.00342188,113.0,4421_1358
27.257448662170702,88.65542932705158,background,southern_sikkim,0,published_mapped_extent,1675.0,21.659,-0.08044,-0.99676,0.00081135,82.0,4432_1362
27.12763403173909,88.4382543706845,background,southern_sikkim,0,published_mapped_extent,736.0,20.755,0.97121,-0.23822,-0.00300653,109.0,4421_1356
27.166085705180212,88.54096566979518,background,southern_sikkim,0,published_mapped_extent,619.0,26.163,-0.34492,-0.93863,-0.00271248,113.0,4427_1358
27.148625921599294,88.33841533733809,background,southern_sikkim,0,published_mapped_extent,1500.0,42.457,-0.89106,-0.45388,-0.00135845,224.0,4416_1357
27.203585795173055,88.53150161208386,background,southern_sikkim,0,published_mapped_extent,1017.0,26.135,-0.64822,-0.76145,0.00048341,123.0,4426_1360
27.479655205407475,88.68414733237357,background,southern_sikkim,0,published_mapped_extent,3450.0,26.875,-0.99485,0.1014,0.00402444,120.0,4434_1373
27.416836897170718,88.51441775978147,background,southern_sikkim,0,published_mapped_extent,612.0,15.295,-0.98019,-0.19807,-0.00075884,56.0,4425_1370
27.338633738915632,88.46165676193773,background,southern_sikkim,0,published_mapped_extent,1174.0,22.241,0.99514,-0.09849,-0.0007999,81.0,4423_1366
27.207621930986598,88.67170987378235,background,southern_sikkim,0,published_mapped_extent,700.0,21.882,-0.52564,0.85071,-0.00018397,97.0,4433_1360
27.14703508656178,88.34345140517306,background,southern_sikkim,0,published_mapped_extent,1466.0,25.978,-0.26794,-0.96344,-0.00175295,128.0,4417_1357
27.35035685022336,88.21005862273421,background,southern_sikkim,0,published_mapped_extent,1183.0,37.197,0.21228,-0.97721,0.00181445,180.0,4410_1367
27.34025063146047,88.64378183022232,background,southern_sikkim,0,published_mapped_extent,1795.0,33.723,0.04994,-0.99875,0.00297294,140.0,4432_1367
27.50234306363689,88.41528022063467,background,southern_sikkim,0,published_mapped_extent,2658.0,25.602,-0.0029,1.0,-0.00011135,103.0,4420_1375
27.322471124368278,88.91524406359416,background,southern_sikkim,0,published_mapped_extent,4432.0,20.358,-0.17592,-0.9844,0.00112163,79.0,4445_1366
27.08951369808032,88.23165110472631,background,southern_sikkim,0,published_mapped_extent,594.0,21.124,-0.92748,0.37387,-0.00065381,97.0,4411_1354
27.52435208524787,88.3994926575174,background,southern_sikkim,0,published_mapped_extent,2755.0,41.74,0.60398,-0.797,-0.00035576,218.0,4419_1376
27.381921465817832,88.1128769478713,background,southern_sikkim,0,published_mapped_extent,2659.0,37.736,-0.59943,-0.80043,-0.00133645,196.0,4405_1369
27.282145706394125,88.75128608413372,background,southern_sikkim,0,published_mapped_extent,1813.0,41.346,-0.58243,0.81288,-0.00270452,212.0,4437_1364
27.381598517732893,88.43432812139761,background,southern_sikkim,0,published_mapped_extent,1667.0,25.646,0.99515,0.09836,-9.945e-05,98.0,4421_1369
27.43432014351438,88.51097714324465,background,southern_sikkim,0,published_mapped_extent,695.0,26.636,0.99969,0.02492,0.00242705,95.0,4425_1371
27.44809059206948,88.45774733525761,background,southern_sikkim,0,published_mapped_extent,2864.0,16.99,-0.25002,-0.96824,0.00873701,91.0,4422_1372
27.250811349914432,88.52876845490226,background,southern_sikkim,0,published_mapped_extent,586.0,23.538,0.61217,-0.79072,0.00104745,112.0,4426_1362
27.493021876863235,88.49995365651012,background,southern_sikkim,0,published_mapped_extent,1317.0,36.819,-0.42856,-0.90351,-0.00192417,175.0,4424_1374
27.27893885145182,88.78956937637089,background,southern_sikkim,0,published_mapped_extent,3092.0,32.031,-0.82585,0.56389,-0.00387201,159.0,4439_1363
27.361072222617842,88.76402523711656,background,southern_sikkim,0,published_mapped_extent,3735.0,21.448,0.7,-0.71414,0.00291061,91.0,4438_1368
27.36114307951557,88.2229169989717,background,southern_sikkim,0,published_mapped_extent,1582.0,26.697,0.96111,-0.27618,-0.00186661,123.0,4411_1368
27.462814960246295,88.09886829380474,background,southern_sikkim,0,published_mapped_extent,3988.0,22.424,0.92894,0.37023,0.0002126,100.0,4404_1373
27.500258191036778,88.49205893983064,background,southern_sikkim,0,published_mapped_extent,1901.0,37.194,0.20315,-0.97915,-0.00115891,192.0,4424_1375
27.133572283044998,88.15850318233167,background,southern_sikkim,0,published_mapped_extent,1015.0,17.55,0.88272,-0.4699,-0.00060379,79.0,4407_1356
27.192117933527413,88.54183167665019,background,southern_sikkim,0,published_mapped_extent,750.0,21.612,0.32253,-0.94656,-0.00146823,89.0,4427_1359
27.535261436086,88.71344527585464,background,southern_sikkim,0,published_mapped_extent,3244.0,39.762,-0.9715,0.23703,-0.00566747,214.0,4435_1376
27.51131906442422,88.49928529255888,background,southern_sikkim,0,published_mapped_extent,1872.0,27.358,0.05369,0.99856,-0.00034475,158.0,4424_1375
27.103541683902254,88.20671165008679,background,southern_sikkim,0,published_mapped_extent,1436.0,33.746,0.4948,0.86901,0.00224355,166.0,4410_1355
27.234600455174316,88.87522258871019,background,southern_sikkim,0,published_mapped_extent,3004.0,36.257,-0.99989,0.01515,-0.00079569,160.0,4443_1361
27.4629449620081,88.47023695399587,background,southern_sikkim,0,published_mapped_extent,2040.0,32.152,0.70045,-0.7137,-0.00128171,166.0,4423_1373
27.356277539329607,88.25874305027858,background,southern_sikkim,0,published_mapped_extent,2162.0,38.284,0.65987,-0.75138,0.00175685,193.0,4412_1367
27.381322606154267,88.46083027391315,background,southern_sikkim,0,published_mapped_extent,968.0,28.763,0.60726,0.7945,0.00271172,144.0,4423_1369
27.297626515870824,88.17518470110014,background,southern_sikkim,0,published_mapped_extent,2080.0,32.372,0.79311,0.60908,0.00330303,174.0,4408_1364
27.13048570279527,88.29456870410007,background,southern_sikkim,0,published_mapped_extent,494.0,36.975,0.45751,-0.8892,0.00079137,187.0,4414_1356
27.15546862707779,88.49272953328874,background,southern_sikkim,0,published_mapped_extent,1107.0,41.411,-0.94646,-0.32283,0.0023127,188.0,4424_1357
27.237919433329427,88.50138071083755,background,southern_sikkim,0,published_mapped_extent,679.0,32.916,0.2682,-0.96336,0.00295186,138.0,4425_1361
27.31878301263533,88.24335981127992,background,southern_sikkim,0,published_mapped_extent,1375.0,19.011,-0.02419,0.99971,-0.00105269,81.0,4412_1365
27.14938938950578,88.31129048313673,background,southern_sikkim,0,published_mapped_extent,1312.0,21.447,-0.70356,0.71063,0.00120366,87.0,4415_1357
27.377707952736838,88.67356480897654,background,southern_sikkim,0,published_mapped_extent,2865.0,22.031,0.26428,-0.96445,-0.00089955,83.0,4433_1368
27.415816534603202,88.49871556410494,background,southern_sikkim,0,published_mapped_extent,1210.0,18.255,0.88845,0.45896,0.00096237,82.0,4424_1370
27.301433027605043,88.36003242563052,background,southern_sikkim,0,published_mapped_extent,2017.0,13.263,-0.70119,0.71297,0.0016843,66.0,4418_1365
27.470858222250385,88.20448609540345,background,southern_sikkim,0,published_mapped_extent,3625.0,17.407,-0.64236,-0.7664,-0.00518731,83.0,4410_1373
27.38493808059793,88.45475108157855,background,southern_sikkim,0,published_mapped_extent,895.0,28.419,-0.1155,-0.99331,-0.01581637,159.0,4422_1369
27.26754375707737,88.84656453241682,background,southern_sikkim,0,published_mapped_extent,2923.0,39.095,0.31623,-0.94868,-0.00164802,176.0,4442_1363
27.094966360048424,88.3704094148814,background,southern_sikkim,0,published_mapped_extent,314.0,19.033,0.25766,0.96623,0.000677,75.0,4418_1354
27.163303351145675,88.31277375627768,background,southern_sikkim,0,published_mapped_extent,948.0,22.324,-0.77456,0.6325,0.00029702,102.0,4415_1358
27.188990564792057,88.5809770864481,background,southern_sikkim,0,published_mapped_extent,385.0,10.406,-0.21933,-0.97565,-0.00585518,49.0,4429_1359
27.26949730717256,88.56239220742403,background,southern_sikkim,0,published_mapped_extent,883.0,34.758,0.96871,0.24818,0.00076769,139.0,4428_1363
27.140775098689016,88.21005120327177,background,southern_sikkim,0,published_mapped_extent,633.0,24.233,-0.77451,-0.63257,0.00193647,116.0,4410_1357
27.082983499964225,88.25360004238387,background,southern_sikkim,0,published_mapped_extent,1371.0,23.951,-0.88485,0.46588,0.00060876,114.0,4412_1354
27.26562103858686,88.77021520048736,background,southern_sikkim,0,published_mapped_extent,3026.0,21.31,-0.24923,0.96844,0.00197741,92.0,4438_1363
27.36989468504208,88.54816379246496,background,southern_sikkim,0,published_mapped_extent,1648.0,31.452,0.4814,0.8765,-3.21e-05,154.0,4427_1368
27.19318251822029,88.76793446407953,background,southern_sikkim,0,published_mapped_extent,2634.0,23.59,0.94145,0.33714,0.00068144,93.0,4438_1359
27.22814130663752,88.30532823864998,background,southern_sikkim,0,published_mapped_extent,535.0,27.64,-0.53309,-0.84606,-0.00301744,123.0,4415_1361
27.31155364042579,88.14304272010743,background,southern_sikkim,0,published_mapped_extent,2302.0,41.92,0.29854,-0.9544,0.00113868,197.0,4407_1365
27.328260677987167,88.37915875383543,background,southern_sikkim,0,published_mapped_extent,2788.0,21.791,-0.6149,-0.7886,-0.00017338,106.0,4418_1366
27.41958329972016,88.61557228986989,background,southern_sikkim,0,published_mapped_extent,1453.0,27.437,-0.20331,-0.97911,-2.265e-05,116.0,4430_1370
27.245482089702016,88.50657941087806,background,southern_sikkim,0,published_mapped_extent,1032.0,40.439,0.60624,-0.79528,0.00401466,195.0,4425_1362
27.37880996283133,88.17723089276383,background,southern_sikkim,0,published_mapped_extent,2990.0,35.632,0.31971,-0.94751,0.00106718,153.0,4408_1368
27.28843952801503,88.41353838164292,background,southern_sikkim,0,published_mapped_extent,1544.0,9.59,0.88775,0.46032,-0.00089963,56.0,4420_1364
27.147822376571995,88.19977170469664,background,southern_sikkim,0,published_mapped_extent,949.0,3.087,-0.56653,-0.82404,0.00108497,32.0,4409_1357
27.21577468820444,88.834742198644,background,southern_sikkim,0,published_mapped_extent,1634.0,23.839,0.83923,-0.54377,0.00322865,120.0,4441_1360
27.416443578113167,88.47848858074703,background,southern_sikkim,0,published_mapped_extent,1940.0,31.114,0.8583,-0.51314,-0.00066795,138.0,4423_1370
27.19400732866643,88.51382670732778,background,southern_sikkim,0,published_mapped_extent,949.0,26.935,-0.45376,-0.89112,0.00425699,140.0,4425_1359
27.40648857993173,88.44680709273916,background,southern_sikkim,0,published_mapped_extent,1973.0,38.511,-0.2269,-0.97392,-0.00248471,186.0,4422_1370
27.195957514623103,88.73463110237974,background,southern_sikkim,0,published_mapped_extent,1708.0,28.677,-0.2717,-0.96238,0.00259952,138.0,4436_1359
27.216620348777013,88.79896852402673,background,southern_sikkim,0,published_mapped_extent,2620.0,15.304,-0.99483,-0.10151,0.00201698,55.0,4439_1360
27.35188528906076,88.29837564585546,background,southern_sikkim,0,published_mapped_extent,2047.0,23.723,0.64792,-0.76171,0.00118038,107.0,4414_1367
27.52098646160523,88.50392224987189,background,southern_sikkim,0,published_mapped_extent,1434.0,19.851,0.5732,0.81941,-0.00033839,91.0,4425_1376
27.257931934113728,88.28360407859061,background,southern_sikkim,0,published_mapped_extent,1273.0,22.077,-0.23285,0.97251,3.102e-05,91.0,4414_1362
27.3306895776957,88.46394556085569,background,southern_sikkim,0,published_mapped_extent,1068.0,25.43,0.99315,-0.11684,0.00088739,92.0,4423_1366
27.31280106181427,88.58487006978113,background,southern_sikkim,0,published_mapped_extent,930.0,5.553,0.0,1.0,-0.00159741,41.0,4429_1365
27.279216080266902,88.1613000965712,background,southern_sikkim,0,published_mapped_extent,1927.0,39.189,0.69508,-0.71893,-0.00172237,203.0,4408_1363
27.16725556448528,88.4054950176431,background,southern_sikkim,0,published_mapped_extent,1620.0,22.416,-0.71381,-0.70034,-0.0027456,108.0,4420_1358
27.238611140520433,88.7049932370391,background,southern_sikkim,0,published_mapped_extent,1227.0,31.865,0.81554,-0.5787,0.00090903,158.0,4435_1361
27.34233645454047,88.55959418595094,background,southern_sikkim,0,published_mapped_extent,1856.0,13.813,-0.53101,-0.84736,-0.00041507,61.0,4427_1367
27.2273589401151,88.14706410692442,background,southern_sikkim,0,published_mapped_extent,2223.0,33.392,-0.08217,0.99662,-0.00040605,138.0,4407_1361
27.22641022422101,88.42249180659064,background,southern_sikkim,0,published_mapped_extent,1659.0,21.661,0.94071,0.33921,6.601e-05,96.0,4421_1361
27.19797341003711,88.7109718520315,background,southern_sikkim,0,published_mapped_extent,1095.0,21.583,-0.80752,0.58984,-0.00115737,89.0,4435_1359
27.287930099851746,88.12143913482484,background,southern_sikkim,0,published_mapped_extent,2237.0,35.102,-0.99197,-0.12647,-0.00021655,136.0,4406_1364
27.52105625558242,88.71982876455388,background,southern_sikkim,0,published_mapped_extent,3366.0,41.446,0.59924,0.80057,0.00029445,207.0,4435_1376
27.364837906595124,88.68503928522985,background,southern_sikkim,0,published_mapped_extent,2295.0,34.44,-0.76154,-0.64812,0.0019508,186.0,4434_1368
27.43075879122956,88.67708530344137,background,southern_sikkim,0,published_mapped_extent,2540.0,44.447,-0.07929,-0.99685,-0.00044124,193.0,4433_1371
27.36103337939379,88.25143280986526,background,southern_sikkim,0,published_mapped_extent,2301.0,31.603,-0.5395,-0.84198,-0.00222538,166.0,4412_1368
27.236326637977452,88.71742170427932,background,southern_sikkim,0,published_mapped_extent,1220.0,5.921,-0.99099,-0.13392,-0.00035518,33.0,4435_1361
27.324055306203512,88.61606616636392,background,southern_sikkim,0,published_mapped_extent,1602.0,41.687,0.84686,-0.53182,0.00021514,211.0,4430_1366
27.115128090853794,88.48501023417167,background,southern_sikkim,0,published_mapped_extent,513.0,20.116,-0.11376,0.99351,-0.00197224,79.0,4424_1355
27.52912942453826,88.62670608124517,background,southern_sikkim,0,published_mapped_extent,2061.0,14.72,-0.33835,0.94102,0.00020504,71.0,4431_1376
27.262472871675016,88.17067303745324,background,southern_sikkim,0,published_mapped_extent,1213.0,33.454,0.56965,0.82189,-0.00082063,173.0,4408_1363
27.33045566546398,88.90777297198498,background,southern_sikkim,0,published_mapped_extent,4432.0,26.693,-0.53866,0.84252,0.00403194,105.0,4445_1366
27.213778701987316,88.35671287513794,background,southern_sikkim,0,published_mapped_extent,1564.0,43.627,-0.90633,0.42257,0.00149051,247.0,4417_1360
27.21851903476998,88.67840329351323,background,southern_sikkim,0,published_mapped_extent,695.0,9.035,-0.45419,0.89091,-0.00499342,72.0,4433_1360
27.43176603862761,88.10902542366787,background,southern_sikkim,0,published_mapped_extent,4206.0,11.039,0.64786,0.76176,0.00042632,43.0,4405_1371
27.453559792583235,88.71667509927664,background,southern_sikkim,0,published_mapped_extent,2822.0,31.297,-0.50032,0.86584,0.00161091,137.0,4435_1372
27.44268677092823,88.06904666993866,background,southern_sikkim,0,published_mapped_extent,4421.0,35.648,-0.57904,0.8153,-0.00039894,174.0,4403_1372
27.41965345553902,88.18715385912324,background,southern_sikkim,0,published_mapped_extent,2328.0,40.179,0.91449,0.40461,0.00204929,201.0,4409_1370
27.37444055856414,88.52898388528568,background,southern_sikkim,0,published_mapped_extent,1830.0,29.13,-0.88476,0.46605,0.00263018,126.0,4426_1368
27.261452881559514,88.1891985152217,background,southern_sikkim,0,published_mapped_extent,1181.0,33.916,0.02066,0.99979,-0.00225394,137.0,4409_1363
27.10726880829964,88.47290540826037,background,southern_sikkim,0,published_mapped_extent,585.0,25.994,-0.9998,0.01994,0.00211104,124.0,4423_1355
27.489051763475448,88.63686144899258,background,southern_sikkim,0,published_mapped_extent,3514.0,17.281,-0.52235,0.85273,0.00272179,86.0,4431_1374
27.5542427608406,88.48726910741856,background,southern_sikkim,0,published_mapped_extent,1720.0,13.284,-0.74708,-0.66473,-0.00084107,72.0,4424_1377
27.538664711117296,88.60718965051966,background,southern_sikkim,0,published_mapped_extent,1113.0,11.382,0.88312,0.46916,-0.00373051,70.0,4430_1376
27.332199071020796,88.25237599684348,background,southern_sikkim,0,published_mapped_extent,830.0,10.385,-0.46231,-0.88672,-0.0086516,93.0,4412_1366
27.175265077407957,88.68197529393699,background,southern_sikkim,0,published_mapped_extent,1576.0,16.209,-0.96986,-0.24366,0.00202941,60.0,4434_1358
27.164106129881283,88.42544236470295,background,southern_sikkim,0,published_mapped_extent,1942.0,14.926,-0.55229,-0.83365,0.00857738,86.0,4421_1358
27.279163806254772,88.33580923107667,background,southern_sikkim,0,published_mapped_extent,1759.0,19.118,-0.11219,0.99369,-0.0011562,73.0,4416_1363
27.55972861686174,88.58922493690382,background,southern_sikkim,0,published_mapped_extent,2517.0,35.223,-0.86163,-0.50754,-0.00272452,181.0,4429_1377
27.238839851104096,88.6559955182469,background,southern_sikkim,0,published_mapped_extent,1277.0,19.909,0.99705,0.0767,-0.00034277,83.0,4432_1361
27.18331235307373,88.79263204332644,background,southern_sikkim,0,published_mapped_extent,2567.0,35.005,0.85077,-0.52554,0.0004671,168.0,4439_1359
27.229133940529326,88.7986976557823,background,southern_sikkim,0,published_mapped_extent,2757.0,28.606,-0.98304,0.18337,-0.00019397,124.0,4439_1361
27.316336031688927,88.63448661674843,background,southern_sikkim,0,published_mapped_extent,1371.0,18.714,-0.52889,0.84869,-0.00064517,81.0,4431_1365
27.22012891628281,88.32856562222942,background,southern_sikkim,0,published_mapped_extent,893.0,30.11,-0.67778,-0.73526,0.00479994,157.0,4416_1361
27.360264332689454,88.16597715864017,background,southern_sikkim,0,published_mapped_extent,2440.0,22.526,0.9946,0.10381,-0.00115144,104.0,4408_1368
27.340444936857338,88.43585835055137,background,southern_sikkim,0,published_mapped_extent,1932.0,22.852,0.54707,0.83709,0.00425827,106.0,4421_1367
27.547231159373784,88.60269942393076,background,southern_sikkim,0,published_mapped_extent,1726.0,34.985,0.93477,-0.35525,-0.0022508,177.0,4430_1377
27.39951324450228,88.14272625199997,background,southern_sikkim,0,published_mapped_extent,3799.0,37.179,0.45962,-0.88811,-0.00015788,186.0,4407_1369
27.24369258890491,88.7859436305746,background,southern_sikkim,0,published_mapped_extent,2458.0,29.541,0.29409,-0.95578,-0.00256558,124.0,4439_1362
27.208518085771775,88.21734805995465,background,southern_sikkim,0,published_mapped_extent,1534.0,23.022,0.51642,0.85634,-0.00112117,109.0,4410_1360
27.30575723278788,88.28494718238302,background,southern_sikkim,0,published_mapped_extent,747.0,29.783,-0.47323,-0.88094,0.00033095,134.0,4414_1365
27.211855562622784,88.33102955011559,background,southern_sikkim,0,published_mapped_extent,738.0,21.391,-0.80843,-0.58859,0.00513563,102.0,4416_1360
27.435222322191716,88.3435431410582,background,southern_sikkim,0,published_mapped_extent,1867.0,39.404,0.99748,-0.07101,-0.01405099,192.0,4417_1371
27.184982769395894,88.20058229440616,background,southern_sikkim,0,published_mapped_extent,1683.0,16.224,0.35321,-0.93554,-0.00194124,76.0,4410_1359
27.314567271073443,88.31715947158001,background,southern_sikkim,0,published_mapped_extent,1188.0,30.505,-0.24752,-0.96888,0.00706779,157.0,4415_1365
27.133486131122197,88.15747322683377,background,southern_sikkim,0,published_mapped_extent,1047.0,21.385,0.86184,-0.50718,4.917e-05,99.0,4407_1356
27.531482427700066,88.40990649029415,background,southern_sikkim,0,published_mapped_extent,2416.0,27.837,0.8022,-0.59705,-0.00590139,149.0,4420_1376
27.150153506991344,88.5468287383838,background,southern_sikkim,0,published_mapped_extent,553.0,18.508,-0.15767,0.98749,-0.00237054,75.0,4427_1357
27.556215722874313,88.64400951174497,background,southern_sikkim,0,published_mapped_extent,1751.0,37.328,0.06192,-0.99808,-0.0001008,149.0,4432_1377
27.111406575718863,88.44296025037454,background,southern_sikkim,0,published_mapped_extent,1173.0,43.54,0.27916,-0.96025,0.00067757,205.0,4422_1355
27.285110171188823,88.55113623580041,background,southern_sikkim,0,published_mapped_extent,1457.0,36.587,-0.55944,-0.82887,0.00087856,185.0,4427_1364
27.24872257452021,88.7524327582955,background,southern_sikkim,0,published_mapped_extent,2230.0,14.55,0.67427,-0.73849,0.0032597,79.0,4437_1362
27.21315064314912,88.80804669221826,background,southern_sikkim,0,published_mapped_extent,2293.0,30.748,0.91987,-0.39223,-0.00029381,149.0,4440_1360
27.230647279710922,88.18465189339618,background,southern_sikkim,0,published_mapped_extent,2067.0,11.666,0.18835,0.9821,-0.00112247,49.0,4409_1361
27.137722286873995,88.14454574659463,background,southern_sikkim,0,published_mapped_extent,1582.0,22.316,0.9373,-0.34853,0.00090626,97.0,4407_1356
27.460522429097225,88.70826469051813,background,southern_sikkim,0,published_mapped_extent,2916.0,37.062,-0.84593,-0.5333,0.00068692,172.0,4435_1373
27.308897426063584,88.29587494663058,background,southern_sikkim,0,published_mapped_extent,1385.0,29.565,-0.98915,-0.1469,-0.00097571,118.0,4414_1365
27.197598176852573,88.45760664058889,background,southern_sikkim,0,published_mapped_extent,658.0,22.074,0.86992,-0.49319,-0.00081939,116.0,4422_1359
27.523172573652914,88.67953936212223,background,southern_sikkim,0,published_mapped_extent,2518.0,39.135,-0.44721,0.89443,0.00164709,187.0,4433_1376
27.423924480449298,88.39532396959598,background,southern_sikkim,0,published_mapped_extent,2495.0,36.985,0.42046,-0.90731,-0.00120682,181.0,4419_1371
27.322460970758634,88.39555059327698,background,southern_sikkim,0,published_mapped_extent,2473.0,42.297,0.93576,-0.35263,-0.0025772,214.0,4419_1366
27.481111723195355,88.50391206901702,background,southern_sikkim,0,published_mapped_extent,1276.0,22.367,0.91129,0.41177,-0.00149366,97.0,4425_1374
27.304245196244967,88.89721257483149,background,southern_sikkim,0,published_mapped_extent,3558.0,19.513,-0.97196,-0.23515,-0.00258687,86.0,4444_1365
27.26646824901214,88.34523873640804,background,southern_sikkim,0,published_mapped_extent,2044.0,54.3,-0.503,-0.86429,-0.00650464,345.0,4417_1363
27.225554334227425,88.16411893400434,background,southern_sikkim,0,published_mapped_extent,2443.0,36.552,0.99852,-0.05433,-0.00049792,139.0,4408_1361
27.29545315521819,88.12289266673343,background,southern_sikkim,0,published_mapped_extent,2486.0,34.062,-0.68203,-0.73133,-0.00249737,186.0,4406_1364
27.25195837817569,88.19320242452453,background,southern_sikkim,0,published_mapped_extent,1657.0,20.697,-0.3382,0.94107,0.00043214,97.0,4409_1362
27.198326656396407,88.73738100093061,background,southern_sikkim,0,published_mapped_extent,1909.0,22.048,-0.7373,-0.67557,0.00099459,104.0,4436_1359
27.548074906824265,88.57950039957072,background,southern_sikkim,0,published_mapped_extent,1696.0,28.114,0.95667,-0.29116,0.00108702,118.0,4428_1377
27.170499058701406,88.54042594127685,background,southern_sikkim,0,published_mapped_extent,673.0,30.042,-0.85494,0.51873,0.00025494,156.0,4427_1358
27.38217578104956,88.34736879105412,background,southern_sikkim,0,published_mapped_extent,1740.0,23.586,0.9448,-0.32766,0.00516227,106.0,4417_1369
27.14638763759719,88.48801023444689,background,southern_sikkim,0,published_mapped_extent,743.0,33.461,0.97088,-0.23957,0.00197123,153.0,4424_1357
27.356927592179993,88.43603184813695,background,southern_sikkim,0,published_mapped_extent,2002.0,31.338,0.84851,-0.52918,-0.00016442,147.0,4421_1367
27.39395923125266,88.28007996549604,background,southern_sikkim,0,published_mapped_extent,1975.0,21.478,0.62125,0.78362,0.00160029,98.0,4414_1369
27.205456168927615,88.74667838444172,background,southern_sikkim,0,published_mapped_extent,2081.0,27.796,0.41102,0.91163,-0.00110908,120.0,4437_1360
27.28591777332451,88.57366273159249,background,southern_sikkim,0,published_mapped_extent,1369.0,19.877,0.68764,0.72605,-0.00055083,93.0,4428_1364
27.193388442811642,88.34606141837679,background,southern_sikkim,0,published_mapped_extent,607.0,25.7,-0.3694,-0.92927,0.00148129,112.0,4417_1359
27.407780652023177,88.16178647367182,background,southern_sikkim,0,published_mapped_extent,3359.0,22.433,0.31623,0.94868,-0.00150631,100.0,4408_1370
27.187496844863055,88.22976562071017,background,southern_sikkim,0,published_mapped_extent,1418.0,35.062,0.6768,-0.73617,0.00069432,196.0,4411_1359
27.219675614240067,88.72483346842637,background,southern_sikkim,0,published_mapped_extent,1204.0,37.251,0.81275,-0.58262,-0.00166338,196.0,4436_1360
27.396458862601726,88.43288753608371,background,southern_sikkim,0,published_mapped_extent,1760.0,15.397,0.98849,-0.1513,-0.00123299,71.0,4421_1369
27.349846687205584,88.21867731487046,background,southern_sikkim,0,published_mapped_extent,1026.0,33.034,-0.71981,-0.69418,-0.00395549,160.0,4410_1367
27.324619503186046,88.36417691843396,background,southern_sikkim,0,published_mapped_extent,2133.0,31.832,-0.78305,-0.62196,-0.00180298,158.0,4418_1366
27.357901682268363,88.85082479306816,background,southern_sikkim,0,published_mapped_extent,4094.0,25.872,-0.83337,0.55272,-0.00303609,122.0,4442_1367
27.335945296019187,88.48370935023885,background,southern_sikkim,0,published_mapped_extent,524.0,29.301,-0.97014,0.24254,-0.00407848,123.0,4424_1366
27.337849560514034,88.84894750374353,background,southern_sikkim,0,published_mapped_extent,4048.0,14.123,-0.73417,-0.67897,0.00026578,72.0,4442_1366
27.212503824500548,88.42874168032651,background,southern_sikkim,0,published_mapped_extent,1928.0,21.34,-0.04621,0.99893,0.00287136,77.0,4421_1360
27.37111407682015,88.62027521792767,background,southern_sikkim,0,published_mapped_extent,1987.0,22.998,-0.47449,0.88026,0.0062498,111.0,4431_1368
27.4457165503605,88.23403461539954,background,southern_sikkim,0,published_mapped_extent,3433.0,40.465,0.68058,-0.73268,0.00404885,199.0,4411_1372
27.279141247390505,88.60747509173122,background,southern_sikkim,0,published_mapped_extent,1135.0,20.907,-0.99983,0.01818,-0.00230691,81.0,4430_1363
27.110785871284,88.42196601132875,background,southern_sikkim,0,published_mapped_extent,1257.0,24.56,-0.07902,-0.99687,0.00324512,93.0,4421_1355
27.41693538579254,88.28732100517233,background,southern_sikkim,0,published_mapped_extent,2636.0,36.096,-0.31051,-0.95057,-0.00182338,149.0,4414_1370
27.3794753277033,88.84402702827515,background,southern_sikkim,0,published_mapped_extent,4240.0,32.243,0.64515,-0.76405,-0.00221989,155.0,4442_1368
27.432446481136708,88.1666761200249,background,southern_sikkim,0,published_mapped_extent,2873.0,27.451,0.99994,-0.01069,0.00350551,111.0,4408_1371
27.16391344379101,88.32222485343708,background,southern_sikkim,0,published_mapped_extent,1101.0,31.405,0.26389,0.96455,-0.00015938,139.0,4416_1358
27.32284518535028,88.21073355838449,background,southern_sikkim,0,published_mapped_extent,1641.0,17.504,0.51967,-0.85437,0.00046152,72.0,4410_1366
27.17847037498552,88.42739033064073,background,southern_sikkim,0,published_mapped_extent,1519.0,30.396,-0.98734,0.15864,0.00034626,120.0,4421_1358
27.384488811178247,88.40284031989334,background,southern_sikkim,0,published_mapped_extent,2889.0,29.759,0.86719,0.49797,0.00070228,137.0,4420_1369
27.37611595180421,88.426864169581,background,southern_sikkim,0,published_mapped_extent,2100.0,27.795,0.95382,0.30037,-0.00059616,118.0,4421_1368
27.430533045349307,88.49747708923584,background,southern_sikkim,0,published_mapped_extent,1383.0,26.317,0.15164,0.98844,0.00125035,99.0,4424_1371
27.569120838799932,88.48896412671911,background,southern_sikkim,0,published_mapped_extent,2849.0,37.457,-0.63087,-0.77589,0.00323797,208.0,4424_1378
27.33426422976105,88.25317678599735,background,southern_sikkim,0,published_mapped_extent,1047.0,38.57,-0.22817,-0.97362,0.00104377,169.0,4412_1366
27.361901218231804,88.51752171254103,background,southern_sikkim,0,published_mapped_extent,2104.0,16.042,-0.01449,0.99989,0.00059325,57.0,4425_1368
27.213656506171873,88.66870859609111,background,southern_sikkim,0,published_mapped_extent,714.0,31.057,0.4774,-0.87869,-0.0017807,134.0,4433_1360
27.442844578926774,88.6255646764078,background,southern_sikkim,0,published_mapped_extent,2044.0,16.556,-0.99518,0.09812,0.00057574,67.0,4431_1372
27.281722091708414,88.40516919680647,background,southern_sikkim,0,published_mapped_extent,1251.0,21.346,-0.22745,-0.97379,0.00120538,87.0,4420_1364
27.288030215277725,88.20325446654108,background,southern_sikkim,0,published_mapped_extent,1745.0,34.508,0.71314,-0.70102,-0.00035345,179.0,4410_1364
27.226852227994428,88.56361404183949,background,southern_sikkim,0,published_mapped_extent,1609.0,33.624,0.30493,-0.95238,-0.00183852,153.0,4428_1361
27.462120753117862,88.6406729499149,background,southern_sikkim,0,published_mapped_extent,2194.0,35.203,0.95479,-0.29727,0.00092618,170.0,4432_1373
27.15033132950968,88.15463105654352,background,southern_sikkim,0,published_mapped_extent,1315.0,23.501,0.95183,-0.30663,-0.0012415,98.0,4407_1357
27.2938985466863,88.81155030943681,background,southern_sikkim,0,published_mapped_extent,3730.0,15.447,-0.86451,0.50262,-0.00187514,65.0,4440_1364
27.296083447210723,88.2866833917598,background,southern_sikkim,0,published_mapped_extent,976.0,38.943,0.89885,-0.43825,-0.00171375,193.0,4414_1364
27.22796849342731,88.39088314284903,background,southern_sikkim,0,published_mapped_extent,1987.0,30.764,0.23099,-0.97296,-8.58e-06,131.0,4419_1361
27.41716174989295,88.16760402486999,background,southern_sikkim,0,published_mapped_extent,2862.0,34.062,0.68203,0.73133,-0.00176487,179.0,4408_1370
27.480950868561912,88.16647852829024,background,southern_sikkim,0,published_mapped_extent,4053.0,15.247,0.9987,0.05095,-0.00142593,77.0,4408_1374
27.457437061674916,88.22303545613957,background,southern_sikkim,0,published_mapped_extent,4358.0,38.878,0.67181,-0.74072,0.00042699,201.0,4411_1372
27.403454810750915,88.45015331747905,background,southern_sikkim,0,published_mapped_extent,2242.0,33.899,-0.84332,0.53741,-0.00033035,162.0,4422_1370
27.540088199466698,88.48695572941251,background,southern_sikkim,0,published_mapped_extent,1019.0,34.589,-0.31018,-0.95068,-9.956e-05,158.0,4424_1377
27.194022621721356,88.30271056981725,background,southern_sikkim,0,published_mapped_extent,1384.0,25.031,-0.03569,0.99936,0.00435833,92.0,4415_1359
27.406176318514404,88.43232234606062,background,southern_sikkim,0,published_mapped_extent,2024.0,40.15,-0.29142,-0.95659,0.0012526,204.0,4421_1370
27.197584156293637,88.42440774210752,background,southern_sikkim,0,published_mapped_extent,1535.0,36.12,-0.03997,-0.9992,-0.00129692,149.0,4421_1359
27.379027604546387,88.65248168163822,background,southern_sikkim,0,published_mapped_extent,2490.0,31.506,-0.69338,0.72057,-0.00127527,152.0,4432_1368
27.362987317417854,88.4990487971245,background,southern_sikkim,0,published_mapped_extent,1413.0,14.218,-0.96476,0.26312,0.00027249,64.0,4424_1368
27.430247196036138,88.24060000761706,background,southern_sikkim,0,published_mapped_extent,2699.0,23.367,0.21216,-0.97723,-0.00377274,120.0,4412_1371
27.261064896874018,88.38450445477076,background,southern_sikkim,0,published_mapped_extent,1537.0,35.808,-0.42162,0.90677,-0.00205583,182.0,4419_1363
27.385628208701466,88.17788818205555,background,southern_sikkim,0,published_mapped_extent,2986.0,34.464,-0.44316,0.89644,0.00179037,174.0,4408_1369
27.248699185018385,88.5714794498726,background,southern_sikkim,0,published_mapped_extent,1508.0,32.716,-0.23999,0.97078,-0.00071514,145.0,4428_1362
27.438044002719618,88.14253780348203,background,southern_sikkim,0,published_mapped_extent,4058.0,12.858,0.66323,0.74842,0.00290771,66.0,4407_1371
27.216792913440226,88.2433138451708,background,southern_sikkim,0,published_mapped_extent,1106.0,34.785,0.50387,-0.86378,-0.00195225,173.0,4412_1360
27.21048971133838,88.43195624715162,background,southern_sikkim,0,published_mapped_extent,1991.0,23.287,0.91645,-0.40014,0.00271267,127.0,4421_1360
27.323749827170055,88.64910531099838,background,southern_sikkim,0,published_mapped_extent,1614.0,19.152,-0.88379,0.46789,-0.00060865,80.0,4432_1366
27.337342536497225,88.23971206492789,background,southern_sikkim,0,published_mapped_extent,1006.0,27.594,-0.52617,-0.85038,0.00191566,130.0,4411_1366
27.22104612539747,88.48124757657172,background,southern_sikkim,0,published_mapped_extent,645.0,23.951,0.54092,-0.84108,0.00152777,107.0,4424_1361
27.37245819774243,88.66489794315136,background,southern_sikkim,0,published_mapped_extent,2658.0,19.99,-0.1489,-0.98885,-0.00026548,78.0,4433_1368
27.1827326775421,88.64084637169798,background,southern_sikkim,0,published_mapped_extent,1045.0,19.132,-0.38035,-0.92484,-3.375e-05,83.0,4432_1359
27.315583511539792,88.15255127820167,background,southern_sikkim,0,published_mapped_extent,1871.0,47.402,0.87222,-0.48911,-0.00026869,259.0,4407_1365
27.423571357771475,88.6984931018331,background,southern_sikkim,0,published_mapped_extent,3347.0,33.499,-0.86876,0.49523,0.00159461,168.0,4434_1371
27.284794144835114,88.84758852585624,background,southern_sikkim,0,published_mapped_extent,3627.0,26.245,-0.99157,-0.12958,-0.00212431,120.0,4442_1364
27.1529676105756,88.38639072567074,background,southern_sikkim,0,published_mapped_extent,1135.0,16.654,0.17643,-0.98431,-0.00492764,99.0,4419_1357
27.24926106270563,88.4600035888266,background,southern_sikkim,0,published_mapped_extent,363.0,12.037,-0.77512,-0.63182,-0.00038706,86.0,4423_1362
27.3259126963751,88.23556978675212,background,southern_sikkim,0,published_mapped_extent,1422.0,23.707,-0.9995,-0.03163,0.00203199,105.0,4411_1366
27.220085049055506,88.67054500593542,background,southern_sikkim,0,published_mapped_extent,796.0,35.789,0.01734,-0.99985,-0.00941306,206.0,4433_1361
27.40321583559208,88.70621799534868,background,southern_sikkim,0,published_mapped_extent,3355.0,28.57,-0.07397,0.99726,0.00021388,118.0,4435_1370
27.200985837117617,88.73215387099474,background,southern_sikkim,0,published_mapped_extent,1675.0,26.188,-0.81335,0.58177,0.00157313,128.0,4436_1360
27.494426903281276,88.50964248687588,background,southern_sikkim,0,published_mapped_extent,1265.0,24.034,0.58242,0.81289,-0.00066857,108.0,4425_1374
27.485041531663406,88.56497642670853,background,southern_sikkim,0,published_mapped_extent,2187.0,32.33,-0.83171,-0.55521,0.00147769,158.0,4428_1374
27.435958936928497,88.61747478731716,background,southern_sikkim,0,published_mapped_extent,1711.0,21.825,-0.99882,0.04855,0.00022597,78.0,4430_1371
27.46301464359007,88.245736170017,background,southern_sikkim,0,published_mapped_extent,4105.0,31.814,-0.77912,-0.62688,-0.00170838,162.0,4412_1373
27.1933927673942,88.24571534893684,background,southern_sikkim,0,published_mapped_extent,1825.0,11.874,0.68701,0.72665,0.00078765,66.0,4412_1359
27.196756447304306,88.79394814860207,background,southern_sikkim,0,published_mapped_extent,2822.0,31.535,0.85104,-0.52511,0.00135323,156.0,4439_1359
27.448506645239256,88.36139131512839,background,southern_sikkim,0,published_mapped_extent,2427.0,41.349,0.15467,-0.98797,0.00142344,177.0,4418_1372
27.151966453624702,88.1857215701976,background,southern_sikkim,0,published_mapped_extent,1215.0,28.052,-0.35968,-0.93308,0.0022663,121.0,4409_1357
27.197135893161065,88.4704108508748,background,southern_sikkim,0,published_mapped_extent,615.0,28.812,0.101,0.99489,0.00293282,122.0,4423_1359
27.236929729526143,88.36968737530289,background,southern_sikkim,0,published_mapped_extent,2307.0,24.735,0.92254,0.3859,0.00207562,107.0,4418_1361
27.398649734173006,88.07484488410535,background,southern_sikkim,0,published_mapped_extent,3596.0,25.878,-0.53539,-0.8446,-0.00045987,126.0,4403_1369
27.286955942019773,88.55366748921533,background,southern_sikkim,0,published_mapped_extent,1748.0,41.261,-0.53667,-0.84379,0.00140402,231.0,4427_1364
27.178231843513032,88.45193919520564,background,southern_sikkim,0,published_mapped_extent,1445.0,19.371,0.70315,-0.71105,-0.00018316,84.0,4422_1358
27.152794326047633,88.3178006426724,background,southern_sikkim,0,published_mapped_extent,1426.0,13.195,-0.97152,0.23696,0.00112355,73.0,4415_1357
27.244698508892043,88.31472517477965,background,southern_sikkim,0,published_mapped_extent,1022.0,39.602,-0.24175,0.97034,0.00017913,177.0,4415_1362
27.256737197830144,88.65933890652725,background,southern_sikkim,0,published_mapped_extent,1641.0,23.732,0.20219,-0.97935,-0.00208726,91.0,4432_1362
27.18637921292056,88.56525340186967,background,southern_sikkim,0,published_mapped_extent,382.0,19.385,-0.10263,-0.99472,-0.00160711,67.0,4428_1359
27.31854087560057,88.19409955059169,background,southern_sikkim,0,published_mapped_extent,1402.0,32.603,0.10423,-0.99455,-0.00018541,132.0,4409_1365
27.395445504753766,88.35468709810723,background,southern_sikkim,0,published_mapped_extent,1669.0,41.317,0.88639,-0.46294,-0.00036414,206.0,4417_1369
27.420904602348898,88.23734002943026,background,southern_sikkim,0,published_mapped_extent,3128.0,27.514,0.98391,0.17865,0.00287828,111.0,4411_1371
27.4144205579547,88.7203890866599,background,southern_sikkim,0,published_mapped_extent,3602.0,37.82,-0.14493,0.98944,-3.607e-05,170.0,4436_1370
27.282079839461776,88.65769817978688,background,southern_sikkim,0,published_mapped_extent,1691.0,28.364,-0.86951,0.49392,-0.00106009,139.0,4432_1364
27.35090258851579,88.25193587856158,background,southern_sikkim,0,published_mapped_extent,2047.0,29.289,-0.62891,-0.77748,0.00085177,152.0,4412_1367
27.45469214209107,88.22536233044647,background,southern_sikkim,0,published_mapped_extent,4087.0,27.211,0.28363,-0.95893,0.00161036,109.0,4411_1372
27.222524994781086,88.21893247576273,background,southern_sikkim,0,published_mapped_extent,1588.0,28.471,0.68895,-0.72481,-6.802e-05,141.0,4410_1361
27.326846607650477,88.48795256710228,background,southern_sikkim,0,published_mapped_extent,728.0,21.822,-0.19078,0.98163,0.00067932,77.0,4424_1366
27.300550743249975,88.56990220555438,background,southern_sikkim,0,published_mapped_extent,1375.0,18.084,0.74435,0.66779,-0.00248833,87.0,4428_1365
27.403071078107672,88.8117105668623,background,southern_sikkim,0,published_mapped_extent,4347.0,13.492,0.93775,-0.34731,-0.00641679,70.0,4440_1370
27.392226202410694,88.599585593376,background,southern_sikkim,0,published_mapped_extent,1099.0,20.096,-0.66813,-0.74405,-0.00699194,151.0,4429_1369
27.23898761261603,88.42568028834496,background,southern_sikkim,0,published_mapped_extent,1389.0,19.401,0.89521,0.44564,0.00067555,89.0,4421_1361
27.17283618922371,88.58218830494937,background,southern_sikkim,0,published_mapped_extent,909.0,26.073,-0.94522,-0.32643,-0.00138708,120.0,4429_1358
27.14752151997389,88.25697376135236,background,southern_sikkim,0,published_mapped_extent,1445.0,35.289,0.97728,0.21194,-0.0013553,161.0,4412_1357
27.279470407607782,88.32257351354875,background,southern_sikkim,0,published_mapped_extent,1740.0,18.68,-0.58744,0.80927,-0.00026602,87.0,4416_1363
27.292140796315646,88.24374819061909,background,southern_sikkim,0,published_mapped_extent,1446.0,18.444,0.03331,-0.99944,-6.5e-07,66.0,4412_1364
27.213676463491996,88.75757831477061,background,southern_sikkim,0,published_mapped_extent,2040.0,27.947,-0.92938,-0.36913,0.00179936,123.0,4437_1360
27.360432855888984,88.52508022022465,background,southern_sikkim,0,published_mapped_extent,2170.0,22.81,-0.43262,0.90157,-4.26e-05,96.0,4426_1368
27.153098285347088,88.19429864738181,background,southern_sikkim,0,published_mapped_extent,930.0,10.921,0.3887,-0.92136,-0.00113026,52.0,4409_1357
27.144409694157137,88.31024999182264,background,southern_sikkim,0,published_mapped_extent,1176.0,26.756,-0.00275,-1.0,0.00110238,104.0,4415_1357
27.340854880661624,88.84891012555603,background,southern_sikkim,0,published_mapped_extent,4069.0,22.952,-0.99047,-0.13775,-0.00092241,102.0,4442_1367
27.25787320192575,88.58965064602349,background,southern_sikkim,0,published_mapped_extent,1173.0,20.996,-0.37638,0.92647,-0.00337907,86.0,4429_1362
27.335636159556746,88.28782563325923,background,southern_sikkim,0,published_mapped_extent,1495.0,28.928,-0.50262,-0.86451,-0.00126821,135.0,4414_1366
27.25048476276668,88.30353419916632,background,southern_sikkim,0,published_mapped_extent,488.0,13.789,-0.8432,-0.53761,-0.00675309,82.0,4415_1362
27.337000726040706,88.44120626758384,background,southern_sikkim,0,published_mapped_extent,1622.0,47.293,0.50124,-0.86531,-0.00186568,250.0,4422_1366
27.14686369985432,88.47181665020203,background,southern_sikkim,0,published_mapped_extent,932.0,23.818,0.99426,0.10698,0.00201875,82.0,4423_1357
27.37736238695648,88.19937648076585,background,southern_sikkim,0,published_mapped_extent,2105.0,25.064,0.99786,0.06534,-0.00031163,128.0,4409_1368
27.094591411574978,88.40987935149096,background,southern_sikkim,0,published_mapped_extent,557.0,17.362,-0.41313,-0.91067,-0.00045998,76.0,4420_1354
27.287825125491054,88.85860275759731,background,southern_sikkim,0,published_mapped_extent,3739.0,36.391,0.73118,-0.68218,0.00136189,188.0,4442_1364
27.289271801069127,88.7289942044803,background,southern_sikkim,0,published_mapped_extent,1791.0,37.666,-0.70169,-0.71248,0.00135922,195.0,4436_1364
27.222101759245778,88.86232644416293,background,southern_sikkim,0,published_mapped_extent,2514.0,22.836,-0.99934,-0.03628,0.00159531,94.0,4443_1361
27.472111689612746,88.40599464670795,background,southern_sikkim,0,published_mapped_extent,3364.0,36.169,-0.9404,-0.34006,0.00122715,165.0,4420_1373
27.26153954380925,88.3464138777967,background,southern_sikkim,0,published_mapped_extent,1739.0,33.139,-0.99986,-0.01702,0.00051628,130.0,4417_1363
27.410514715033116,88.64683471914216,background,southern_sikkim,0,published_mapped_extent,2171.0,35.935,-0.95428,0.29893,0.00307752,149.0,4432_1370
27.22428256410802,88.53723409804482,background,southern_sikkim,0,published_mapped_extent,1537.0,42.238,-0.28299,0.95912,0.00405792,227.0,4426_1361
27.39500419226957,88.06758399331684,background,southern_sikkim,0,published_mapped_extent,3264.0,6.077,0.13045,-0.99145,0.00190939,72.0,4403_1369
27.307540439854424,88.76509399527467,background,southern_sikkim,0,published_mapped_extent,3273.0,36.975,-0.67889,-0.73424,0.00092541,186.0,4438_1365
27.220827000795264,88.19089862330256,background,southern_sikkim,0,published_mapped_extent,2289.0,17.739,0.98556,0.16933,0.00098493,75.0,4409_1361
27.513647280039056,88.49094549587177,background,southern_sikkim,0,published_mapped_extent,1923.0,20.284,0.2593,0.9658,0.00113465,88.0,4424_1375
27.393801430644082,88.19702239214293,background,southern_sikkim,0,published_mapped_extent,2478.0,27.085,-0.2553,-0.96686,-0.00501815,129.0,4409_1369
27.47629495202627,88.57043937859291,background,southern_sikkim,0,published_mapped_extent,2142.0,39.157,-0.99606,-0.08869,0.00144726,166.0,4428_1373
27.23083594388327,88.58882904004611,background,southern_sikkim,0,published_mapped_extent,1398.0,11.915,0.9347,-0.35545,0.00078453,50.0,4429_1361
27.36292248577214,88.42287002524965,background,southern_sikkim,0,published_mapped_extent,2726.0,24.216,0.99747,0.07103,-0.00267612,96.0,4421_1368
27.181187891975313,88.42967556176428,background,southern_sikkim,0,published_mapped_extent,1444.0,24.841,0.31803,0.94808,-0.00021274,104.0,4421_1359
27.160567271376866,88.3081606272764,background,southern_sikkim,0,published_mapped_extent,894.0,18.832,-0.93666,0.35023,0.00197427,83.0,4415_1358
27.32206535703471,88.23851748002981,background,southern_sikkim,0,published_mapped_extent,1489.0,20.856,0.87859,0.47757,0.0024915,97.0,4411_1366
27.33395964326414,88.80770639502731,background,southern_sikkim,0,published_mapped_extent,3442.0,17.618,-0.87906,0.47671,0.0014815,80.0,4440_1366
27.367544697107313,88.5878304706511,background,southern_sikkim,0,published_mapped_extent,2038.0,17.061,0.2308,-0.973,0.00333037,87.0,4429_1368
27.325045209862118,88.8263009466192,background,southern_sikkim,0,published_mapped_extent,3948.0,16.668,-0.12061,-0.9927,0.00142783,65.0,4441_1366
27.214806836242463,88.82489818277485,background,southern_sikkim,0,published_mapped_extent,1736.0,32.282,-0.09014,-0.99593,-0.00291059,145.0,4441_1360
27.183063336387384,88.45961435239468,background,southern_sikkim,0,published_mapped_extent,1003.0,27.786,0.85139,0.52454,-0.00582919,122.0,4422_1359
27.381728163164382,88.32997678206982,background,southern_sikkim,0,published_mapped_extent,1260.0,29.199,0.50202,0.86486,0.001444,137.0,4416_1369
27.22813269429926,88.44336090215306,background,southern_sikkim,0,published_mapped_extent,1226.0,21.097,0.2196,0.97559,0.00299327,83.0,4422_1361
27.2886280533843,88.1569621486932,background,southern_sikkim,0,published_mapped_extent,2560.0,20.297,0.54076,-0.84118,0.00582257,102.0,4407_1364
27.458568360865357,88.61161154497918,background,southern_sikkim,0,published_mapped_extent,2410.0,27.726,0.39902,-0.91694,0.00113739,133.0,4430_1372
27.24416862032715,88.15565580312476,background,southern_sikkim,0,published_mapped_extent,2053.0,19.828,-0.26963,0.96296,0.0001985,88.0,4407_1362
27.401024759091374,88.67034323133686,background,southern_sikkim,0,published_mapped_extent,2243.0,29.538,-0.3309,-0.94367,-0.00533134,124.0,4433_1370
27.09294478219246,88.19931528141572,background,southern_sikkim,0,published_mapped_extent,1210.0,19.005,0.29437,-0.95569,-0.00020776,84.0,4409_1354
27.34905340490869,88.48592393307118,background,southern_sikkim,0,published_mapped_extent,887.0,21.098,-0.99714,-0.0756,-0.00172442,78.0,4424_1367
27.27251118119591,88.6194714159755,background,southern_sikkim,0,published_mapped_extent,1193.0,22.684,0.13956,0.99021,0.00052516,86.0,4430_1363
27.372632349026894,88.8254444403415,background,southern_sikkim,0,published_mapped_extent,4014.0,19.043,-0.54725,-0.83697,-6.99e-05,86.0,4441_1368
27.430876919273963,88.57647816536284,background,southern_sikkim,0,published_mapped_extent,1875.0,24.088,0.61823,-0.78599,-0.00352045,108.0,4428_1371
27.42730940220558,88.15414275010399,background,southern_sikkim,0,published_mapped_extent,3245.0,22.498,0.76795,-0.64051,-0.00230462,118.0,4407_1371
27.250943223079084,88.43277805402246,background,southern_sikkim,0,published_mapped_extent,1124.0,18.46,0.62824,0.77802,0.00463195,87.0,4421_1362
27.356824893118787,88.70238844412309,background,southern_sikkim,0,published_mapped_extent,2888.0,28.662,-0.49038,0.87151,0.00303449,133.0,4435_1367
27.1589513064268,88.27136569378203,background,southern_sikkim,0,published_mapped_extent,1080.0,26.194,0.20046,-0.9797,0.00100489,106.0,4413_1357
27.312150648308503,88.19569905649773,background,southern_sikkim,0,published_mapped_extent,1423.0,37.796,0.51397,0.85781,-0.00024479,180.0,4409_1365
27.197885040318525,88.43984853452807,background,southern_sikkim,0,published_mapped_extent,1387.0,23.451,0.37139,-0.92848,0.00582698,111.0,4421_1359
27.306575249071265,88.39948817916863,background,southern_sikkim,0,published_mapped_extent,2230.0,39.978,0.98727,-0.15902,0.00271002,169.0,4419_1365
27.132538504970938,88.30225145389669,background,southern_sikkim,0,published_mapped_extent,505.0,29.906,-0.75823,-0.65198,-0.00075435,128.0,4415_1356
27.366425786244488,88.13672950286842,background,southern_sikkim,0,published_mapped_extent,2293.0,31.207,-0.74284,0.66947,-0.00289095,144.0,4406_1368
27.303132948486645,88.46533186476125,background,southern_sikkim,0,published_mapped_extent,1312.0,14.876,-0.66404,0.7477,-0.00059659,71.0,4423_1365
27.19297016322749,88.21546346018611,background,southern_sikkim,0,published_mapped_extent,1647.0,22.149,-0.93492,-0.35486,-0.0003693,103.0,4410_1359
27.283247378880297,88.40053196402383,background,southern_sikkim,0,published_mapped_extent,1148.0,31.902,-0.55779,-0.82999,-0.00095026,166.0,4420_1364
27.40168620806239,88.66690908149839,background,southern_sikkim,0,published_mapped_extent,2268.0,28.02,-0.38887,-0.92129,0.0026369,138.0,4433_1370
27.124540459773367,88.20778659157045,background,southern_sikkim,0,published_mapped_extent,840.0,32.921,0.30462,0.95247,0.00377457,152.0,4410_1356
27.368543100188866,88.42805066055033,background,southern_sikkim,0,published_mapped_extent,2326.0,23.726,0.87535,0.48349,-0.0001321,104.0,4421_1368
27.22359797337786,88.16830618583998,background,southern_sikkim,0,published_mapped_extent,2167.0,25.625,0.95266,0.30404,0.00102991,117.0,4408_1361
27.206530841370057,88.31363186765677,background,southern_sikkim,0,published_mapped_extent,951.0,23.976,0.97439,-0.22486,-0.00276878,102.0,4415_1360
27.415639531681204,88.44816720844264,background,southern_sikkim,0,published_mapped_extent,2730.0,32.028,-0.50401,-0.8637,-0.00102513,149.0,4422_1370
27.17458976835991,88.49042493170438,background,southern_sikkim,0,published_mapped_extent,821.0,26.098,0.81373,0.58124,-0.00158963,131.0,4424_1358
27.100227724858705,88.4642812294199,background,southern_sikkim,0,published_mapped_extent,229.0,4.63,-0.3773,0.92609,-0.00731534,74.0,4423_1355
27.534536198505243,88.70101258214895,background,southern_sikkim,0,published_mapped_extent,2821.0,43.808,0.56468,-0.82531,0.00210464,242.0,4435_1376
27.29279058483521,88.57097840436745,background,southern_sikkim,0,published_mapped_extent,1354.0,20.45,0.83434,-0.55126,-0.00017902,102.0,4428_1364
27.170609777456196,88.41851186351181,background,southern_sikkim,0,published_mapped_extent,1705.0,23.164,0.64274,0.76609,0.00074764,100.0,4420_1358
27.37934661228427,88.61330783501289,background,southern_sikkim,0,published_mapped_extent,1559.0,18.118,-0.26742,0.96358,0.00087155,77.0,4430_1368
27.093608877441355,88.36796557144284,background,southern_sikkim,0,published_mapped_extent,348.0,22.854,-0.56681,0.82385,0.00125915,115.0,4418_1354
27.328815372392175,88.8445958265785,background,southern_sikkim,0,published_mapped_extent,3928.0,17.246,0.68898,0.72478,0.00010001,62.0,4442_1366
27.451198845568534,88.54947195471314,background,southern_sikkim,0,published_mapped_extent,1857.0,24.13,0.69143,0.72244,-7.316e-05,112.0,4427_1372
27.457449127128392,88.20226496805945,background,southern_sikkim,0,published_mapped_extent,3529.0,17.876,-0.99907,0.04306,0.00011445,77.0,4410_1372
27.269022295051684,88.90473396810275,background,southern_sikkim,0,published_mapped_extent,3985.0,29.048,0.81272,-0.58266,0.00178816,137.0,4445_1363
27.126994211866965,88.22132831353504,background,southern_sikkim,0,published_mapped_extent,480.0,26.938,-0.90195,-0.43184,0.00021269,123.0,4411_1356
27.363203918789385,88.72989393595198,background,southern_sikkim,0,published_mapped_extent,3742.0,16.866,0.28861,-0.95745,0.00161452,88.0,4436_1368
27.391826782372878,88.31466448462848,background,southern_sikkim,0,published_mapped_extent,1497.0,29.42,-0.94819,-0.31771,-0.00428252,158.0,4415_1369
27.306375749819928,88.3363630427235,background,southern_sikkim,0,published_mapped_extent,1507.0,19.605,-0.78767,-0.6161,0.00250437,108.0,4416_1365
27.42370085157696,88.79741628743642,background,southern_sikkim,0,published_mapped_extent,4447.0,21.369,-0.67444,-0.73833,-0.00187024,100.0,4439_1371
27.37850583106727,88.71028948493708,background,southern_sikkim,0,published_mapped_extent,3378.0,17.513,-0.80106,-0.59859,-0.00195545,86.0,4435_1368
27.116464573023837,88.27569891181975,background,southern_sikkim,0,published_mapped_extent,378.0,23.49,0.99705,0.0767,-0.00292055,95.0,4413_1355
27.394446939008613,88.52920756978276,background,southern_sikkim,0,published_mapped_extent,997.0,28.085,0.60125,0.79906,-0.0015709,138.0,4426_1369
27.246107930898003,88.67862330162775,background,southern_sikkim,0,published_mapped_extent,1882.0,35.161,-0.91291,-0.40815,-0.00375135,156.0,4433_1362
27.217456244965437,88.20760781083602,background,southern_sikkim,0,published_mapped_extent,1831.0,14.575,0.65167,-0.7585,0.00073661,63.0,4410_1360
27.20098759856706,88.41745211189075,background,southern_sikkim,0,published_mapped_extent,1983.0,44.083,0.25096,-0.968,-0.0020062,213.0,4420_1360
27.407709541724483,88.34927520594626,background,southern_sikkim,0,published_mapped_extent,1600.0,34.299,0.97732,0.21175,-0.0026636,136.0,4417_1370
27.278460735726348,88.34759628612889,background,southern_sikkim,0,published_mapped_extent,1969.0,17.238,-0.48792,0.87289,-0.00072991,71.0,4417_1363
27.24221019659467,88.40135017121659,background,southern_sikkim,0,published_mapped_extent,1388.0,30.843,0.70009,0.71405,0.00084797,158.0,4420_1362
27.405561945996645,88.1229246307277,background,southern_sikkim,0,published_mapped_extent,3880.0,34.684,-0.80882,-0.58805,-0.00126761,191.0,4406_1370
27.145197348856183,88.174010979235,background,southern_sikkim,0,published_mapped_extent,948.0,21.933,-0.70711,-0.70711,0.00085891,104.0,4408_1357
27.55877630558245,88.57114093077236,background,southern_sikkim,0,published_mapped_extent,2408.0,25.154,0.89324,-0.44958,0.0010521,96.0,4428_1377
27.250570443236832,88.4281866367967,background,southern_sikkim,0,published_mapped_extent,1117.0,39.589,-0.19482,0.98084,0.0052256,177.0,4421_1362
27.463413975162794,88.71327780346306,background,southern_sikkim,0,published_mapped_extent,3367.0,26.215,-0.62056,-0.78416,0.00371969,146.0,4435_1373
27.152902992910402,88.26219915235572,background,southern_sikkim,0,published_mapped_extent,1167.0,44.593,0.92132,-0.38881,-0.00038129,220.0,4413_1357
27.422466387197296,88.65177312702548,background,southern_sikkim,0,published_mapped_extent,1894.0,27.038,0.31296,0.94977,0.00227413,125.0,4432_1371
27.214981389079394,88.76853495355473,background,southern_sikkim,0,published_mapped_extent,2282.0,32.563,0.72641,0.68726,-0.00185295,164.0,4438_1360
27.377938008348767,88.80270117314669,background,southern_sikkim,0,published_mapped_extent,3908.0,38.143,0.15033,-0.98864,0.00561013,194.0,4440_1368
27.46670645118395,88.67640558163902,background,southern_sikkim,0,published_mapped_extent,2446.0,37.924,0.27095,-0.96259,-0.00267677,172.0,4433_1373
27.175830444743276,88.62667261371453,background,southern_sikkim,0,published_mapped_extent,609.0,31.691,0.89533,0.44541,-0.00216771,148.0,4431_1358
27.414508141483974,88.61935370464683,background,southern_sikkim,0,published_mapped_extent,1205.0,8.563,-0.24904,-0.96849,-0.00662637,56.0,4430_1370
27.289461778118394,88.56537307214073,background,southern_sikkim,0,published_mapped_extent,1547.0,21.952,0.91663,0.39973,-8.676e-05,102.0,4428_1364
27.485560662750732,88.41956852761263,background,southern_sikkim,0,published_mapped_extent,3026.0,32.032,0.98566,0.16872,0.00215838,165.0,4420_1374
27.23556669395763,88.7674890970023,background,southern_sikkim,0,published_mapped_extent,2071.0,21.176,0.38003,-0.92497,0.00061137,92.0,4438_1361
27.385894332982378,88.07403098305753,background,southern_sikkim,0,published_mapped_extent,3259.0,27.365,-0.39716,-0.91775,-0.00046694,118.0,4403_1369
27.4309721920348,88.61279801029532,background,southern_sikkim,0,published_mapped_extent,1561.0,22.048,-0.95338,0.30179,-0.00307873,90.0,4430_1371
27.452210450233306,88.26990847737021,background,southern_sikkim,0,published_mapped_extent,2847.0,31.731,-0.79512,-0.60645,-0.00154506,149.0,4413_1372
27.438934122918962,88.2381807669794,background,southern_sikkim,0,published_mapped_extent,3070.0,31.308,-0.65996,-0.7513,0.00064278,167.0,4411_1371
27.168880879701845,88.12250297598126,background,southern_sikkim,0,published_mapped_extent,2673.0,14.923,0.2241,0.97457,0.0010502,63.0,4406_1358
27.56355421872284,88.44362208415356,background,southern_sikkim,0,published_mapped_extent,1764.0,36.027,0.19097,-0.9816,-2.032e-05,148.0,4422_1378
27.273987241632724,88.53603637290273,background,southern_sikkim,0,published_mapped_extent,1356.0,20.506,0.50133,0.86526,0.0001181,84.0,4426_1363
27.314570860050445,88.89796358804549,background,southern_sikkim,0,published_mapped_extent,4007.0,25.64,0.48613,-0.87388,0.00201753,99.0,4444_1365
27.286779583913695,88.42468166317101,background,southern_sikkim,0,published_mapped_extent,1089.0,17.326,0.9394,-0.34282,0.0022186,78.0,4421_1364
27.2409031751257,88.3190518169278,background,southern_sikkim,0,published_mapped_extent,1351.0,21.556,-0.17579,0.98443,-0.00029706,80.0,4415_1362
27.174455226614867,88.64026192428915,background,southern_sikkim,0,published_mapped_extent,775.0,23.878,-0.66514,-0.74672,-0.00209291,115.0,4432_1358
27.145276955783427,88.38164328108606,background,southern_sikkim,0,published_mapped_extent,1445.0,25.092,0.23135,0.97287,0.00038928,104.0,4419_1357
27.456358406280582,88.52810529400344,background,southern_sikkim,0,published_mapped_extent,1194.0,16.954,-0.98863,0.15035,2.67e-06,72.0,4426_1372
27.154285546188362,88.35596255321725,background,southern_sikkim,0,published_mapped_extent,1191.0,29.31,-0.33398,-0.94258,0.00206857,126.0,4417_1357
27.167798201922842,88.33557940511446,background,southern_sikkim,0,published_mapped_extent,1048.0,33.026,0.01282,0.99992,-0.00165594,129.0,4416_1358
27.317150908166106,88.67979381799336,background,southern_sikkim,0,published_mapped_extent,2683.0,38.585,0.54137,-0.84078,-0.00322297,184.0,4433_1365
27.2556948211839,88.17616692104644,background,southern_sikkim,0,published_mapped_extent,1299.0,36.216,0.935,0.35465,0.00460808,162.0,4408_1362
27.32829841622552,88.38215305753567,background,southern_sikkim,0,published_mapped_extent,2811.0,26.193,0.31623,-0.94868,0.00031018,128.0,4419_1366
27.38785036707206,88.85405184298102,background,southern_sikkim,0,published_mapped_extent,4233.0,3.952,-0.50262,0.86451,-0.00236474,21.0,4442_1369
27.30347012360521,88.35826833399624,background,southern_sikkim,0,published_mapped_extent,1911.0,15.952,-0.86005,0.5102,-0.00164562,70.0,4417_1365
27.294939462774177,88.61959353408196,background,southern_sikkim,0,published_mapped_extent,1206.0,35.134,-0.24671,-0.96909,0.0001712,157.0,4430_1364
27.254965466750637,88.76611932012105,background,southern_sikkim,0,published_mapped_extent,2629.0,37.529,-0.82814,-0.56053,0.00428045,185.0,4438_1362
27.304903785126434,88.51476421444572,background,southern_sikkim,0,published_mapped_extent,1795.0,16.451,-0.6585,0.75258,0.00236386,83.0,4425_1365
27.350166371286598,88.85736933265078,background,southern_sikkim,0,published_mapped_extent,3979.0,6.918,0.27472,-0.96152,-0.00106602,45.0,4442_1367
27.411841288379588,88.20266461215401,background,southern_sikkim,0,published_mapped_extent,2286.0,36.126,-0.50044,-0.86577,-0.00246694,180.0,4410_1370
27.100971873919118,88.21454951578106,background,southern_sikkim,0,published_mapped_extent,1240.0,37.015,0.53973,0.84184,-4.887e-05,173.0,4410_1355
27.462012589048555,88.14007260559296,background,southern_sikkim,0,published_mapped_extent,3316.0,27.976,-0.50987,-0.86025,0.00027475,121.0,4407_1373
27.118635135935424,88.49823780452707,background,southern_sikkim,0,published_mapped_extent,488.0,34.505,-0.75769,0.65262,-0.00075171,176.0,4424_1355
27.3077591978518,88.22990779753052,background,southern_sikkim,0,published_mapped_extent,1698.0,26.585,0.38855,0.92143,0.00042298,124.0,4411_1365
27.262499936288496,88.35223591101128,background,southern_sikkim,0,published_mapped_extent,2162.0,30.201,-0.78987,-0.61328,0.00069687,150.0,4417_1363
27.46518397698096,88.40588531531225,background,southern_sikkim,0,published_mapped_extent,3338.0,25.871,-0.95371,0.30072,0.00031374,112.0,4420_1373
27.42107024299492,88.31942634690495,background,southern_sikkim,0,published_mapped_extent,2767.0,30.874,0.85954,-0.51108,0.0013372,168.0,4415_1371
27.239688576613258,88.25384532321479,background,southern_sikkim,0,published_mapped_extent,1176.0,24.415,-0.36717,0.93016,0.00257044,115.0,4412_1361
27.200772016712897,88.79547455249234,background,southern_sikkim,0,published_mapped_extent,2786.0,24.386,0.9988,0.04902,0.00010596,101.0,4439_1360
27.337584274655576,88.19654600916512,background,southern_sikkim,0,published_mapped_extent,1519.0,24.302,0.30143,0.95349,-0.00308921,107.0,4409_1366
27.401220161679873,88.1457198317344,background,southern_sikkim,0,published_mapped_extent,3769.0,29.499,0.81506,0.57938,-3.304e-05,147.0,4407_1370
27.26055839176812,88.80804831730019,background,southern_sikkim,0,published_mapped_extent,3302.0,29.213,0.98606,0.16641,0.00099697,123.0,4440_1363
27.280577655101663,88.19418911783968,background,southern_sikkim,0,published_mapped_extent,1545.0,17.693,0.15238,-0.98832,0.00105036,68.0,4409_1364
27.382772773937784,88.73076718987876,background,southern_sikkim,0,published_mapped_extent,3509.0,23.112,-0.09112,-0.99584,0.00080992,91.0,4436_1369
27.353789328608453,88.13566315222461,background,southern_sikkim,0,published_mapped_extent,2006.0,27.118,-0.94922,0.3146,-0.00744821,168.0,4406_1367
27.241659751251575,88.45453178240668,background,southern_sikkim,0,published_mapped_extent,757.0,32.961,-0.50121,0.86533,0.00282483,164.0,4422_1362
27.169938759098283,88.20075050509801,background,southern_sikkim,0,published_mapped_extent,1614.0,24.442,-0.40642,-0.91369,-0.00211589,105.0,4410_1358
27.37140654939379,88.17428056105273,background,southern_sikkim,0,published_mapped_extent,2557.0,40.608,0.64638,-0.76302,-0.00079347,203.0,4408_1368
27.200263955090175,88.43331471988166,background,southern_sikkim,0,published_mapped_extent,1600.0,15.973,0.99958,-0.02911,-0.00082862,73.0,4421_1360
27.426559336102066,88.4209349392211,background,southern_sikkim,0,published_mapped_extent,2839.0,21.87,0.99999,0.00346,-0.00091657,84.0,4421_1371
27.17284035319243,88.31398227934515,background,southern_sikkim,0,published_mapped_extent,586.0,27.166,-0.90396,0.42762,0.00022909,123.0,4415_1358
27.252142926915617,88.49861459969677,background,southern_sikkim,0,published_mapped_extent,1281.0,32.223,0.0595,-0.99823,0.00010038,126.0,4424_1362
27.390881037298918,88.30662073247045,background,southern_sikkim,0,published_mapped_extent,1335.0,11.187,-0.18259,-0.98319,-0.00034718,40.0,4415_1369
27.38725836037606,88.56780205539958,background,southern_sikkim,0,published_mapped_extent,1235.0,21.361,-0.34801,0.93749,-0.00011855,87.0,4428_1369
27.221876251168094,88.52627208980782,background,southern_sikkim,0,published_mapped_extent,1772.0,5.026,-0.26846,-0.96329,0.00762713,53.0,4426_1361
27.309810495402722,88.63079397417576,background,southern_sikkim,0,published_mapped_extent,1567.0,17.194,-0.76305,0.64634,0.00223348,84.0,4431_1365
27.161054077584865,88.3521169480563,background,southern_sikkim,0,published_mapped_extent,1495.0,25.723,-0.63135,0.7755,0.00202611,118.0,4417_1358
27.53623742607673,88.6231181160007,background,southern_sikkim,0,published_mapped_extent,1581.0,34.28,-0.42177,0.9067,-0.00260472,155.0,4431_1376
27.244739743608754,88.31086141131745,background,southern_sikkim,0,published_mapped_extent,1031.0,27.525,-0.07996,0.9968,0.00152856,112.0,4415_1362
27.261267171254428,88.85544153732032,background,southern_sikkim,0,published_mapped_extent,2441.0,28.567,-0.14285,-0.98974,-0.00290098,124.0,4442_1363
27.16029964820745,88.13571201772284,background,southern_sikkim,0,published_mapped_extent,2329.0,29.835,0.64659,-0.76283,0.00079683,143.0,4406_1358
27.527549376399772,88.48333685598806,background,southern_sikkim,0,published_mapped_extent,1284.0,33.838,0.8204,0.57179,-0.00275692,174.0,4424_1376
27.13546820740122,88.33105339745886,background,southern_sikkim,0,published_mapped_extent,1084.0,40.879,-0.99963,0.02728,0.00177361,169.0,4416_1356
27.27232522985028,88.65453554164634,background,southern_sikkim,0,published_mapped_extent,1881.0,4.581,-0.5547,0.83205,0.00066264,32.0,4432_1363
27.22431727495907,88.54192984005564,background,southern_sikkim,0,published_mapped_extent,1457.0,45.37,-0.57447,0.81852,0.00179083,277.0,4427_1361
27.394636199798295,88.47316587213005,background,southern_sikkim,0,published_mapped_extent,1924.0,37.988,0.03201,-0.99949,-0.0003899,149.0,4423_1369
27.489335528600606,88.41859424540647,background,southern_sikkim,0,published_mapped_extent,3133.0,37.915,0.05349,-0.99857,0.0001856,170.0,4420_1374
27.40525266973264,88.54295530798886,background,southern_sikkim,0,published_mapped_extent,1267.0,39.053,-0.98433,-0.17632,-0.00739454,160.0,4427_1370
27.287888393863113,88.84312260006341,background,southern_sikkim,0,published_mapped_extent,3500.0,29.098,-0.05989,-0.9982,-1.006e-05,117.0,4442_1364
27.32059495251558,88.54697678913845,background,southern_sikkim,0,published_mapped_extent,1666.0,44.49,-0.50615,-0.86244,-0.00185242,249.0,4427_1366
27.36412738515261,88.52402849025506,background,southern_sikkim,0,published_mapped_extent,2033.0,12.508,-0.41946,0.90778,0.0017432,60.0,4426_1368
27.3862223788927,88.0977863837498,background,southern_sikkim,0,published_mapped_extent,3357.0,32.411,0.84004,-0.54253,-0.00233583,166.0,4404_1369
27.44551944089194,88.42069892782531,background,southern_sikkim,0,published_mapped_extent,3446.0,32.232,0.70711,-0.70711,-0.0026108,151.0,4421_1372
27.446503722348513,88.0887218579831,background,southern_sikkim,0,published_mapped_extent,3963.0,18.195,-0.34649,0.93805,0.00058626,86.0,4404_1372
27.4149145500997,88.29707835023603,background,southern_sikkim,0,published_mapped_extent,2122.0,40.495,0.971,0.23909,-0.00230417,185.0,4414_1370
27.188139224488218,88.59273627540648,background,southern_sikkim,0,published_mapped_extent,478.0,23.078,0.10757,0.9942,-0.00260625,115.0,4429_1359
27.513087920951648,88.43051898371866,background,southern_sikkim,0,published_mapped_extent,2648.0,22.709,-0.57746,0.81642,-0.0035684,94.0,4421_1375
27.23347144734152,88.43265364260297,background,southern_sikkim,0,published_mapped_extent,1223.0,29.531,0.89735,-0.44132,0.00059142,135.0,4421_1361
27.39508996228696,88.60535373504881,background,southern_sikkim,0,published_mapped_extent,1452.0,38.328,-0.02635,-0.99965,0.00396775,167.0,4430_1369
27.477377654809573,88.6863469444441,background,southern_sikkim,0,published_mapped_extent,3236.0,39.881,-0.04488,-0.99899,-0.00124247,177.0,4434_1373
27.163015260484833,88.41385283486527,background,southern_sikkim,0,published_mapped_extent,1579.0,31.857,-0.59678,-0.80241,-0.00272768,170.0,4420_1358
27.105026414962147,88.41338385083904,background,southern_sikkim,0,published_mapped_extent,913.0,25.667,0.00578,-0.99998,-0.00011132,100.0,4420_1355
27.423982829503004,88.1461553834093,background,southern_sikkim,0,published_mapped_extent,3385.0,37.153,-0.04582,-0.99895,0.00127319,160.0,4407_1371
27.446780297964622,88.2759433587495,background,southern_sikkim,0,published_mapped_extent,3002.0,41.69,-0.87796,0.47874,-0.00267358,217.0,4413_1372
27.36740869466328,88.08957660528041,background,southern_sikkim,0,published_mapped_extent,2564.0,40.55,0.09902,-0.99509,-0.00223481,178.0,4404_1368
27.267519028152154,88.72901596783039,background,southern_sikkim,0,published_mapped_extent,2051.0,39.045,-0.99662,-0.0822,0.0024677,171.0,4436_1363
27.188516797870786,88.58890233056655,background,southern_sikkim,0,published_mapped_extent,438.0,6.133,-0.24558,-0.96938,0.00250252,36.0,4429_1359
27.164593041024897,88.42543708418951,background,southern_sikkim,0,published_mapped_extent,1931.0,16.179,-0.88564,0.46436,0.0015481,90.0,4421_1358
27.30453057387224,88.81541917712812,background,southern_sikkim,0,published_mapped_extent,3734.0,12.808,-0.57428,-0.81866,-0.00196842,65.0,4440_1365
27.25941773519,88.5611465979842,background,southern_sikkim,0,published_mapped_extent,727.0,43.893,0.14869,0.98888,5.311e-05,188.0,4428_1362
27.17537077709916,88.29868355623938,background,southern_sikkim,0,published_mapped_extent,566.0,31.573,0.5085,-0.86106,0.00039353,140.0,4414_1358
27.46563218272243,88.16357327426776,background,southern_sikkim,0,published_mapped_extent,3922.0,27.288,-0.41461,-0.91,0.00255595,118.0,4408_1373
27.13647390167781,88.50691611148612,background,southern_sikkim,0,published_mapped_extent,255.0,1.688,-0.70711,0.70711,-0.00074042,11.0,4425_1356
27.43857913641019,88.23020139822495,background,southern_sikkim,0,published_mapped_extent,3268.0,27.891,0.98668,-0.1627,-0.0016592,126.0,4411_1371
27.511299945511126,88.61884398609915,background,southern_sikkim,0,published_mapped_extent,2215.0,16.487,-0.48803,0.87283,-0.00274034,97.0,4430_1375
27.530817470245882,88.58236364549288,background,southern_sikkim,0,published_mapped_extent,1062.0,19.88,0.46859,-0.88341,-0.00095429,90.0,4429_1376
27.360169587412653,88.36207076141277,background,southern_sikkim,0,published_mapped_extent,2061.0,26.205,-0.4741,0.88047,0.00340638,118.0,4418_1368
27.549467640825316,88.49607380794856,background,southern_sikkim,0,published_mapped_extent,1949.0,34.839,0.22748,-0.97378,0.00237251,189.0,4424_1377
27.37560602600278,88.1910804749507,background,southern_sikkim,0,published_mapped_extent,2552.0,12.249,-0.06397,0.99795,0.00639276,68.0,4409_1368
27.264578073585998,88.70336308337872,background,southern_sikkim,0,published_mapped_extent,1258.0,20.573,0.19612,-0.98058,-0.00508121,116.0,4435_1363
27.26616067547384,88.80168945191754,background,southern_sikkim,0,published_mapped_extent,3450.0,24.412,0.96391,0.26622,-0.0017748,108.0,4440_1363
27.3788019632149,88.19837420311848,background,southern_sikkim,0,published_mapped_extent,2060.0,38.709,0.71229,0.70189,-0.00308138,200.0,4409_1368
27.54319532458009,88.7163099433813,background,southern_sikkim,0,published_mapped_extent,3056.0,25.885,-0.69265,0.72127,-0.00051555,134.0,4435_1377
27.523748283213074,88.51217491173033,background,southern_sikkim,0,published_mapped_extent,1129.0,27.897,0.47222,0.88148,-0.00187995,125.0,4425_1376
27.222436869395036,88.6990584908392,background,southern_sikkim,0,published_mapped_extent,1005.0,26.88,-0.69048,0.72336,-0.00112546,139.0,4434_1361
27.471971127593193,88.1027636017267,background,southern_sikkim,0,published_mapped_extent,4265.0,33.712,-0.48917,-0.87219,-0.00030809,167.0,4405_1373
27.28832946666514,88.51381875147675,background,southern_sikkim,0,published_mapped_extent,1815.0,41.396,-0.64127,-0.76732,0.00331153,227.0,4425_1364
27.39590303923709,88.09784498453286,background,southern_sikkim,0,published_mapped_extent,3591.0,40.695,0.97062,0.24064,0.00047344,201.0,4404_1369
27.360890164952554,88.71886254901457,background,southern_sikkim,0,published_mapped_extent,3060.0,15.235,-0.83126,-0.55588,-0.00969064,97.0,4435_1368
27.172903860585315,88.1382699442448,background,southern_sikkim,0,published_mapped_extent,2571.0,28.15,0.74497,-0.6671,-0.00143848,143.0,4406_1358
27.226506982217106,88.83534683519076,background,southern_sikkim,0,published_mapped_extent,1639.0,27.081,0.99963,-0.02716,0.00032936,106.0,4441_1361
27.545134244430045,88.63939803372467,background,southern_sikkim,0,published_mapped_extent,1436.0,37.53,-0.49361,0.86969,0.00093384,189.0,4431_1377
27.423630698024148,88.58023689829501,background,southern_sikkim,0,published_mapped_extent,1808.0,20.959,0.30096,0.95364,3.133e-05,82.0,4429_1371
27.27029102115807,88.84207923023646,background,southern_sikkim,0,published_mapped_extent,3035.0,33.605,-0.5455,-0.83811,-0.00062797,168.0,4442_1363
27.40884852286808,88.6730734367716,background,southern_sikkim,0,published_mapped_extent,2962.0,23.603,-0.53399,-0.84549,0.00391267,113.0,4433_1370
27.39238110136287,88.12242470904177,background,southern_sikkim,0,published_mapped_extent,3537.0,31.391,-0.77618,-0.63051,-0.00130654,158.0,4406_1369
27.33031572670233,88.17192293054514,background,southern_sikkim,0,published_mapped_extent,2358.0,14.268,0.64447,0.76463,-0.0002374,51.0,4408_1366
27.095435620976044,88.256055020624,background,southern_sikkim,0,published_mapped_extent,955.0,28.543,0.37535,0.92688,0.00074687,124.0,4412_1354
27.287659317569908,88.45618681576703,background,southern_sikkim,0,published_mapped_extent,1108.0,24.326,-0.97086,0.23964,-0.00198237,97.0,4422_1364
27.396020388566953,88.35922275274675,background,southern_sikkim,0,published_mapped_extent,1560.0,21.938,-0.98621,-0.16552,0.00211935,89.0,4417_1369
27.34836360216271,88.25876212005025,background,southern_sikkim,0,published_mapped_extent,1698.0,35.434,0.32791,-0.94471,-0.00204425,159.0,4412_1367
27.08710611028671,88.24194170061595,background,southern_sikkim,0,published_mapped_extent,853.0,26.854,-0.99849,-0.05486,-0.00022592,113.0,4412_1354
27.360084557870096,88.66286308743452,background,southern_sikkim,0,published_mapped_extent,2150.0,25.734,0.89327,-0.44952,0.00091677,126.0,4433_1368
27.529327812363316,88.45185046887761,background,southern_sikkim,0,published_mapped_extent,1807.0,21.17,0.73522,0.67783,-0.00082765,107.0,4422_1376
27.460743626983284,88.25942917805601,background,southern_sikkim,0,published_mapped_extent,3386.0,38.459,0.90929,-0.41617,-0.00027548,197.0,4412_1373
27.314205408386705,88.75319340669525,background,southern_sikkim,0,published_mapped_extent,3633.0,32.565,-0.33054,-0.94379,0.00507824,159.0,4437_1365
27.43573091384793,88.76033290521237,background,southern_sikkim,0,published_mapped_extent,4310.0,30.961,-0.53478,-0.84499,-0.00408024,157.0,4438_1371
27.128007381358987,88.16286961382286,background,southern_sikkim,0,published_mapped_extent,898.0,31.188,0.95448,-0.29827,-0.0001432,126.0,4408_1356
27.40090802498581,88.71856251562541,background,southern_sikkim,0,published_mapped_extent,3928.0,36.336,-0.85915,0.51172,-0.00125739,188.0,4435_1370
27.551320365959093,88.49910285672212,background,southern_sikkim,0,published_mapped_extent,1983.0,41.772,0.76656,-0.64217,-0.00042993,242.0,4424_1377
27.390115543027292,88.40747293436215,background,southern_sikkim,0,published_mapped_extent,2677.0,12.862,0.98539,-0.17031,0.00012385,55.0,4420_1369
27.368289534185095,88.70844153246769,background,southern_sikkim,0,published_mapped_extent,2945.0,38.974,-0.95106,-0.30901,-0.0019514,180.0,4435_1368
27.455050831835855,88.48987833654252,background,southern_sikkim,0,published_mapped_extent,1744.0,29.96,0.59032,0.80717,0.00401906,156.0,4424_1372
27.51026624225437,88.66063782068969,background,southern_sikkim,0,published_mapped_extent,3005.0,14.405,-0.87056,0.49206,-1.011e-05,85.0,4433_1375
27.470023562758783,88.10212763478032,background,southern_sikkim,0,published_mapped_extent,4120.0,32.024,-0.36641,-0.93045,-0.000739,145.0,4405_1373
27.449520806755533,88.6378229356487,background,southern_sikkim,0,published_mapped_extent,2005.0,29.179,0.9974,-0.07213,-0.00398039,121.0,4431_1372
27.490758454981943,88.50279697355705,background,southern_sikkim,0,published_mapped_extent,1253.0,22.491,0.40925,-0.91242,0.0053094,112.0,4425_1374
27.174830310657324,88.3086830740049,background,southern_sikkim,0,published_mapped_extent,358.0,8.72,-0.57952,0.81496,-0.00199162,62.0,4415_1358
27.28592887531132,88.35255470565593,background,southern_sikkim,0,published_mapped_extent,1939.0,24.823,-0.91282,0.40837,7.461e-05,106.0,4417_1364
27.518365034624154,88.65252933192058,background,southern_sikkim,0,published_mapped_extent,2693.0,20.663,-0.836,-0.54874,-0.00073904,86.0,4432_1375
27.151615217459,88.36600937469545,background,southern_sikkim,0,published_mapped_extent,922.0,24.06,-0.38263,-0.9239,-0.00075919,121.0,4418_1357
27.199524535331122,88.64452646409897,background,southern_sikkim,0,published_mapped_extent,795.0,19.158,-0.93148,0.3638,0.00149204,84.0,4432_1359
27.489707409778603,88.50432618814165,background,southern_sikkim,0,published_mapped_extent,1141.0,34.124,0.89565,-0.44475,0.00327043,171.0,4425_1374
27.22632041478478,88.63080954156041,background,southern_sikkim,0,published_mapped_extent,1203.0,18.471,0.4948,-0.86901,-0.00023662,88.0,4431_1361
27.415800034531415,88.33702830819227,background,southern_sikkim,0,published_mapped_extent,2483.0,30.517,-0.94485,-0.32752,0.00339158,125.0,4416_1370
27.340672760438405,88.80725972623941,background,southern_sikkim,0,published_mapped_extent,3656.0,34.891,0.69506,-0.71896,0.00126751,184.0,4440_1367
27.172979294020813,88.45911624724336,background,southern_sikkim,0,published_mapped_extent,1636.0,34.95,-0.63194,0.77502,0.00117455,177.0,4422_1358
27.24470891197716,88.37537423586757,background,southern_sikkim,0,published_mapped_extent,2215.0,41.518,0.49732,-0.86757,0.00163,203.0,4418_1362
27.369919246346118,88.28303710685928,background,southern_sikkim,0,published_mapped_extent,1989.0,33.118,0.72601,-0.68769,0.00400309,147.0,4414_1368
27.541678469020383,88.44948293914358,background,southern_sikkim,0,published_mapped_extent,1600.0,37.131,0.98689,-0.16142,-0.00327116,162.0,4422_1377
27.486242084168325,88.13476132907661,background,southern_sikkim,0,published_mapped_extent,3775.0,25.549,0.96752,0.25278,-0.00040995,121.0,4406_1374
27.341262721688718,88.55300697783048,background,southern_sikkim,0,published_mapped_extent,1697.0,35.529,0.90836,-0.41819,-0.00069114,176.0,4427_1367
27.201808697448573,88.52958156511315,background,southern_sikkim,0,published_mapped_extent,880.0,26.122,-0.82987,-0.55796,0.0008669,124.0,4426_1360
27.459071713970403,88.60914777925596,background,southern_sikkim,0,published_mapped_extent,2477.0,34.81,0.23971,-0.97084,0.00081092,149.0,4430_1372
27.244331360043404,88.63262311142111,background,southern_sikkim,0,published_mapped_extent,1637.0,28.786,-0.91002,-0.41456,-0.00222144,136.0,4431_1362
27.171220492860197,88.15925976902959,background,southern_sikkim,0,published_mapped_extent,1397.0,20.679,0.87207,-0.48939,8.784e-05,82.0,4407_1358
27.221539068989696,88.60141090199542,background,southern_sikkim,0,published_mapped_extent,1028.0,22.122,0.99766,0.06833,0.00033296,83.0,4430_1361
27.14977656355875,88.15155672090695,background,southern_sikkim,0,published_mapped_extent,1419.0,19.565,0.85193,-0.52366,-0.00034899,94.0,4407_1357
27.32208598764083,88.1916903068916,background,southern_sikkim,0,published_mapped_extent,1618.0,30.951,-0.35898,-0.93335,0.00081373,152.0,4409_1366
27.217053602937362,88.66692240014487,background,southern_sikkim,0,published_mapped_extent,939.0,25.844,0.14624,-0.98925,0.0030564,119.0,4433_1360
27.151421237157336,88.27420264843305,background,southern_sikkim,0,published_mapped_extent,588.0,17.153,0.045,-0.99899,-0.00589423,105.0,4413_1357
27.519342180801573,88.49768090419575,background,southern_sikkim,0,published_mapped_extent,1632.0,26.125,-0.34833,0.93737,-0.00188109,103.0,4424_1375
27.481873364223844,88.07170940785196,background,southern_sikkim,0,published_mapped_extent,4721.0,30.656,-0.52958,-0.84826,-0.00160718,143.0,4403_1374
27.537510347356747,88.45173862859048,background,southern_sikkim,0,published_mapped_extent,1805.0,29.751,0.8845,-0.46655,0.00451694,168.0,4422_1376
27.399875020898467,88.59995174782443,background,southern_sikkim,0,published_mapped_extent,1382.0,24.807,-0.60096,0.79928,-0.0015502,117.0,4429_1369
27.138413630062807,88.30171986467143,background,southern_sikkim,0,published_mapped_extent,783.0,27.489,0.09342,-0.99563,0.00063799,115.0,4415_1356
27.212546524615906,88.50747511433107,background,southern_sikkim,0,published_mapped_extent,1114.0,11.694,-0.81192,-0.58377,0.00056057,72.0,4425_1360
27.38442665343078,88.27730610907193,background,southern_sikkim,0,published_mapped_extent,2307.0,24.345,0.8779,0.47885,-0.00259417,126.0,4413_1369
27.223400078924914,88.80274976125574,background,southern_sikkim,0,published_mapped_extent,2795.0,17.14,-0.69804,-0.71606,0.0029982,91.0,4440_1361
27.228438973057568,88.696781735011,background,southern_sikkim,0,published_mapped_extent,855.0,28.17,0.96221,-0.27232,5.625e-05,108.0,4434_1361
27.15742603228101,88.53570241910104,background,southern_sikkim,0,published_mapped_extent,442.0,34.244,-0.83858,-0.54477,0.00062814,169.0,4426_1357
27.200145752424756,88.31666523779836,background,southern_sikkim,0,published_mapped_extent,821.0,29.582,0.9909,0.13457,0.00111447,119.0,4415_1360
27.362048838522007,88.28025374927084,background,southern_sikkim,0,published_mapped_extent,1903.0,28.059,0.46381,0.88593,-0.00143405,123.0,4414_1368
27.27723968853566,88.25616350819338,background,southern_sikkim,0,published_mapped_extent,1164.0,21.554,0.21097,-0.97749,0.00254384,84.0,4412_1363
27.513297659020314,88.61748560369703,background,southern_sikkim,0,published_mapped_extent,2198.0,19.542,0.9117,0.41085,-0.00314904,86.0,4430_1375
27.384286074649847,88.64975543095282,background,southern_sikkim,0,published_mapped_extent,2127.0,31.003,-0.3698,0.92911,0.00033013,158.0,4432_1369
27.42330720289785,88.09735439290176,background,southern_sikkim,0,published_mapped_extent,4358.0,23.352,0.58549,-0.81068,-0.00073501,107.0,4404_1371
27.415097711311883,88.36788117462855,background,southern_sikkim,0,published_mapped_extent,1785.0,37.049,-0.76353,-0.64578,-0.00041134,187.0,4418_1370
27.310316485727075,88.34933684674144,background,southern_sikkim,0,published_mapped_extent,1735.0,20.189,-0.89139,0.45325,-0.00124763,84.0,4417_1365
27.409234827391796,88.42163286176574,background,southern_sikkim,0,published_mapped_extent,2407.0,20.173,0.72207,-0.69182,0.00371019,109.0,4421_1370
27.23191889757281,88.6283039955409,background,southern_sikkim,0,published_mapped_extent,1437.0,25.023,0.0238,-0.99972,0.00111862,90.0,4431_1361
27.23274030303047,88.48014459768311,background,southern_sikkim,0,published_mapped_extent,690.0,24.345,0.62619,0.77967,0.00019416,113.0,4424_1361
27.195511512745043,88.65118188776914,background,southern_sikkim,0,published_mapped_extent,1101.0,21.428,0.13448,0.99092,0.0024321,113.0,4432_1359
27.21997037388876,88.71932204010403,background,southern_sikkim,0,published_mapped_extent,1656.0,39.64,0.85332,-0.52138,-0.00029444,195.0,4435_1360
27.49365004778512,88.58729443495965,background,southern_sikkim,0,published_mapped_extent,2465.0,26.27,-0.5037,0.86388,-0.00076821,119.0,4429_1374
27.09204291970532,88.38281478697844,background,southern_sikkim,0,published_mapped_extent,442.0,22.514,0.50262,0.86451,0.00091238,102.0,4419_1354
