latitude,longitude,landslide_type,source,label,elevation_m,slope_deg,aspect_sin,aspect_cos,profile_curvature,relief_local_m,block
27.28073438539538,88.57053834258154,Debris flow,google_earth_point,1,1278.0,27.562,0.91804,-0.39649,-6.261e-05,159.0,4428_1364
27.25534523128074,88.63093819820688,Debris flow,google_earth_point,1,1978.0,37.453,-0.85941,-0.51129,0.00024725,200.0,4431_1362
27.30864166666666,88.66735833333334,Debris flow,google_earth_point,1,2038.0,26.291,0.41888,-0.90804,0.00091849,112.0,4433_1365
27.26288611111112,88.59082222222222,Debris flow,google_earth_point,1,919.0,41.81,-0.4938,0.86958,-0.00099658,206.0,4429_1363
27.32809315135169,88.62380516376776,Debris flow,google_earth_point,1,1398.0,30.517,0.98022,0.19793,0.00051095,125.0,4431_1366
27.35486944444445,88.66125833333334,Debris flow,google_earth_point,1,1764.0,38.247,0.04405,-0.99903,-0.00067606,170.0,4433_1367
27.35799166666667,88.66255833333334,Debris flow,google_earth_point,1,2046.0,37.001,0.2525,-0.9676,6.286e-05,179.0,4433_1367
27.35724722222222,88.66389444444445,Debris flow,google_earth_point,1,1957.0,39.066,0.308,-0.95139,-4.547e-05,187.0,4433_1367
27.352625,88.65876111111112,Debris flow,google_earth_point,1,1646.0,40.207,0.64903,-0.76076,0.00167712,201.0,4432_1367
27.29975,88.69376111111112,Debris flow,google_earth_point,1,2583.0,30.241,-0.99822,-0.05956,0.00160249,116.0,4434_1364
27.38047000212643,88.68308427441023,Debris flow,google_earth_point,1,3323.0,21.548,-0.6929,-0.72104,0.00442379,107.0,4434_1369
27.26688611111111,88.557125,Debris flow,google_earth_point,1,908.0,45.375,-0.15216,-0.98836,-0.00074676,226.0,4427_1363
27.26787777777778,88.5586111111111,Debris flow,google_earth_point,1,1008.0,45.79,0.33642,-0.94171,0.00602939,223.0,4427_1363
27.28628611111111,88.54847777777778,Debris flow,google_earth_point,1,1633.0,43.371,0.39108,-0.92036,0.00165552,197.0,4427_1364
27.25210683417693,88.68219186467816,Debris flow,google_earth_point,1,1960.0,33.55,0.99903,-0.04398,0.00041076,134.0,4434_1362
27.19174595343439,88.64391913232053,Debris flow,google_earth_point,1,1109.0,37.924,-0.17826,0.98398,0.00557414,182.0,4432_1359
27.28974742811852,88.74852563526115,Debris flow,google_earth_point,1,2222.0,46.585,0.84496,-0.53483,-0.00096826,252.0,4437_1364
27.26222246906145,88.73167796945613,Debris flow,google_earth_point,1,1855.0,35.65,-0.9953,-0.09682,-0.00361621,145.0,4436_1363
27.33162777777778,88.86180470109319,Debris flow,google_earth_point,1,4142.0,31.856,0.67278,-0.73984,0.00036978,166.0,4443_1366
27.33007877526835,88.85977316426641,Debris flow,google_earth_point,1,4159.0,35.093,0.83022,-0.55743,0.00149754,176.0,4442_1366
27.3294340174302,88.85915227076975,Debris flow,google_earth_point,1,4168.0,32.072,0.69819,-0.71592,0.00248452,167.0,4442_1366
27.29094683741536,88.87426383055326,Debris flow,google_earth_point,1,3347.0,37.713,0.74721,-0.66459,0.00013184,195.0,4443_1364
27.41098611111111,88.75459416488353,Debris flow,google_earth_point,1,3838.0,32.208,0.40348,0.91499,0.00172478,144.0,4437_1370
27.41181156201286,88.74598902239659,Debris flow,google_earth_point,1,3856.0,32.941,-0.22079,0.97532,5.065e-05,143.0,4437_1370
27.28504021971184,88.79251830306967,Debris flow,google_earth_point,1,3403.0,33.164,-0.8884,-0.45908,-0.00242053,163.0,4439_1364
27.39428131221561,88.82048835549513,Debris flow,google_earth_point,1,4474.0,32.136,-0.77827,-0.62793,0.00053287,156.0,4441_1369
27.38234357101308,88.74135653941927,Debris flow,google_earth_point,1,3646.0,26.403,-0.34129,0.93996,0.00340656,115.0,4437_1369
27.40117613418454,88.81546101380998,Debris flow,google_earth_point,1,4497.0,22.368,-0.96191,-0.27338,0.00611183,94.0,4440_1370
27.39767848740543,88.81353310482173,Debris flow,google_earth_point,1,4390.0,39.646,-0.99228,0.12403,0.00462294,168.0,4440_1369
27.39797224560936,88.81427029311833,Debris flow,google_earth_point,1,4440.0,39.403,-0.98058,0.19612,0.00180883,168.0,4440_1369
27.41100045784546,88.75182980441224,Debris flow,google_earth_point,1,3843.0,30.264,-0.25707,0.96639,0.00022829,121.0,4437_1370
27.286875,88.73990555555555,Debris flow,google_earth_point,1,2110.0,48.953,0.61193,-0.79091,0.00146105,274.0,4436_1364
27.2703586795352,88.85630846700964,Debris flow,google_earth_point,1,3074.0,37.248,0.25755,-0.96627,-0.00051093,160.0,4442_1363
27.29192233711034,88.84036757844505,Debris flow,google_earth_point,1,3574.0,26.861,0.06033,-0.99818,0.00176018,108.0,4442_1364
27.29244971029751,88.84062111228512,Debris flow,google_earth_point,1,3600.0,27.774,-0.07912,-0.99687,0.00086909,115.0,4442_1364
27.35604556650621,88.82425738107906,Debris flow,google_earth_point,1,4060.0,41.397,0.36867,-0.92956,0.00251574,214.0,4441_1367
27.31521415421343,88.86251265193629,Debris flow,google_earth_point,1,3869.0,30.759,-0.70944,-0.70477,0.00016159,146.0,4443_1365
27.30451934574344,88.8827354489395,Debris flow,google_earth_point,1,3653.0,38.121,-0.90446,-0.42656,0.00127123,200.0,4444_1365
27.28327412582142,88.88891076512013,Debris flow?,google_earth_point,1,3626.0,22.33,-0.99413,-0.1082,0.00381724,93.0,4444_1364
27.29169828518166,88.84007468411453,Debris flow,google_earth_point,1,3557.0,26.65,0.11347,-0.99354,0.00066631,104.0,4442_1364
27.24694166666667,88.78705,Debris flow,google_earth_point,1,2635.0,46.925,0.87913,-0.47658,0.00657029,270.0,4439_1362
27.23971944444445,88.7763138888889,Debris flow,google_earth_point,1,2183.0,32.204,0.94824,-0.31755,-0.00063907,146.0,4438_1361
27.26429722222223,88.83901666666667,Debris flow,google_earth_point,1,2551.0,42.904,-0.57386,-0.81895,-0.00018958,222.0,4441_1363
27.26833055555555,88.83188888888888,Debris flow,google_earth_point,1,2664.0,40.402,-0.84366,-0.53688,-0.00285196,258.0,4441_1363
27.29276388888889,88.77533611111112,Debris flow,google_earth_point,1,2870.0,38.271,0.59152,-0.80629,0.00186627,188.0,4438_1364
27.29582222222223,88.78614722222223,Debris flow?,google_earth_point,1,3139.0,46.371,-0.52032,-0.85397,0.00330618,238.0,4439_1364
27.41307090535702,88.76545478239635,Debris flow,google_earth_point,1,3760.0,27.274,-0.60344,0.79741,-0.00081822,136.0,4438_1370
27.25164444444445,88.74196388888889,Debris flow?,google_earth_point,1,2364.0,30.669,0.62298,-0.78224,0.00211114,150.0,4437_1362
27.29145277777778,88.70227777777778,Debris flow,google_earth_point,1,2300.0,35.718,0.28007,-0.95998,0.0013345,167.0,4435_1364
27.28393888888889,88.71533333333333,Debris flow,google_earth_point,1,1550.0,40.974,0.65408,-0.75643,0.00154274,214.0,4435_1364
27.28454166666667,88.71551111111111,Debris flow,google_earth_point,1,1590.0,41.088,0.78366,-0.62119,0.00514402,231.0,4435_1364
27.28466666666667,88.71256666666667,Debris flow,google_earth_point,1,1659.0,42.425,0.28874,-0.95741,-0.00429075,189.0,4435_1364
27.28579444444445,88.73972222222223,Debris flow,google_earth_point,1,2000.0,46.901,0.54325,-0.83957,-0.00168973,273.0,4436_1364
27.28455833333334,88.74000555555556,Debris flow,google_earth_point,1,1885.0,49.206,0.62089,-0.7839,0.00353151,307.0,4437_1364
27.28396388888889,88.73071388888889,Debris flow,google_earth_point,1,1628.0,43.988,0.00144,-1.0,-0.00088825,182.0,4436_1364
27.30692222222222,88.72035277777778,Debris flow,google_earth_point,1,2099.0,47.39,0.96714,-0.25424,0.00276834,238.0,4436_1365
27.30773611111111,88.72998333333334,Debris flow,google_earth_point,1,2036.0,41.815,-0.99674,-0.08073,-0.00081911,176.0,4436_1365
27.29695555555556,88.75791111111111,Debris flow,google_earth_point,1,2584.0,37.88,0.69631,-0.71774,-0.00015354,196.0,4437_1364
27.30737777777778,88.74410833333333,Debris flow,google_earth_point,1,2892.0,37.175,0.75822,-0.652,0.00257952,186.0,4437_1365
27.30657222222221,88.74369444444444,Debris flow,google_earth_point,1,2872.0,36.334,0.48532,-0.87434,0.00473929,174.0,4437_1365
27.29933611111111,88.77169166666667,Debris flow,google_earth_point,1,3081.0,43.377,-0.49535,-0.8687,0.00574797,224.0,4438_1364
27.29409722222222,88.75883611111111,Debris flow,google_earth_point,1,2346.0,41.46,0.62412,-0.78133,0.00151638,228.0,4437_1364
27.30500833333333,88.88196111111111,Debris flow,google_earth_point,1,3613.0,40.818,-0.88119,-0.47276,0.00071988,217.0,4444_1365
27.29390398562222,88.7495911462523,Debris flow,google_earth_point,1,2236.0,36.773,0.99983,-0.01858,0.0030648,146.0,4437_1364
27.27645479310381,88.79754610840237,Debris flow,google_earth_point,1,3657.0,13.46,-0.92848,-0.37139,0.00403669,58.0,4439_1363
27.29161188257799,88.75007560026702,Debris flow,google_earth_point,1,2162.0,38.27,1.0,0.0,0.00126005,176.0,4437_1364
27.27846944444444,88.79468333333332,Debris flow,google_earth_point,1,3459.0,36.84,-0.99924,0.03893,0.00118341,155.0,4439_1363
27.39307270497994,88.68033287587353,Debris flow,google_earth_point,1,2916.0,39.575,-0.99983,0.01848,-0.00057161,159.0,4434_1369
27.39383957010557,88.68120913031072,Debris flow,google_earth_point,1,2993.0,30.329,-0.99235,0.12345,0.00390864,126.0,4434_1369
27.39179722222222,88.67811666666667,Debris flow,google_earth_point,1,2752.0,36.39,-0.82355,0.56725,-0.0023601,172.0,4433_1369
27.40390333690794,88.70941133300761,Debris flow,google_earth_point,1,3511.0,24.467,-0.94621,-0.32354,0.00217836,139.0,4435_1370
27.30452381400508,88.72083547491528,Debris flow,google_earth_point,1,1914.0,56.452,0.88136,-0.47245,-0.00466683,310.0,4436_1365
27.19613611111111,88.72096111111111,Debris flow,google_earth_point,1,1375.0,32.354,0.99976,-0.02192,0.00135629,125.0,4436_1359
27.30923029835148,88.72246040182499,Debris flow,google_earth_point,1,1996.0,54.733,0.84959,-0.52744,-0.00371848,296.0,4436_1365
27.30038611111112,88.71930555555556,Debris flow,google_earth_point,1,2029.0,51.738,0.96831,-0.24975,0.01124466,311.0,4435_1365
27.29355833333333,88.717825,Debris flow,google_earth_point,1,1846.0,40.741,0.80135,-0.59819,0.0035096,210.0,4435_1364
27.29686388888889,88.71896666666667,Debris flow,google_earth_point,1,1880.0,53.248,0.99261,-0.12135,0.0084971,285.0,4435_1364
27.2516,88.79554444444445,Debris flow,google_earth_point,1,2876.0,46.522,-0.0777,-0.99698,-0.00211704,218.0,4439_1362
27.30835630000655,88.7213211418203,Debris flow,google_earth_point,1,2097.0,52.433,0.85465,-0.5192,0.00399717,294.0,4436_1365
27.30124166666667,88.71953611111111,Debris flow,google_earth_point,1,2024.0,49.072,0.95982,-0.2806,0.00454577,294.0,4435_1365
27.30213333333333,88.72052222222223,Debris flow,google_earth_point,1,1920.0,48.32,0.99546,-0.09522,-0.00381531,228.0,4436_1365
27.30571944444445,88.72093611111111,Debris flow,google_earth_point,1,2004.0,51.346,0.98092,-0.19441,-0.00057745,297.0,4436_1365
27.30852099877428,88.72153486550467,Debris flow,google_earth_point,1,2073.0,53.636,0.84366,-0.53688,0.0016375,310.0,4436_1365
27.31255555555556,88.72418611111111,Debris flow,google_earth_point,1,2043.0,50.904,0.99991,-0.01354,0.01486821,251.0,4436_1365
27.30874444444445,88.73506111111111,Debris flow,google_earth_point,1,2388.0,39.116,-0.90016,0.43556,0.00184798,192.0,4436_1365
27.31184435229498,88.84442901511731,Rock fall,google_earth_point,1,4147.0,11.766,0.99355,-0.11336,0.00693705,77.0,4442_1365
27.41556111111111,88.78766666666667,Rock fall,google_earth_point,1,4371.0,30.559,-0.77626,0.63042,-0.0008982,144.0,4439_1370
27.40671567439315,88.80273481565719,Rock fall,google_earth_point,1,4569.0,30.333,-0.55306,0.83314,-1.756e-05,134.0,4440_1370
27.40668695253415,88.80342775558407,Rock fall,google_earth_point,1,4602.0,22.63,-0.673,0.73964,0.0040393,125.0,4440_1370
27.40695526764349,88.8041632537063,Rock fall,google_earth_point,1,4631.0,26.237,-0.78905,0.61433,0.0055185,148.0,4440_1370
27.39833033265133,88.81518114438398,Rock fall,google_earth_point,1,4510.0,35.685,-0.97082,0.2398,0.00422215,161.0,4440_1369
27.4041800068718,88.80970098011481,Rock fall,google_earth_point,1,4504.0,30.678,0.98799,-0.15452,0.00332197,126.0,4440_1370
27.40589502680407,88.80641658423534,Debris flow,google_earth_point,1,4661.0,15.237,0.20395,-0.97898,0.00385098,124.0,4440_1370
27.40665015824408,88.80578991733844,Rock slide,google_earth_point,1,4701.0,5.669,-0.30782,-0.95144,0.01451474,105.0,4440_1370
27.40482081787735,88.80386120519165,Debris flow,google_earth_point,1,4540.0,26.885,0.23285,-0.97251,0.00124042,114.0,4440_1370
27.40369072680698,88.79820924593324,Rock slide - debris flow,google_earth_point,1,4447.0,30.666,-0.65118,-0.75893,0.00153172,146.0,4439_1370
27.40761772673079,88.80520902801109,Rock fall,google_earth_point,1,4630.0,29.551,-0.60508,0.79616,0.00241676,152.0,4440_1370
27.40737388799134,88.80476890773008,Rock fall,google_earth_point,1,4637.0,33.47,-0.74787,0.66384,0.00486647,159.0,4440_1370
27.41417009524894,88.80466204398704,Debris flow,google_earth_point,1,4658.0,28.914,-0.13579,-0.99074,-0.00102688,143.0,4440_1370
27.41427393613874,88.80364022798892,Debris flow,google_earth_point,1,4644.0,35.184,-0.54374,-0.83925,0.00163287,173.0,4440_1370
27.41482912594406,88.80322023642574,Debris flow,google_earth_point,1,4660.0,25.459,-0.91017,-0.41424,0.00138378,133.0,4440_1370
27.41198966400558,88.79684583317271,Rock fall,google_earth_point,1,4517.0,23.845,-0.69762,-0.71647,0.0017992,120.0,4439_1370
27.41248855395779,88.79655510027685,Rock fall,google_earth_point,1,4522.0,33.161,-0.75033,-0.66106,0.00135379,154.0,4439_1370
27.41289045387628,88.796270599554,Rock fall,google_earth_point,1,4521.0,37.885,-0.8015,-0.598,0.00101443,182.0,4439_1370
27.41389560511123,88.79557892283405,Rock fall,google_earth_point,1,4543.0,33.208,-0.82112,-0.57075,0.00246577,157.0,4439_1370
27.41400459107975,88.79383035450796,Debris flow,google_earth_point,1,4459.0,26.969,-0.18561,-0.98262,-0.00053478,107.0,4439_1370
27.41729368629538,88.79111515483228,Debris flow,google_earth_point,1,4434.0,33.357,-0.11182,0.99373,0.00386437,138.0,4439_1370
27.41663883335053,88.79346695605366,Debris flow,google_earth_point,1,4518.0,35.321,0.11172,0.99374,0.00359991,138.0,4439_1370
27.4161011696527,88.7967213129255,Debris flow,google_earth_point,1,4615.0,31.23,-0.43064,0.90252,0.00852986,150.0,4439_1370
27.41612208414823,88.79563568189525,Debris flow,google_earth_point,1,4566.0,28.395,-0.67828,0.7348,0.00380703,129.0,4439_1370
27.41645466907499,88.79483410576539,Rock fall,google_earth_point,1,4520.0,27.631,-0.23879,0.97107,0.00498574,129.0,4439_1370
27.41658759912672,88.79806417480142,Debris flow,google_earth_point,1,4561.0,40.792,0.10301,0.99468,-0.00159292,172.0,4439_1370
27.4032026124998,88.78890470339161,Rock fall,google_earth_point,1,4388.0,33.708,-0.39141,0.92022,-0.00211869,139.0,4439_1370
27.40537503739312,88.79214535847622,Rock fall,google_earth_point,1,4350.0,41.231,-0.79714,0.6038,0.00011216,190.0,4439_1370
27.40241892654273,88.78812522866012,Debris flow,google_earth_point,1,4426.0,22.367,-0.91129,0.41177,0.00485553,131.0,4439_1370
27.40166436912834,88.78824338896689,Debris flow,google_earth_point,1,4403.0,31.991,-0.36909,-0.92939,0.00503143,139.0,4439_1370
27.40083331882461,88.78626718622523,Debris flow,google_earth_point,1,4295.0,30.073,-0.23745,-0.9714,0.00162506,156.0,4439_1370
27.38502726863654,88.7907296783926,Rock fall,google_earth_point,1,4293.0,37.768,-0.97698,0.21332,-0.0001953,162.0,4439_1369
27.38590818133828,88.79163544238146,Debris flow,google_earth_point,1,4363.0,30.385,-0.9996,-0.02842,0.00553461,163.0,4439_1369
27.37029182313335,88.83840180560426,Rock fall/debris flow,google_earth_point,1,4079.0,38.341,0.50048,-0.86575,-0.0006545,164.0,4441_1368
27.36868888888889,88.84880833333332,Debris flow,google_earth_point,1,4139.0,21.487,-0.58922,0.80797,0.00203915,98.0,4442_1368
27.38219404377141,88.8525635429216,Rock slide,google_earth_point,1,4290.0,31.878,-0.12953,-0.99158,0.00051187,137.0,4442_1369
27.37418499215418,88.86287077031803,Rock fall,google_earth_point,1,4437.0,26.599,-0.97632,-0.21634,0.00376221,114.0,4443_1368
27.36037670887603,88.88019581971824,Debris flow,google_earth_point,1,4607.0,31.516,-0.90374,-0.42809,0.00059909,157.0,4444_1368
27.34747842584173,88.863660440244,Debris flow,google_earth_point,1,4274.0,35.6,-0.95061,0.3104,-0.00228214,157.0,4443_1367
27.29727135475122,88.85529986394172,Rock slide,google_earth_point,1,4146.0,6.34,0.6,-0.8,0.00695473,61.0,4442_1364
27.40504607525647,88.80672144844651,Rock fall,google_earth_point,1,4631.0,23.307,-0.40943,-0.91234,0.00646737,132.0,4440_1370
27.27038611111111,88.38180833333332,Debris flow,google_earth_point,1,1350.0,37.276,0.62224,-0.78282,0.00060803,205.0,4419_1363
27.37193515768285,88.27445913122476,Debris flow,google_earth_point,1,2283.0,38.451,0.54049,-0.84135,0.00309609,192.0,4413_1368
27.33821944444444,88.28630833333334,Debris flow,google_earth_point,1,1689.0,34.57,-0.09272,-0.99569,0.00051616,139.0,4414_1366
27.11244835875492,88.39664375645215,Debris flow,google_earth_point,1,796.0,32.083,-0.62036,-0.78432,-0.00128757,161.0,4419_1355
27.11174005194307,88.40181870389887,Debris flow,google_earth_point,1,1054.0,31.967,-0.83681,-0.54749,0.00254477,148.0,4420_1355
27.47796100595076,88.62898994374542,Debris flow,google_earth_point,1,3561.0,43.909,0.20055,-0.97968,0.00521957,229.0,4431_1373
27.30454002064661,88.39427848218234,Debris flow,google_earth_point,1,2213.0,31.611,-0.57996,-0.81465,0.00314561,160.0,4419_1365
27.29571388888889,88.28200555555556,Debris flow,google_earth_point,1,1267.0,44.11,0.64902,-0.76077,0.00847542,231.0,4414_1364
27.390625,88.33044166666666,Debris slide-flow,google_earth_point,1,1526.0,26.296,0.65771,-0.75327,-0.00215264,135.0,4416_1369
27.29668333333333,88.29248888888888,Debris flow,google_earth_point,1,929.0,39.07,0.86229,-0.50642,0.00311922,195.0,4414_1364
27.30374444444444,88.33492222222222,Debris flow,google_earth_point,1,1309.0,30.662,-0.24364,-0.96987,0.00183589,132.0,4416_1365
27.30457222222222,88.33746666666666,Debris flow,google_earth_point,1,1421.0,39.608,-0.30715,-0.95166,0.00050787,176.0,4416_1365
27.30546111111111,88.33938611111111,Debris flow,google_earth_point,1,1529.0,31.473,-0.16109,-0.98694,0.00245875,132.0,4416_1365
27.49129444444445,88.49766111111111,Debris flow,google_earth_point,1,1160.0,25.892,-0.19171,-0.98145,-1.31e-05,97.0,4424_1374
27.13973611111111,88.43181666666668,Debris flow,google_earth_point,1,978.0,32.234,-0.69824,-0.71586,-8.734e-05,158.0,4421_1356
27.47769101844211,88.62982331151524,Debris flow,google_earth_point,1,3480.0,44.189,0.3672,-0.93014,0.00113986,226.0,4431_1373
27.29692350400217,88.22167704839114,Debris flow,google_earth_point,1,2021.0,45.584,0.63279,-0.77432,0.00214248,215.0,4411_1364
27.44541028468453,88.25940399409617,Debris flow,google_earth_point,1,3248.0,40.717,0.75686,-0.65358,0.00259094,207.0,4412_1372
27.42475419842505,88.72104605731994,Debris flow,google_earth_point,1,3821.0,37.219,-0.21577,-0.97644,0.00104263,173.0,4436_1371
27.44313611111111,88.14748333333334,Debris flow,google_earth_point,1,3769.0,32.863,0.95888,0.2838,-0.00260434,148.0,4407_1372
27.36486111111111,88.12391388888888,Debris flow,google_earth_point,1,2603.0,37.591,0.5737,-0.81906,0.00274404,174.0,4406_1368
27.37141403837876,88.11652508336468,Debris flow,google_earth_point,1,2390.0,36.324,0.16624,-0.98609,-0.00057979,172.0,4405_1368
27.37864722222222,88.09322222222222,Debris flow,google_earth_point,1,3465.0,38.746,0.38597,-0.92251,-0.00099965,175.0,4404_1368
27.38167222222222,88.09961944444444,Debris flow,google_earth_point,1,3102.0,26.144,0.8432,-0.53761,0.00402621,148.0,4404_1369
27.40443444744539,88.08862276653403,Debris flow,google_earth_point,1,4120.0,21.449,0.41007,-0.91205,0.002885,148.0,4404_1370
27.47396111111111,88.12204166666666,Debris flow,google_earth_point,1,3964.0,37.768,-0.42485,-0.90527,-0.00092024,175.0,4406_1373
27.47333888888889,88.12066666666666,Debris flow,google_earth_point,1,3941.0,28.027,0.70187,-0.71231,0.00017875,134.0,4406_1373
27.46508333333333,88.16581388888889,Debris flow,google_earth_point,1,3934.0,28.086,-0.22904,-0.97342,0.00258585,115.0,4408_1373
27.45095,88.23802500000001,Debris flow,google_earth_point,1,3678.0,32.462,0.00873,-0.99996,-0.00083348,130.0,4411_1372
27.42742614074958,88.71490065012237,Debris flow,google_earth_point,1,3717.0,34.148,-0.09829,0.99516,-0.00048125,142.0,4435_1371
27.40873888888889,88.69441666666667,Debris flow,google_earth_point,1,3335.0,29.938,0.98395,-0.17846,0.00153525,120.0,4434_1370
27.4135676265499,88.69712099198249,Debris flow,google_earth_point,1,3500.0,36.123,0.4434,-0.89632,-0.00242747,179.0,4434_1370
27.41876666666667,88.69899722222223,Debris flow,google_earth_point,1,3488.0,30.461,-0.61165,0.79113,-0.00255175,153.0,4434_1370
27.42773611111112,88.69818333333333,Debris flow,google_earth_point,1,3353.0,25.523,-0.92213,0.38689,0.00193653,121.0,4434_1371
27.42941151292416,88.71105507723804,Debris flow,google_earth_point,1,3383.0,34.281,0.30766,0.9515,-0.00175393,174.0,4435_1371
27.47121215945204,88.06854326203201,Debris flow,google_earth_point,1,4254.0,23.445,-0.58608,-0.81026,0.00020142,105.0,4403_1373
27.46105555555555,88.06689444444444,Debris flow,google_earth_point,1,4421.0,41.793,0.43662,0.89965,-0.00376461,212.0,4403_1373
27.44161832548429,88.26050921259251,Debris flow,google_earth_point,1,3073.0,42.424,1.0,-0.00304,0.00164042,200.0,4413_1372
27.45406388888889,88.66667222222223,Debris flow,google_earth_point,1,2221.0,39.063,0.47573,-0.87959,0.00306039,200.0,4433_1372
27.42749537475755,88.79302889314532,Rock fall,google_earth_point,1,4528.0,32.305,-0.57331,-0.81934,7.441e-05,167.0,4439_1371
27.42733495463688,88.7903615450172,Rock fall,google_earth_point,1,4411.0,28.539,-0.76106,-0.64869,-0.00078818,144.0,4439_1371
27.42795716182562,88.79143659342029,Rock fall,google_earth_point,1,4496.0,31.036,-0.82632,-0.56319,0.0018631,143.0,4439_1371
27.43458359869217,88.79201219921964,Rock fall,google_earth_point,1,4560.0,29.387,-0.94208,-0.3354,0.00168349,139.0,4439_1371
27.43621239868231,88.79037370049178,Rock fall,google_earth_point,1,4575.0,26.019,-0.99585,-0.09105,0.00337708,137.0,4439_1371
27.43613207759973,88.7898994342073,Rock fall,google_earth_point,1,4552.0,29.433,-0.99941,0.03446,0.00377108,144.0,4439_1371
27.4361556947761,88.78944193209672,Rock fall,google_earth_point,1,4520.0,31.23,-0.9804,0.197,0.00169003,162.0,4439_1371
27.43597324509556,88.78937168663943,Rock fall,google_earth_point,1,4513.0,29.027,-0.99364,0.11263,0.00121757,148.0,4439_1371
27.43704731206275,88.79065386126524,Rock fall/debris flow,google_earth_point,1,4594.0,35.53,-0.99973,0.02334,0.00662805,157.0,4439_1371
27.43804184648138,88.79077923824208,Rock fall/debris flow,google_earth_point,1,4582.0,36.407,-0.97369,0.22788,0.00581595,151.0,4439_1371
27.43386080441394,88.79261283713156,Rock fall,google_earth_point,1,4582.0,28.405,-0.99388,-0.11043,0.00503901,114.0,4439_1371
27.19178611111111,88.30263055555555,Debris flow,google_earth_point,1,1298.0,40.192,0.1644,-0.98639,-0.00133559,176.0,4415_1359
27.20736388888889,88.3612861111111,Debris flow,google_earth_point,1,1419.0,49.913,0.59268,-0.80544,0.00050718,296.0,4418_1360
27.47841156411558,88.62808103042212,Debris flow,google_earth_point,1,3591.0,31.345,-0.2075,-0.97823,0.00927809,122.0,4431_1373
27.39975555555555,88.63502500000001,Debris flow,google_earth_point,1,2017.0,43.136,0.69966,-0.71448,-0.00033703,226.0,4431_1369
27.21328111048475,88.81982083633417,Debris flow,google_earth_point,1,1988.0,36.573,0.79933,-0.6009,0.00054246,193.0,4440_1360
27.26480340780678,88.88943225803166,Debris flow,google_earth_point,1,3810.0,37.607,0.19473,-0.98086,0.00241311,179.0,4444_1363
27.21424166666667,88.82013333333333,Debris flow,google_earth_point,1,1993.0,34.008,0.96953,0.24496,0.00263425,154.0,4441_1360
27.40865719865226,88.80898867958042,Rock fall,google_earth_point,1,4522.0,39.901,0.98666,-0.16278,0.00097471,158.0,4440_1370
27.278631308893708,88.61502286413273,Debris slide,google_earth_polygon,1,1312.0,42.027,-0.17414,-0.98472,-0.00026956,192.0,4430_1363
27.265344813502015,88.5497508016921,Translational slide,google_earth_polygon,1,877.0,31.922,0.78477,0.61979,-0.0003054,135.0,4427_1363
27.260224268912445,88.5503781643649,Rock slide,google_earth_polygon,1,690.0,41.317,0.64623,-0.76315,-0.00014568,239.0,4427_1363
27.303233385582942,88.53569578608035,Debris slide,google_earth_polygon,1,1915.0,32.915,0.66516,0.7467,-0.00163883,175.0,4426_1365
27.305284241422044,88.53515612949514,Debris slide,google_earth_polygon,1,1831.0,31.023,0.99998,0.00693,-0.00105821,146.0,4426_1365
27.278807464088334,88.6219108523232,Debris slide,google_earth_polygon,1,1356.0,35.116,-0.35156,-0.93617,-0.00013729,169.0,4431_1363
27.2916232080746,88.63062939026037,Debris slide,google_earth_polygon,1,1157.0,38.353,-0.07723,-0.99701,-0.000706,188.0,4431_1364
27.282409114965375,88.52398742786983,Debris slide,google_earth_polygon,1,1506.0,38.897,-0.2324,-0.97262,-0.00498847,170.0,4426_1364
27.348167438601898,88.53633512138447,Debris slide,google_earth_polygon,1,2196.0,37.155,0.20527,-0.97871,-0.00700986,191.0,4426_1367
27.20601300521284,88.49108738487996,Debris slide-flow,google_earth_polygon,1,474.0,39.199,-0.68462,0.7289,-0.00177297,216.0,4424_1360
27.276797256144015,88.57067289691344,Shallow translational slide,google_earth_polygon,1,1043.0,47.73,0.69308,-0.72086,-0.00065453,256.0,4428_1363
27.215474724027715,88.60727587536988,Rock slide,google_earth_polygon,1,865.0,20.89,0.97162,-0.23654,-0.00127439,95.0,4430_1360
27.234791129800946,88.69143632129467,Debris slide,google_earth_polygon,1,1513.0,50.934,-0.14994,-0.9887,-0.00023516,236.0,4434_1361
27.195300183264408,88.64169469727358,Rock slide,google_earth_polygon,1,831.0,42.956,0.06414,0.99794,0.00036477,186.0,4432_1359
27.189984825637396,88.63911737556244,Debris slide-flow,google_earth_polygon,1,882.0,35.04,-0.92889,0.37037,-0.00116332,155.0,4431_1359
27.198015748659202,88.55378602608047,Debris slide,google_earth_polygon,1,573.0,23.746,0.56196,-0.82716,0.00055911,110.0,4427_1359
27.234505901534654,88.64262547968951,Rock slide,google_earth_polygon,1,1430.0,42.832,0.51538,-0.85696,-0.00215171,225.0,4432_1361
27.19963085291552,88.55574913799438,Debris slide,google_earth_polygon,1,605.0,8.79,0.33235,-0.94316,0.00161304,41.0,4427_1359
27.23773944034773,88.61344278516762,Debris slide,google_earth_polygon,1,1029.0,21.672,0.62213,-0.78291,-0.00346403,106.0,4430_1361
27.201848286023406,88.55521460659034,Debris slide,google_earth_polygon,1,643.0,24.27,0.6561,-0.75467,-0.00195872,110.0,4427_1360
27.257368372773612,88.64061111548435,Debris slide,google_earth_polygon,1,1990.0,26.685,0.85109,-0.52502,0.00220969,104.0,4432_1362
27.249716674049154,88.64638787952376,Translational slide,google_earth_polygon,1,1593.0,21.993,0.64994,-0.75998,0.00044311,108.0,4432_1362
27.25145395998019,88.64246110487804,Debris slide,google_earth_polygon,1,1773.0,33.522,0.6206,-0.78413,-0.0009416,173.0,4432_1362
27.251370878459632,88.6448678334266,Debris slide,google_earth_polygon,1,1692.0,30.151,0.62644,-0.77947,-0.00147434,141.0,4432_1362
27.223920645736385,88.66494932621379,Debris slide,google_earth_polygon,1,941.0,31.912,0.07806,-0.99695,-0.00247875,151.0,4433_1361
27.38804877009077,88.58778982220153,Debris slide,google_earth_polygon,1,1258.0,17.347,0.98711,0.16007,-0.00274668,82.0,4429_1369
27.39101660839229,88.59076720089737,Shallow translational slide,google_earth_polygon,1,1109.0,15.377,0.71714,0.69693,-0.00369014,107.0,4429_1369
27.3218941468563,88.50149474114163,Rock slide,google_earth_polygon,1,1075.0,43.954,-0.43217,0.90179,-0.00829596,226.0,4425_1366
27.341512340598705,88.51441377676475,Rock slide,google_earth_polygon,1,1809.0,29.244,-0.49614,-0.86824,0.00162909,135.0,4425_1367
27.395373621435894,88.51118809214573,Debris slide,google_earth_polygon,1,658.0,40.43,0.59503,-0.8037,-0.00712102,192.0,4425_1369
27.304322367850368,88.33779673776343,Rock slide,google_earth_polygon,1,1405.0,40.316,-0.24061,-0.97062,-0.00013228,177.0,4416_1365
27.311529805007602,88.31481279975466,Debris slide,google_earth_polygon,1,841.0,48.279,0.48543,-0.87427,-0.00382753,236.0,4415_1365
27.29705638832879,88.29507366812416,Debris slide,google_earth_polygon,1,686.0,34.287,0.95538,-0.29537,-0.00871142,149.0,4414_1364
27.344746944143097,88.27539662944042,Debris slide,google_earth_polygon,1,1408.0,26.443,-0.99975,-0.02234,0.00099459,99.0,4413_1367
27.34253667359139,88.27196401118712,Rock slide,google_earth_polygon,1,1260.0,27.415,-0.97737,0.21154,-0.00124645,108.0,4413_1367
27.302714554356662,88.33338384163784,Debris slide,google_earth_polygon,1,1203.0,34.55,-0.53452,-0.84515,-0.00013074,173.0,4416_1365
27.133871065168613,88.31377503923136,Debris slide-flow,google_earth_polygon,1,625.0,24.716,-0.31079,-0.95048,-0.00123999,126.0,4415_1356
27.44595477305635,88.48883481410499,Rock slide,google_earth_polygon,1,1638.0,51.798,0.50061,-0.86568,-0.00206034,301.0,4424_1372
27.304228243397706,88.3410113174557,Debris slide,google_earth_polygon,1,1444.0,34.07,-0.36145,-0.93239,-0.003641,157.0,4417_1365
27.316431467150068,88.43046739172377,Debris slide,google_earth_polygon,1,983.0,50.458,0.01605,-0.99987,-0.00102083,227.0,4421_1365
27.31865128006206,88.42759779584992,Debris slide,google_earth_polygon,1,1107.0,39.102,-0.51951,-0.85446,-0.00255194,213.0,4421_1365
27.3514625281167,88.27223300093942,Rock slide,google_earth_polygon,1,1549.0,34.557,0.33071,-0.94373,-0.00132336,167.0,4413_1367
27.133563898818654,88.36188763777798,Debris slide,google_earth_polygon,1,916.0,41.63,-0.99545,-0.09533,-0.00022145,182.0,4418_1356
27.292286320828033,88.28560601877433,Translational slide,google_earth_polygon,1,808.0,58.244,0.66281,-0.74878,0.00935768,318.0,4414_1364
27.334869313780473,88.27382506381957,Rock slide,google_earth_polygon,1,1346.0,29.671,-0.42662,-0.90443,-0.00070197,139.0,4413_1366
27.12902225712419,88.17076636435641,Debris slide,google_earth_polygon,1,760.0,32.325,0.79895,-0.6014,0.00168471,158.0,4408_1356
27.489261937458995,88.44523079457885,Debris slide,google_earth_polygon,1,1900.0,41.884,0.97264,-0.23232,-0.00110529,214.0,4422_1374
27.30365256283849,88.37576523311043,Rock slide,google_earth_polygon,1,1634.0,37.109,0.89589,0.44427,-3.371e-05,185.0,4418_1365
27.299473069215843,88.39729995717002,Translational slide,google_earth_polygon,1,1843.0,49.099,-0.39101,-0.92039,-0.00427214,246.0,4419_1364
27.325080539853875,88.33858657002968,Rock slide,google_earth_polygon,1,1904.0,37.862,0.61814,-0.78607,0.00186147,192.0,4416_1366
27.404887551415918,88.58203526251654,Debris slide,google_earth_polygon,1,1358.0,37.04,0.3957,-0.91838,-0.00138066,195.0,4429_1370
27.408097482143617,88.58346954017017,Debris slide,google_earth_polygon,1,1497.0,38.34,0.28976,-0.9571,-0.00117972,181.0,4429_1370
27.54185342021908,88.50083315995737,Debris slide,google_earth_polygon,1,1414.0,52.392,-0.22361,-0.97468,0.00046711,288.0,4425_1377
27.111757701965537,88.39799407327203,Translational slide,google_earth_polygon,1,819.0,30.509,-0.87681,-0.48083,-0.0029394,154.0,4419_1355
27.11095510451255,88.40122418897639,Translational slide,google_earth_polygon,1,966.0,32.374,-0.9245,-0.38119,-0.00243741,149.0,4420_1355
27.1120218544567,88.39927203224136,Debris slide,google_earth_polygon,1,918.0,35.315,-0.74892,-0.66266,0.00051819,171.0,4419_1355
27.32965370874726,88.2685876155574,Rock slide,google_earth_polygon,1,857.0,38.639,-0.172,-0.9851,-0.00079427,165.0,4413_1366
27.328714740069625,88.26980182930998,Rock slide,google_earth_polygon,1,821.0,27.939,-0.38759,-0.92183,-0.00080089,110.0,4413_1366
27.331028725995665,88.27160394669639,Translational slide,google_earth_polygon,1,1006.0,36.169,-0.44645,-0.89481,0.0005394,177.0,4413_1366
27.3319906822388,88.27192038409177,Debris slide,google_earth_polygon,1,1067.0,37.222,-0.35653,-0.93428,-0.00560525,187.0,4413_1366
27.33262570599069,88.27163165868598,Debris slide,google_earth_polygon,1,1126.0,36.948,-0.1662,-0.98609,-0.00046551,166.0,4413_1366
27.3692211715001,88.2765166430579,Translational slide,google_earth_polygon,1,1979.0,33.349,-0.20261,-0.97926,-0.00041522,145.0,4413_1368
27.385749522709446,88.32735391896628,Rock slide,google_earth_polygon,1,1356.0,52.997,0.21981,-0.97554,-0.00145844,290.0,4416_1369
27.391651476001798,88.33284028494073,Debris slide,google_earth_polygon,1,1593.0,34.645,0.47434,-0.88034,-0.00041389,147.0,4416_1369
27.391827618310607,88.33136712943744,Debris slide,google_earth_polygon,1,1590.0,32.477,-0.69389,-0.72008,-0.00224113,157.0,4416_1369
27.387589663024606,88.3401663236942,Debris slide,google_earth_polygon,1,1567.0,28.418,-0.32084,-0.94713,-0.00341708,139.0,4417_1369
27.389054136430985,88.33714962840757,Debris slide,google_earth_polygon,1,1513.0,34.767,-0.79832,-0.60224,-0.00090276,166.0,4416_1369
27.292202490491924,88.33575562725113,Debris slide,google_earth_polygon,1,1427.0,30.566,-0.91245,-0.40919,-0.00302936,130.0,4416_1364
27.140644149255692,88.17907275658067,Debris slide-flow,google_earth_polygon,1,747.0,26.125,-0.02549,-0.99968,0.00033217,95.0,4408_1357
27.143677892667476,88.19665852569469,Translational slide,google_earth_polygon,1,804.0,21.243,-0.85749,-0.5145,-0.00094762,92.0,4409_1357
27.14428725548695,88.19600225988162,Debris slide,google_earth_polygon,1,796.0,18.45,-0.84091,-0.54118,-0.00193063,74.0,4409_1357
27.14544451786422,88.20077245386622,Debris slide,google_earth_polygon,1,823.0,34.826,0.45518,-0.8904,-0.00267522,159.0,4410_1357
27.15535842667594,88.2077185153353,Debris slide,google_earth_polygon,1,865.0,29.558,0.18857,-0.98206,-0.00256207,116.0,4410_1357
27.155604566127636,88.20703962298904,Debris slide,google_earth_polygon,1,901.0,30.107,0.26109,-0.96531,0.00081801,119.0,4410_1357
27.25545027017543,88.26158796377987,Debris slide,google_earth_polygon,1,894.0,22.771,-0.96613,0.25807,-0.0037184,111.0,4413_1362
27.271494835743404,88.26119103524947,Debris slide,google_earth_polygon,1,648.0,37.446,0.35728,-0.934,-0.00151827,163.0,4413_1363
27.27791674250557,88.26464661947648,Debris slide,google_earth_polygon,1,962.0,30.492,0.50475,-0.86327,-0.00141618,147.0,4413_1363
27.287930472973514,88.26105594805315,Debris slide,google_earth_polygon,1,1403.0,29.894,0.75377,-0.65714,0.0009949,157.0,4413_1364
27.287478089557027,88.26415534185239,Debris slide,google_earth_polygon,1,1260.0,34.369,0.62346,-0.78186,-0.00150588,182.0,4413_1364
27.289748213736658,88.2630393626291,Debris slide,google_earth_polygon,1,1458.0,32.505,0.39234,-0.91982,0.00056071,148.0,4413_1364
27.3080763264873,88.28034512462816,Debris slide,google_earth_polygon,1,736.0,28.017,0.7622,0.64735,-0.00377619,126.0,4414_1365
27.312308171926524,88.32152636218763,Debris slide,google_earth_polygon,1,928.0,36.822,-0.08719,-0.99619,-0.00795021,157.0,4416_1365
27.31258225848757,88.323265926344,Debris slide,google_earth_polygon,1,944.0,37.763,0.05199,-0.99865,-0.00896057,177.0,4416_1365
27.314801860875544,88.32681522877789,Debris slide,google_earth_polygon,1,1166.0,45.766,0.08249,-0.99659,0.00312031,221.0,4416_1365
27.329128195732736,88.43241691590939,Debris slide,google_earth_polygon,1,1439.0,43.457,0.59365,-0.80472,-0.0019621,226.0,4421_1366
27.349864542450526,88.45733920727437,Debris slide,google_earth_polygon,1,874.0,42.824,0.58746,-0.80925,-0.00229178,222.0,4422_1367
27.381767170656452,88.47050657055323,Debris slide,google_earth_polygon,1,759.0,27.78,0.03955,-0.99922,-0.00042854,117.0,4423_1369
27.489101113077595,88.50841581524023,Debris slide,google_earth_polygon,1,910.0,40.447,0.40568,-0.91401,0.00024035,159.0,4425_1374
27.48968249107212,88.50958980930241,Debris slide,google_earth_polygon,1,882.0,45.093,0.41255,-0.91093,-0.00461925,229.0,4425_1374
27.44389873402408,88.47342053105311,Debris slide,google_earth_polygon,1,2248.0,39.091,0.55903,-0.82915,-0.00217988,196.0,4423_1372
27.163434052659568,88.51793300482842,Debris slide,google_earth_polygon,1,617.0,31.075,0.86193,-0.50702,-0.00108132,151.0,4425_1358
27.133871177622233,88.49553127465765,Debris slide,google_earth_polygon,1,483.0,41.51,0.74228,-0.67009,0.00036799,208.0,4424_1356
27.1522994032625,88.51244839467691,Debris slide-flow,google_earth_polygon,1,534.0,25.462,0.84004,-0.54253,-0.00123998,118.0,4425_1357
27.12733380663444,88.4888945002674,Debris slide,google_earth_polygon,1,323.0,40.551,-0.24024,-0.97071,-0.00234327,184.0,4424_1356
27.131365661794515,88.48203334081447,Debris slide,google_earth_polygon,1,417.0,35.765,-0.10027,-0.99496,-0.00179208,147.0,4424_1356
27.13844236053373,88.47427392159986,Debris slide-flow,google_earth_polygon,1,649.0,27.858,0.87242,-0.48876,-0.00259167,143.0,4423_1356
27.13896909303213,88.47640291102189,Debris slide,google_earth_polygon,1,585.0,23.026,0.59476,-0.8039,-0.00317209,103.0,4423_1356
27.127102075143394,88.44852671724968,Debris slide,google_earth_polygon,1,529.0,22.796,0.27428,-0.96165,-0.00555261,91.0,4422_1356
27.129565714669063,88.29238784173242,Debris slide,google_earth_polygon,1,484.0,34.99,0.06151,-0.99811,0.00171981,144.0,4414_1356
27.130794456708035,88.29879219413004,Debris slide,google_earth_polygon,1,449.0,28.534,-0.08685,-0.99622,0.00116198,124.0,4414_1356
27.128087409628325,88.31140448229654,Debris slide,google_earth_polygon,1,485.0,33.175,0.49499,-0.8689,0.00155062,154.0,4415_1356
27.130490675889227,88.31249898942562,Debris slide,google_earth_polygon,1,565.0,38.415,0.78461,-0.61998,0.00152504,190.0,4415_1356
27.13317350776113,88.31982083340831,Debris slide,google_earth_polygon,1,647.0,41.193,0.99975,-0.02222,-0.00353069,172.0,4415_1356
27.12825510105603,88.32110035507472,Debris slide,google_earth_polygon,1,446.0,21.803,0.61105,-0.79159,-0.00282772,134.0,4416_1356
27.13281250247793,88.33268493832327,Debris slide,google_earth_polygon,1,993.0,32.709,-0.36766,-0.92996,-0.0014208,148.0,4416_1356
27.131706326347256,88.33162934722935,Debris slide,google_earth_polygon,1,901.0,33.039,-0.09823,-0.99516,-0.00178137,137.0,4416_1356
27.131597457623577,88.33262204607793,Debris slide,google_earth_polygon,1,923.0,34.216,-0.78226,-0.62295,-0.00317237,181.0,4416_1356
27.129852948137064,88.32880764064171,Debris slide,google_earth_polygon,1,788.0,33.407,-0.41063,-0.9118,0.00248064,160.0,4416_1356
27.127918159445525,88.33363369351834,Debris slide,google_earth_polygon,1,820.0,26.233,-0.84273,-0.53833,-0.00113,125.0,4416_1356
27.12734372079034,88.33319815357619,Debris slide,google_earth_polygon,1,782.0,28.864,-0.85166,-0.5241,-0.00138421,129.0,4416_1356
27.126580003276707,88.33250024646722,Debris slide,google_earth_polygon,1,724.0,29.482,-0.90404,-0.42745,-0.00172058,152.0,4416_1356
27.127475038347207,88.33213796547203,Debris slide,google_earth_polygon,1,747.0,30.268,-0.87817,-0.47835,0.00193735,133.0,4416_1356
27.124201159032722,88.36227304283182,Debris slide,google_earth_polygon,1,589.0,35.302,-0.44721,-0.89443,-0.00050378,168.0,4418_1356
27.123709593364605,88.3692266613347,Debris slide,google_earth_polygon,1,605.0,24.418,-0.85964,-0.51089,-0.00113972,139.0,4418_1356
27.12344029918411,88.37159950494072,Debris slide,google_earth_polygon,1,672.0,33.077,-0.52885,-0.84872,-0.00416857,170.0,4418_1356
27.123083105267277,88.37377356721306,Debris slide,google_earth_polygon,1,734.0,35.67,-0.60371,-0.79721,-0.00471865,160.0,4418_1356
27.159034838908532,88.45258504965363,Debris slide,google_earth_polygon,1,1208.0,30.23,-0.4624,-0.88667,0.00108142,143.0,4422_1357
27.15872090187693,88.45215126607101,Debris slide,google_earth_polygon,1,1166.0,31.616,-0.43544,-0.90022,-0.00039323,139.0,4422_1357
27.15611902732371,88.45539972284587,Debris slide,google_earth_polygon,1,1114.0,34.596,-0.40071,-0.9162,0.00103631,133.0,4422_1357
27.159275410538633,88.45637061033881,Debris slide-flow,google_earth_polygon,1,1268.0,29.093,0.35194,-0.93602,-0.00048595,121.0,4422_1357
27.19308507269573,88.4347051648185,Debris slide,google_earth_polygon,1,1076.0,33.83,0.17615,-0.98436,-0.0017887,139.0,4421_1359
27.20000614934607,88.4458340989794,Debris slide,google_earth_polygon,1,1021.0,47.092,0.99277,0.12006,-0.00977711,241.0,4422_1360
27.237761763368006,88.44431223746571,Debris slide,google_earth_polygon,1,783.0,26.226,0.52441,-0.85146,-0.00133172,115.0,4422_1361
27.23529937574881,88.44046431429625,Debris slide,google_earth_polygon,1,877.0,27.485,0.91037,-0.4138,-0.00506877,132.0,4422_1361
27.230227681061002,88.43129299324025,Debris slide,google_earth_polygon,1,1210.0,25.389,0.99205,0.12584,0.00072068,109.0,4421_1361
27.230060550789894,88.42922603048365,Debris slide,google_earth_polygon,1,1307.0,31.006,0.98446,0.17563,-0.00164789,138.0,4421_1361
27.226944642360102,88.43213704975892,Debris slide,google_earth_polygon,1,1237.0,27.217,0.98299,-0.18364,-6.12e-06,111.0,4421_1361
27.22948864205745,88.43336857037528,Debris slide,google_earth_polygon,1,1081.0,30.022,0.86045,0.50954,-0.01011365,151.0,4421_1361
27.226083038907433,88.37667815612843,Debris slide,google_earth_polygon,1,1876.0,41.271,0.66309,-0.74854,-0.00188289,204.0,4418_1361
27.24660787910533,88.37897357817735,Debris slide,google_earth_polygon,1,2210.0,33.204,0.82976,-0.55812,0.00296187,166.0,4418_1362
27.26802402848442,88.37367536205807,Debris slide,google_earth_polygon,1,1405.0,24.36,-0.00613,-0.99998,-0.00663538,151.0,4418_1363
27.262607957244256,88.33894486767517,Debris slide,google_earth_polygon,1,1561.0,45.882,0.32188,-0.94678,0.0050056,231.0,4416_1363
27.39513164642684,88.55199751190185,Debris slide,google_earth_polygon,1,1014.0,49.85,0.28939,-0.95721,0.00253986,243.0,4427_1369
27.394019369086976,88.55111005832828,Debris slide,google_earth_polygon,1,863.0,45.021,-0.19291,-0.98122,-0.00495942,210.0,4427_1369
27.389931849081115,88.33116692858194,Debris slide-flow,google_earth_polygon,1,1475.0,31.957,0.21151,-0.97738,-0.00211669,156.0,4416_1369
27.389663892055978,88.33264160248103,Debris slide-flow,google_earth_polygon,1,1440.0,39.623,0.10233,-0.99475,0.00091608,174.0,4416_1369
27.54035670341515,88.49824196198547,Rock slide,google_earth_polygon,1,1169.0,42.91,-0.12551,-0.99209,-0.0011869,189.0,4424_1377
27.442334998616495,88.49491003656807,Rock slide,google_earth_polygon,1,1165.0,42.973,0.61868,-0.78565,-0.00291173,229.0,4424_1372
27.086263915489873,88.2220291446933,Debris slide,google_earth_polygon,1,621.0,22.793,0.63791,-0.77011,-0.0005612,89.0,4411_1354
27.107043210092545,88.2415454243388,Debris slide,google_earth_polygon,1,528.0,24.169,0.8542,-0.51995,-0.00151242,105.0,4412_1355
27.109289406358783,88.24961566649674,Debris slide,google_earth_polygon,1,459.0,17.047,0.55261,-0.83344,-0.00029902,74.0,4412_1355
27.11355301001602,88.25410827338118,Debris slide,google_earth_polygon,1,453.0,26.167,0.636,-0.77169,0.00028389,121.0,4412_1355
27.11342495902288,88.25770918094433,Debris slide,google_earth_polygon,1,441.0,25.7,0.3694,-0.92927,-0.00135963,104.0,4412_1355
27.11404076023757,88.26464934762949,Debris slide,google_earth_polygon,1,407.0,12.21,0.66755,0.74457,0.00152926,56.0,4413_1355
27.11632559220058,88.27138649772242,Debris slide,google_earth_polygon,1,386.0,28.166,0.44098,-0.89752,-0.00242162,117.0,4413_1355
27.113274089208986,88.22282129334423,Debris slide,google_earth_polygon,1,582.0,27.788,0.96464,-0.26356,0.00012139,118.0,4411_1355
27.11567215138852,88.22247578707518,Debris slide,google_earth_polygon,1,641.0,26.346,0.99843,0.05609,-0.00021465,101.0,4411_1355
27.1160018285182,88.2243977587026,Debris slide,google_earth_polygon,1,530.0,27.332,0.99964,0.02687,-0.00230283,107.0,4411_1355
27.118866675196834,88.21468020585792,Debris slide,google_earth_polygon,1,608.0,32.282,0.99155,-0.12972,0.00031137,132.0,4410_1355
27.117285964421736,88.2146665748352,Debris slide,google_earth_polygon,1,584.0,11.709,0.86451,0.50262,-0.00874976,99.0,4410_1355
27.11551908517238,88.2137942787823,Debris slide,google_earth_polygon,1,624.0,9.938,0.13476,0.99088,-0.00180184,66.0,4410_1355
27.340391990174105,88.66924512292434,Rock slide,google_earth_polygon,1,1660.0,39.452,-0.4945,-0.86918,-0.00539957,170.0,4433_1367
27.353151239543607,88.66003425695408,Debris slide,google_earth_polygon,1,1606.0,34.744,0.18223,-0.98326,-0.00316465,145.0,4433_1367
27.35577387504958,88.6671905708148,Debris slide,google_earth_polygon,1,1720.0,36.544,0.39166,-0.92011,-0.00363942,165.0,4433_1367
27.35544505076198,88.66641809455143,Debris slide,google_earth_polygon,1,1723.0,37.975,0.25799,-0.96615,-0.00402304,175.0,4433_1367
27.286732406414643,88.21498592213524,Translational slide,google_earth_polygon,1,1324.0,39.9,0.43521,-0.90033,0.00043768,202.0,4410_1364
27.271931878238014,88.17442095469099,Rock slide,google_earth_polygon,1,1483.0,46.821,-0.29976,-0.95402,-0.00332897,233.0,4408_1363
27.426590814655466,88.65629412447058,Translational slide,google_earth_polygon,1,2003.0,42.876,-0.31264,-0.94987,-0.00114823,212.0,4432_1371
27.398618090916997,88.65407358351382,Translational slide,google_earth_polygon,1,2283.0,36.896,0.62717,-0.77888,0.00026528,209.0,4432_1369
27.39734608399753,88.65280777915827,Debris slide,google_earth_polygon,1,2166.0,44.859,-0.17028,-0.9854,-0.00154606,197.0,4432_1369
27.394989609068034,88.65854968076107,Debris slide,google_earth_polygon,1,1964.0,45.395,0.0,-1.0,0.00086693,199.0,4432_1369
27.40150776125415,88.65831337602745,Shallow translational slide,google_earth_polygon,1,2453.0,32.663,0.23182,-0.97276,-0.00187201,153.0,4432_1370
27.459853416898056,88.64850007556858,Rock slide,google_earth_polygon,1,1984.0,43.865,0.60691,-0.79477,-0.00255783,246.0,4432_1372
27.358928786061526,88.66853793678499,Rock slide,google_earth_polygon,1,1912.0,39.39,0.15562,-0.98782,-0.00674497,167.0,4433_1367
27.33812085789905,88.67265073848145,Rock slide,google_earth_polygon,1,1750.0,14.339,-0.73896,-0.67375,-0.00427526,99.0,4433_1366
27.35632206406558,88.66892772085245,Rock slide,google_earth_polygon,1,1734.0,23.405,-0.10268,-0.99471,-0.00731066,120.0,4433_1367
27.33852155285947,88.67273586771086,Debris slide,google_earth_polygon,1,1774.0,26.995,-0.49349,-0.86975,-0.00355313,126.0,4433_1366
27.353403694809842,88.85608992425013,Debris slide,google_earth_polygon,1,4151.0,37.049,0.73593,-0.67706,0.0008704,198.0,4442_1367
27.29321385374503,88.89397226530001,Translational slide,google_earth_polygon,1,3499.0,22.626,-0.98306,-0.18328,-8.039e-05,92.0,4444_1364
27.408831413205533,88.71435803026725,Rock slide,google_earth_polygon,1,3564.0,32.511,-0.78888,-0.61454,3.71e-05,155.0,4435_1370
27.197502131183974,88.72355062806143,Debris slide,google_earth_polygon,1,1216.0,35.46,0.98866,0.15015,-0.00013537,145.0,4436_1359
27.23465933930336,88.77926589489894,Translational slide,google_earth_polygon,1,1852.0,21.12,0.39912,-0.9169,-0.00151143,124.0,4438_1361
27.26033465060037,88.72241777527844,Translational slide,google_earth_polygon,1,1397.0,25.32,-0.61353,-0.78967,0.00245894,119.0,4436_1363
27.28769507398964,88.75195432597047,Debris slide,google_earth_polygon,1,1898.0,29.18,0.44024,-0.89788,-0.00195777,146.0,4437_1364
27.38977663260612,88.66673597154961,Debris slide,google_earth_polygon,1,2287.0,29.807,-0.88249,-0.47034,-0.00178507,156.0,4433_1369
27.26651453864767,88.82119303539224,Debris slide,google_earth_polygon,1,2664.0,27.874,0.99527,0.09716,-0.00303615,128.0,4441_1363
27.26557028704361,88.81988966850017,Debris slide,google_earth_polygon,1,2703.0,17.203,0.97348,0.22879,-0.00243018,99.0,4440_1363
27.291860627299556,88.70428722844889,Shallow translational slide,google_earth_polygon,1,2260.0,44.074,0.33425,-0.94249,-0.00368563,233.0,4435_1364
27.283261616188824,88.71082407164617,Shallow translational slide,google_earth_polygon,1,1618.0,38.645,0.53327,-0.84594,-0.00175429,201.0,4435_1364
27.28441825381648,88.72180963309302,Debris slide,google_earth_polygon,1,1438.0,37.142,0.85814,-0.51342,0.00152189,177.0,4436_1364
27.29410493176763,88.71977029425537,Rock slide,google_earth_polygon,1,1620.0,53.656,0.90847,-0.41796,-0.0119983,331.0,4435_1364
27.298795798332343,88.71952870419128,Rock slide,google_earth_polygon,1,1895.0,60.504,0.87289,-0.48791,0.00262538,347.0,4435_1364
27.302296261954602,88.72413193731936,Debris slide,google_earth_polygon,1,1626.0,31.555,0.99963,-0.02714,-0.01114613,152.0,4436_1365
27.3094005904025,88.72271429638019,Rock slide,google_earth_polygon,1,1983.0,54.14,0.85231,-0.52303,-0.00325446,299.0,4436_1365
27.30839868655257,88.72474499337301,Shallow translational slide,google_earth_polygon,1,1750.0,31.11,0.94822,-0.31761,-0.00579921,130.0,4436_1365
27.283743180944885,88.74337881112166,Debris slide,google_earth_polygon,1,1734.0,40.723,-0.31623,-0.94868,0.00015906,199.0,4437_1364
27.310141304262757,88.72375006481221,Shallow translational slide,google_earth_polygon,1,1925.0,55.057,0.88893,-0.45805,-0.00196064,289.0,4436_1365
27.31070617281118,88.72490511455126,Rock slide,google_earth_polygon,1,1813.0,45.639,0.91139,-0.41155,-0.00494297,270.0,4436_1365
27.316623898124476,88.72761438160796,Shallow translational slide,google_earth_polygon,1,1936.0,39.487,-0.83438,-0.55119,-0.00561539,196.0,4436_1365
27.3158835642774,88.73198986470827,Debris slide-flow,google_earth_polygon,1,2158.0,35.167,-0.7885,-0.61503,-0.00381533,165.0,4436_1365
27.29850388281441,88.71676889788976,Shallow translational slide,google_earth_polygon,1,2117.0,39.095,0.79484,-0.60682,0.00012555,198.0,4435_1364
27.29433113659247,88.75031379824017,Unknown,google_earth_polygon,1,2172.0,22.063,0.82244,-0.56885,-0.00730544,123.0,4437_1364
27.303556903532048,88.73908697509052,Rock slide,google_earth_polygon,1,2514.0,39.747,-0.17035,-0.98538,2.353e-05,177.0,4436_1365
27.295622397050575,88.76160871008922,Rock slide,google_earth_polygon,1,2351.0,52.092,0.03677,-0.99932,-0.0039428,246.0,4438_1364
27.295111039423887,88.76365378024272,Shallow translational slide,google_earth_polygon,1,2327.0,37.453,-0.14142,-0.98995,0.00074093,158.0,4438_1364
27.282457526125192,88.73858761987887,Rock slide,google_earth_polygon,1,1742.0,38.902,0.00172,-1.0,0.00115293,171.0,4436_1364
27.284327039848634,88.7436760144503,Shallow translational slide,google_earth_polygon,1,1804.0,48.704,-0.36844,-0.92965,0.00180758,294.0,4437_1364
27.281932403021678,88.73369540689785,Debris slide,google_earth_polygon,1,1496.0,33.509,-0.3587,-0.93345,-0.00548153,154.0,4436_1364
27.281937837632043,88.73472502356054,Debris slide,google_earth_polygon,1,1520.0,36.811,-0.31734,-0.94831,-0.00500685,166.0,4436_1364
27.29695332920992,88.76398401361608,Shallow translational slide,google_earth_polygon,1,2447.0,40.159,0.28145,-0.95957,-0.00373305,186.0,4438_1364
27.297416142701305,88.76583343778812,Shallow translational slide,google_earth_polygon,1,2462.0,36.827,0.24297,-0.97003,-0.00385985,169.0,4438_1364
27.29745973772358,88.77261352454065,Debris slide,google_earth_polygon,1,2891.0,37.898,-0.38183,-0.92423,-0.00323728,177.0,4438_1364
27.308470143070778,88.75176496433929,Debris slide-flow,google_earth_polygon,1,2887.0,35.34,-0.38587,-0.92255,8.815e-05,177.0,4437_1365
27.268304756055613,88.82969290353881,Debris slide,google_earth_polygon,1,2632.0,38.601,0.35665,-0.93424,-4.19e-05,192.0,4441_1363
27.25112078556624,88.79699775162644,Debris slide,google_earth_polygon,1,2839.0,33.967,-0.3979,-0.91743,-0.00413826,161.0,4439_1362
27.38169234502997,88.67316075269741,Debris slide,google_earth_polygon,1,2952.0,30.485,-0.95552,0.29491,4.627e-05,132.0,4433_1369
27.30525174795638,88.14374945072697,Debris slide,google_earth_polygon,1,1962.0,32.928,0.92862,-0.37102,-0.00476508,155.0,4407_1365
27.412659535412516,88.19417733741747,Debris slide,google_earth_polygon,1,2040.0,21.247,-0.53224,-0.84659,-0.00494423,115.0,4409_1370
27.432954946663983,88.17275128275585,Rock slide,google_earth_polygon,1,2661.0,40.878,-0.83279,-0.55359,-0.00056008,220.0,4408_1371
27.401901429778448,88.67286650633298,Rock slide,google_earth_polygon,1,2343.0,28.733,-0.33441,-0.94243,-0.00269078,162.0,4433_1370
27.419672374536162,88.68677109136027,Translational slide,google_earth_polygon,1,3090.0,30.637,-0.29079,0.95679,-0.00205575,154.0,4434_1370
27.456964984028588,88.08839523123221,Debris slide,google_earth_polygon,1,4007.0,32.28,-0.77396,-0.63324,-0.00121118,154.0,4404_1372
27.46893392670261,88.07412078745034,Debris slide,google_earth_polygon,1,4317.0,32.782,-0.48308,-0.87558,-0.00033901,153.0,4403_1373
27.414702131379514,88.19216169389796,Translational slide,google_earth_polygon,1,2111.0,30.026,-0.67768,-0.73536,0.00091609,126.0,4409_1370
27.416753759024434,88.19091460620966,Translational slide,google_earth_polygon,1,2126.0,21.967,-0.82294,-0.56814,-0.00474861,114.0,4409_1370
27.4408586309414,88.26756784853683,Debris slide,google_earth_polygon,1,2549.0,37.109,0.89589,-0.44427,-0.00058686,174.0,4413_1372
27.240978211852344,88.13837195200227,Debris slide,google_earth_polygon,1,1727.0,40.106,0.89705,0.44193,-0.00026705,196.0,4406_1362
27.265647934571575,88.15268122490052,Debris slide,google_earth_polygon,1,1228.0,42.661,-0.30445,-0.95253,-0.00342287,187.0,4407_1363
27.268766062341225,88.15334358596039,Debris slide,google_earth_polygon,1,1387.0,23.763,0.3817,-0.92429,0.00042427,128.0,4407_1363
27.268861752150926,88.15255737684149,Debris slide,google_earth_polygon,1,1409.0,23.437,0.85862,-0.51261,-0.00218937,123.0,4407_1363
27.26736347503984,88.15764280232793,Debris slide,google_earth_polygon,1,1257.0,31.887,0.06474,-0.9979,-0.00450926,142.0,4407_1363
27.31832552884903,88.18717590939677,Debris slide,google_earth_polygon,1,1426.0,29.751,0.40095,-0.9161,-0.00251896,140.0,4409_1365
27.164546001097396,88.14391130610525,Debris slide,google_earth_polygon,1,1995.0,40.523,0.9993,0.03737,0.00121475,173.0,4407_1358
27.25835801729972,88.8359612851337,Debris slide,google_earth_polygon,1,2184.0,29.591,0.90493,0.42556,-0.00271936,161.0,4441_1362
27.248221666434624,88.83855741721607,Debris slide,google_earth_polygon,1,2023.0,47.136,0.7386,-0.67415,-0.00132843,274.0,4441_1362
27.25793565363997,88.84291287305882,Debris slide,google_earth_polygon,1,2158.0,35.962,-0.38094,-0.9246,-0.00186142,174.0,4442_1362
27.19711768086286,88.81710516880344,Debris slide,google_earth_polygon,1,1707.0,25.767,0.4949,-0.86895,-0.00662983,132.0,4440_1359
27.14439636538915,88.33071351160413,Debris slide,google_earth_polygon,1,1054.0,29.547,0.28667,-0.95803,-0.0002266,128.0,4416_1357
27.146977343322515,88.3358648685288,Debris slide,google_earth_polygon,1,1270.0,32.088,-0.5294,-0.84837,-0.00227649,160.0,4416_1357
27.185486595263086,88.31963261901127,Debris slide,google_earth_polygon,1,405.0,28.953,0.36402,-0.93139,-0.00238308,132.0,4415_1359
27.182250897780193,88.3037716536553,Debris slide,google_earth_polygon,1,668.0,36.143,0.87666,-0.48112,-0.00107268,181.0,4415_1359
27.222929982227427,88.34970849156589,Debris slide,google_earth_polygon,1,1271.0,54.314,0.42594,-0.90475,-0.00600849,326.0,4417_1361
27.244315465982403,88.28596874677508,Debris slide,google_earth_polygon,1,926.0,41.774,0.02332,-0.99973,-0.00055097,182.0,4414_1362
27.243785539227318,88.28809693052222,Debris slide,google_earth_polygon,1,845.0,39.616,0.29196,-0.95643,-0.00167351,185.0,4414_1362
27.275719578495632,88.28580250677769,Debris slide,google_earth_polygon,1,924.0,45.806,-0.47667,-0.87908,0.00230031,250.0,4414_1363
27.274362751500497,88.2840279474611,Debris slide,google_earth_polygon,1,753.0,36.041,0.10498,-0.99447,0.00088744,137.0,4414_1363
27.18452751672828,88.26156026428794,Debris slide-flow,google_earth_polygon,1,1505.0,44.755,-0.28156,-0.95954,-0.0020426,234.0,4413_1359
27.17087323002156,88.25985497562215,Debris slide,google_earth_polygon,1,725.0,32.573,-0.4174,-0.90872,-0.00381636,177.0,4412_1358
27.169647276749416,88.2686191962262,Debris slide,google_earth_polygon,1,614.0,10.473,0.86405,-0.5034,-0.00245951,86.0,4413_1358
27.17432833649735,88.27959069193193,Debris slide,google_earth_polygon,1,572.0,34.074,0.32238,-0.94661,-0.00100135,141.0,4413_1358
27.180223402378758,88.26911054533521,Debris slide,google_earth_polygon,1,1185.0,40.905,0.65566,-0.75505,-0.00170312,223.0,4413_1359
27.133214651926004,88.25205241158653,Debris slide-flow,google_earth_polygon,1,921.0,36.012,0.58088,-0.81399,0.00049075,192.0,4412_1356
27.1305323489331,88.26238296933633,Debris slide,google_earth_polygon,1,524.0,36.8,0.38988,-0.92086,-0.00201748,182.0,4413_1356
27.1296738252465,88.24418053200506,Debris slide,google_earth_polygon,1,829.0,44.637,0.934,-0.35728,0.00685976,240.0,4412_1356
27.21472987642324,88.37133390376454,Debris slide,google_earth_polygon,1,1568.0,52.533,0.29379,-0.95587,-0.00099036,280.0,4418_1360
27.28409755586068,88.5462415406262,Debris slide,google_earth_polygon,1,1521.0,24.082,0.8204,-0.57179,0.00081274,111.0,4427_1364
27.328961006485915,88.6239228979615,Debris slide,google_earth_polygon,1,1380.0,27.417,0.99871,-0.05087,-7.37e-06,105.0,4431_1366
27.33150250545608,88.62320958113835,Debris slide,google_earth_polygon,1,1468.0,27.31,0.4223,-0.90646,-0.00141417,136.0,4431_1366
27.31368243056741,88.65778250299746,Debris slide,google_earth_polygon,1,2134.0,36.227,-0.32418,0.946,0.00063466,160.0,4432_1365
27.26528165982095,88.66717365534049,Rock slide,google_earth_polygon,1,2005.0,35.615,-0.4886,-0.87251,-0.00394219,186.0,4433_1363
27.39203733515344,88.63531153030621,Debris slide,google_earth_polygon,1,1484.0,32.186,0.28025,-0.95993,-0.00273902,157.0,4431_1369
27.36686737421754,88.54938521433004,Debris slide,google_earth_polygon,1,1787.0,26.756,0.80165,0.59779,0.00139371,127.0,4427_1368
27.374557785197204,88.5434844693359,Debris slide,google_earth_polygon,1,1744.0,39.062,0.91557,-0.40217,0.00100662,201.0,4427_1368
27.296663001655507,88.22840817244628,Debris slide,google_earth_polygon,1,1741.0,38.545,0.25278,-0.96752,-0.0003452,173.0,4411_1364
27.247064336815676,88.2256484319483,Rock slide,google_earth_polygon,1,1647.0,25.998,0.67211,0.74046,-0.00150376,124.0,4411_1362
27.333507131045934,88.6043733530338,cartosat_mapped,cartosat_polygon,1,1267.0,18.436,-0.99997,0.00833,0.00070231,94.0,4430_1366
27.356948807421972,88.59799718364073,cartosat_mapped,cartosat_polygon,1,1509.0,20.761,-0.26745,-0.96357,-0.00014005,77.0,4429_1367
27.32981158414856,88.57362893855192,cartosat_mapped,cartosat_polygon,1,1311.0,13.156,-0.29116,-0.95667,0.00043199,52.0,4428_1366
27.40789442447008,88.52252346888912,cartosat_mapped,cartosat_polygon,1,867.0,36.005,-0.94035,-0.34021,0.00092197,185.0,4426_1370
27.417741989613816,88.51826656170863,cartosat_mapped,cartosat_polygon,1,860.0,24.65,-0.93521,0.35411,-0.00095322,107.0,4425_1370
27.42669266697098,88.51584368511234,cartosat_mapped,cartosat_polygon,1,777.0,24.007,-0.95115,-0.30873,-0.00063876,105.0,4425_1371
27.429370835725187,88.5258742020038,cartosat_mapped,cartosat_polygon,1,1139.0,22.18,-0.99476,0.1022,8.089e-05,85.0,4426_1371
27.417801072641275,88.52453313033949,cartosat_mapped,cartosat_polygon,1,1189.0,29.283,-0.98572,0.16841,0.0010707,115.0,4426_1370
27.453205646305477,88.5168298270853,cartosat_mapped,cartosat_polygon,1,715.0,21.102,-0.93574,0.3527,-0.00189905,97.0,4425_1372
27.453786439184874,88.52186278689874,cartosat_mapped,cartosat_polygon,1,915.0,25.59,-0.98317,0.18271,-0.00133617,111.0,4426_1372
27.461582541655087,88.51951937624135,cartosat_mapped,cartosat_polygon,1,778.0,20.839,-0.97057,0.24082,0.00139958,91.0,4425_1373
27.461041163087945,88.52403574382078,cartosat_mapped,cartosat_polygon,1,973.0,32.283,-0.9981,0.06156,0.00030916,119.0,4426_1373
27.488677583894535,88.52470822972899,cartosat_mapped,cartosat_polygon,1,869.0,20.506,-0.86526,-0.50133,0.00023373,94.0,4426_1374
27.489061374306637,88.5295549048582,cartosat_mapped,cartosat_polygon,1,1099.0,34.534,-0.97685,-0.21394,0.00248741,145.0,4426_1374
27.4867487710596,88.53973786583956,cartosat_mapped,cartosat_polygon,1,1282.0,24.611,-0.8399,-0.54275,-0.0038023,100.0,4426_1374
27.526528613480316,88.53001463139998,cartosat_mapped,cartosat_polygon,1,1103.0,38.21,-0.9986,-0.05293,0.00038395,165.0,4426_1376
27.537378743538056,88.51817480449054,cartosat_mapped,cartosat_polygon,1,1233.0,29.737,-0.50084,-0.86554,-0.00102002,141.0,4425_1376
27.309114247145352,88.61682614223974,cartosat_mapped,cartosat_polygon,1,1075.0,20.769,-0.84964,0.52736,0.00073085,92.0,4430_1365
27.307675145392068,88.62042053080992,cartosat_mapped,cartosat_polygon,1,1279.0,31.174,-0.7989,0.60147,0.00092581,165.0,4431_1365
27.301775621540855,88.60868944276504,cartosat_mapped,cartosat_polygon,1,956.0,24.774,-0.99911,0.04213,-0.00201531,85.0,4430_1365
27.301558757406447,88.60987141224547,cartosat_mapped,cartosat_polygon,1,1015.0,22.624,-0.9998,0.02,0.00034151,89.0,4430_1365
27.309114246639716,88.57555638834634,cartosat_mapped,cartosat_polygon,1,1093.0,14.823,0.43034,0.90267,0.00038898,73.0,4428_1365
27.30800042369313,88.57099697648297,cartosat_mapped,cartosat_polygon,1,1180.0,17.007,0.82642,0.56305,-0.00261181,77.0,4428_1365
27.327264049244665,88.5615117414113,cartosat_mapped,cartosat_polygon,1,1253.0,20.669,0.90936,0.41602,0.00095519,90.0,4428_1366
27.326598822292716,88.55881651957372,cartosat_mapped,cartosat_polygon,1,1357.0,23.573,0.99949,0.03183,0.00147146,90.0,4427_1366
27.3860530494577,88.6403850237987,cartosat_mapped,cartosat_polygon,1,1660.0,30.279,-0.99908,0.04282,0.00074689,133.0,4432_1369
27.380608984428893,88.6333994592393,cartosat_mapped,cartosat_polygon,1,1882.0,36.953,-0.77544,0.63143,0.00077505,206.0,4431_1369
27.391692456372155,88.59352586389738,cartosat_mapped,cartosat_polygon,1,1124.0,49.811,-0.20063,0.97967,-0.004731,238.0,4429_1369
27.384373575781954,88.50587130701327,cartosat_mapped,cartosat_polygon,1,776.0,28.632,-0.51898,0.85479,0.00130032,148.0,4425_1369
27.383209382108227,88.51031842346552,cartosat_mapped,cartosat_polygon,1,1009.0,48.217,-0.63418,0.77318,-0.00469594,263.0,4425_1369
27.39375825812747,88.52485748750769,cartosat_mapped,cartosat_polygon,1,1155.0,35.718,-0.49447,0.86919,-1.983e-05,165.0,4426_1369
27.38398710345426,88.51905808573997,cartosat_mapped,cartosat_polygon,1,1277.0,39.393,-0.92683,0.37547,0.0053639,182.0,4425_1369
27.38562841285748,88.51330952314888,cartosat_mapped,cartosat_polygon,1,994.0,44.083,-0.43166,0.90204,0.00133905,227.0,4425_1369
27.382794276933566,88.50177391162367,cartosat_mapped,cartosat_polygon,1,721.0,37.362,-0.46387,0.8859,-0.00196007,181.0,4425_1369
27.372344562326838,88.49265787710752,cartosat_mapped,cartosat_polygon,1,1080.0,29.411,-0.71202,0.70216,0.00075731,141.0,4424_1368
27.3686511394328,88.48687480643864,cartosat_mapped,cartosat_polygon,1,927.0,40.885,-0.95931,0.28234,0.00421227,193.0,4424_1368
27.432651544276908,88.6112682631813,cartosat_mapped,cartosat_polygon,1,1488.0,21.519,-0.91583,0.40156,-0.00098184,84.0,4430_1371
27.431469424735422,88.61760459414036,cartosat_mapped,cartosat_polygon,1,1890.0,29.184,-0.74106,0.67143,0.00355073,145.0,4430_1371
27.31772888312436,88.46705676576414,cartosat_mapped,cartosat_polygon,1,656.0,48.929,-0.49262,0.87025,0.00012113,244.0,4423_1365
27.316528548519614,88.46974284430945,cartosat_mapped,cartosat_polygon,1,842.0,40.98,-0.54841,0.83621,0.00014715,181.0,4423_1365
27.324092700904963,88.47666204555804,cartosat_mapped,cartosat_polygon,1,578.0,35.798,-0.38133,0.92444,0.0018116,157.0,4423_1366
27.32103539559578,88.48012818785755,cartosat_mapped,cartosat_polygon,1,812.0,37.196,-0.80524,0.59295,-0.00269834,176.0,4424_1366
27.33042218563203,88.48977414858582,cartosat_mapped,cartosat_polygon,1,716.0,31.628,-0.90882,-0.4172,-0.00288846,141.0,4424_1366
27.524885660371694,88.54300643002125,cartosat_mapped,cartosat_polygon,1,892.0,12.906,0.1091,0.99403,0.001679,49.0,4427_1376
27.519754149853437,88.5435277941728,cartosat_mapped,cartosat_polygon,1,1112.0,32.265,0.1056,0.99441,0.00059843,128.0,4427_1375
27.55312728510652,88.58356075689251,cartosat_mapped,cartosat_polygon,1,1967.0,31.081,-0.94006,-0.341,0.00077209,144.0,4429_1377
27.554912625609603,88.59168742722431,cartosat_mapped,cartosat_polygon,1,2514.0,38.673,-0.94225,-0.33491,0.00461021,177.0,4429_1377
27.33592978213723,88.57749479911716,cartosat_mapped,cartosat_polygon,1,1584.0,30.262,-0.64509,-0.76411,0.00109079,138.0,4428_1366
27.329521452814884,88.5787681661762,cartosat_mapped,cartosat_polygon,1,1396.0,15.067,-0.91317,-0.40757,0.00125232,67.0,4428_1366
27.33039526083057,88.58137219511457,cartosat_mapped,cartosat_polygon,1,1459.0,9.555,-0.83332,-0.55279,0.00096382,39.0,4429_1366
27.3271566747318,88.57657908525974,cartosat_mapped,cartosat_polygon,1,1307.0,11.546,-0.99942,-0.03399,-0.00036316,40.0,4428_1366
27.32677983478388,88.57989487288239,cartosat_mapped,cartosat_polygon,1,1405.0,22.355,-0.99963,0.02702,0.00102719,85.0,4428_1366
27.321598438162717,88.57591177152912,cartosat_mapped,cartosat_polygon,1,1209.0,17.484,-0.90392,-0.42771,0.00075821,79.0,4428_1366
27.323099754860383,88.58034361442779,cartosat_mapped,cartosat_polygon,1,1363.0,16.702,-0.9026,-0.43047,0.00112997,73.0,4429_1366
27.3333418669025,88.56971323808055,cartosat_mapped,cartosat_polygon,1,1377.0,18.579,-0.4256,-0.90491,0.00065047,86.0,4428_1366
27.33566853280939,88.57138688125187,cartosat_mapped,cartosat_polygon,1,1477.0,25.354,-0.73861,-0.67413,0.00038563,116.0,4428_1366
27.33473889198722,88.5678944136165,cartosat_mapped,cartosat_polygon,1,1409.0,18.888,-0.20703,-0.97833,0.00032039,72.0,4428_1366
27.34201551246942,88.56996158247674,cartosat_mapped,cartosat_polygon,1,1764.0,36.408,-0.25801,-0.96614,-0.00060953,158.0,4428_1367
27.336821141698017,88.58823181878714,cartosat_mapped,cartosat_polygon,1,1256.0,16.477,0.96732,0.25357,-0.00116103,63.0,4429_1366
27.33671579733225,88.57953285672414,cartosat_mapped,cartosat_polygon,1,1568.0,20.992,0.99906,0.04344,-0.00207235,76.0,4428_1366
27.346321524807873,88.59136156364752,cartosat_mapped,cartosat_polygon,1,1188.0,24.301,-0.32912,-0.94429,-0.00083355,107.0,4429_1367
27.34716627886813,88.59276364703081,cartosat_mapped,cartosat_polygon,1,1277.0,28.522,-0.36035,-0.93282,0.00166935,119.0,4429_1367
27.31738029951492,88.55731933346087,cartosat_mapped,cartosat_polygon,1,1324.0,14.268,0.37139,-0.92848,-0.0011511,61.0,4427_1365
27.319082220867827,88.55361643753366,cartosat_mapped,cartosat_polygon,1,1493.0,35.687,0.78706,-0.61688,-0.00036738,180.0,4427_1365
27.332806440186474,88.56080128620326,cartosat_mapped,cartosat_polygon,1,1296.0,30.531,0.16249,-0.98671,-0.0007721,121.0,4428_1366
27.334388972841587,88.5592723614015,cartosat_mapped,cartosat_polygon,1,1435.0,36.358,0.30943,-0.95092,0.00184145,169.0,4427_1366
27.363057213473464,88.59144779351632,cartosat_mapped,cartosat_polygon,1,1820.0,37.157,-0.35554,-0.93466,0.00183327,155.0,4429_1368
27.486629996269595,88.70919270141358,,background_within_mapped_extent,0,3859.0,27.356,-0.5208,0.85368,-0.00076395,140.0,4435_1374
27.307458311475926,88.15910014426287,,background_within_mapped_extent,0,1898.0,19.005,0.29437,0.95569,0.00152757,82.0,4407_1365
27.50621755132102,88.60728240454175,,background_within_mapped_extent,0,2269.0,27.571,0.76076,0.64904,-0.00322579,130.0,4430_1375
27.188351253790074,88.43309280130026,,background_within_mapped_extent,0,945.0,21.88,0.03113,0.99952,-0.0052664,87.0,4421_1359
27.404217502627056,88.76697304338563,,background_within_mapped_extent,0,3967.0,1.611,-0.83957,-0.54325,-0.00152334,24.0,4438_1370
27.256292094179365,88.7065405807348,,background_within_mapped_extent,0,1132.0,26.191,0.98831,0.15248,0.00117223,103.0,4435_1362
27.4316445221456,88.18184667260749,,background_within_mapped_extent,0,2925.0,25.288,0.17345,-0.98484,0.00155605,101.0,4409_1371
27.264796886096015,88.33090941707232,,background_within_mapped_extent,0,1650.0,36.415,-0.98283,-0.18452,-0.00187877,145.0,4416_1363
27.168192546340293,88.45580956943493,,background_within_mapped_extent,0,1695.0,23.243,-0.98631,-0.16492,0.00270089,117.0,4422_1358
27.320972574643406,88.16067116533563,,background_within_mapped_extent,0,1538.0,36.138,-0.65998,-0.75128,0.00149555,185.0,4408_1366
27.424580230687504,88.24495251415858,,background_within_mapped_extent,0,2637.0,34.988,0.52786,0.84933,-0.0016133,168.0,4412_1371
27.51151062653228,88.42765095022804,,background_within_mapped_extent,0,2658.0,27.656,-0.51683,0.85609,0.00360789,128.0,4421_1375
27.233789132007267,88.65629335651104,,background_within_mapped_extent,0,1242.0,18.02,0.99909,0.0427,-0.00164383,71.0,4432_1361
27.220958322298518,88.3844852010132,,background_within_mapped_extent,0,1544.0,38.569,-0.77334,-0.634,-0.00150561,211.0,4419_1361
27.070989999132323,88.22148882050384,,background_within_mapped_extent,0,949.0,19.474,-0.71879,-0.69523,0.00235895,94.0,4411_1353
27.421931106108904,88.73159929535201,,background_within_mapped_extent,0,3509.0,34.37,-0.13403,-0.99098,0.00092627,132.0,4436_1371
27.48378224029247,88.6605516419586,,background_within_mapped_extent,0,3043.0,44.197,-0.75134,-0.65992,-0.00140339,235.0,4433_1374
27.37063161381217,88.44656349766835,,background_within_mapped_extent,0,1809.0,17.137,0.98194,0.18918,-0.00033704,66.0,4422_1368
27.318512624219974,88.62860551388496,,background_within_mapped_extent,0,1248.0,14.057,-0.64345,0.76549,0.00014035,61.0,4431_1365
27.475386102855733,88.53895467326207,,background_within_mapped_extent,0,900.0,16.131,0.04802,0.99885,-0.00249298,89.0,4426_1373
27.362538853981754,88.59933393782023,,background_within_mapped_extent,0,1700.0,19.719,-0.30224,-0.95323,-0.0010996,91.0,4429_1368
27.229296717859626,88.53371558701036,,background_within_mapped_extent,0,1153.0,44.172,0.41316,0.91066,0.00241475,214.0,4426_1361
27.28511656221155,88.23424250868993,,background_within_mapped_extent,0,1335.0,17.662,-0.73279,-0.68045,-0.0017362,89.0,4411_1364
27.19192785361414,88.78936853665603,,background_within_mapped_extent,0,3054.0,12.257,0.86308,0.50506,0.0042644,69.0,4439_1359
27.420364871800036,88.30290051770962,,background_within_mapped_extent,0,2177.0,42.941,-0.00895,-0.99996,0.00027136,185.0,4415_1371
27.485473820781348,88.53182552909198,,background_within_mapped_extent,0,1017.0,19.542,-0.95476,-0.29738,8.864e-05,78.0,4426_1374
27.283973364503037,88.62505185248152,,background_within_mapped_extent,0,1339.0,21.559,-0.46401,0.88583,-0.0007735,94.0,4431_1364
27.31359190366392,88.6754930108328,,background_within_mapped_extent,0,2413.0,26.971,-0.86791,-0.49673,-0.00099026,120.0,4433_1365
27.334497972336454,88.18791420170005,,background_within_mapped_extent,0,1944.0,27.083,0.46988,0.88273,-0.00198138,129.0,4409_1366
27.438728276241473,88.18012834342777,,background_within_mapped_extent,0,3248.0,11.199,0.14731,-0.98909,0.00226138,74.0,4409_1371
27.27043420302586,88.43547563525073,,background_within_mapped_extent,0,473.0,22.353,-0.29385,0.95585,0.00201581,84.0,4421_1363
27.40347994985719,88.30978145890461,,background_within_mapped_extent,0,1986.0,26.319,-0.95468,0.29764,0.00029692,116.0,4415_1370
27.113844334825504,88.36218193595508,,background_within_mapped_extent,0,447.0,33.085,-0.96144,-0.275,-0.00234175,146.0,4418_1355
27.449707620169956,88.7244966384847,,background_within_mapped_extent,0,3141.0,31.198,-0.37613,0.92657,-0.00729844,146.0,4436_1372
27.212371969622968,88.4382609412049,,background_within_mapped_extent,0,1745.0,32.35,0.01316,-0.99991,-0.00417159,179.0,4421_1360
27.1750737832863,88.44383531978885,,background_within_mapped_extent,0,1713.0,30.35,0.83496,-0.55031,0.0007135,143.0,4422_1358
27.37622455016068,88.31364370999273,,background_within_mapped_extent,0,1429.0,47.573,0.13075,-0.99142,-0.00064638,222.0,4415_1368
27.451080860168382,88.70691580118645,,background_within_mapped_extent,0,2664.0,32.234,0.0,-1.0,0.00052215,134.0,4435_1372
27.401892679772523,88.42325484100948,,background_within_mapped_extent,0,2035.0,33.11,0.64956,-0.76031,-0.00273056,155.0,4421_1370
27.413922434966157,88.55534542024793,,background_within_mapped_extent,0,1815.0,26.316,0.61782,-0.78632,0.00010054,123.0,4427_1370
27.289001672307098,88.1211520021308,,background_within_mapped_extent,0,2239.0,33.697,-0.98306,0.18328,0.00257209,149.0,4406_1364
27.144201544842247,88.33441652912003,,background_within_mapped_extent,0,1142.0,37.742,-0.99942,-0.03409,-0.00010035,163.0,4416_1357
27.380721479873273,88.1376268534589,,background_within_mapped_extent,0,3015.0,50.207,0.64439,-0.7647,0.00260145,292.0,4406_1369
27.252205540312104,88.55270644970939,,background_within_mapped_extent,0,894.0,28.321,-0.83245,0.55411,0.00161491,143.0,4427_1362
27.3244945957123,88.88074804334936,,background_within_mapped_extent,0,4349.0,23.827,-0.8586,-0.51264,0.00026133,112.0,4444_1366
27.328980078501807,88.47067146719209,,background_within_mapped_extent,0,773.0,32.464,0.65277,-0.75756,0.00066297,157.0,4423_1366
27.209561243513523,88.45922781485385,,background_within_mapped_extent,0,1081.0,46.946,0.4321,-0.90183,-0.00147867,252.0,4422_1360
27.34497441468659,88.33590057514692,,background_within_mapped_extent,0,1533.0,15.981,-0.98936,-0.14549,0.00187134,57.0,4416_1367
27.362782645061156,88.16964571975262,,background_within_mapped_extent,0,2589.0,25.01,-0.39894,-0.91698,0.00102238,131.0,4408_1368
27.425875184942505,88.14212193556087,,background_within_mapped_extent,0,3603.0,36.113,0.49306,-0.86999,0.00076813,177.0,4407_1371
27.419033738396866,88.2921598389386,,background_within_mapped_extent,0,2526.0,29.459,0.57049,0.82131,0.00259005,157.0,4414_1370
27.47733359800102,88.67952100301217,,background_within_mapped_extent,0,3209.0,34.606,0.60386,-0.79709,-0.00011229,184.0,4433_1373
27.087029639962715,88.24782421087147,,background_within_mapped_extent,0,1132.0,19.046,-0.94542,-0.32587,-0.00050397,77.0,4412_1354
27.26504379163646,88.52993140904582,,background_within_mapped_extent,0,990.0,32.932,-0.28518,-0.95847,0.00134704,146.0,4426_1363
27.3419772064518,88.30057517355483,,background_within_mapped_extent,0,1425.0,42.284,0.51315,-0.8583,-0.00016377,225.0,4415_1367
27.091031806172015,88.1908131817971,,background_within_mapped_extent,0,1456.0,20.012,0.9877,-0.15635,-0.00013585,79.0,4409_1354
27.23569060420224,88.49865293186339,,background_within_mapped_extent,0,557.0,26.969,0.18561,-0.98262,0.00272046,101.0,4424_1361
27.420228628728275,88.7186409819903,,background_within_mapped_extent,0,3445.0,35.886,0.18429,-0.98287,-0.00086963,153.0,4435_1371
27.11748284262408,88.37247521097554,,background_within_mapped_extent,0,889.0,22.777,-0.56231,0.82693,0.00121613,109.0,4418_1355
27.20715123856838,88.69672263353031,,background_within_mapped_extent,0,968.0,30.503,-0.27348,-0.96188,-0.00057753,127.0,4434_1360
27.162746565895365,88.18097318641686,,background_within_mapped_extent,0,1591.0,30.022,0.86045,-0.50954,0.00209882,139.0,4409_1358
27.53386654744951,88.5686277597307,,background_within_mapped_extent,0,1439.0,43.038,0.35698,-0.93411,-0.00218148,243.0,4428_1376
27.232698677153873,88.218470356002,,background_within_mapped_extent,0,2143.0,30.028,0.53345,-0.84583,0.00082468,142.0,4410_1361
27.143867044755943,88.48290931061558,,background_within_mapped_extent,0,930.0,20.912,-0.31623,-0.94868,-0.00148769,84.0,4424_1357
27.428767406499816,88.16232286314602,,background_within_mapped_extent,0,3156.0,19.652,0.5484,-0.83622,0.00580898,92.0,4408_1371
27.337318977469984,88.15364191441,,background_within_mapped_extent,0,2082.0,27.835,-0.64971,-0.76018,0.001315,135.0,4407_1366
27.377237114376722,88.65107710674282,,background_within_mapped_extent,0,2406.0,42.166,-0.9462,-0.32358,0.00033728,189.0,4432_1368
27.46150041469625,88.66945160874448,,background_within_mapped_extent,0,2390.0,29.488,0.83506,-0.55016,-0.00235433,163.0,4433_1373
27.13311514406539,88.16165855056353,,background_within_mapped_extent,0,959.0,14.481,0.30653,-0.95186,-0.00190453,60.0,4408_1356
27.279271650092003,88.85381229138196,,background_within_mapped_extent,0,3669.0,15.59,-0.98557,0.16924,2.355e-05,70.0,4442_1363
27.32784693324564,88.30929187290918,,background_within_mapped_extent,0,1295.0,23.201,-0.88785,0.46013,-0.00136167,108.0,4415_1366
27.290766772397074,88.16972437024666,,background_within_mapped_extent,0,2482.0,11.527,-0.27922,-0.96023,0.00627921,61.0,4408_1364
27.485935651360062,88.45392020556365,,background_within_mapped_extent,0,1489.0,38.522,0.62809,-0.77814,-0.0041046,187.0,4422_1374
27.35036388980409,88.24993303034547,,background_within_mapped_extent,0,1915.0,30.737,-0.84787,-0.53021,-0.00170465,141.0,4412_1367
27.530224656511372,88.57439178772212,,background_within_mapped_extent,0,1410.0,46.166,-0.24002,-0.97077,0.00282262,237.0,4428_1376
27.287274514145622,88.57186419187124,,background_within_mapped_extent,0,1396.0,18.889,0.99043,0.13801,0.00148069,76.0,4428_1364
27.294379135729837,88.37293257240442,,background_within_mapped_extent,0,1841.0,19.007,0.99997,-0.00806,-7e-08,70.0,4418_1364
27.53009211214844,88.61429158599087,,background_within_mapped_extent,0,1801.0,30.481,0.30203,0.9533,-0.0006197,118.0,4430_1376
27.199347158735563,88.44220213551847,,background_within_mapped_extent,0,1310.0,34.622,0.31381,0.94948,0.00168708,158.0,4422_1359
27.384345225382617,88.10560973427468,,background_within_mapped_extent,0,2959.0,40.983,0.78815,-0.61549,0.00321104,229.0,4405_1369
27.143853396736908,88.31744818616194,,background_within_mapped_extent,0,1047.0,24.908,0.81655,-0.57727,0.00167988,114.0,4415_1357
27.149052999595117,88.29518939324802,,background_within_mapped_extent,0,619.0,26.121,-0.97718,0.21243,-0.00015166,98.0,4414_1357
27.382589236309048,88.0941591347649,,background_within_mapped_extent,0,3582.0,34.118,0.99629,-0.0861,0.00474996,143.0,4404_1369
27.277164506001483,88.63930412584841,,background_within_mapped_extent,0,1567.0,19.956,0.05738,0.99835,0.00104019,76.0,4431_1363
27.336356237444257,88.32410153193433,,background_within_mapped_extent,0,1480.0,32.849,-0.86904,0.49475,0.00026037,175.0,4416_1366
27.200173426088174,88.25349947255349,,background_within_mapped_extent,0,1428.0,33.45,0.97339,0.22916,-0.00080243,133.0,4412_1360
27.289244545667064,88.54416560386495,,background_within_mapped_extent,0,1735.0,36.946,-0.77379,-0.63344,6.092e-05,185.0,4427_1364
27.12132870876101,88.5029062742482,,background_within_mapped_extent,0,422.0,24.594,0.99527,-0.0971,-0.00432402,106.0,4425_1356
27.40999218632836,88.72512807772212,,background_within_mapped_extent,0,3912.0,23.7,-0.93021,0.36702,-0.00133486,105.0,4436_1370
27.31408410262254,88.79299141248754,,background_within_mapped_extent,0,3377.0,29.339,-0.09143,-0.99581,-0.00081779,118.0,4439_1365
27.40843360459354,88.38240928852981,,background_within_mapped_extent,0,2408.0,16.823,0.34911,0.93708,0.0005388,85.0,4419_1370
27.1416631008321,88.27932446928777,,background_within_mapped_extent,0,366.0,27.782,0.73551,-0.67751,-0.00053718,118.0,4413_1357
27.28957918270385,88.46304082726796,,background_within_mapped_extent,0,1388.0,20.419,-0.9663,0.25743,-0.00109497,91.0,4423_1364
27.263223417174988,88.24987150469002,,background_within_mapped_extent,0,876.0,32.331,0.44984,0.89311,-0.0033357,166.0,4412_1363
27.241864345937895,88.36616176493696,,background_within_mapped_extent,0,2166.0,28.227,-0.98576,0.16817,0.00068869,123.0,4418_1362
27.433082680928816,88.37752086476989,,background_within_mapped_extent,0,2295.0,25.11,-0.4801,0.87722,-0.00135851,112.0,4418_1371
27.32375106342151,88.84406698926614,,background_within_mapped_extent,0,4018.0,11.997,0.8039,0.59476,-0.00042881,64.0,4442_1366
27.352853986537543,88.33311303956904,,background_within_mapped_extent,0,1357.0,29.629,-0.63004,0.77656,0.00037763,143.0,4416_1367
27.41538533181288,88.78516038502224,,background_within_mapped_extent,0,4218.0,39.167,-0.88145,0.47227,-0.00168021,205.0,4439_1370
27.351406155195416,88.74677831395478,,background_within_mapped_extent,0,3186.0,26.049,-0.52283,-0.85244,-0.00121199,136.0,4437_1367
27.22086625417104,88.59776915776148,,background_within_mapped_extent,0,1120.0,20.35,0.99982,-0.01872,-0.00266269,79.0,4429_1361
27.17509578931991,88.68638475269104,,background_within_mapped_extent,0,1719.0,22.134,-0.99363,-0.11268,0.00181086,80.0,4434_1358
27.526477722465646,88.65154261810657,,background_within_mapped_extent,0,2662.0,17.183,-0.97014,0.24254,-0.00039547,73.0,4432_1376
27.394991643293174,88.16256671835843,,background_within_mapped_extent,0,3026.0,33.27,0.60541,0.79592,-0.00206443,167.0,4408_1369
27.454418286535365,88.13040797285505,,background_within_mapped_extent,0,3727.0,23.43,0.80763,-0.5897,0.00137868,116.0,4406_1372
27.38394401972123,88.74373020381226,,background_within_mapped_extent,0,3572.0,21.19,-0.27945,0.96016,-0.00162777,90.0,4437_1369
27.372600824224687,88.53870658130025,,background_within_mapped_extent,0,2026.0,34.065,0.99212,0.1253,0.0033252,141.0,4426_1368
27.34602024963788,88.45270670740888,,background_within_mapped_extent,0,1239.0,39.669,0.21604,0.97638,0.0016725,200.0,4422_1367
27.493665172547683,88.71161169509075,,background_within_mapped_extent,0,3584.0,25.111,0.75569,0.65493,-0.00209022,119.0,4435_1374
27.38709930835417,88.47544646042364,,background_within_mapped_extent,0,1241.0,41.593,-0.23627,-0.97169,0.00020483,184.0,4423_1369
27.29049667994955,88.61944665295339,,background_within_mapped_extent,0,1008.0,21.317,-0.16728,0.98591,2.575e-05,87.0,4430_1364
27.21146104363566,88.71040272057715,,background_within_mapped_extent,0,1474.0,42.592,0.2372,-0.97146,0.00072431,209.0,4435_1360
27.234895797333433,88.3642496141517,,background_within_mapped_extent,0,2288.0,20.746,-0.81768,-0.57568,0.00111224,103.0,4418_1361
27.145941166715595,88.18473358941003,,background_within_mapped_extent,0,878.0,25.407,0.50587,-0.86261,0.00082496,111.0,4409_1357
27.300795972181554,88.8612551042065,,background_within_mapped_extent,0,3893.0,13.401,0.49551,0.8686,0.00053721,67.0,4443_1365
27.45653735664599,88.38087146225263,,background_within_mapped_extent,0,2543.0,30.583,-0.99878,0.04935,-0.00021852,121.0,4419_1372
27.566734391800637,88.52831560769584,,background_within_mapped_extent,0,1996.0,34.507,0.87681,0.48083,-0.00042281,165.0,4426_1378
27.32292861176184,88.72584408376146,,background_within_mapped_extent,0,2171.0,29.091,-0.99849,-0.05492,-0.0067725,119.0,4436_1366
27.433271108696328,88.55896044059641,,background_within_mapped_extent,0,2487.0,26.693,-0.84252,0.53866,0.00188595,128.0,4427_1371
27.224711146900226,88.76503375517365,,background_within_mapped_extent,0,1728.0,37.205,0.62201,0.78301,0.00135087,186.0,4438_1361
27.303149901742486,88.44624397593083,,background_within_mapped_extent,0,418.0,13.485,-0.9035,0.42858,-0.00572331,106.0,4422_1365
27.41407104122444,88.62624340624063,,background_within_mapped_extent,0,1300.0,15.438,-0.6387,0.76946,-0.00313788,72.0,4431_1370
27.494859244022656,88.57431301992592,,background_within_mapped_extent,0,2457.0,26.677,-0.31789,0.94813,-0.00016141,112.0,4428_1374
27.51434063410479,88.65442996818925,,background_within_mapped_extent,0,2724.0,19.471,-0.98995,-0.14142,-0.00205788,70.0,4432_1375
27.33635877449667,88.15632811054813,,background_within_mapped_extent,0,2112.0,37.115,-0.4662,-0.88468,0.00262394,162.0,4407_1366
27.403335435115615,88.69533096274058,,background_within_mapped_extent,0,2934.0,36.804,0.37683,-0.92628,-0.00091773,175.0,4434_1370
27.445979044037387,88.28305715311704,,background_within_mapped_extent,0,3345.0,38.492,0.40695,-0.91345,-0.00046346,171.0,4414_1372
27.396021388766705,88.09513099650073,,background_within_mapped_extent,0,3854.0,31.786,0.98615,0.16585,0.01000316,150.0,4404_1369
27.16502300997288,88.12747535953991,,background_within_mapped_extent,0,2790.0,16.12,0.97071,-0.24027,0.00363095,93.0,4406_1358
27.31182164176931,88.89940346539001,,background_within_mapped_extent,0,3946.0,28.994,-0.80449,-0.59397,0.00357581,146.0,4444_1365
27.406749629626916,88.72912838729005,,background_within_mapped_extent,0,4043.0,14.927,0.4741,0.88047,-0.00086185,73.0,4436_1370
27.227904957053287,88.86985547771624,,background_within_mapped_extent,0,2787.0,17.716,-1.0,-0.0,0.0001176,65.0,4443_1361
27.440572721017872,88.55006131397303,,background_within_mapped_extent,0,2222.0,13.495,-0.56136,0.82757,5.599e-05,63.0,4427_1372
27.3383986708381,88.17676265183343,,background_within_mapped_extent,0,2057.0,31.483,0.39008,0.92078,-0.00056076,150.0,4408_1366
27.32015261427235,88.39887218957428,,background_within_mapped_extent,0,2218.0,38.364,0.90537,-0.42461,0.00146316,185.0,4419_1366
27.138634652776805,88.15136952747112,,background_within_mapped_extent,0,1338.0,20.795,0.98381,-0.17921,-0.00190274,85.0,4407_1356
27.229699442819804,88.28941536547457,,background_within_mapped_extent,0,1152.0,21.447,0.87681,0.48083,0.00286278,108.0,4414_1361
27.39318102609365,88.41961392910765,,background_within_mapped_extent,0,2173.0,27.776,0.93348,-0.35863,-6.31e-06,123.0,4420_1369
27.286868497492932,88.59925642177627,,background_within_mapped_extent,0,842.0,3.342,-0.42809,-0.90374,-0.00027689,42.0,4429_1364
27.183221716076602,88.4029987728745,,background_within_mapped_extent,0,2009.0,29.639,0.58585,0.81042,-0.00410029,132.0,4420_1359
27.236284070319805,88.55900236794965,,background_within_mapped_extent,0,2016.0,24.368,-0.99657,-0.08279,0.00114386,115.0,4427_1361
27.187472762985752,88.45978681277674,,background_within_mapped_extent,0,870.0,34.111,0.75461,0.65618,-0.00155878,176.0,4422_1359
27.36904672264002,88.54523035964652,,background_within_mapped_extent,0,1733.0,26.608,0.41589,0.90941,-0.00108168,149.0,4427_1368
27.412909294783255,88.65780285878098,,background_within_mapped_extent,0,2724.0,30.713,-0.85334,0.52136,0.00230018,124.0,4432_1370
27.235842779174146,88.6147278452502,,background_within_mapped_extent,0,1074.0,27.631,-0.99762,0.06898,0.00294954,101.0,4430_1361
27.360171619284365,88.73204060651481,,background_within_mapped_extent,0,3521.0,28.78,0.85209,-0.52339,-0.00297798,130.0,4436_1368
27.401200734788524,88.42266840862216,,background_within_mapped_extent,0,2033.0,25.717,0.98913,-0.14707,-0.00274407,121.0,4421_1370
27.34074001235839,88.36117801397367,,background_within_mapped_extent,0,2392.0,21.634,-0.87548,0.48326,0.00062813,86.0,4418_1367
27.5401867173293,88.68795981761356,,background_within_mapped_extent,0,2645.0,33.614,-0.99453,-0.10447,-0.00087932,131.0,4434_1377
27.335879423318545,88.8481592119407,,background_within_mapped_extent,0,3985.0,14.47,-0.65123,-0.75888,-0.00135497,64.0,4442_1366
27.493999143110425,88.49988407551338,,background_within_mapped_extent,0,1403.0,36.504,-0.28339,-0.95901,0.00019847,171.0,4424_1374
27.128899999023815,88.47717438461922,,background_within_mapped_extent,0,596.0,19.295,0.96403,0.2658,-0.00118296,100.0,4423_1356
27.159397828809393,88.33812609293932,,background_within_mapped_extent,0,1399.0,26.621,0.20783,0.97817,-0.00068274,117.0,4416_1357
27.265758650706452,88.79210146321311,,background_within_mapped_extent,0,3678.0,33.286,-0.17982,-0.9837,-0.00120482,137.0,4439_1363
27.387764889149672,88.18125872087002,,background_within_mapped_extent,0,2814.0,30.12,0.89056,0.45486,-0.00106787,145.0,4409_1369
27.26183967158154,88.15176494315037,,background_within_mapped_extent,0,1249.0,36.228,0.30711,0.95167,-0.00212896,154.0,4407_1363
27.233039129040925,88.7187213280364,,background_within_mapped_extent,0,1297.0,27.821,-0.36321,0.93171,-0.00218373,124.0,4435_1361
27.443578014465036,88.64534405186016,,background_within_mapped_extent,0,1797.0,38.548,0.97439,0.22486,0.00197123,173.0,4432_1372
27.40914103053244,88.38480091865992,,background_within_mapped_extent,0,2358.0,20.722,-0.23129,0.97288,-7.841e-05,73.0,4419_1370
27.1544642099208,88.50406668211998,,background_within_mapped_extent,0,835.0,33.093,0.79278,-0.6095,-7.105e-05,159.0,4425_1357
27.306315891799127,88.17081607347964,,background_within_mapped_extent,0,1703.0,34.597,-0.29196,0.95643,0.00034586,151.0,4408_1365
27.10978741954346,88.38891212258817,,background_within_mapped_extent,0,682.0,28.042,0.7327,-0.68055,-0.00089808,134.0,4419_1355
27.29859420691718,88.70414428567533,,background_within_mapped_extent,0,2474.0,37.244,0.71978,-0.6942,0.00355227,207.0,4435_1364
27.14748352028504,88.45561067781374,,background_within_mapped_extent,0,809.0,15.811,0.09319,-0.99565,-0.00287356,83.0,4422_1357
27.32870815342829,88.30156711745671,,background_within_mapped_extent,0,1022.0,26.407,-0.90902,0.41675,0.00052901,122.0,4415_1366
27.33035877070073,88.55738511429726,,background_within_mapped_extent,0,1255.0,21.985,0.56419,0.82564,-0.00258561,93.0,4427_1366
27.197120253898632,88.12086611647855,,background_within_mapped_extent,0,2814.0,20.934,0.99482,-0.10166,0.00090935,84.0,4406_1359
27.407379657708812,88.78083968238066,,background_within_mapped_extent,0,4034.0,25.125,-0.76113,-0.64859,0.00093128,108.0,4439_1370
27.424788002461433,88.61187408051829,,background_within_mapped_extent,0,1597.0,27.434,-0.91237,0.40936,-0.00065804,117.0,4430_1371
27.355038476956086,88.36634941012346,,background_within_mapped_extent,0,2342.0,30.003,0.0914,0.99581,0.00083834,114.0,4418_1367
27.477322974864926,88.46712093346372,,background_within_mapped_extent,0,1842.0,32.535,0.38971,0.92094,-0.00097492,162.0,4423_1373
27.336497815085384,88.78816276571212,,background_within_mapped_extent,0,3599.0,12.964,0.98946,-0.1448,-0.00520108,74.0,4439_1366
27.380443587529616,88.83816153640157,,background_within_mapped_extent,0,4471.0,24.413,-0.21725,0.97612,-0.00374992,111.0,4441_1369
27.350706270371436,88.48123717834282,,background_within_mapped_extent,0,733.0,20.472,-0.99333,0.11533,-0.00055984,74.0,4424_1367
27.279791699331334,88.13899702994419,,background_within_mapped_extent,0,2192.0,26.052,0.16762,-0.98585,-0.00011275,102.0,4406_1363
27.247927897520416,88.20202206384334,,background_within_mapped_extent,0,1793.0,20.109,0.14036,0.9901,-9.309e-05,79.0,4410_1362
27.08030990882867,88.21427170106236,,background_within_mapped_extent,0,695.0,22.498,-0.64051,0.76795,0.00342184,98.0,4410_1354
27.30629545679894,88.85372357414191,,background_within_mapped_extent,0,3979.0,33.126,0.91737,0.39803,0.00157341,157.0,4442_1365
27.386503498774847,88.31501536384292,,background_within_mapped_extent,0,1350.0,27.726,-0.99887,0.04757,-0.00251002,115.0,4415_1369
27.405341267021477,88.6586990335263,,background_within_mapped_extent,0,2595.0,24.174,0.81996,-0.57242,0.00042701,109.0,4432_1370
27.47348255765261,88.46271808448773,,background_within_mapped_extent,0,2224.0,31.612,-0.74014,0.67245,0.00688135,172.0,4423_1373
27.3019620575423,88.68422995654535,,background_within_mapped_extent,0,2144.0,25.186,-0.62613,0.77971,0.0015114,123.0,4434_1365
27.416194014998208,88.52841183704496,,background_within_mapped_extent,0,1423.0,21.739,-0.92654,0.37619,-0.00049331,97.0,4426_1370
27.252004343098694,88.6994981199255,,background_within_mapped_extent,0,1282.0,35.938,0.89095,0.4541,0.00275248,159.0,4434_1362
27.328442447389072,88.72327329654436,,background_within_mapped_extent,0,2358.0,41.357,0.79677,-0.60428,-0.003411,206.0,4436_1366
27.315244545217514,88.90419419184038,,background_within_mapped_extent,0,4071.0,25.154,0.54717,-0.83702,-0.00162273,113.0,4445_1365
27.286743120262926,88.8975697248308,,background_within_mapped_extent,0,3869.0,27.579,0.35898,0.93335,0.00123531,123.0,4444_1364
27.495167744558838,88.53046083242391,,background_within_mapped_extent,0,1175.0,28.232,-0.95711,0.28972,0.00289949,131.0,4426_1374
27.447769007674058,88.6346038540128,,background_within_mapped_extent,0,2236.0,29.727,0.92915,0.36971,0.00154953,129.0,4431_1372
27.52900639963802,88.7201254326452,,background_within_mapped_extent,0,3262.0,38.054,-0.50034,-0.86583,-0.00238232,185.0,4436_1376
27.494533533662228,88.69032848986889,,background_within_mapped_extent,0,4128.0,30.634,0.97096,0.23922,-0.00073463,151.0,4434_1374
27.52509327515704,88.58819302653859,,background_within_mapped_extent,0,1330.0,33.271,-0.9991,-0.04233,0.00051721,139.0,4429_1376
27.193912841659586,88.63139483499803,,background_within_mapped_extent,0,640.0,25.432,0.04673,0.99891,0.0021191,100.0,4431_1359
27.25282556600065,88.78882807460896,,background_within_mapped_extent,0,2982.0,45.148,0.77654,-0.63007,0.00068518,232.0,4439_1362
27.226624476747602,88.78931778586495,,background_within_mapped_extent,0,2321.0,21.382,-0.62079,-0.78397,-0.00215063,92.0,4439_1361
27.27893104391819,88.56075251351997,,background_within_mapped_extent,0,1062.0,29.153,-0.83662,-0.54779,-0.00366595,152.0,4428_1363
27.112329348834248,88.21078764022091,,background_within_mapped_extent,0,808.0,25.986,-0.10543,0.99443,-0.00120222,123.0,4410_1355
27.284803409173932,88.30530613871667,,background_within_mapped_extent,0,1356.0,35.116,-0.03555,0.99937,0.00222005,139.0,4415_1364
27.373903954205353,88.166666990451,,background_within_mapped_extent,0,3160.0,34.996,0.81933,-0.57333,-8.71e-05,187.0,4408_1368
27.276491240402937,88.56500411896914,,background_within_mapped_extent,0,1252.0,35.108,-0.63022,-0.77642,0.00107227,178.0,4428_1363
27.33229451553495,88.84315519473924,,background_within_mapped_extent,0,3901.0,5.235,0.97014,0.24254,-0.0016344,26.0,4442_1366
27.26208472192879,88.16453417502908,,background_within_mapped_extent,0,1239.0,28.7,-0.49723,0.86762,0.00018861,148.0,4408_1363
27.250296098169137,88.59917920997908,,background_within_mapped_extent,0,1142.0,15.204,0.75636,0.65415,-0.00180421,66.0,4429_1362
27.579047853859414,88.41307788018226,,background_within_mapped_extent,0,1595.0,54.811,-0.75801,-0.65224,-0.00658184,341.0,4420_1378
27.355747951644254,88.70121835591452,,background_within_mapped_extent,0,2866.0,33.181,-0.81773,0.5756,3.173e-05,165.0,4435_1367
27.240715249321358,88.25206759260664,,background_within_mapped_extent,0,1101.0,24.538,0.12778,0.9918,0.00017877,108.0,4412_1362
27.34970868055702,88.83773796567566,,background_within_mapped_extent,0,3898.0,6.068,0.48342,0.87539,-0.0003316,27.0,4441_1367
27.382376254355197,88.69283680944565,,background_within_mapped_extent,0,3212.0,39.588,-0.70543,-0.70878,0.00218283,215.0,4434_1369
27.226859139204567,88.61560218048233,,background_within_mapped_extent,0,1055.0,21.501,-0.9837,0.17982,0.00290136,86.0,4430_1361
27.239193828710444,88.25752044924023,,background_within_mapped_extent,0,1272.0,27.108,-0.7814,0.62403,-0.00158132,124.0,4412_1361
27.366760892235497,88.29390924320671,,background_within_mapped_extent,0,1549.0,27.734,0.90873,-0.41738,0.00555666,122.0,4414_1368
27.32126741425135,88.42872357759903,,background_within_mapped_extent,0,1368.0,31.041,-0.14078,-0.99004,-0.00022623,123.0,4421_1366
27.298163711087966,88.49332924924849,,background_within_mapped_extent,0,2078.0,25.084,-0.17209,0.98508,-0.00366334,113.0,4424_1364
27.102037838337825,88.26159996045216,,background_within_mapped_extent,0,742.0,23.804,-0.99491,-0.10075,0.00202974,88.0,4413_1355
27.342527337950298,88.44326313636135,,background_within_mapped_extent,0,1657.0,23.576,0.60153,0.79885,0.00037072,98.0,4422_1367
27.272293370174488,88.14475030261256,,background_within_mapped_extent,0,1659.0,35.029,-0.31504,-0.94908,0.00137518,163.0,4407_1363
27.439726060778302,88.10036937895795,,background_within_mapped_extent,0,4271.0,12.027,-0.07171,0.99743,-2.48e-06,70.0,4405_1371
27.228294034074928,88.22766936339903,,background_within_mapped_extent,0,1710.0,21.032,-0.49847,-0.86691,-0.00135204,94.0,4411_1361
27.289429871070116,88.39026171547737,,background_within_mapped_extent,0,1180.0,36.632,-0.5417,-0.84057,0.00100257,191.0,4419_1364
27.328336904190508,88.48936256874967,,background_within_mapped_extent,0,681.0,24.332,-0.98287,0.18429,-0.00563174,129.0,4424_1366
27.297285423571076,88.33722592527533,,background_within_mapped_extent,0,1334.0,26.749,-0.14605,0.98928,-0.0015646,106.0,4416_1364
27.239192811256636,88.27401079916233,,background_within_mapped_extent,0,1557.0,30.523,0.98469,0.17432,-0.00321602,123.0,4413_1361
27.323192201892006,88.2584857145148,,background_within_mapped_extent,0,1204.0,25.561,0.27587,0.96119,-0.0010205,110.0,4412_1366
27.188892568455834,88.64151468634535,,background_within_mapped_extent,0,1068.0,29.304,-0.8661,0.49987,0.00161546,144.0,4432_1359
27.08375820183509,88.21142051856141,,background_within_mapped_extent,0,733.0,21.281,0.43146,-0.90213,0.00044918,97.0,4410_1354
27.398071196202274,88.14390660080065,,background_within_mapped_extent,0,3655.0,34.971,0.26211,-0.96504,7.028e-05,154.0,4407_1369
27.370882937097416,88.25775233638922,,background_within_mapped_extent,0,2533.0,29.298,-0.99999,0.00495,0.0018303,106.0,4412_1368
27.520454915965505,88.56064400452621,,background_within_mapped_extent,0,1166.0,19.433,0.15354,0.98814,-0.00046295,70.0,4428_1376
27.52368747791119,88.7194447584054,,background_within_mapped_extent,0,3156.0,42.399,0.44112,0.89745,-0.00019761,209.0,4435_1376
27.389144149745395,88.44268924563919,,background_within_mapped_extent,0,1136.0,23.931,0.34425,-0.93888,-0.01476338,125.0,4422_1369
27.260033810752716,88.90342023924826,,background_within_mapped_extent,0,3402.0,41.611,0.84597,-0.53323,-0.00059543,237.0,4445_1363
27.237009026624886,88.75439718869063,,background_within_mapped_extent,0,1840.0,37.653,0.98464,-0.17461,-0.00136186,166.0,4437_1361
27.387708049537213,88.74227842435248,,background_within_mapped_extent,0,3615.0,29.9,-0.07005,-0.99754,-0.00063532,117.0,4437_1369
27.288050881148536,88.23578150730506,,background_within_mapped_extent,0,1441.0,17.678,0.5055,-0.86283,0.00141007,79.0,4411_1364
27.1087514497984,88.32379263893014,,background_within_mapped_extent,0,329.0,15.223,-0.99529,-0.09698,0.00366599,89.0,4416_1355
27.445011090778124,88.67794700932335,,background_within_mapped_extent,0,2181.0,40.597,-0.76006,0.64986,-0.0008291,215.0,4433_1372
27.23634399011726,88.68958890913606,,background_within_mapped_extent,0,1660.0,44.504,-0.62038,-0.7843,0.00169989,246.0,4434_1361
27.38402330633268,88.82118776370177,,background_within_mapped_extent,0,4183.0,28.185,-0.94606,-0.32399,-0.00297778,132.0,4441_1369
27.143771586533003,88.157286311847,,background_within_mapped_extent,0,1144.0,11.653,0.88897,0.45796,0.00014627,57.0,4407_1357
27.353262645618887,88.81281144434553,,background_within_mapped_extent,0,3989.0,16.316,0.9869,-0.16132,-0.00219571,68.0,4440_1367
27.21287670890637,88.58810113661004,,background_within_mapped_extent,0,1429.0,37.179,-0.99983,0.01831,-0.00049162,142.0,4429_1360
27.384416719937327,88.09167188354873,,background_within_mapped_extent,0,3576.0,19.582,-0.97998,-0.19912,0.0008798,68.0,4404_1369
27.421274682761894,88.30390979208231,,background_within_mapped_extent,0,2255.0,41.812,0.36335,-0.93165,0.00256951,196.0,4415_1371
27.190508614506502,88.56543942523567,,background_within_mapped_extent,0,603.0,24.963,0.08354,-0.9965,0.00055025,97.0,4428_1359
27.202456280627025,88.8071701409949,,background_within_mapped_extent,0,2220.0,27.239,0.87416,-0.48564,-0.003235,124.0,4440_1360
27.36251827189284,88.57852323201307,,background_within_mapped_extent,0,2087.0,32.482,-0.2727,-0.9621,0.00280149,134.0,4428_1368
27.42874717165131,88.39203508078181,,background_within_mapped_extent,0,2905.0,39.915,0.0332,-0.99945,-0.00359826,162.0,4419_1371
27.369669030693142,88.67845650949828,,background_within_mapped_extent,0,2529.0,27.634,-0.66057,-0.75077,-0.00107185,137.0,4433_1368
27.34172416292832,88.41211383826767,,background_within_mapped_extent,0,2895.0,21.282,0.99837,-0.05705,-0.00252671,90.0,4420_1367
27.28481380640732,88.49984492957184,,background_within_mapped_extent,0,1971.0,34.65,0.82392,-0.5667,-0.00197633,177.0,4424_1364
27.431395066723866,88.39102769682245,,background_within_mapped_extent,0,2959.0,30.992,-0.89946,0.43701,-6.063e-05,136.0,4419_1371
27.173567847828103,88.20283472424416,,background_within_mapped_extent,0,1688.0,17.762,-0.58533,0.81079,0.00032225,79.0,4410_1358
27.317821235303448,88.23212455247257,,background_within_mapped_extent,0,1376.0,18.307,-0.6087,0.7934,-0.00020827,89.0,4411_1365
27.535896806604388,88.68516968238487,,background_within_mapped_extent,0,2770.0,39.669,-0.65148,0.75867,-0.00041494,200.0,4434_1376
27.34302463445044,88.37716337608678,,background_within_mapped_extent,0,2929.0,16.04,-0.99999,0.00483,0.0001186,59.0,4418_1367
27.45731145167804,88.69231407888715,,background_within_mapped_extent,0,2595.0,44.887,0.27748,-0.96073,7.367e-05,224.0,4434_1372
27.37126818809639,88.72815440873993,,background_within_mapped_extent,0,3450.0,27.686,-0.21441,0.97674,8.419e-05,120.0,4436_1368
27.176159452343068,88.13455020685439,,background_within_mapped_extent,0,2744.0,28.28,0.27881,0.96035,0.00358435,109.0,4406_1358
27.268365057977945,88.89870606204667,,background_within_mapped_extent,0,4141.0,32.204,0.54909,-0.83576,-0.00127352,146.0,4444_1363
27.54081025670101,88.67284536110077,,background_within_mapped_extent,0,1902.0,33.215,-0.76787,0.6406,-0.00323936,189.0,4433_1377
27.23740047060646,88.39069978226026,,background_within_mapped_extent,0,1651.0,28.93,0.74379,0.66841,0.00154721,153.0,4419_1361
27.377169201170954,88.57676004999198,,background_within_mapped_extent,0,1781.0,16.894,0.12347,0.99235,-0.00099112,76.0,4428_1368
27.38826360669524,88.40330888733592,,background_within_mapped_extent,0,2798.0,31.967,0.99928,0.03783,-0.00125728,125.0,4420_1369
27.316667976611996,88.86060675705099,,background_within_mapped_extent,0,3880.0,30.61,-0.64088,-0.76764,0.00287077,141.0,4443_1365
27.268397778814823,88.21873758312067,,background_within_mapped_extent,0,883.0,22.488,-0.08388,0.99648,0.00103626,89.0,4410_1363
27.137040889805952,88.39024538319373,,background_within_mapped_extent,0,1835.0,18.365,0.1297,0.99155,0.00448288,68.0,4419_1356
27.432452165154903,88.18930434176671,,background_within_mapped_extent,0,2549.0,35.392,0.99899,0.04496,0.00241423,144.0,4409_1371
27.11986225771662,88.25945367446157,,background_within_mapped_extent,0,438.0,18.599,-0.24351,0.9699,-0.00226574,77.0,4412_1355
27.537322115592605,88.70255785123149,,background_within_mapped_extent,0,2950.0,46.744,0.59329,-0.80499,0.00144156,281.0,4435_1376
27.174926858827963,88.28944822288805,,background_within_mapped_extent,0,444.0,19.094,0.04413,-0.99903,-0.00989488,90.0,4414_1358
27.345689599118455,88.20919952230777,,background_within_mapped_extent,0,1321.0,30.997,-0.05086,0.99871,-0.00158412,117.0,4410_1367
27.205538922515366,88.45481964345134,,background_within_mapped_extent,0,1214.0,34.263,0.96644,-0.2569,0.00140928,154.0,4422_1360
27.12614331528559,88.47836047620335,,background_within_mapped_extent,0,443.0,38.805,-0.3696,-0.92919,-0.00041163,190.0,4423_1356
27.224398856858485,88.2671351401292,,background_within_mapped_extent,0,1544.0,42.182,0.50273,-0.86445,7.237e-05,227.0,4413_1361
27.535013467676357,88.7123765465229,,background_within_mapped_extent,0,3222.0,34.962,-0.9177,0.39727,0.00711421,162.0,4435_1376
27.362175285177162,88.3123488318195,,background_within_mapped_extent,0,1163.0,33.819,0.98684,0.16171,-0.00092644,146.0,4415_1368
27.356552736478736,88.58372503873795,,background_within_mapped_extent,0,1667.0,33.431,0.03577,-0.99936,0.00031002,127.0,4429_1367
27.20223795562114,88.19142452043724,,background_within_mapped_extent,0,2520.0,30.434,0.59811,0.80142,5.191e-05,155.0,4409_1360
27.459442996005826,88.55545829419971,,background_within_mapped_extent,0,1643.0,20.081,-0.59268,0.80544,-0.00018823,95.0,4427_1372
27.265220120973712,88.3050200727335,,background_within_mapped_extent,0,941.0,41.479,-0.46659,-0.88447,-0.00052664,214.0,4415_1363
27.47272590404806,88.39958525890746,,background_within_mapped_extent,0,3039.0,36.11,-0.98244,0.18659,-0.0004059,143.0,4419_1373
27.1774491021314,88.71893692095696,,background_within_mapped_extent,0,1782.0,28.567,0.98974,0.14285,0.0024562,107.0,4435_1358
27.287806332344392,88.20374743231432,,background_within_mapped_extent,0,1710.0,30.762,0.71868,-0.69534,-0.00022267,153.0,4410_1364
27.19796974305997,88.4386935219124,,background_within_mapped_extent,0,1411.0,25.866,0.41251,-0.91095,0.00617642,118.0,4421_1359
27.521468695037147,88.66496595094156,,background_within_mapped_extent,0,2620.0,19.123,0.47267,0.88124,-0.00095796,95.0,4433_1376
27.248176901964975,88.8077668251528,,background_within_mapped_extent,0,2770.0,36.938,-0.27155,-0.96242,-0.00027191,166.0,4440_1362
27.199649715740996,88.50907387487666,,background_within_mapped_extent,0,808.0,30.006,-0.7119,0.70228,-0.00091383,151.0,4425_1359
27.15313128235205,88.26049624914111,,background_within_mapped_extent,0,1349.0,38.063,0.93828,-0.34587,0.00610138,164.0,4413_1357
27.34336732675112,88.72328684042853,,background_within_mapped_extent,0,2743.0,19.503,0.99999,-0.00392,-0.00698237,121.0,4436_1367
27.349817359909277,88.47410361199333,,background_within_mapped_extent,0,598.0,22.868,0.89244,0.45116,0.00231331,100.0,4423_1367
27.299012705380356,88.51404242193675,,background_within_mapped_extent,0,1967.0,28.264,-0.58124,0.81373,0.00015576,128.0,4425_1364
27.13413465193279,88.16226430642821,,background_within_mapped_extent,0,1000.0,26.642,0.15227,-0.98834,-0.00139872,101.0,4408_1356
27.324349051446937,88.87526516085049,,background_within_mapped_extent,0,4295.0,9.243,0.36697,-0.93023,-0.00074055,42.0,4443_1366
27.177931474832867,88.52955260175455,,background_within_mapped_extent,0,384.0,9.301,0.636,-0.77169,-0.00095414,66.0,4426_1358
27.391655361143847,88.32717939857169,,background_within_mapped_extent,0,1799.0,34.95,0.91414,-0.4054,0.00212222,196.0,4416_1369
27.28080517001316,88.45186290105333,,background_within_mapped_extent,0,947.0,40.231,-0.9325,0.36118,-0.00025409,183.0,4422_1364
27.167000972797208,88.5099738840087,,background_within_mapped_extent,0,921.0,32.182,0.92695,0.37519,0.00043877,154.0,4425_1358
27.317265275607216,88.69222563513026,,background_within_mapped_extent,0,2472.0,18.607,-0.55279,-0.83332,-0.00133597,99.0,4434_1365
27.467827915739228,88.58889775177816,,background_within_mapped_extent,0,2614.0,26.166,-0.40141,0.9159,-5.043e-05,113.0,4429_1373
27.180193206886983,88.73743108463954,,background_within_mapped_extent,0,1583.0,29.411,0.76376,0.6455,-0.0011113,140.0,4436_1359
27.300841643740977,88.85052817861265,,background_within_mapped_extent,0,4135.0,24.566,0.27953,-0.96014,0.00246143,121.0,4442_1365
27.148366218593335,88.15989650688464,,background_within_mapped_extent,0,1105.0,18.168,0.72795,-0.68563,0.00104168,85.0,4407_1357
27.276789237888565,88.59721750956832,,background_within_mapped_extent,0,847.0,16.922,-0.99974,-0.02283,0.00129904,69.0,4429_1363
27.237413284053464,88.84885027776001,,background_within_mapped_extent,0,1986.0,17.215,-0.09862,-0.99513,-0.00211234,73.0,4442_1361
27.313176745085766,88.67881322389398,,background_within_mapped_extent,0,2547.0,29.671,-0.59727,-0.80204,0.00058089,147.0,4433_1365
27.38715370660761,88.621261115525,,background_within_mapped_extent,0,1344.0,30.333,-0.18515,0.98271,0.00370026,118.0,4431_1369
27.574164922268434,88.45861480557174,,background_within_mapped_extent,0,2386.0,36.366,0.29236,-0.95631,0.00036111,167.0,4422_1378
27.161661534883415,88.34558514706366,,background_within_mapped_extent,0,1090.0,33.937,-0.74718,0.66462,-0.00379921,175.0,4417_1358
27.518625308505136,88.6370269703432,,background_within_mapped_extent,0,2428.0,25.278,0.6,0.8,0.00031705,116.0,4431_1375
27.228512188380446,88.62129971398389,,background_within_mapped_extent,0,1196.0,31.505,0.10197,-0.99479,-0.00156027,129.0,4431_1361
27.262595543781906,88.87116864674199,,background_within_mapped_extent,0,3126.0,31.698,-0.94456,0.32835,-0.00118745,130.0,4443_1363
27.282240428696994,88.68952836341042,,background_within_mapped_extent,0,2211.0,30.39,0.86206,-0.50681,0.00126519,152.0,4434_1364
27.451251438692555,88.53598518526586,,background_within_mapped_extent,0,1551.0,24.987,-0.98647,0.16392,-1.804e-05,102.0,4426_1372
27.551226710327143,88.49002890582338,,background_within_mapped_extent,0,1710.0,13.709,-0.99635,-0.0854,-0.00309568,58.0,4424_1377
27.412441355902033,88.41213869137049,,background_within_mapped_extent,0,2836.0,33.164,0.8884,-0.45908,0.00041339,157.0,4420_1370
27.284918016572714,88.34527994998489,,background_within_mapped_extent,0,1806.0,11.463,-0.75342,0.65753,-1.317e-05,58.0,4417_1364
27.1342110679198,88.4301694442903,,background_within_mapped_extent,0,905.0,35.226,0.99923,0.03934,-4.37e-06,154.0,4421_1356
27.423339734268595,88.127477682551,,background_within_mapped_extent,0,3995.0,33.713,0.59533,-0.80348,-0.00113614,167.0,4406_1371
27.420895001954474,88.61740839917005,,background_within_mapped_extent,0,1578.0,29.426,-0.29547,-0.95535,-0.00032259,136.0,4430_1371
27.198728431764877,88.79564900377105,,background_within_mapped_extent,0,2762.0,30.489,0.93883,-0.34439,-0.00069596,149.0,4439_1359
27.141068537712794,88.28687529370957,,background_within_mapped_extent,0,446.0,38.501,-0.63381,0.77349,-0.00247407,193.0,4414_1357
27.427207692390414,88.29414720131705,,background_within_mapped_extent,0,2614.0,42.254,0.56873,-0.82252,0.00437291,232.0,4414_1371
27.441434827030918,88.51883143772437,,background_within_mapped_extent,0,983.0,32.896,-0.78587,0.61839,-0.00197849,168.0,4425_1372
27.40091553399673,88.26945589676288,,background_within_mapped_extent,0,2055.0,33.59,0.46635,0.8846,0.00055434,161.0,4413_1370
27.432914213092197,88.39508491433973,,background_within_mapped_extent,0,3087.0,3.847,-0.61964,-0.78488,0.00676242,72.0,4419_1371
27.39277531372938,88.80822953862582,,background_within_mapped_extent,0,4221.0,13.32,-0.85646,0.51622,0.00177761,58.0,4440_1369
27.566626312124903,88.4335522248701,,background_within_mapped_extent,0,1314.0,38.608,-0.92533,0.37917,0.0029768,190.0,4421_1378
27.239046151545907,88.78987368234074,,background_within_mapped_extent,0,2140.0,21.072,-0.90838,0.41814,-0.00316274,84.0,4439_1361
27.328508908128576,88.52097729004116,,background_within_mapped_extent,0,1843.0,20.057,-0.63531,-0.77226,-0.00087885,91.0,4426_1366
27.245395543317535,88.5971477185453,,background_within_mapped_extent,0,1316.0,16.607,0.77768,0.62866,0.00127941,72.0,4429_1362
27.310696236598247,88.46541347681918,,background_within_mapped_extent,0,951.0,30.894,-0.86116,0.50834,-0.00210811,141.0,4423_1365
27.411239006110154,88.25652477450596,,background_within_mapped_extent,0,2687.0,36.901,0.59377,0.80464,-0.00123659,170.0,4412_1370
27.204668130360155,88.29918678839641,,background_within_mapped_extent,0,902.0,20.59,-0.66917,0.74311,-0.00031051,101.0,4414_1360
27.285892512873577,88.55696469846093,,background_within_mapped_extent,0,1631.0,33.41,0.62956,-0.77695,-0.00120213,173.0,4427_1364
27.48036984332069,88.1679772448697,,background_within_mapped_extent,0,4029.0,7.068,-0.07841,-0.99692,0.00169191,38.0,4408_1374
27.275260121490934,88.1483164579867,,background_within_mapped_extent,0,1820.0,40.707,0.77165,-0.63605,-0.00199679,220.0,4407_1363
27.292734218812612,88.18156346091465,,background_within_mapped_extent,0,1898.0,19.697,0.36469,0.93113,-0.00236186,82.0,4409_1364
27.565005434052235,88.5862558355362,,background_within_mapped_extent,0,2619.0,24.358,-0.81909,-0.57367,-0.00034455,128.0,4429_1378
27.361794540556776,88.41578358381284,,background_within_mapped_extent,0,3072.0,20.418,0.65294,0.75741,0.00189075,94.0,4420_1368
27.433306630696272,88.48293100307664,,background_within_mapped_extent,0,1763.0,39.347,-0.28968,0.95712,0.00329342,168.0,4424_1371
27.455553952043076,88.13049777305366,,background_within_mapped_extent,0,3723.0,18.639,0.52295,0.85236,0.00283145,87.0,4406_1372
27.29378924469852,88.4485561848095,,background_within_mapped_extent,0,651.0,28.028,-0.96536,0.26091,-0.00071833,123.0,4422_1364
27.42588817569136,88.09245350262727,,background_within_mapped_extent,0,4559.0,18.901,0.88021,-0.47458,-0.00144473,82.0,4404_1371
27.238688536840236,88.40984891469971,,background_within_mapped_extent,0,1621.0,19.035,0.16505,0.98628,-0.00093683,80.0,4420_1361
27.49480993686639,88.69848769602652,,background_within_mapped_extent,0,4073.0,26.976,0.27832,0.96049,0.0024709,118.0,4434_1374
27.5437245494879,88.47466804704548,,background_within_mapped_extent,0,1084.0,26.439,-0.68152,-0.7318,0.00141351,127.0,4423_1377
27.480523555583268,88.4269251193667,,background_within_mapped_extent,0,2273.0,30.65,0.4547,-0.89065,-0.00043559,152.0,4421_1374
27.415209332943306,88.07804496960392,,background_within_mapped_extent,0,3995.0,30.614,-0.97641,-0.21594,-0.00052133,132.0,4403_1370
27.354725870272997,88.76305689149541,,background_within_mapped_extent,0,3429.0,28.463,-0.17934,-0.98379,-0.000179,121.0,4438_1367
27.460867136315677,88.39057085021004,,background_within_mapped_extent,0,2679.0,25.426,-0.98748,0.15776,-5.55e-06,104.0,4419_1373
27.46752228647405,88.48589638848324,,background_within_mapped_extent,0,2075.0,31.305,-0.34486,-0.93865,0.00086842,151.0,4424_1373
27.263432934044054,88.45157222940281,,background_within_mapped_extent,0,736.0,26.245,-0.12958,-0.99157,0.00072305,111.0,4422_1363
27.17828487096716,88.23824380550649,,background_within_mapped_extent,0,1080.0,25.909,-0.97213,0.23445,2.935e-05,99.0,4411_1358
27.415893730276117,88.1670058784911,,background_within_mapped_extent,0,2972.0,36.909,0.67497,0.73784,-0.00089608,187.0,4408_1370
27.27678431935788,88.43771174468536,,background_within_mapped_extent,0,398.0,14.035,0.96679,-0.25559,-0.00476439,56.0,4421_1363
27.417246306615283,88.23964175188135,,background_within_mapped_extent,0,3149.0,17.189,0.44002,0.89799,0.00221055,70.0,4411_1370
27.361113377360592,88.53998402900314,,background_within_mapped_extent,0,2231.0,28.999,0.90708,0.42096,-0.0023564,126.0,4426_1368
27.446314285060804,88.76776882234215,,background_within_mapped_extent,0,4120.0,17.295,-0.10259,-0.99472,-0.00214532,77.0,4438_1372
27.326570195487083,88.57051838469125,,background_within_mapped_extent,0,1186.0,15.98,-0.32494,-0.94573,-1.253e-05,68.0,4428_1366
27.290522186484743,88.27386838226495,,background_within_mapped_extent,0,1155.0,34.759,0.23216,-0.97268,0.00189919,168.0,4413_1364
27.508272458665946,88.7063864035686,,background_within_mapped_extent,0,3287.0,33.007,0.84243,0.53881,-0.00285548,166.0,4435_1375
27.27275512747938,88.53546738771799,,background_within_mapped_extent,0,1392.0,5.227,-0.50104,0.86543,0.00082923,37.0,4426_1363
27.345639516099023,88.28300328465612,,background_within_mapped_extent,0,1764.0,22.649,-0.99858,-0.05326,1.62e-06,87.0,4414_1367
27.368151733418703,88.32128472355683,,background_within_mapped_extent,0,1330.0,18.254,-0.89694,0.44215,0.00267897,81.0,4416_1368
27.412024470707276,88.82509129662222,,background_within_mapped_extent,0,4496.0,21.702,0.15704,0.98759,0.00042771,112.0,4441_1370
27.321179049265186,88.45615727705996,,background_within_mapped_extent,0,630.0,29.575,-0.11258,-0.99364,0.0008685,121.0,4422_1366
27.37972161554552,88.23475834200703,,background_within_mapped_extent,0,2183.0,34.536,-0.97073,-0.24016,0.00112457,146.0,4411_1368
27.429764649304364,88.21764641895292,,background_within_mapped_extent,0,3602.0,23.603,0.80418,0.59439,-0.00041255,109.0,4410_1371
27.11998633849829,88.23381463296366,,background_within_mapped_extent,0,382.0,15.945,0.08264,-0.99658,-0.0064997,60.0,4411_1355
27.292698831445605,88.22763861693853,,background_within_mapped_extent,0,1545.0,14.113,-0.14915,-0.98881,-0.00034321,53.0,4411_1364
27.138953529033174,88.20083304102734,,background_within_mapped_extent,0,764.0,23.207,-0.83255,-0.55395,0.00139643,105.0,4410_1356
27.238075524881417,88.79534614798939,,background_within_mapped_extent,0,2483.0,37.134,-0.99595,0.08987,0.00272245,149.0,4439_1361
27.09656144772265,88.36126608778447,,background_within_mapped_extent,0,256.0,7.917,-0.14981,-0.98872,0.00012502,31.0,4418_1354
27.208403792552506,88.3583210300194,,background_within_mapped_extent,0,1687.0,41.115,0.18141,-0.98341,0.00145333,188.0,4417_1360
27.176689438973593,88.57827551294749,,background_within_mapped_extent,0,829.0,35.544,-0.98559,-0.16913,0.00150104,143.0,4428_1358
27.397761599220747,88.14798821554811,,background_within_mapped_extent,0,3510.0,37.676,0.40647,-0.91366,0.00125158,202.0,4407_1369
27.50464148879981,88.70322432386672,,background_within_mapped_extent,0,3651.0,33.047,0.73226,0.68102,-0.00022499,166.0,4435_1375
27.49737280236598,88.5490565393339,,background_within_mapped_extent,0,1601.0,22.513,-0.83102,0.55625,-0.00106681,104.0,4427_1374
27.33056272062024,88.48108300960351,,background_within_mapped_extent,0,468.0,8.592,0.87329,-0.4872,-0.0037571,44.0,4424_1366
27.270280018508362,88.89145877796298,,background_within_mapped_extent,0,3989.0,38.281,-0.57724,0.81658,-0.00151838,195.0,4444_1363
27.379177915681858,88.3932156233377,,background_within_mapped_extent,0,2852.0,14.688,0.22254,0.97492,0.00057937,64.0,4419_1368
27.23844297744172,88.15904711671797,,background_within_mapped_extent,0,2294.0,16.602,-0.36335,0.93165,-0.00116748,68.0,4407_1361
27.12218890367252,88.21566669987256,,background_within_mapped_extent,0,623.0,29.476,0.84285,-0.53815,0.00291598,142.0,4410_1356
27.381621716256987,88.80044078603773,,background_within_mapped_extent,0,4064.0,24.357,0.99705,-0.0767,-0.00177236,116.0,4440_1369
27.2851916802001,88.35945346842358,,background_within_mapped_extent,0,2166.0,21.102,-0.93574,0.3527,0.00048992,87.0,4417_1364
27.405010020410657,88.42275601008495,,background_within_mapped_extent,0,2237.0,28.228,0.9935,0.11384,-0.00116128,119.0,4421_1370
27.24280744390891,88.3879729748502,,background_within_mapped_extent,0,1443.0,19.054,0.90077,-0.4343,-0.0041827,119.0,4419_1362
27.37020088789526,88.4397251856118,,background_within_mapped_extent,0,1983.0,28.059,0.46381,0.88593,0.00327663,144.0,4421_1368
27.418676532928636,88.44908542123848,,background_within_mapped_extent,0,2701.0,22.577,0.64804,0.76161,-0.00135658,114.0,4422_1370
27.238245443692197,88.52953736954538,,background_within_mapped_extent,0,641.0,28.465,-0.86331,-0.50467,0.00041056,130.0,4426_1361
27.269137999676676,88.34820702789082,,background_within_mapped_extent,0,2279.0,18.352,-0.46056,0.88763,0.00094808,76.0,4417_1363
27.155697904433183,88.1300117313641,,background_within_mapped_extent,0,2390.0,27.431,0.39069,-0.92052,-0.00164537,128.0,4406_1357
27.274744574112677,88.67614862077039,,background_within_mapped_extent,0,2510.0,28.666,0.60971,-0.79262,-0.00083881,130.0,4433_1363
27.36739233893927,88.23420279567688,,background_within_mapped_extent,0,1880.0,19.528,-0.98292,0.18405,0.00205498,79.0,4411_1368
27.20446207372356,88.70432622557878,,background_within_mapped_extent,0,970.0,38.055,-0.19339,-0.98112,0.00156267,183.0,4435_1360
27.42411781535061,88.56689998195539,,background_within_mapped_extent,0,2156.0,23.265,0.90453,0.42642,-0.00072176,104.0,4428_1371
27.430240654581826,88.0812633990998,,background_within_mapped_extent,0,4438.0,18.549,0.07036,-0.99752,-0.00012689,93.0,4404_1371
27.521901407684872,88.69382920490017,,background_within_mapped_extent,0,2620.0,21.527,0.5176,0.85562,-0.00157921,101.0,4434_1376
27.315663004603323,88.47915206052012,,background_within_mapped_extent,0,1070.0,25.994,-0.8118,0.58393,-0.00025723,125.0,4423_1365
27.368676298644925,88.371956301867,,background_within_mapped_extent,0,1961.0,22.216,-0.53732,0.84338,-6.599e-05,101.0,4418_1368
27.152775931490684,88.28269481684181,,background_within_mapped_extent,0,552.0,27.594,0.72546,-0.68826,-0.00068526,136.0,4414_1357
27.332120447173967,88.72115711406207,,background_within_mapped_extent,0,2697.0,27.514,0.96525,-0.26131,-0.00017678,103.0,4436_1366
27.582360731705585,88.51397282477687,,background_within_mapped_extent,0,2878.0,28.232,0.95711,0.28972,-0.00146564,126.0,4425_1379
27.384259306326662,88.2108012058533,,background_within_mapped_extent,0,1965.0,39.776,0.91264,-0.40877,-0.00091785,196.0,4410_1369
27.266934184114913,88.8108711005938,,background_within_mapped_extent,0,3110.0,17.21,0.92817,0.37216,0.00349246,75.0,4440_1363
27.36831055013638,88.4664179587046,,background_within_mapped_extent,0,1141.0,25.499,0.64646,-0.76294,-1.996e-05,124.0,4423_1368
27.264543169585785,88.4170731553425,,background_within_mapped_extent,0,977.0,32.257,0.37632,0.92649,0.00069944,144.0,4420_1363
27.130257008475677,88.41067731703168,,background_within_mapped_extent,0,1878.0,29.801,0.95061,-0.3104,0.00378943,130.0,4420_1356
27.229214796560484,88.29490875526133,,background_within_mapped_extent,0,870.0,39.697,0.66758,-0.74454,-8.675e-05,212.0,4414_1361
27.31455186271023,88.5000425173934,,background_within_mapped_extent,0,1555.0,20.076,-0.72585,0.68785,-0.00128174,100.0,4425_1365
27.2681458574353,88.62854275464973,,background_within_mapped_extent,0,1520.0,27.051,-0.61469,0.78877,0.00075748,125.0,4431_1363
27.345816950312685,88.44900659155901,,background_within_mapped_extent,0,1355.0,40.887,0.49406,0.86943,0.00211652,193.0,4422_1367
27.141585835456215,88.2340180749863,,background_within_mapped_extent,0,1126.0,25.615,-0.87196,0.48957,-0.0018796,118.0,4411_1357
27.250749055275396,88.21155289006023,,background_within_mapped_extent,0,1614.0,32.358,0.45596,0.89,0.00109035,140.0,4410_1362
27.498855927679404,88.39970613270121,,background_within_mapped_extent,0,2653.0,19.008,-0.01613,0.99987,-0.0003513,85.0,4419_1374
27.53218362667654,88.6140642953298,,background_within_mapped_extent,0,1685.0,25.681,0.08376,0.99649,-0.00088931,103.0,4430_1376
27.296057295837414,88.59891344628184,,background_within_mapped_extent,0,1116.0,29.129,0.6555,-0.7552,0.00016935,132.0,4429_1364
27.228130328769655,88.66110051700497,,background_within_mapped_extent,0,1037.0,21.032,0.43707,-0.89943,-0.00159392,117.0,4433_1361
27.55584828780231,88.51259133179569,,background_within_mapped_extent,0,1815.0,31.203,-0.74067,-0.67187,-0.00187725,142.0,4425_1377
27.27908756035073,88.54087688260466,,background_within_mapped_extent,0,1356.0,12.684,-0.40728,-0.9133,-0.00138425,64.0,4427_1363
27.100749734968616,88.43448479622845,,background_within_mapped_extent,0,945.0,17.58,0.88549,0.46466,0.00087733,74.0,4421_1355
27.21974092137898,88.21232558503723,,background_within_mapped_extent,0,1669.0,30.381,0.92634,0.37669,-0.00229347,125.0,4410_1360
27.357156521933785,88.5219568941852,,background_within_mapped_extent,0,2257.0,18.805,-0.09789,0.9952,0.00187435,69.0,4426_1367
27.32483350797302,88.66026743432357,,background_within_mapped_extent,0,1906.0,33.138,-0.97014,-0.24254,0.00096081,135.0,4433_1366
27.273273929582857,88.44438066940425,,background_within_mapped_extent,0,636.0,30.808,-0.99686,-0.07919,-0.00149048,118.0,4422_1363
27.27603100518397,88.36199633647736,,background_within_mapped_extent,0,2110.0,30.485,0.94137,-0.33738,0.00089697,134.0,4418_1363
27.305156180597336,88.72546898471862,,background_within_mapped_extent,0,1674.0,17.134,-0.84698,-0.53162,-0.00501143,83.0,4436_1365
27.342350062927384,88.23782235434973,,background_within_mapped_extent,0,1182.0,20.109,-0.8763,-0.48177,0.00054445,86.0,4411_1367
27.093277347485923,88.25316540222212,,background_within_mapped_extent,0,1092.0,14.161,-0.8312,0.55597,0.0020393,79.0,4412_1354
27.10086252272563,88.18124910418571,,background_within_mapped_extent,0,1561.0,18.344,-0.85452,0.51942,0.00077939,85.0,4409_1355
27.370540083980913,88.21733161169692,,background_within_mapped_extent,0,1778.0,5.174,0.75163,0.65959,0.00128861,20.0,4410_1368
27.35380626447549,88.84067860798397,,background_within_mapped_extent,0,3864.0,7.769,-0.96707,0.25449,-0.00044176,34.0,4442_1367
27.174808977913163,88.59174874037255,,background_within_mapped_extent,0,1148.0,22.467,0.178,0.98403,-0.00045634,94.0,4429_1358
27.39681132077957,88.74346902452952,,background_within_mapped_extent,0,3958.0,20.039,-0.92149,-0.3884,0.00241616,93.0,4437_1369
27.11540779217016,88.35009270748726,,background_within_mapped_extent,0,721.0,27.542,-0.58325,-0.81229,-7.223e-05,127.0,4417_1355
27.30076262738159,88.24410056525456,,background_within_mapped_extent,0,1852.0,37.482,0.14852,-0.98891,-0.00390719,182.0,4412_1365
27.26898696417932,88.86956801471845,,background_within_mapped_extent,0,2855.0,39.217,-0.95137,0.30805,-0.00102003,176.0,4443_1363
27.355545152322236,88.71756411505439,,background_within_mapped_extent,0,3049.0,35.018,-0.78893,-0.61449,0.00306301,175.0,4435_1367
27.23825535682133,88.20662960576539,,background_within_mapped_extent,0,2060.0,11.043,-0.27754,0.96071,0.00043785,47.0,4410_1361
27.426202540827525,88.61538725871075,,background_within_mapped_extent,0,1800.0,24.439,-0.95966,-0.28117,0.00053844,107.0,4430_1371
27.189102190524732,88.42557217952455,,background_within_mapped_extent,0,1076.0,21.41,0.12752,-0.99184,-0.00256132,93.0,4421_1359
27.332684750797696,88.14102407397982,,background_within_mapped_extent,0,1931.0,19.262,0.63194,0.77502,-0.00139855,91.0,4407_1366
27.338313363356974,88.49925360969517,,background_within_mapped_extent,0,1103.0,27.601,-0.29222,0.95635,0.00363033,114.0,4424_1366
27.32216908015287,88.4703432343392,,background_within_mapped_extent,0,491.0,17.791,-0.65789,0.75311,-0.00021931,79.0,4423_1366
27.102729228756765,88.41428081372334,,background_within_mapped_extent,0,788.0,23.89,-0.20696,-0.97835,-0.00018372,99.0,4420_1355
27.188740391750816,88.56304349841412,,background_within_mapped_extent,0,485.0,22.316,-0.10151,-0.99483,-0.00147532,96.0,4428_1359
27.31739646420643,88.90058522209969,,background_within_mapped_extent,0,4173.0,17.411,-0.82378,-0.5669,0.00355497,82.0,4445_1365
27.320895845046113,88.82704119786004,,background_within_mapped_extent,0,3915.0,19.542,-0.29738,0.95476,0.00256672,80.0,4441_1366
27.484330954405475,88.6110352278549,,background_within_mapped_extent,0,3299.0,37.275,0.0,1.0,-0.0,158.0,4430_1374
27.40756542954992,88.41984564481827,,background_within_mapped_extent,0,2325.0,22.732,0.97795,-0.20885,-0.00148561,97.0,4420_1370
27.420692109187254,88.34989532457374,,background_within_mapped_extent,0,2198.0,31.371,0.17768,0.98409,-0.00189404,128.0,4417_1371
27.293951957536837,88.37008948278374,,background_within_mapped_extent,0,1926.0,18.303,0.99093,0.13436,0.00024077,77.0,4418_1364
27.33701600628622,88.75349658206379,,background_within_mapped_extent,0,3300.0,29.973,-0.38051,0.92478,-0.00033528,145.0,4437_1366
27.312434836995433,88.68784459372665,,background_within_mapped_extent,0,2397.0,23.17,-0.89892,0.4381,0.00262658,100.0,4434_1365
27.464820315878338,88.23503369603739,,background_within_mapped_extent,0,4404.0,35.36,0.73398,-0.67917,0.00022579,166.0,4411_1373
27.1730563299462,88.16174320538956,,background_within_mapped_extent,0,1312.0,9.527,0.91037,-0.4138,-0.00495106,61.0,4408_1358
27.465923041302496,88.59247471627425,,background_within_mapped_extent,0,2788.0,20.876,-0.18209,0.98328,0.00188833,84.0,4429_1373
27.212556082432606,88.82524457681517,,background_within_mapped_extent,0,1658.0,26.73,0.93768,-0.34749,-0.00245036,121.0,4441_1360
27.172567042149545,88.18196276599424,,background_within_mapped_extent,0,2036.0,11.869,-0.70047,0.71368,0.00330554,58.0,4409_1358
27.34962824225339,88.3009328627386,,background_within_mapped_extent,0,1923.0,20.234,0.26375,-0.96459,0.00077259,99.0,4415_1367
27.322413726564413,88.35859303048294,,background_within_mapped_extent,0,1832.0,19.985,-0.9242,-0.3819,-0.00149146,93.0,4417_1366
27.213006151377577,88.17588233452938,,background_within_mapped_extent,0,2619.0,23.919,-0.3977,0.91752,-0.00092011,102.0,4408_1360
27.134995257443006,88.31570893119614,,background_within_mapped_extent,0,767.0,24.701,-0.83941,-0.5435,-0.00086658,113.0,4415_1356
27.443376163001695,88.5259229571284,,background_within_mapped_extent,0,1268.0,26.081,-0.67816,0.73491,-0.0007252,122.0,4426_1372
27.32386458000879,88.10854063752063,,background_within_mapped_extent,0,3137.0,41.563,0.88188,0.47148,-0.00377691,209.0,4405_1366
27.306313233629634,88.7560602163313,,background_within_mapped_extent,0,3120.0,42.34,-0.89167,-0.45269,-0.00160517,223.0,4437_1365
27.195564672918216,88.76082573904829,,background_within_mapped_extent,0,2497.0,18.768,0.71118,0.70301,-0.00122264,78.0,4438_1359
27.161191866206888,88.36131116649034,,background_within_mapped_extent,0,1307.0,22.237,0.73376,-0.67941,-0.00094036,98.0,4418_1358
27.27632627093,88.45400965742145,,background_within_mapped_extent,0,1101.0,16.7,-0.8935,0.44906,-0.00082677,74.0,4422_1363
27.212672352830165,88.32050016011154,,background_within_mapped_extent,0,577.0,27.965,0.97314,0.23021,0.00063766,122.0,4416_1360
27.30128578483857,88.16151306384633,,background_within_mapped_extent,0,1853.0,25.641,0.54397,0.8391,-0.00222833,119.0,4408_1365
27.264163385199048,88.31104369960977,,background_within_mapped_extent,0,842.0,38.629,-0.4206,-0.90725,-0.00421916,171.0,4415_1363
27.332836418927258,88.8559333160439,,background_within_mapped_extent,0,4170.0,31.792,-0.96127,-0.27561,0.00392503,121.0,4442_1366
27.529922186906465,88.60652925479168,,background_within_mapped_extent,0,1430.0,40.788,-0.9739,-0.22698,0.00146867,190.0,4430_1376
27.313087052545754,88.73553330345241,,background_within_mapped_extent,0,2438.0,31.913,-0.8475,-0.5308,0.00069824,164.0,4436_1365
27.330905638608346,88.46245283405025,,background_within_mapped_extent,0,1132.0,20.549,0.99295,-0.11856,0.00149469,75.0,4423_1366
27.37032531848662,88.4017641817621,,background_within_mapped_extent,0,2672.0,17.512,-0.93759,-0.34774,-0.00112808,70.0,4420_1368
27.513610889379265,88.52759403247211,,background_within_mapped_extent,0,819.0,34.756,0.84267,-0.53843,-0.00294576,177.0,4426_1375
27.18725114471429,88.1421926383369,,background_within_mapped_extent,0,2004.0,26.835,-0.4777,0.87852,0.00048132,129.0,4407_1359
27.234846671357904,88.82108309396276,,background_within_mapped_extent,0,2123.0,28.918,0.67629,0.73663,-0.00047247,140.0,4441_1361
27.210153419128694,88.39681029057654,,background_within_mapped_extent,0,1987.0,37.529,-0.82814,0.56053,0.00091193,189.0,4419_1360
27.568157058282686,88.57463821338399,,background_within_mapped_extent,0,2593.0,44.784,0.65493,-0.75569,-0.00423008,226.0,4428_1378
27.364365584177673,88.34725990028117,,background_within_mapped_extent,0,1808.0,19.887,-0.8255,0.56441,-0.0014671,87.0,4417_1368
27.157692747750364,88.30525189073794,,background_within_mapped_extent,0,807.0,20.253,-0.45922,0.88832,-0.00134103,83.0,4415_1357
27.097989221043324,88.21738487091297,,background_within_mapped_extent,0,1242.0,22.949,0.78723,-0.61666,-0.00348264,110.0,4410_1354
27.282101333183878,88.87269626241857,,background_within_mapped_extent,0,2990.0,18.849,0.98861,-0.15053,-0.00585274,70.0,4443_1364
27.430726732208726,88.77261253731533,,background_within_mapped_extent,0,3938.0,26.674,-0.78517,-0.61929,-0.00175916,133.0,4438_1371
27.16071504247372,88.2145481713648,,background_within_mapped_extent,0,1218.0,21.876,-0.29749,-0.95473,-0.0006803,95.0,4410_1358
27.208352836245787,88.75337947741573,,background_within_mapped_extent,0,1811.0,32.474,0.71362,0.70053,0.00048894,149.0,4437_1360
27.501793888706167,88.63669202172095,,background_within_mapped_extent,0,3168.0,23.201,0.43421,0.90081,0.00242946,110.0,4431_1375
27.214488755884222,88.25220599778488,,background_within_mapped_extent,0,973.0,14.935,0.14579,-0.98932,-0.01207856,94.0,4412_1360
27.2979198363447,88.4213986897554,,background_within_mapped_extent,0,1246.0,23.093,0.99348,-0.11401,0.0008849,87.0,4421_1364
27.268991336661358,88.71849925958044,,background_within_mapped_extent,0,1471.0,35.379,-0.95836,-0.28555,0.00154613,180.0,4435_1363
27.18079119065951,88.77348578334836,,background_within_mapped_extent,0,2705.0,35.636,0.3313,-0.94353,-0.00013094,156.0,4438_1359
27.344036192720324,88.22851882790715,,background_within_mapped_extent,0,1041.0,42.308,0.63174,0.77518,0.00189766,196.0,4411_1367
27.46581949209652,88.39122531679406,,background_within_mapped_extent,0,2651.0,37.363,-0.82584,-0.5639,-0.00064663,171.0,4419_1373
27.16785364150964,88.37063771639606,,background_within_mapped_extent,0,1463.0,30.548,-0.06589,-0.99783,-4.62e-06,115.0,4418_1358
27.285927953838208,88.21765451602933,,background_within_mapped_extent,0,1268.0,14.785,-0.50518,-0.86301,0.00051291,65.0,4410_1364
27.5270623762076,88.46437889688438,,background_within_mapped_extent,0,1641.0,24.133,-0.32551,0.94554,-0.00207426,105.0,4423_1376
27.4355692600924,88.60588098500781,,background_within_mapped_extent,0,1571.0,33.736,0.98995,-0.14142,0.00249277,146.0,4430_1371
27.28688586802641,88.90197566523658,,background_within_mapped_extent,0,3800.0,21.071,0.05407,0.99854,-0.0012679,93.0,4445_1364
27.456606498648746,88.26143396230341,,background_within_mapped_extent,0,3271.0,38.877,0.99228,-0.12403,-0.00054118,161.0,4413_1372
27.1741125383889,88.45465867583236,,background_within_mapped_extent,0,1469.0,27.47,0.26447,0.96439,-0.00149606,130.0,4422_1358
27.314633205482235,88.20885986755225,,background_within_mapped_extent,0,1192.0,32.044,0.48149,0.87645,-0.00064309,140.0,4410_1365
27.21338228754446,88.27894867953606,,background_within_mapped_extent,0,1103.0,33.654,0.8428,-0.53822,-0.00026793,172.0,4413_1360
27.139138247960467,88.26912691419658,,background_within_mapped_extent,0,752.0,24.455,0.99865,0.05192,-0.0025887,95.0,4413_1356
27.281657346092597,88.86792103441383,,background_within_mapped_extent,0,3164.0,29.126,0.45616,-0.8899,0.00050807,143.0,4443_1364
27.40826657460707,88.18849624275752,,background_within_mapped_extent,0,2468.0,38.226,0.9275,-0.37382,0.00051712,183.0,4409_1370
27.17964865287813,88.7281067396175,,background_within_mapped_extent,0,1389.0,7.756,0.97898,-0.20395,-0.00353203,84.0,4436_1358
27.18857672736505,88.7850041975721,,background_within_mapped_extent,0,2908.0,22.581,-0.41078,-0.91173,0.00084493,110.0,4439_1359
27.397413120588865,88.31350780413304,,background_within_mapped_extent,0,1772.0,38.337,0.38287,-0.9238,-0.00024792,185.0,4415_1369
27.302567367509596,88.68072051295488,,background_within_mapped_extent,0,2016.0,30.316,-0.7957,0.60569,-4.347e-05,139.0,4434_1365
27.348596097759188,88.80959430761605,,background_within_mapped_extent,0,3915.0,28.855,0.28735,-0.95783,0.00119735,140.0,4440_1367
27.505013565219443,88.69496842017296,,background_within_mapped_extent,0,3458.0,20.409,0.19037,0.98171,-0.00018031,88.0,4434_1375
27.22070573218499,88.69895006934692,,background_within_mapped_extent,0,1096.0,31.298,-0.66479,0.74703,-0.00135201,138.0,4434_1361
27.194275887063352,88.15017586249265,,background_within_mapped_extent,0,1779.0,11.851,0.03309,-0.99945,-0.00048171,48.0,4407_1359
27.336756923213137,88.48476351611943,,background_within_mapped_extent,0,572.0,29.786,-0.93422,0.3567,-0.0005843,149.0,4424_1366
27.27794987016984,88.55408224111414,,background_within_mapped_extent,0,1063.0,26.46,-0.82599,-0.56368,-0.00326207,107.0,4427_1363
27.4601869454511,88.262172139146,,background_within_mapped_extent,0,3214.0,27.821,0.93171,-0.36321,0.00078244,116.0,4413_1373
27.346265098034532,88.6369207726704,,background_within_mapped_extent,0,2019.0,33.991,-0.11947,-0.99284,0.00022664,143.0,4431_1367
27.407718516550297,88.35369892274267,,background_within_mapped_extent,0,1786.0,6.67,-0.96197,-0.27315,0.01006218,133.0,4417_1370
27.593683272264247,88.45961306937244,,background_within_mapped_extent,0,2553.0,38.401,-0.24707,0.969,-0.00027253,157.0,4422_1379
27.28716954758573,88.12928878114533,,background_within_mapped_extent,0,2169.0,33.403,0.86772,-0.49705,-0.00340112,164.0,4406_1364
27.21867554105873,88.80860444750579,,background_within_mapped_extent,0,2514.0,20.162,0.96834,-0.24965,-0.00191204,95.0,4440_1360
27.271374654347145,88.73235398877107,,background_within_mapped_extent,0,2222.0,27.998,-0.51986,0.85425,0.00524715,131.0,4436_1363
27.390712542588812,88.34049539376677,,background_within_mapped_extent,0,1813.0,35.552,-0.56941,-0.82205,0.00699531,183.0,4417_1369
27.50986515816336,88.61998323906411,,background_within_mapped_extent,0,2261.0,26.571,-0.99975,0.02222,-0.00982477,138.0,4430_1375
27.367846476034224,88.66641942962984,,background_within_mapped_extent,0,2408.0,24.483,0.56731,-0.82351,0.00071417,116.0,4433_1368
27.20456362361109,88.69925672623191,,background_within_mapped_extent,0,823.0,28.497,-0.45538,-0.8903,-0.00520795,139.0,4434_1360
27.48300343777919,88.50945828121846,,background_within_mapped_extent,0,1052.0,18.259,0.42519,0.9051,-0.00189838,80.0,4425_1374
27.190223461543603,88.2612811558301,,background_within_mapped_extent,0,1540.0,24.887,0.95506,0.2964,0.00089363,112.0,4413_1359
27.40629700750141,88.66476754230784,,background_within_mapped_extent,0,2518.0,30.899,-0.16478,-0.98633,-0.00287176,123.0,4433_1370
27.35081402460736,88.69429390662447,,background_within_mapped_extent,0,2718.0,37.983,-0.55675,0.83068,0.00029586,190.0,4434_1367
27.307002642288353,88.46152578621538,,background_within_mapped_extent,0,1003.0,36.946,-0.3361,0.94183,0.00323041,178.0,4423_1365
27.174631622160067,88.6043053289188,,background_within_mapped_extent,0,826.0,18.169,0.78293,0.62211,-0.00187709,75.0,4430_1358
27.37589881130996,88.35153769306395,,background_within_mapped_extent,0,1436.0,52.053,-0.19278,-0.98124,0.00156093,247.0,4417_1368
27.157337655163268,88.33641679825044,,background_within_mapped_extent,0,1479.0,40.511,-0.54944,0.83553,0.00102186,203.0,4416_1357
27.11509945637151,88.23179846959404,,background_within_mapped_extent,0,556.0,16.0,0.26639,0.96386,-0.00238267,72.0,4411_1355
27.480413239816013,88.55199307686303,,background_within_mapped_extent,0,1507.0,32.103,-0.94089,-0.33872,-0.0035489,139.0,4427_1374
27.537930078057734,88.5960262951681,,background_within_mapped_extent,0,1172.0,47.026,-0.06858,-0.99765,0.00108888,202.0,4429_1376
27.345749802728857,88.60259195733356,,background_within_mapped_extent,0,1393.0,14.994,-0.9075,0.42004,0.00016134,66.0,4430_1367
27.305860668466515,88.6671423267804,,background_within_mapped_extent,0,1878.0,32.412,0.56875,-0.82251,-0.00119866,155.0,4433_1365
27.316674486254787,88.34849641605373,,background_within_mapped_extent,0,1510.0,33.162,-0.44211,0.89696,-0.00271431,155.0,4417_1365
27.149009311950408,88.2743194969327,,background_within_mapped_extent,0,626.0,27.556,0.87036,0.49241,0.00075297,124.0,4413_1357
27.433246291205194,88.33471205766448,,background_within_mapped_extent,0,2200.0,25.95,0.31965,-0.94754,-0.00602782,132.0,4416_1371
27.23127983284578,88.71256846493087,,background_within_mapped_extent,0,1189.0,25.454,-0.39392,0.91915,0.00089947,125.0,4435_1361
27.434768352114094,88.2360132396404,,background_within_mapped_extent,0,3009.0,21.842,0.68957,-0.72422,0.00153134,129.0,4411_1371
27.224529766375483,88.83837389889273,,background_within_mapped_extent,0,1613.0,29.179,-0.79096,-0.61187,0.00153826,126.0,4441_1361
27.221762170150413,88.54208103327379,,background_within_mapped_extent,0,1791.0,50.239,-0.29814,0.95452,-0.00339185,283.0,4427_1361
27.398985390450655,88.52943879349642,,background_within_mapped_extent,0,781.0,20.116,0.11376,0.99351,1.35e-05,77.0,4426_1369
27.399884423226197,88.57814544396425,,background_within_mapped_extent,0,1104.0,29.18,0.27111,-0.96255,-0.00397405,130.0,4428_1369
27.437244473891393,88.16515365880471,,background_within_mapped_extent,0,2891.0,31.337,0.79835,0.60219,0.00049943,144.0,4408_1371
27.431398548978187,88.63412132862052,,background_within_mapped_extent,0,1603.0,25.104,0.99901,-0.04447,-0.00346365,94.0,4431_1371
27.11334343540236,88.40321777770318,,background_within_mapped_extent,0,1114.0,21.214,-0.92674,-0.37571,-0.00152455,99.0,4420_1355
27.302428527629583,88.2410060700912,,background_within_mapped_extent,0,1975.0,23.393,-0.55544,0.83156,0.0014031,110.0,4412_1365
27.193594567844595,88.69334808807179,,background_within_mapped_extent,0,1072.0,27.359,-0.88844,0.45898,-0.00309878,132.0,4434_1359
27.358385606096277,88.76881420306869,,background_within_mapped_extent,0,3532.0,27.572,0.86445,-0.50271,0.00205043,126.0,4438_1367
27.319291794892372,88.70856875285934,,background_within_mapped_extent,0,2878.0,33.531,0.73985,0.67278,-0.00067597,167.0,4435_1365
27.397841734247574,88.4815650190412,,background_within_mapped_extent,0,1882.0,38.617,0.17736,-0.98415,-0.00112959,170.0,4424_1369
27.329570196648184,88.85416688847853,,background_within_mapped_extent,0,4049.0,15.382,-0.9794,-0.20194,-0.0002769,71.0,4442_1366
27.38838221225536,88.50716830744156,,background_within_mapped_extent,0,561.0,20.292,-0.58973,0.8076,-0.00320711,106.0,4425_1369
27.324114639865503,88.49589743631351,,background_within_mapped_extent,0,887.0,28.32,-0.17526,0.98452,0.00164356,115.0,4424_1366
27.330474385564006,88.84870475175528,,background_within_mapped_extent,0,3919.0,14.656,-0.88687,-0.46202,-0.00113674,50.0,4442_1366
27.58064417826101,88.45473612793475,,background_within_mapped_extent,0,2164.0,40.149,-0.73927,0.67341,0.00030833,210.0,4422_1379
27.163609187259016,88.43931672908974,,background_within_mapped_extent,0,1394.0,13.878,0.27546,-0.96131,-0.00516441,85.0,4421_1358
27.117867614341066,88.23626851258926,,background_within_mapped_extent,0,467.0,31.107,-0.14271,0.98976,0.00209902,115.0,4411_1355
27.45855536128466,88.7162340126878,,background_within_mapped_extent,0,3026.0,40.058,0.92502,-0.37992,0.00017535,218.0,4435_1372
27.371294387680557,88.07570803066166,,background_within_mapped_extent,0,2703.0,12.401,-0.06316,-0.998,-0.00768513,85.0,4403_1368
27.40153526179855,88.19320914209736,,background_within_mapped_extent,0,2513.0,27.337,0.63674,0.77108,0.00259342,118.0,4409_1370
27.4095000862813,88.3312683129405,,background_within_mapped_extent,0,2004.0,32.002,-0.96679,-0.25559,-0.00315663,168.0,4416_1370
27.472527388329667,88.4060189321433,,background_within_mapped_extent,0,3374.0,34.589,-0.94665,-0.32226,0.00122354,153.0,4420_1373
27.47063259125995,88.48244741101831,,background_within_mapped_extent,0,1851.0,37.12,0.38904,0.92122,-0.00192146,170.0,4424_1373
27.22019200821082,88.24237710646143,,background_within_mapped_extent,0,1353.0,31.937,0.80213,-0.59714,0.00237234,153.0,4412_1361
27.20737051584229,88.26539437847025,,background_within_mapped_extent,0,817.0,8.207,-0.26963,-0.96296,-0.00617869,63.0,4413_1360
27.526078189963478,88.60307831515121,,background_within_mapped_extent,0,1581.0,27.988,0.0575,0.99835,-0.00056419,140.0,4430_1376
27.511595418900306,88.50706767057483,,background_within_mapped_extent,0,1818.0,45.625,0.80856,-0.58841,-0.00073064,244.0,4425_1375
27.30181278779743,88.3112500390835,,background_within_mapped_extent,0,726.0,18.368,-0.5145,0.85749,-0.00243983,92.0,4415_1365
27.238317249022636,88.2816422216049,,background_within_mapped_extent,0,1286.0,19.88,0.85271,0.52238,0.00126647,95.0,4414_1361
27.366380844520325,88.52335348701749,,background_within_mapped_extent,0,1940.0,27.167,-0.18674,0.98241,-0.00015456,113.0,4426_1368
27.406889441551144,88.48704711644265,,background_within_mapped_extent,0,1806.0,16.767,0.38723,0.92198,-0.00039008,76.0,4424_1370
27.466939510957427,88.40259896260723,,background_within_mapped_extent,0,3148.0,27.371,-0.90945,0.41582,0.00173931,120.0,4420_1373
27.243562467361645,88.33762198035703,,background_within_mapped_extent,0,1169.0,18.567,-0.98823,-0.15299,0.00105252,98.0,4416_1362
27.167787342941814,88.1583287683038,,background_within_mapped_extent,0,1355.0,23.884,0.91587,-0.40148,-0.00076457,105.0,4407_1358
27.30526797431257,88.78686394208198,,background_within_mapped_extent,0,3605.0,22.621,-0.77662,0.62997,0.00410074,112.0,4439_1365
27.16153658693713,88.32268539337907,,background_within_mapped_extent,0,1244.0,26.663,0.27107,0.96256,0.00066197,109.0,4416_1358
27.213860881814483,88.61771699676262,,background_within_mapped_extent,0,948.0,22.31,-0.84282,-0.53819,-0.00106731,105.0,4430_1360
27.304416995105644,88.57487017864662,,background_within_mapped_extent,0,1218.0,16.918,0.00457,0.99999,-0.00070867,64.0,4428_1365
27.105382756624824,88.43260384077821,,background_within_mapped_extent,0,908.0,23.243,0.64999,0.75994,-0.00020446,103.0,4421_1355
27.360358023861757,88.83325343986301,,background_within_mapped_extent,0,3849.0,36.183,0.80701,-0.59054,0.004662,171.0,4441_1368
27.175301745677125,88.17815354514582,,background_within_mapped_extent,0,1860.0,25.634,-0.95806,0.28655,0.00077914,105.0,4408_1358
27.453938539833253,88.62129148069396,,background_within_mapped_extent,0,2238.0,30.425,-0.70711,-0.70711,0.00111778,140.0,4431_1372
27.227333449349274,88.47710656625263,,background_within_mapped_extent,0,872.0,15.403,0.99817,0.0605,0.00011859,55.0,4423_1361
27.259035794328977,88.4624808821345,,background_within_mapped_extent,0,629.0,28.72,-0.90239,-0.43092,-0.00099139,126.0,4423_1362
27.091593657931142,88.2427857285227,,background_within_mapped_extent,0,939.0,22.784,-0.9986,-0.05291,6.05e-06,97.0,4412_1354
27.44678216624747,88.35383954192265,,background_within_mapped_extent,0,2534.0,24.908,0.96309,-0.26919,0.00359939,136.0,4417_1372
27.392869610301265,88.607407783434,,background_within_mapped_extent,0,1227.0,36.096,-0.17335,-0.98486,-0.00391019,159.0,4430_1369
27.38913427686906,88.46056001198765,,background_within_mapped_extent,0,1316.0,36.367,0.02641,-0.99965,0.00248558,146.0,4423_1369
27.089772772156387,88.26116496839188,,background_within_mapped_extent,0,1212.0,26.425,0.98938,-0.14533,0.00046091,108.0,4413_1354
27.30986474912581,88.24206831588546,,background_within_mapped_extent,0,1742.0,18.326,-0.19289,0.98122,-0.00017335,66.0,4412_1365
27.161358081690768,88.40747164033218,,background_within_mapped_extent,0,1635.0,30.204,-0.46525,-0.88518,0.00265308,141.0,4420_1358
27.39469728280309,88.78622811939503,,background_within_mapped_extent,0,4143.0,24.228,-0.97839,0.20679,0.00654128,93.0,4439_1369
27.28977360012019,88.58197017246002,,background_within_mapped_extent,0,1091.0,18.996,0.78674,0.61729,0.00071711,87.0,4429_1364
27.149035056662466,88.54469510026597,,background_within_mapped_extent,0,619.0,23.771,-0.02838,0.9996,0.00135379,91.0,4427_1357
27.52021103543654,88.68194213852136,,background_within_mapped_extent,0,2751.0,37.207,0.11525,0.99334,-0.0003894,148.0,4434_1376
27.339187369348718,88.4583408175826,,background_within_mapped_extent,0,1275.0,12.843,0.73106,0.68232,0.00173919,56.0,4422_1366
27.264011643614978,88.68484778286503,,background_within_mapped_extent,0,1925.0,25.698,0.98995,-0.14142,0.00037824,98.0,4434_1363
27.184263116797247,88.19967649260376,,background_within_mapped_extent,0,1698.0,17.153,0.99899,0.045,0.00011797,65.0,4409_1359
27.570165621766417,88.45091409922537,,background_within_mapped_extent,0,2344.0,39.349,-0.24732,-0.96893,-0.00178092,179.0,4422_1378
27.18194881669905,88.68573577748246,,background_within_mapped_extent,0,1642.0,13.871,0.83806,0.54558,-0.00029263,79.0,4434_1359
27.26892862455112,88.79471982188677,,background_within_mapped_extent,0,3756.0,22.631,0.99944,0.03331,0.00182182,89.0,4439_1363
27.19606989104366,88.787907861643,,background_within_mapped_extent,0,2951.0,22.499,-0.09054,0.99589,-0.00203718,82.0,4439_1359
27.56167995216036,88.58537996954115,,background_within_mapped_extent,0,2380.0,32.746,-0.5183,-0.8552,-0.00030216,174.0,4429_1378
27.43691680983695,88.27187783640258,,background_within_mapped_extent,0,2586.0,37.161,-0.27303,-0.96201,0.00030679,176.0,4413_1371
27.426918738797546,88.12459143330489,,background_within_mapped_extent,0,4114.0,32.511,0.78888,0.61454,0.00043748,154.0,4406_1371
27.10508776615887,88.34299756348753,,background_within_mapped_extent,0,356.0,24.097,-0.88813,0.45959,0.00088411,95.0,4417_1355
27.469392950707505,88.46080608691395,,background_within_mapped_extent,0,2214.0,20.375,-0.37397,0.92744,0.00118569,89.0,4423_1373
27.245894934801154,88.29553900314662,,background_within_mapped_extent,0,924.0,27.831,0.99709,-0.07629,0.00034405,125.0,4414_1362
27.34465389703311,88.78267413151687,,background_within_mapped_extent,0,3790.0,25.309,-0.76071,0.6491,-0.00244462,119.0,4439_1367
27.305325168598316,88.78009546651641,,background_within_mapped_extent,0,3314.0,32.237,-0.90517,0.42505,-0.00258564,141.0,4439_1365
27.142661529343304,88.47293679929925,,background_within_mapped_extent,0,825.0,28.422,0.85201,-0.52352,3.699e-05,131.0,4423_1357
27.434038426059406,88.18045684823997,,background_within_mapped_extent,0,3024.0,21.017,0.61093,-0.79168,0.00060219,102.0,4409_1371
27.30248980211339,88.16924468270517,,background_within_mapped_extent,0,1933.0,28.493,-0.26355,0.96465,-0.00035565,124.0,4408_1365
27.345617078920824,88.40783961618935,,background_within_mapped_extent,0,2995.0,14.897,-0.8771,0.48031,-0.00120207,66.0,4420_1367
27.2665360346157,88.58166547227059,,background_within_mapped_extent,0,711.0,14.415,-0.7835,-0.62139,0.00082634,80.0,4429_1363
27.277400170294218,88.44450533896094,,background_within_mapped_extent,0,590.0,30.051,-0.92428,0.38172,-0.00058529,139.0,4422_1363
27.268734934354462,88.7519146697341,,background_within_mapped_extent,0,2690.0,26.551,-0.21958,0.97559,-0.00019287,123.0,4437_1363
27.291922794267276,88.34742533218584,,background_within_mapped_extent,0,1726.0,6.824,-0.37139,0.92848,0.00037197,31.0,4417_1364
27.48489861781119,88.13491945873014,,background_within_mapped_extent,0,3778.0,31.081,0.98614,0.16589,-0.00260258,131.0,4406_1374
27.47476972207918,88.57035702247187,,background_within_mapped_extent,0,2152.0,44.072,-0.9698,0.24389,0.00011805,211.0,4428_1373
27.5630101590388,88.59728028335111,,background_within_mapped_extent,0,3046.0,21.351,0.15633,-0.98771,0.00337386,108.0,4429_1378
27.359020514595677,88.43441675977057,,background_within_mapped_extent,0,2127.0,29.57,0.90817,-0.41859,-9.179e-05,131.0,4421_1367
27.24655623831078,88.17528905826208,,background_within_mapped_extent,0,1568.0,40.317,0.9886,-0.15058,0.00343384,192.0,4408_1362
27.516835643475524,88.44099515306088,,background_within_mapped_extent,0,2463.0,23.532,-0.52943,0.84836,0.00087379,111.0,4422_1375
27.323157562044575,88.32923739972506,,background_within_mapped_extent,0,1738.0,31.514,0.32166,-0.94686,0.00054432,128.0,4416_1366
27.320530573459756,88.89768162166173,,background_within_mapped_extent,0,4134.0,1.886,0.88583,-0.46401,-0.00234265,22.0,4444_1366
27.115473288554252,88.48579671735813,,background_within_mapped_extent,0,511.0,18.708,-0.42244,0.90639,-0.00057207,81.0,4424_1355
27.56351343439111,88.41592238380395,,background_within_mapped_extent,0,1379.0,38.106,0.7615,0.64816,-0.00097145,194.0,4420_1378
27.585413410991304,88.4843620925278,,background_within_mapped_extent,0,2634.0,18.792,-0.99596,-0.0898,-0.00140911,108.0,4424_1379
27.30631949003508,88.79469345536823,,background_within_mapped_extent,0,3644.0,24.066,-0.66552,0.74638,0.00179384,115.0,4439_1365
27.35033917696233,88.38658041105468,,background_within_mapped_extent,0,2628.0,22.813,0.1783,0.98398,9.933e-05,90.0,4419_1367
27.173910221605936,88.38827341067379,,background_within_mapped_extent,0,1856.0,18.389,0.83141,-0.55566,0.00267236,81.0,4419_1358
27.20769295813797,88.63417555006727,,background_within_mapped_extent,0,765.0,31.643,-0.48908,-0.87224,0.00060094,157.0,4431_1360
27.25326817507644,88.35645114917192,,background_within_mapped_extent,0,2063.0,30.713,-0.52136,-0.85334,-0.00156325,135.0,4417_1362
27.31606429752966,88.6706200689255,,background_within_mapped_extent,0,2548.0,6.67,-0.96197,-0.27315,0.00857243,97.0,4433_1365
27.181194652838734,88.54478951513322,,background_within_mapped_extent,0,336.0,4.305,-0.86711,0.49812,-0.00089415,20.0,4427_1359
27.249953335461797,88.82994006325453,,background_within_mapped_extent,0,2449.0,41.568,-0.10493,-0.99448,0.00112162,181.0,4441_1362
27.194344162628553,88.15547161359085,,background_within_mapped_extent,0,1921.0,27.245,-0.45045,-0.8928,0.00211409,122.0,4407_1359
27.44622163514984,88.57484042900012,,background_within_mapped_extent,0,2487.0,20.647,-0.63764,0.77033,9.394e-05,91.0,4428_1372
27.153986626552744,88.34456375454043,,background_within_mapped_extent,0,1593.0,26.339,0.43483,0.90051,0.00018223,108.0,4417_1357
27.351687731617428,88.49892134036521,,background_within_mapped_extent,0,1468.0,27.349,-0.87542,-0.48336,-0.00194104,122.0,4424_1367
27.394313596466024,88.2023747914842,,background_within_mapped_extent,0,2507.0,43.758,0.99934,0.03626,-0.00320958,198.0,4410_1369
27.1952955922615,88.14183838481408,,background_within_mapped_extent,0,1944.0,34.004,-0.26764,-0.96352,-0.00224398,146.0,4407_1359
27.170044894980233,88.29052703364468,,background_within_mapped_extent,0,680.0,30.429,0.69519,0.71883,0.00238271,148.0,4414_1358
27.27264744486856,88.37678817488067,,background_within_mapped_extent,0,1714.0,18.349,0.7747,-0.63233,-0.00098381,80.0,4418_1363
27.242092965549666,88.34236475964171,,background_within_mapped_extent,0,1306.0,26.618,-0.83418,0.5515,-0.00151264,117.0,4417_1362
27.35092661438415,88.48593180077306,,background_within_mapped_extent,0,910.0,22.363,-0.97563,-0.21943,-0.00095608,85.0,4424_1367
27.51769912616763,88.71233582164609,,background_within_mapped_extent,0,3309.0,32.036,-0.99881,0.04883,0.00064016,141.0,4435_1375
27.298898568025223,88.82595427155492,,background_within_mapped_extent,0,3835.0,18.549,-0.56706,-0.82368,-0.00306421,83.0,4441_1364
27.49748369813193,88.71417710476226,,background_within_mapped_extent,0,3382.0,9.134,0.94155,0.33688,-0.00161225,39.0,4435_1374
27.52441811535207,88.5712585898936,,background_within_mapped_extent,0,997.0,22.268,0.2917,0.95651,0.00019452,95.0,4428_1376
27.21433742349384,88.13283030689792,,background_within_mapped_extent,0,2765.0,15.629,0.06454,0.99792,0.00047557,54.0,4406_1360
27.20862064791928,88.43726558878295,,background_within_mapped_extent,0,1656.0,31.174,0.89072,-0.45454,-0.001505,136.0,4421_1360
27.293963094160674,88.3890531562184,,background_within_mapped_extent,0,1403.0,27.239,-0.72574,-0.68797,-0.00132891,132.0,4419_1364
27.211357510004614,88.8119697707943,,background_within_mapped_extent,0,2035.0,28.152,0.82275,-0.5684,-0.00068325,127.0,4440_1360
27.294426575485467,88.82442359257351,,background_within_mapped_extent,0,3781.0,14.227,0.37799,0.92581,-0.00039324,73.0,4441_1364
27.335281144627878,88.33263206790835,,background_within_mapped_extent,0,1743.0,23.468,-0.69419,0.71979,-0.00124569,99.0,4416_1366
27.204435359414497,88.41078506617448,,background_within_mapped_extent,0,2448.0,42.182,0.52572,-0.85066,0.00193311,225.0,4420_1360
27.14808600682869,88.48459353132436,,background_within_mapped_extent,0,937.0,27.031,0.85749,0.5145,0.00096062,117.0,4424_1357
27.369056500558564,88.35359400866929,,background_within_mapped_extent,0,1659.0,31.42,0.28192,0.95944,0.00281456,132.0,4417_1368
27.506831774454064,88.40701796330168,,background_within_mapped_extent,0,2449.0,40.283,-0.47195,0.88163,0.00265629,204.0,4420_1375
27.1577880492226,88.50525875022366,,background_within_mapped_extent,0,905.0,27.606,0.73572,-0.67729,0.00122149,138.0,4425_1357
27.37886270178179,88.75880122978678,,background_within_mapped_extent,0,3891.0,31.135,0.09427,-0.99555,0.00032641,116.0,4437_1368
27.368027509545627,88.14786622273367,,background_within_mapped_extent,0,2969.0,15.668,-0.99034,-0.13865,0.00534684,78.0,4407_1368
27.50255574539901,88.56730102387233,,background_within_mapped_extent,0,1971.0,27.42,-0.51134,0.85938,-0.00050069,126.0,4428_1375
27.340475121415814,88.10645131295219,,background_within_mapped_extent,0,2864.0,28.829,0.49206,0.87056,-0.00326638,142.0,4405_1367
27.420902868150016,88.27245412282937,,background_within_mapped_extent,0,2048.0,8.445,-0.29934,0.95415,-0.00105705,74.0,4413_1371
27.380716357098525,88.32868526305873,,background_within_mapped_extent,0,1315.0,16.322,-0.7873,-0.61656,0.00490476,98.0,4416_1369
27.303332387930077,88.67175895387503,,background_within_mapped_extent,0,1740.0,10.501,-0.81676,0.57698,-0.00012092,56.0,4433_1365
27.12265221519506,88.18358624034165,,background_within_mapped_extent,0,1107.0,28.491,-0.83166,0.55529,0.0009015,142.0,4409_1356
27.324533329440367,88.80599114153755,,background_within_mapped_extent,0,3771.0,10.616,-0.11856,0.99295,0.00541612,47.0,4440_1366
27.23504389825824,88.87113166725327,,background_within_mapped_extent,0,2767.0,34.738,-0.99149,-0.1302,0.00149256,148.0,4443_1361
27.30856015060662,88.35640513871189,,background_within_mapped_extent,0,1907.0,28.061,-0.60706,-0.79465,0.00030947,131.0,4417_1365
27.16849884818507,88.40941066803562,,background_within_mapped_extent,0,1926.0,34.627,-0.74619,-0.66574,0.00155959,146.0,4420_1358
27.202265778557845,88.8284489704285,,background_within_mapped_extent,0,1680.0,17.783,0.95699,0.29013,-0.00123495,82.0,4441_1360
27.415995489956206,88.08144530643904,,background_within_mapped_extent,0,4133.0,14.022,-0.73969,-0.67295,-0.00087011,64.0,4404_1370
27.41691831836879,88.34237181319797,,background_within_mapped_extent,0,2490.0,14.542,0.98521,-0.17134,0.00439679,116.0,4417_1370
27.53477671082901,88.69822151366013,,background_within_mapped_extent,0,2898.0,39.916,-0.26396,-0.96453,-3.336e-05,190.0,4434_1376
27.237949432245983,88.16636221524003,,background_within_mapped_extent,0,2207.0,29.72,0.91481,0.40388,-0.00358379,134.0,4408_1361
27.3537815858858,88.36785778285189,,background_within_mapped_extent,0,2421.0,30.648,-0.16174,0.98683,-0.00176949,126.0,4418_1367
27.202928555778517,88.36832201102814,,background_within_mapped_extent,0,908.0,31.003,-0.83205,0.5547,-0.00345136,154.0,4418_1360
27.172189439171397,88.38313210937459,,background_within_mapped_extent,0,1574.0,26.515,0.13362,-0.99103,0.00028802,122.0,4419_1358
27.40170239418893,88.27535584707793,,background_within_mapped_extent,0,1875.0,30.114,0.28735,0.95783,0.00067799,138.0,4413_1370
27.251412153384308,88.38507216431155,,background_within_mapped_extent,0,2024.0,19.416,0.99299,0.11821,0.00073929,82.0,4419_1362
27.479048594990356,88.5117288428229,,background_within_mapped_extent,0,1250.0,32.041,0.12649,0.99197,0.00414584,124.0,4425_1373
27.380654717374522,88.37700284023691,,background_within_mapped_extent,0,2368.0,28.64,-0.71971,-0.69428,-0.00014342,138.0,4418_1369
27.34567241885277,88.88739008279443,,background_within_mapped_extent,0,4297.0,17.015,0.9894,0.14523,0.00017136,71.0,4444_1367
27.116585477877162,88.44609469179325,,background_within_mapped_extent,0,987.0,22.126,0.48506,0.87448,-0.00025564,106.0,4422_1355
27.338037987331028,88.70083290612163,,background_within_mapped_extent,0,2439.0,26.278,-0.94231,0.33473,0.00160899,121.0,4435_1366
27.531090881255768,88.67642458226557,,background_within_mapped_extent,0,2086.0,44.289,-0.6165,-0.78735,-0.00250251,253.0,4433_1376
27.39395592936705,88.59431960934712,,background_within_mapped_extent,0,1050.0,35.798,-0.31969,-0.94752,-0.00700492,147.0,4429_1369
27.51672909416294,88.70348396077299,,background_within_mapped_extent,0,3021.0,42.673,0.77436,0.63275,-0.0014163,218.0,4435_1375
27.18249622046672,88.53109396606303,,background_within_mapped_extent,0,554.0,19.906,0.97037,0.24163,0.00774349,102.0,4426_1359
27.16746282651988,88.41293945680924,,background_within_mapped_extent,0,1947.0,18.805,0.5547,-0.83205,0.00697605,97.0,4420_1358
27.44270869506489,88.34237856380405,,background_within_mapped_extent,0,2154.0,42.361,0.50416,-0.86361,-0.0011228,221.0,4417_1372
27.223084522959024,88.22139038856481,,background_within_mapped_extent,0,1516.0,30.387,0.66319,-0.74845,-0.00108666,158.0,4411_1361
27.231260093891358,88.57830761067517,,background_within_mapped_extent,0,1704.0,23.716,0.99276,0.12014,0.00224268,90.0,4428_1361
27.456435610879357,88.05199180586709,,background_within_mapped_extent,0,4168.0,20.89,-0.66594,-0.746,0.00071612,102.0,4402_1372
27.326491825608805,88.45762087172011,,background_within_mapped_extent,0,959.0,39.224,-0.43218,-0.90179,0.00039821,193.0,4422_1366
27.240342117238793,88.42676849539515,,background_within_mapped_extent,0,1337.0,15.978,0.77611,0.63059,0.00047754,69.0,4421_1362
27.297191448181653,88.50113463679706,,background_within_mapped_extent,0,1994.0,28.719,0.88722,0.46135,-0.00309334,143.0,4425_1364
27.546440886659678,88.56757201527535,,background_within_mapped_extent,0,2283.0,37.517,0.94425,-0.32922,-0.00258502,174.0,4428_1377
27.1635140527831,88.3820564587134,,background_within_mapped_extent,0,1441.0,34.486,-0.94828,0.31744,0.00171812,170.0,4419_1358
27.220501911926593,88.35375957788752,,background_within_mapped_extent,0,1289.0,44.642,-0.8607,0.50911,-0.00398242,244.0,4417_1361
27.474893546997095,88.19944164438088,,background_within_mapped_extent,0,3839.0,20.173,-0.9867,0.16256,-0.00017407,89.0,4409_1373
27.55771683441919,88.4790401872423,,background_within_mapped_extent,0,1668.0,14.679,-0.80064,-0.59915,0.0003399,68.0,4423_1377
27.17280763935665,88.22935438997852,,background_within_mapped_extent,0,1137.0,22.349,0.00676,0.99998,0.0003426,89.0,4411_1358
27.3328718808763,88.5462581436868,,background_within_mapped_extent,0,1618.0,22.219,0.94523,0.32641,-0.00039071,98.0,4427_1366
27.268146535488597,88.55216520656194,,background_within_mapped_extent,0,1047.0,44.99,0.31122,-0.95034,0.00219424,216.0,4427_1363
27.43522759707683,88.4200392401676,,background_within_mapped_extent,0,3291.0,29.851,0.59534,-0.80347,0.00684611,140.0,4421_1371
27.26432285401336,88.8022585662896,,background_within_mapped_extent,0,3463.0,25.557,0.92359,0.38338,0.00026192,119.0,4440_1363
27.10396349952123,88.19577621185638,,background_within_mapped_extent,0,1606.0,20.739,0.30078,-0.95369,-0.00184676,92.0,4409_1355
27.220815202450304,88.68029116840721,,background_within_mapped_extent,0,752.0,27.373,0.24947,-0.96838,-0.00053498,105.0,4434_1361
27.359706679235693,88.25172553443655,,background_within_mapped_extent,0,2273.0,32.269,-0.97885,-0.20457,-0.00042629,127.0,4412_1367
27.491680017548404,88.4181722675818,,background_within_mapped_extent,0,3211.0,24.22,-0.88304,0.46931,0.00150386,107.0,4420_1374
27.334293043489307,88.47261797655862,,background_within_mapped_extent,0,783.0,19.932,0.99964,0.02681,0.00023237,70.0,4423_1366
27.54015038813426,88.4628422594621,,background_within_mapped_extent,0,1218.0,18.238,0.93992,0.3414,0.00053161,74.0,4423_1377
27.432800468092033,88.62583431195202,,background_within_mapped_extent,0,2079.0,29.684,-0.7334,0.6798,-0.00101568,134.0,4431_1371
27.290478793956826,88.27659059993177,,background_within_mapped_extent,0,1035.0,42.374,0.51001,-0.86017,-5.801e-05,228.0,4413_1364
27.34538584099598,88.36632566810401,,background_within_mapped_extent,0,2588.0,22.147,-0.99985,0.01706,0.00102857,87.0,4418_1367
27.24154557777595,88.44944172288662,,background_within_mapped_extent,0,662.0,19.882,0.90638,-0.42246,0.00134351,95.0,4422_1362
27.20095555305928,88.3132300610931,,background_within_mapped_extent,0,1036.0,37.806,0.99532,0.09667,0.00241484,161.0,4415_1360
27.14709307704583,88.36499279866236,,background_within_mapped_extent,0,872.0,37.331,-0.62647,0.77945,-0.0008012,192.0,4418_1357
27.388447559587707,88.80561969476086,,background_within_mapped_extent,0,4041.0,22.55,0.36793,-0.92985,-0.00223754,110.0,4440_1369
27.43741467107163,88.16402973770914,,background_within_mapped_extent,0,2951.0,31.263,0.97455,0.22419,-0.00091264,157.0,4408_1371
27.19384735394706,88.78438349099139,,background_within_mapped_extent,0,2932.0,23.654,-0.98931,-0.14586,0.00080121,95.0,4439_1359
27.47391959239658,88.08883084852168,,background_within_mapped_extent,0,4145.0,13.457,0.99254,0.12189,-0.0013136,71.0,4404_1373
27.470623055485664,88.56232762002237,,background_within_mapped_extent,0,1776.0,32.799,-0.78234,-0.62285,-0.00425124,166.0,4428_1373
27.16820317782688,88.27163748600071,,background_within_mapped_extent,0,707.0,30.818,-0.04889,0.9988,0.00032137,116.0,4413_1358
27.3634335527615,88.15546104522087,,background_within_mapped_extent,0,2971.0,29.991,-0.97463,-0.2238,-0.00024082,140.0,4407_1368
27.48994279472232,88.5660749381787,,background_within_mapped_extent,0,2294.0,24.037,-0.97159,-0.23667,-0.00099935,116.0,4428_1374
27.543463260762874,88.70218306559583,,background_within_mapped_extent,0,3111.0,38.58,-0.88446,0.46661,-0.00050357,201.0,4435_1377
27.19904159188012,88.74797827484679,,background_within_mapped_extent,0,2276.0,15.645,-0.82822,-0.56041,0.00066518,68.0,4437_1359
27.225806920814808,88.53082206649073,,background_within_mapped_extent,0,1492.0,31.777,0.56501,0.82509,0.00063859,166.0,4426_1361
27.35392299226784,88.4100631540476,,background_within_mapped_extent,0,3030.0,20.719,-0.85554,0.51773,0.00181182,98.0,4420_1367
27.124325853681288,88.4710686724765,,background_within_mapped_extent,0,582.0,36.172,0.60787,-0.79403,0.00294628,181.0,4423_1356
27.3486914969676,88.25346221328809,,background_within_mapped_extent,0,1902.0,33.893,0.71533,-0.69879,-0.00082223,162.0,4412_1367
27.172734516908257,88.15538960494855,,background_within_mapped_extent,0,1602.0,29.844,0.91989,-0.39217,0.00052715,139.0,4407_1358
27.43634060027954,88.1074015892904,,background_within_mapped_extent,0,4408.0,22.734,0.94802,-0.31822,0.00030122,135.0,4405_1371
27.471303145953826,88.59664895552721,,background_within_mapped_extent,0,2698.0,16.965,-0.27773,-0.96066,-0.0046772,71.0,4429_1373
27.239178334411957,88.55715146255237,,background_within_mapped_extent,0,1887.0,31.552,0.17869,0.98391,0.00432687,149.0,4427_1361
27.42166102987068,88.55832067415676,,background_within_mapped_extent,0,2225.0,41.646,0.08434,-0.99644,0.00110246,179.0,4427_1371
27.470647356145154,88.42763020166731,,background_within_mapped_extent,0,2435.0,21.155,0.71425,0.69989,-0.00141233,92.0,4421_1373
27.354990611175673,88.2236587524461,,background_within_mapped_extent,0,1496.0,19.326,0.64949,-0.76037,0.00098632,115.0,4411_1367
27.372141401233772,88.46608065714298,,background_within_mapped_extent,0,1143.0,20.765,0.98169,0.19048,-0.00255638,86.0,4423_1368
27.379412048704474,88.55437240755117,,background_within_mapped_extent,0,1158.0,25.213,-0.82006,0.57227,-0.00600867,124.0,4427_1368
27.451482820439168,88.61898667696431,,background_within_mapped_extent,0,2075.0,25.492,-0.91176,-0.41073,0.00179773,116.0,4430_1372
27.488860499298415,88.60526816088185,,background_within_mapped_extent,0,2956.0,28.827,-0.14637,0.98923,-0.00332277,114.0,4430_1374
27.353960403070158,88.59068082091984,,background_within_mapped_extent,0,1542.0,33.312,0.9426,-0.33393,0.00177584,161.0,4429_1367
27.348565220055843,88.28514080522987,,background_within_mapped_extent,0,1857.0,18.583,-0.96665,0.25612,-0.00201237,75.0,4414_1367
27.42951087155409,88.80638693660518,,background_within_mapped_extent,0,4445.0,19.977,-0.99341,-0.11462,0.00528701,77.0,4440_1371
27.383192990568908,88.12633444039048,,background_within_mapped_extent,0,3460.0,42.623,-0.57952,-0.81496,-0.00155117,246.0,4406_1369
27.4588489917277,88.240458659068,,background_within_mapped_extent,0,4005.0,29.982,0.98221,-0.18778,0.00051583,144.0,4412_1372
27.383823533075283,88.76680765788792,,background_within_mapped_extent,0,3936.0,27.557,0.30342,0.95286,0.00194997,112.0,4438_1369
27.247786882186094,88.56165831169048,,background_within_mapped_extent,0,1355.0,22.792,-0.0595,0.99823,-1.249e-05,111.0,4428_1362
27.52828678748264,88.43555709911506,,background_within_mapped_extent,0,2105.0,21.745,-0.96806,0.25072,-0.00285106,90.0,4421_1376
27.344484026544222,88.67632809200104,,background_within_mapped_extent,0,2130.0,31.621,-0.38574,-0.92261,0.00284099,138.0,4433_1367
27.093951003064618,88.36776064905959,,background_within_mapped_extent,0,325.0,23.251,-0.64652,0.7629,0.00016264,101.0,4418_1354
27.170089438877863,88.17204266224103,,background_within_mapped_extent,0,1641.0,26.183,-0.99994,0.0113,-0.00465284,97.0,4408_1358
27.192408599178346,88.48674347047114,,background_within_mapped_extent,0,475.0,29.825,0.62262,0.78252,0.00114087,138.0,4424_1359
27.247634270270463,88.13966651764709,,background_within_mapped_extent,0,1563.0,24.162,1.0,0.0031,-0.00461827,115.0,4406_1362
27.271673362791383,88.75663161063916,,background_within_mapped_extent,0,2413.0,32.785,0.54771,0.83667,0.00012456,163.0,4437_1363
27.391938542553472,88.14407284021252,,background_within_mapped_extent,0,3710.0,21.836,-0.29116,0.95667,-0.00139859,123.0,4407_1369
27.281705532208647,88.88121456009321,,background_within_mapped_extent,0,3371.0,29.804,-0.99171,0.12851,0.00198057,128.0,4444_1364
27.34575853200312,88.81566692538073,,background_within_mapped_extent,0,3581.0,17.236,0.99831,0.0582,-0.00023702,66.0,4440_1367
27.180079244694785,88.5276726038658,,background_within_mapped_extent,0,461.0,16.46,0.86969,-0.49361,-0.0020524,81.0,4426_1359
27.333193069673687,88.75986435320597,,background_within_mapped_extent,0,3563.0,26.619,-0.58751,0.80922,0.00290775,139.0,4437_1366
27.43162637601718,88.0772102579587,,background_within_mapped_extent,0,4510.0,11.737,0.4947,-0.86906,-0.00209467,49.0,4403_1371
27.409903654587062,88.51043377752609,,background_within_mapped_extent,0,946.0,25.352,0.98786,0.15536,0.00136574,120.0,4425_1370
27.291114275660313,88.44976510017737,,background_within_mapped_extent,0,725.0,26.609,-0.99253,-0.12199,-0.00195893,102.0,4422_1364
27.188062986097158,88.17449746815673,,background_within_mapped_extent,0,2012.0,26.707,-0.96348,-0.26779,0.00174085,108.0,4408_1359
27.181888752632602,88.52451030063668,,background_within_mapped_extent,0,591.0,23.351,0.27345,-0.96189,0.00227323,94.0,4426_1359
27.367735990238426,88.18959561304669,,background_within_mapped_extent,0,2199.0,33.975,-0.07008,-0.99754,0.00032976,165.0,4409_1368
27.401279093371382,88.36763975946549,,background_within_mapped_extent,0,2118.0,29.26,-0.38673,0.92219,-0.00155715,129.0,4418_1370
27.404015484173613,88.76823864851463,,background_within_mapped_extent,0,3975.0,4.551,-0.4886,-0.87251,-0.00107103,21.0,4438_1370
27.408246462306334,88.58667132644545,,background_within_mapped_extent,0,1533.0,33.354,0.68786,-0.72584,-0.00192921,158.0,4429_1370
27.268438267808452,88.726855886941,,background_within_mapped_extent,0,1909.0,31.6,-0.88047,-0.4741,-0.00193759,149.0,4436_1363
27.30030771581705,88.48851336118997,,background_within_mapped_extent,0,1895.0,18.147,-0.51699,0.85599,-0.00296105,79.0,4424_1365
27.200407486240533,88.34298114517229,,background_within_mapped_extent,0,944.0,41.011,-0.32102,-0.94707,-0.00291278,207.0,4417_1360
27.26736877323732,88.50620141523798,,background_within_mapped_extent,0,1436.0,23.809,0.99781,-0.0661,0.00169178,85.0,4425_1363
27.22396465449568,88.32555662817784,,background_within_mapped_extent,0,907.0,44.369,-0.69997,-0.71417,-0.00140957,263.0,4416_1361
27.333556143142854,88.51990041670969,,background_within_mapped_extent,0,1954.0,21.938,-1.0,-0.0,0.00148872,79.0,4425_1366
27.43683406565166,88.2956247593736,,background_within_mapped_extent,0,2779.0,38.691,0.84975,-0.52719,-0.00074411,200.0,4414_1371
27.429115383211588,88.58451867010176,,background_within_mapped_extent,0,1703.0,23.326,0.49926,-0.86645,-0.00391132,112.0,4429_1371
27.342787120855466,88.69667232211137,,background_within_mapped_extent,0,2550.0,34.748,-0.04205,-0.99912,-5.2e-06,138.0,4434_1367
27.27846410188102,88.57259197662071,,background_within_mapped_extent,0,1048.0,33.568,0.12558,-0.99208,-0.00210117,136.0,4428_1363
27.508359644815336,88.70038902022064,,background_within_mapped_extent,0,3532.0,20.876,-0.34233,0.93958,-0.00035507,88.0,4435_1375
27.397946666555026,88.52154778046946,,background_within_mapped_extent,0,798.0,29.244,-0.53334,0.8459,-0.00024704,136.0,4426_1369
27.52554213799541,88.65321700000464,,background_within_mapped_extent,0,2711.0,14.226,-0.99705,0.0767,0.00071662,55.0,4432_1376
27.155660690191336,88.3383252531914,,background_within_mapped_extent,0,1613.0,24.761,0.15658,0.98767,-0.00034456,91.0,4416_1357
27.281829795949708,88.43976312619992,,background_within_mapped_extent,0,488.0,31.433,0.85669,-0.51583,0.00368687,138.0,4421_1364
27.54377754466797,88.71485966468617,,background_within_mapped_extent,0,3062.0,31.156,0.3423,-0.93959,-0.00033019,135.0,4435_1377
27.284223686173224,88.12488011338542,,background_within_mapped_extent,0,2215.0,34.299,0.73504,-0.67803,3.769e-05,175.0,4406_1364
27.423290075881557,88.4051017845042,,background_within_mapped_extent,0,2474.0,30.218,-0.77502,-0.63194,-0.00952785,157.0,4420_1371
27.469227410270825,88.4446776380258,,background_within_mapped_extent,0,2171.0,32.825,-0.41769,0.90859,-0.00069133,147.0,4422_1373
27.191187409242662,88.58150270807083,,background_within_mapped_extent,0,500.0,27.107,-0.26862,-0.96325,-0.00142072,116.0,4429_1359
27.254529063197815,88.62656281450806,,background_within_mapped_extent,0,1655.0,32.113,-0.90731,-0.42046,-0.00071405,148.0,4431_1362
27.479600794395466,88.47604135667324,,background_within_mapped_extent,0,1410.0,19.548,0.48896,0.87231,-0.00413772,88.0,4423_1373
27.330876411660103,88.28338661710956,,background_within_mapped_extent,0,1207.0,17.296,-0.76271,-0.64674,-0.00143831,80.0,4414_1366
27.292571289305116,88.54414869300354,,background_within_mapped_extent,0,1771.0,33.345,-0.99837,-0.05699,-0.00021162,143.0,4427_1364
27.249927747336613,88.53472946683799,,background_within_mapped_extent,0,497.0,4.494,-0.68921,-0.72456,-0.00335376,43.0,4426_1362
27.195864254664805,88.29852016177311,,background_within_mapped_extent,0,1322.0,22.898,-0.72014,0.69383,0.00481865,108.0,4414_1359
27.332106792686304,88.1193998325043,,background_within_mapped_extent,0,2578.0,44.296,0.61493,-0.78859,0.00080714,258.0,4405_1366
27.403410228074172,88.81922577697466,,background_within_mapped_extent,0,4571.0,12.571,-0.97159,-0.23667,0.00014749,51.0,4440_1370
27.29582606934804,88.50049281781483,,background_within_mapped_extent,0,2070.0,29.351,0.95583,0.29391,-0.00041326,140.0,4425_1364
27.17876419072126,88.45133064049132,,background_within_mapped_extent,0,1476.0,13.965,0.85452,-0.51942,0.00044479,77.0,4422_1358
27.4727099124662,88.67050797507555,,background_within_mapped_extent,0,2699.0,29.318,-0.99666,-0.08161,-0.0022684,115.0,4433_1373
27.527655894448092,88.54732558625369,,background_within_mapped_extent,0,890.0,36.47,-0.02631,-0.99965,-0.00128748,157.0,4427_1376
27.493401020729173,88.68162034550375,,background_within_mapped_extent,0,3730.0,25.414,-0.97632,0.21631,-0.00134855,104.0,4434_1374
27.518804361329412,88.62528315053214,,background_within_mapped_extent,0,2433.0,29.54,-0.79408,0.60781,-0.0001957,128.0,4431_1375
27.29132643854806,88.91076261150768,,background_within_mapped_extent,0,3956.0,19.273,-0.24627,-0.9692,-0.00155379,79.0,4445_1364
27.561828610538843,88.4413099305088,,background_within_mapped_extent,0,1597.0,50.581,-0.35162,-0.93614,0.00597362,263.0,4422_1378
27.368883400537612,88.39052254454307,,background_within_mapped_extent,0,2385.0,19.683,-0.95899,-0.28343,-0.00017646,80.0,4419_1368
27.18757008123757,88.13983355426313,,background_within_mapped_extent,0,1937.0,14.182,0.54962,0.83542,-0.00407458,84.0,4406_1359
27.2787242946949,88.7783263806415,,background_within_mapped_extent,0,2887.0,33.583,-0.71749,0.69657,0.00161032,163.0,4438_1363
27.198355141887284,88.39022548927883,,background_within_mapped_extent,0,1770.0,29.386,-0.29842,0.95444,0.00097772,131.0,4419_1359
27.497173173941356,88.47497470267952,,background_within_mapped_extent,0,1586.0,36.58,0.65877,-0.75234,0.00197152,206.0,4423_1374
27.31647214608183,88.54728360472089,,background_within_mapped_extent,0,1419.0,17.877,0.97749,-0.211,-0.0001018,77.0,4427_1365
27.305798183914316,88.58157487492016,,background_within_mapped_extent,0,1005.0,24.812,0.9974,0.0721,-0.00034725,94.0,4429_1365
27.318931362294023,88.3941887137666,,background_within_mapped_extent,0,2504.0,39.195,0.94019,-0.34065,-0.00085523,185.0,4419_1365
27.33446511189771,88.55352155168293,,background_within_mapped_extent,0,1391.0,24.037,0.23667,-0.97159,0.0011537,106.0,4427_1366
27.503588087673315,88.45805906835102,,background_within_mapped_extent,0,2480.0,46.344,0.03976,-0.99921,-0.00230473,210.0,4422_1375
27.24927449850723,88.69573057845282,,background_within_mapped_extent,0,1508.0,13.405,0.75761,0.65271,0.00200392,58.0,4434_1362
27.37807290380968,88.18115383940965,,background_within_mapped_extent,0,2818.0,31.305,-0.13246,-0.99119,-0.00067917,128.0,4409_1368
27.42542865794562,88.25527260790015,,background_within_mapped_extent,0,2459.0,24.256,0.87848,-0.47777,0.01017178,121.0,4412_1371
27.339888408328207,88.26947129961545,,background_within_mapped_extent,0,1209.0,23.456,-0.64018,0.76822,-0.00059041,107.0,4413_1366
27.27058702511061,88.87213397879707,,background_within_mapped_extent,0,3004.0,30.156,-0.99927,-0.03825,-0.00533867,125.0,4443_1363
27.3514158436184,88.64628878483461,,background_within_mapped_extent,0,1980.0,27.28,0.99918,0.0404,0.00033025,101.0,4432_1367
27.317076336631725,88.66436913171152,,background_within_mapped_extent,0,2166.0,39.061,-0.90706,0.42101,-0.00390852,192.0,4433_1365
27.189797367636423,88.82332971686702,,background_within_mapped_extent,0,1774.0,17.384,0.79411,-0.60778,0.0022398,93.0,4441_1359
27.410163250183114,88.19583914493411,,background_within_mapped_extent,0,2025.0,7.055,-0.6958,0.71824,-0.00444092,52.0,4409_1370
27.141519218890082,88.26473159394473,,background_within_mapped_extent,0,981.0,26.059,0.90604,-0.4232,-0.00092366,113.0,4413_1357
27.187902264821638,88.79559091524003,,background_within_mapped_extent,0,2813.0,35.891,0.10748,-0.99421,-0.00090593,150.0,4439_1359
27.498043424280716,88.49294426844916,,background_within_mapped_extent,0,1717.0,34.982,0.78203,-0.62324,-0.00207403,189.0,4424_1374
27.286084117059907,88.35650650847774,,background_within_mapped_extent,0,2056.0,20.2,-0.84179,0.5398,0.00044887,92.0,4417_1364
27.462477850801044,88.19370705612307,,background_within_mapped_extent,0,3246.0,22.879,-0.47724,-0.87877,-0.00917482,161.0,4409_1373
27.245386251997754,88.53009635672719,,background_within_mapped_extent,0,599.0,35.879,-0.57796,0.81606,-0.00253399,187.0,4426_1362
27.312609921190056,88.28417505319455,,background_within_mapped_extent,0,890.0,30.157,-0.99445,0.10518,-0.00055145,126.0,4414_1365
27.34975308174245,88.20551237962222,,background_within_mapped_extent,0,1167.0,27.603,0.99615,0.08766,0.00238926,115.0,4410_1367
27.37412974696402,88.66188166639404,,background_within_mapped_extent,0,2764.0,15.301,0.65994,-0.75132,0.00155761,66.0,4433_1368
27.47528636616787,88.19982461283291,,background_within_mapped_extent,0,3854.0,25.526,-0.96272,-0.27049,-0.00109232,113.0,4409_1373
27.166693078188793,88.22701967425525,,background_within_mapped_extent,0,1434.0,28.237,0.74484,0.66725,-0.0013782,135.0,4411_1358
27.45350909251807,88.24355169530804,,background_within_mapped_extent,0,3885.0,30.375,0.99764,-0.06872,0.00244169,115.0,4412_1372
27.3473340773659,88.63360229110098,,background_within_mapped_extent,0,2119.0,24.293,0.13539,-0.99079,-0.00049341,104.0,4431_1367
27.557644287014227,88.61503561324567,,background_within_mapped_extent,0,2209.0,43.341,0.73734,-0.67552,0.00209217,246.0,4430_1377
27.23560276119245,88.13512332603867,,background_within_mapped_extent,0,2024.0,27.479,0.94264,-0.3338,-0.00087622,123.0,4406_1361
27.427532177544336,88.43470153171755,,background_within_mapped_extent,0,2571.0,40.897,0.30948,-0.9509,-0.00057567,197.0,4421_1371
27.256398500871892,88.7030670762157,,background_within_mapped_extent,0,1276.0,18.946,0.96697,-0.25489,0.00124652,76.0,4435_1362
27.341438678272528,88.61139417393098,,background_within_mapped_extent,0,1679.0,21.805,-0.96165,0.27426,-0.00287068,78.0,4430_1367
27.13923606799242,88.27348393879511,,background_within_mapped_extent,0,509.0,27.639,0.99991,0.01326,0.00207681,126.0,4413_1356
27.254629369478764,88.60200322817852,,background_within_mapped_extent,0,1011.0,15.121,0.4369,0.89951,0.00016366,68.0,4430_1362
27.436360899930346,88.23602286284121,,background_within_mapped_extent,0,3048.0,38.113,0.98085,-0.19475,0.00450407,167.0,4411_1371
27.354846780839903,88.64463540592857,,background_within_mapped_extent,0,2043.0,23.941,0.81331,-0.58183,-0.00269445,116.0,4432_1367
27.272779013551187,88.86023869450274,,background_within_mapped_extent,0,3311.0,33.52,0.40049,-0.9163,0.00278487,155.0,4443_1363
27.37646215362042,88.78345519223181,,background_within_mapped_extent,0,3916.0,15.483,0.27075,-0.96265,0.00083531,68.0,4439_1368
27.255632143339966,88.59242351679563,,background_within_mapped_extent,0,1227.0,18.09,0.83336,0.55274,0.00106282,81.0,4429_1362
27.478266552438896,88.63823587050815,,background_within_mapped_extent,0,2945.0,43.914,0.59723,-0.80207,-0.00171528,261.0,4431_1373
27.38510545279568,88.10104337965112,,background_within_mapped_extent,0,3257.0,18.033,0.59727,-0.80204,0.00319157,94.0,4405_1369
27.197706103268466,88.15120148570779,,background_within_mapped_extent,0,1875.0,24.683,0.40193,-0.91567,-0.00295718,127.0,4407_1359
27.385568969818557,88.29329006091896,,background_within_mapped_extent,0,1886.0,27.41,0.7151,0.69903,-0.00201633,133.0,4414_1369
27.55988762570662,88.42543698995841,,background_within_mapped_extent,0,1496.0,32.994,-0.40217,0.91557,0.00170842,160.0,4421_1377
27.429560944727594,88.29787364106664,,background_within_mapped_extent,0,2298.0,31.661,0.93018,0.36712,-0.01458411,168.0,4414_1371
27.184484011838066,88.45203525591975,,background_within_mapped_extent,0,1171.0,33.453,-0.26276,0.96486,-0.00059325,153.0,4422_1359
27.307900988672735,88.24064640576759,,background_within_mapped_extent,0,1764.0,18.32,-0.85151,0.52433,-5.559e-05,79.0,4412_1365
27.50816520776871,88.44993792215278,,background_within_mapped_extent,0,2458.0,11.526,0.40866,0.91268,-0.0020153,47.0,4422_1375
27.410357420971735,88.64202419765263,,background_within_mapped_extent,0,2013.0,33.461,0.23957,0.97088,0.00012323,142.0,4432_1370
27.211426423146747,88.61246357855362,,background_within_mapped_extent,0,739.0,22.949,-0.61666,-0.78723,-0.0002242,93.0,4430_1360
27.091433015438565,88.37078375119872,,background_within_mapped_extent,0,446.0,23.01,0.27472,0.96152,0.0009348,94.0,4418_1354
27.29817744062386,88.7316138581355,,background_within_mapped_extent,0,2032.0,31.819,-0.97144,0.23727,-0.00073153,144.0,4436_1364
27.19802167358991,88.42859505285664,,background_within_mapped_extent,0,1520.0,43.087,0.3534,-0.93547,-0.00236722,213.0,4421_1359
27.380816146154157,88.22976079341937,,background_within_mapped_extent,0,2114.0,28.925,-0.51523,-0.85705,0.00046285,133.0,4411_1369
27.101332430543415,88.24985679677218,,background_within_mapped_extent,0,610.0,21.631,-0.77051,0.63742,-0.00258588,94.0,4412_1355
27.268004638701207,88.71472617348063,,background_within_mapped_extent,0,1215.0,32.244,-0.94234,-0.33466,-0.00192045,155.0,4435_1363
27.29728075923959,88.37819129324608,,background_within_mapped_extent,0,1581.0,32.919,0.98898,0.14803,0.00011045,120.0,4418_1364
27.238310215065393,88.75603564757581,,background_within_mapped_extent,0,1750.0,31.861,0.78887,-0.61456,-0.00272581,165.0,4437_1361
27.297474407186144,88.62205788682267,,background_within_mapped_extent,0,1491.0,35.607,-0.41117,-0.91156,0.00128213,164.0,4431_1364
27.31146761333031,88.69759171946984,,background_within_mapped_extent,0,2762.0,26.504,-0.98594,-0.16711,0.00283858,98.0,4434_1365
27.34743545452397,88.4079034860952,,background_within_mapped_extent,0,3012.0,16.711,-0.92525,-0.37935,0.00109648,71.0,4420_1367
27.122704909304282,88.32386798064546,,background_within_mapped_extent,0,518.0,24.7,-0.82738,-0.56165,0.0024081,113.0,4416_1356
27.133170162700377,88.40827257554261,,background_within_mapped_extent,0,1940.0,14.454,0.26403,-0.96451,-0.00040894,70.0,4420_1356
27.36432925611564,88.40443987270812,,background_within_mapped_extent,0,2755.0,15.536,-0.9992,-0.03997,-0.0003576,53.0,4420_1368
27.311381046478438,88.58781122165159,,background_within_mapped_extent,0,1039.0,21.819,-0.99913,-0.04163,-0.001602,81.0,4429_1365
27.18277635689389,88.15073318971139,,background_within_mapped_extent,0,1945.0,48.264,0.92432,0.38162,0.00173229,293.0,4407_1359
27.281261582923165,88.2863692970574,,background_within_mapped_extent,0,942.0,17.426,-0.77435,0.63276,-0.0012016,86.0,4414_1364
27.11700230786368,88.18843349340654,,background_within_mapped_extent,0,1466.0,26.319,-0.95468,0.29764,-2.941e-05,110.0,4409_1355
27.24270731629971,88.52543085516837,,background_within_mapped_extent,0,532.0,29.282,-0.84953,0.52755,0.00289521,138.0,4426_1362
27.18546071942834,88.52432231812513,,background_within_mapped_extent,0,692.0,17.875,0.74072,-0.67181,-0.00123215,82.0,4426_1359
27.39280867761003,88.58451065769175,,background_within_mapped_extent,0,1206.0,20.529,0.79373,0.60828,-0.00200132,102.0,4429_1369
27.291284117133145,88.5892129849118,,background_within_mapped_extent,0,904.0,17.55,0.69827,0.71584,-0.00045037,81.0,4429_1364
27.413350405621664,88.3772262613766,,background_within_mapped_extent,0,2209.0,30.067,-0.89729,-0.44145,-0.00084489,133.0,4418_1370
27.426554993251123,88.51127853118908,,background_within_mapped_extent,0,624.0,26.701,0.99962,0.02761,-0.00594979,112.0,4425_1371
27.149785202440924,88.44424462876259,,background_within_mapped_extent,0,1059.0,26.272,0.04783,-0.99886,-0.00010716,96.0,4422_1357
27.445422535806888,88.07772574010093,,background_within_mapped_extent,0,4470.0,23.781,0.85414,0.52005,0.0003574,112.0,4403_1372
27.426891574923008,88.18771772662524,,background_within_mapped_extent,0,2556.0,32.959,0.52266,-0.85254,0.00304092,162.0,4409_1371
27.3809893077962,88.64215925521842,,background_within_mapped_extent,0,1785.0,28.891,-0.96649,0.25672,-0.00335795,114.0,4432_1369
27.43924171114415,88.36511224650374,,background_within_mapped_extent,0,1955.0,44.65,0.99542,-0.09561,0.00022864,201.0,4418_1371
27.17788873066094,88.56420602889058,,background_within_mapped_extent,0,551.0,17.932,-0.20601,0.97855,-0.00601038,122.0,4428_1358
27.53778710873949,88.53712930765555,,background_within_mapped_extent,0,1208.0,41.125,-0.87965,0.47562,0.00515789,195.0,4426_1376
27.318883748214354,88.62724148295226,,background_within_mapped_extent,0,1215.0,17.965,-0.7282,0.68536,0.0007544,83.0,4431_1365
27.11290293704379,88.32722381379406,,background_within_mapped_extent,0,508.0,19.749,-0.54933,-0.8356,0.00126919,84.0,4416_1355
27.290320015231583,88.29421705324836,,background_within_mapped_extent,0,907.0,29.058,-0.53493,0.84489,-0.00127907,139.0,4414_1364
27.246607083022855,88.49780150992828,,background_within_mapped_extent,0,1043.0,22.539,0.24096,-0.97053,-0.00212679,93.0,4424_1362
27.383141639153454,88.13533146597668,,background_within_mapped_extent,0,3328.0,26.787,0.76754,-0.641,0.00322167,145.0,4406_1369
27.356860877977994,88.27123171272193,,background_within_mapped_extent,0,1986.0,30.853,0.33014,-0.94393,6.325e-05,141.0,4413_1367
27.218362885651004,88.32624253661521,,background_within_mapped_extent,0,688.0,31.866,-0.87584,-0.4826,0.00075545,152.0,4416_1360
27.164908215805582,88.54643596766849,,background_within_mapped_extent,0,602.0,26.098,-0.38844,-0.92148,0.00105228,113.0,4427_1358
27.414437867508493,88.45544253090041,,background_within_mapped_extent,0,2782.0,41.747,-0.18053,-0.98357,0.00369641,206.0,4422_1370
27.504491562900153,88.48723992775942,,background_within_mapped_extent,0,1966.0,34.557,0.12503,-0.99215,-0.00114544,147.0,4424_1375
27.446030415203296,88.61600732183581,,background_within_mapped_extent,0,1870.0,14.917,-0.77163,-0.63607,-0.00440576,62.0,4430_1372
27.53415363358671,88.67008059271622,,background_within_mapped_extent,0,1877.0,13.378,0.24528,0.96945,-0.00047692,113.0,4433_1376
27.215561500464982,88.58098707749969,,background_within_mapped_extent,0,1088.0,21.227,-0.20024,-0.97975,0.00074992,94.0,4429_1360
27.390652643633267,88.13424359780755,,background_within_mapped_extent,0,3903.0,51.153,-0.21029,-0.97764,0.00542672,283.0,4406_1369
27.36003455260279,88.10052469660491,,background_within_mapped_extent,0,2349.0,20.116,0.11376,0.99351,0.00259578,81.0,4405_1368
27.392871323809192,88.18710286676274,,background_within_mapped_extent,0,2570.0,10.115,0.28806,-0.95761,-0.00501538,57.0,4409_1369
27.360070284465543,88.31676067196356,,background_within_mapped_extent,0,1039.0,26.548,0.98405,0.17791,-0.00326915,116.0,4415_1368
27.31946857557253,88.53702087219412,,background_within_mapped_extent,0,1885.0,20.818,0.75977,-0.65019,-0.00098508,111.0,4426_1365
27.179196416891905,88.61705746072573,,background_within_mapped_extent,0,665.0,35.365,0.00978,0.99995,-0.00060375,148.0,4430_1358
27.384164987011623,88.76835470880387,,background_within_mapped_extent,0,3893.0,26.925,0.33911,0.94075,0.0018421,117.0,4438_1369
27.480413576020467,88.12118378499356,,background_within_mapped_extent,0,4052.0,26.063,0.71276,0.7014,0.00114755,126.0,4406_1374
27.467826714080864,88.1168602767577,,background_within_mapped_extent,0,3826.0,29.402,0.90454,-0.42639,-0.00311913,131.0,4405_1373
27.43972633785728,88.71000374519541,,background_within_mapped_extent,0,2855.0,36.641,0.23902,0.97101,0.00034812,158.0,4435_1371
27.445466539291157,88.28987636998141,,background_within_mapped_extent,0,3345.0,34.151,0.07576,-0.99713,-0.00072867,135.0,4414_1372
27.19231898205017,88.33120251296995,,background_within_mapped_extent,0,400.0,15.689,-0.71203,0.70214,-0.00377351,66.0,4416_1359
27.463287790615347,88.38950079172093,,background_within_mapped_extent,0,2615.0,26.724,-0.94068,0.33931,-0.0007552,120.0,4419_1373
27.37169348137966,88.45988232014984,,background_within_mapped_extent,0,1409.0,24.872,0.50033,0.86584,0.00100776,106.0,4422_1368
27.142474872999102,88.32076790943219,,background_within_mapped_extent,0,923.0,29.045,-0.34014,-0.94038,-0.00038623,123.0,4416_1357
27.268815547595594,88.57126441999323,,background_within_mapped_extent,0,875.0,13.316,0.63961,0.7687,0.00380073,90.0,4428_1363
27.18988017315493,88.26839934273589,,background_within_mapped_extent,0,1567.0,12.407,-0.70711,0.70711,-0.00012057,50.0,4413_1359
27.406286833482277,88.20793415924611,,background_within_mapped_extent,0,2144.0,39.186,-0.56566,-0.82464,0.00130522,190.0,4410_1370
27.3058560359699,88.71230760663083,,background_within_mapped_extent,0,2429.0,29.375,0.99436,0.1061,0.00403024,132.0,4435_1365
27.410014930852284,88.4483580022391,,background_within_mapped_extent,0,2307.0,40.791,-0.03058,-0.99953,-0.00065402,170.0,4422_1370
27.19979290122163,88.84608008480355,,background_within_mapped_extent,0,1661.0,18.419,-0.92171,0.38787,-0.00087797,89.0,4442_1359
27.484908006333114,88.61126502405008,,background_within_mapped_extent,0,3238.0,35.834,0.05962,0.99822,-0.00440747,138.0,4430_1374
27.21112178740668,88.23509936423189,,background_within_mapped_extent,0,1358.0,17.965,0.99378,0.11137,0.00127142,84.0,4411_1360
27.302929430401612,88.56723437888347,,background_within_mapped_extent,0,1384.0,12.167,0.47025,0.88253,-0.00026806,54.0,4428_1365
27.305134203728453,88.37270472083804,,background_within_mapped_extent,0,1743.0,19.582,0.99951,-0.03123,0.00069404,80.0,4418_1365
27.16417418553699,88.40379647601037,,background_within_mapped_extent,0,1514.0,12.758,-0.75447,-0.65633,-0.0001908,59.0,4420_1358
27.306429395336743,88.68354650767021,,background_within_mapped_extent,0,2098.0,23.018,-0.9938,-0.11115,-0.00336529,90.0,4434_1365
27.393165617179125,88.34104560492511,,background_within_mapped_extent,0,1928.0,28.805,-0.78553,-0.61883,0.00105178,146.0,4417_1369
27.209734184805377,88.57681799443148,,background_within_mapped_extent,0,961.0,25.781,-0.99781,0.06614,0.00010485,101.0,4428_1360
27.12785945017819,88.24064485191667,,background_within_mapped_extent,0,678.0,36.741,-0.35723,-0.93402,0.00107149,166.0,4412_1356
27.483883633346444,88.62070747823788,,background_within_mapped_extent,0,3401.0,25.393,0.0673,0.99773,-0.00054805,93.0,4431_1374
27.23587545882269,88.70903044167765,,background_within_mapped_extent,0,914.0,25.172,0.82748,-0.5615,-0.00055974,129.0,4435_1361
27.309181417151148,88.22613934260796,,background_within_mapped_extent,0,1588.0,27.373,-0.56334,0.82623,0.00315835,137.0,4411_1365
27.557632257879693,88.52294560022186,,background_within_mapped_extent,0,2277.0,22.76,0.96338,0.26816,0.00118756,94.0,4426_1377
27.27537410680102,88.12038530288892,,background_within_mapped_extent,0,1764.0,33.384,0.22763,-0.97375,-0.00257024,153.0,4406_1363
27.157767803794087,88.27169802708922,,background_within_mapped_extent,0,1005.0,34.001,0.15237,-0.98832,0.00104505,135.0,4413_1357
27.427892193012354,88.60474543699945,,background_within_mapped_extent,0,1292.0,10.62,0.37777,-0.9259,-0.0033795,95.0,4430_1371
27.41209720876015,88.33581830477745,,background_within_mapped_extent,0,2285.0,34.362,-0.93848,-0.34533,-0.00337527,156.0,4416_1370
27.20326866640376,88.31002586270765,,background_within_mapped_extent,0,1155.0,33.611,0.99044,0.13791,-0.00244412,144.0,4415_1360
27.417446380663858,88.6657633323238,,background_within_mapped_extent,0,2522.0,30.843,-0.71405,0.70009,0.00329845,148.0,4433_1370
27.404634815178866,88.4399445341612,,background_within_mapped_extent,0,1860.0,36.553,-0.41775,-0.90856,0.00306448,195.0,4421_1370
27.426456030238565,88.18636852502178,,background_within_mapped_extent,0,2560.0,32.032,0.29081,-0.95678,0.00150795,134.0,4409_1371
27.212689244482295,88.28292849400641,,background_within_mapped_extent,0,857.0,34.066,0.80927,-0.58744,-0.00011309,165.0,4414_1360
27.244469933065528,88.18870337900434,,background_within_mapped_extent,0,1798.0,15.383,-0.57549,0.81781,0.00019941,68.0,4409_1362
27.30948290254444,88.3356242914313,,background_within_mapped_extent,0,1367.0,25.032,-0.53534,0.84464,-0.00178772,129.0,4416_1365
27.17008001620946,88.21324324848923,,background_within_mapped_extent,0,1659.0,35.773,0.89443,0.44721,0.0023639,177.0,4410_1358
27.135849917337044,88.51853557894461,,background_within_mapped_extent,0,432.0,29.615,-0.92848,0.37139,0.00434866,128.0,4425_1356
27.548034284433562,88.41865144406252,,background_within_mapped_extent,0,2357.0,37.212,-0.51396,0.85782,-0.00506265,187.0,4420_1377
27.47326318752283,88.67463230082856,,background_within_mapped_extent,0,3000.0,20.839,-0.99976,-0.02189,0.00795838,114.0,4433_1373
27.268041627409847,88.72289435436797,,background_within_mapped_extent,0,1659.0,29.44,-0.93511,-0.35436,-0.00119763,133.0,4436_1363
27.159413562000076,88.3113678357691,,background_within_mapped_extent,0,1010.0,21.26,-0.7282,0.68536,-0.00112437,109.0,4415_1357
27.408396862825562,88.76643152660488,,background_within_mapped_extent,0,3940.0,18.026,-0.05121,0.99869,-0.00046959,65.0,4438_1370
27.446946442742846,88.68654749860727,,background_within_mapped_extent,0,2458.0,38.987,-0.50792,0.8614,-0.00220124,198.0,4434_1372
27.133133039686005,88.355270024131,,background_within_mapped_extent,0,683.0,33.846,0.76839,-0.63998,0.0005225,172.0,4417_1356
27.244134826487944,88.2095233242438,,background_within_mapped_extent,0,1889.0,21.102,-0.3887,0.92136,-0.00089075,93.0,4410_1362
27.23364827699867,88.84378737934428,,background_within_mapped_extent,0,1890.0,8.315,-0.99779,0.06652,0.00014108,38.0,4442_1361
27.44865830872172,88.17166367972014,,background_within_mapped_extent,0,3218.0,26.796,-0.61051,-0.79201,0.00100281,124.0,4408_1372
27.435700094590388,88.56986354660687,,background_within_mapped_extent,0,2229.0,21.737,0.634,-0.77334,0.00032155,112.0,4428_1371
27.167706141289024,88.13135973437655,,background_within_mapped_extent,0,2653.0,29.588,0.76561,-0.64331,-0.00218414,144.0,4406_1358
27.38952298637588,88.11436897137311,,background_within_mapped_extent,0,2957.0,42.986,-0.9984,-0.05663,-0.00045387,172.0,4405_1369
27.261710997685416,88.80118898062753,,background_within_mapped_extent,0,3503.0,18.459,0.94868,-0.31623,-0.00058553,73.0,4440_1363
27.159815465365305,88.47489027064726,,background_within_mapped_extent,0,1314.0,16.636,0.97149,-0.23706,0.00300767,82.0,4423_1357
27.52826870205355,88.67953516029463,,background_within_mapped_extent,0,2107.0,1.673,0.99887,-0.04757,0.00837445,69.0,4433_1376
27.220953232299244,88.17229591853139,,background_within_mapped_extent,0,2256.0,20.737,-0.76672,0.64199,-0.00149395,99.0,4408_1361
27.081394853488604,88.21724925463357,,background_within_mapped_extent,0,648.0,15.325,-0.05575,0.99844,-0.00011241,58.0,4410_1354
27.44065077036643,88.52869648950886,,background_within_mapped_extent,0,1447.0,26.175,-0.73751,-0.67534,0.00266662,132.0,4426_1372
27.2741877747805,88.61076910109675,,background_within_mapped_extent,0,1003.0,23.797,-0.62046,0.78424,-0.0008777,105.0,4430_1363
27.289480295384262,88.85439981218681,,background_within_mapped_extent,0,3930.0,19.295,-0.99972,0.0238,0.00360981,84.0,4442_1364
27.44137061883412,88.35339626838238,,background_within_mapped_extent,0,2612.0,19.662,0.50532,-0.86293,0.00320083,99.0,4417_1372
27.38209255033745,88.73483578248256,,background_within_mapped_extent,0,3466.0,12.365,-0.84262,0.53851,-0.00162921,71.0,4436_1369
27.466260271913495,88.17502222773719,,background_within_mapped_extent,0,3741.0,25.406,0.98837,0.15206,-0.00071616,95.0,4408_1373
27.243521665249983,88.29159919925863,,background_within_mapped_extent,0,856.0,44.208,0.11137,-0.99378,0.00170886,197.0,4414_1362
27.43831816459436,88.70813835349603,,background_within_mapped_extent,0,2958.0,34.703,0.21459,0.9767,-0.00333064,153.0,4435_1371
27.325139486709695,88.61095719319557,,background_within_mapped_extent,0,1610.0,18.884,-0.99881,-0.04872,0.00093006,67.0,4430_1366
27.126907173584094,88.42956111183688,,background_within_mapped_extent,0,1115.0,16.256,0.986,0.16672,0.00057614,64.0,4421_1356
27.120399916227218,88.49817143860906,,background_within_mapped_extent,0,414.0,30.99,-0.62667,0.77929,0.0008094,144.0,4424_1356
27.137808234521092,88.19050518581594,,background_within_mapped_extent,0,833.0,20.29,0.5034,-0.86405,-0.00227868,83.0,4409_1356
27.238974057902983,88.356439408677,,background_within_mapped_extent,0,1894.0,25.992,0.01424,0.9999,0.00199706,96.0,4417_1361
27.367548997904436,88.82834040004572,,background_within_mapped_extent,0,3933.0,4.069,-0.6247,-0.78087,-0.00112633,27.0,4441_1368
27.227148231259378,88.84651048093552,,background_within_mapped_extent,0,1888.0,22.689,-0.98666,-0.16278,-0.00142037,103.0,4442_1361
27.363947474408036,88.14756087842437,,background_within_mapped_extent,0,2741.0,40.672,0.58673,-0.80978,-0.00135084,216.0,4407_1368
27.319301150408222,88.81197991660684,,background_within_mapped_extent,0,3707.0,7.603,-0.97811,-0.20811,0.00168623,53.0,4440_1365
27.32805588426829,88.28319761826235,,background_within_mapped_extent,0,1172.0,24.234,-0.9997,-0.02468,-0.00067567,87.0,4414_1366
27.231857906732802,88.13591675576352,,background_within_mapped_extent,0,2023.0,36.063,-0.32423,0.94598,0.00270532,143.0,4406_1361
27.438619379879857,88.11669632993429,,background_within_mapped_extent,0,4175.0,29.478,-0.43736,0.89929,0.00084288,131.0,4405_1371
27.321708063906872,88.11014432294691,,background_within_mapped_extent,0,3047.0,37.878,0.99632,0.0857,0.00132775,176.0,4405_1366
27.188799978439594,88.34209354199959,,background_within_mapped_extent,0,777.0,23.987,0.51816,0.85528,-0.00102875,115.0,4417_1359
27.445990616413866,88.60536653217017,,background_within_mapped_extent,0,1727.0,29.723,0.99985,0.01703,0.00053604,123.0,4430_1372
27.50464268973187,88.659642255383,,background_within_mapped_extent,0,3020.0,22.415,-0.70373,0.71047,0.00274779,120.0,4432_1375
27.351745792793313,88.46789967147552,,background_within_mapped_extent,0,626.0,21.184,0.54474,-0.83861,-0.00529627,126.0,4423_1367
27.123242607118605,88.32917286839526,,background_within_mapped_extent,0,679.0,12.952,-0.56165,0.82738,0.00467451,70.0,4416_1356
27.117356446326728,88.28729460294336,,background_within_mapped_extent,0,494.0,17.1,-0.64107,0.76748,0.00332828,91.0,4414_1355
27.407989325007563,88.21351059519841,,background_within_mapped_extent,0,2509.0,35.778,-0.61287,-0.79018,-0.00015779,179.0,4410_1370
27.29180258367604,88.59390997936563,,background_within_mapped_extent,0,833.0,14.952,-0.30685,-0.95176,-0.00622757,65.0,4429_1364
